brew_id,potion_sku,shop_id,cauldron_id,brewed_at,batch_size,brew_duration_minutes,quality_check,brewer_name
BRW-00001,POT-0047,SHP-04,CDR-36,2025-03-27 05:15:40,23,96,pass,Oleander Ravenscroft
BRW-00002,POT-0009,SHP-04,CDR-38,2025-09-24T08:13:16Z,20,88,pass,Oswin Wyrmwood
BRW-00003,POT-0082,SHP-05,CDR-40,2026-01-10 06:56:07,31,58,pass,Grizelda Duskwater
BRW-00004,POT-0036,SHP-11,CDR-40,2025-06-20 10:29:22,51,98,pass,Delphine Mossheart
BRW-00005,POT-0090,SHP-03,CDR-34,2025-06-09 05:27:06,27,87,Pass,Delphine Mossheart
BRW-00006,POT-0111,SHP-01,CDR-27,2026-02-22T11:45:57Z,26,72,pass,Hesper Cinderfell
BRW-00007,POT-0060,SHP-08,CDR-17,2026-03-12T11:37:34Z,37,130,pass,Hesper Cinderfell
BRW-00008,POT-0014,SHP-08,CDR-08,2025-12-04T05:11:54Z,16,55,Pass,Thaddeus Frostpetal
BRW-00009,POT-0104,SHP-10,CDR-28,2026-03-17 11:54:58,52,150,fail,Delphine Mossheart
BRW-00010,POT-0020,SHP-07,CDR-24,2025-07-13T07:38:45Z,40,135,pass,Delphine Mossheart
BRW-00011,POT-0002,SHP-04,CDR-36,2026-02-12T11:45:56Z,47,93,pass,Belladonna Jackdaw
BRW-00012,POT-0066,SHP-15,CDR-25,2026-02-22 05:23:58,21,94,pass,Delphine Mossheart
BRW-00013,POT-0054,SHP-13,CDR-25,2026-02-10 08:28:02,59,23,pass,Juniper Hollowbranch
BRW-00014,POT-0120,SHP-12,CDR-26,2024-09-20 09:47:41,36,113,Pass,Nimbus Glimmerstone
BRW-00015,POT-0069,SHP-06,CDR-07,2026-06-08T09:29:02Z,31,117,pass,Umbra Thistledown
BRW-00016,POT-0044,SHP-09,CDR-13,2025-04-08T10:20:46Z,49,61,pass,Oleander Ravenscroft
BRW-00017,POT-0032,SHP-09,CDR-25,2026-04-30T06:04:28Z,11,127,fail,Ambrose Winterbourne
BRW-00018,POT-0089,SHP-15,CDR-38,2025-01-21 09:49:25,37,104,pass,Ambrose Fernwhistle
BRW-00019,POT-0109,SHP-08,CDR-31,2025-10-11T06:01:01Z,30,100,pass,Grizelda Kilnworth
BRW-00020,POT-0111,SHP-02,CDR-39,2026-06-23T11:16:01Z,17,64,pass,Oleander Ravenscroft
BRW-00021,POT-0019,SHP-06,CDR-13,2025-05-20T08:55:29Z,51,91,pass,Morwenna Wandwright
BRW-00022,POT-0022,SHP-13,CDR-29,2024-07-15T08:09:40Z,20,152,Pass,Dorian Glimmerstone
BRW-00023,POT-0082,SHP-02,CDR-35,2025-01-23 06:15:11,57,43,FAIL,Hesper Foxglove
BRW-00024,POT-0006,SHP-01,CDR-38,2026-03-11T11:25:32Z,57,,pass,Yarrow Ravenscroft
BRW-00025,POT-0117,SHP-02,CDR-04,2026-01-24T11:11:26Z,45,87,PASS,Delphine Mossheart
BRW-00026,POT-0105,SHP-10,CDR-26,2025-11-07T05:51:33Z,16,146,Pass,Zephyrine Zellandine
BRW-00027,POT-0027,SHP-14,CDR-16,2026-03-06T06:22:34Z,55,112,pass,Oleander Ravenscroft
BRW-00028,POT-0058,SHP-14,CDR-21,2025-11-04T09:07:13Z,49,120,pass,Gideon Moonbrook
BRW-00029,POT-0115,SHP-11,CDR-19,2024-07-10T06:18:38Z,38,103,pass,Gideon Moonbrook
BRW-00030,POT-0027,SHP-08,CDR-26,2025-04-06T08:18:39Z,14,75,pass,Belladonna Jackdaw
BRW-00031,POT-0058,SHP-01,CDR-31,2024-06-29 11:08:45,20,98,Pass,Delphine Zellandine
BRW-00032,POT-0065,SHP-02,CDR-02,2026-01-01 09:27:11,24,39,pass,Dorian Mistlethorn
BRW-00033,POT-0120,SHP-02,CDR-36,2024-12-10T06:43:47Z,37,74,pass,Belladonna Jackdaw
BRW-00034,POT-0047,SHP-06,CDR-25,2025-09-02 11:56:24,57,124,pass,Delphine Zellandine
BRW-00035,POT-0103,SHP-12,CDR-14,2025-07-17T09:10:42Z,23,,pass,Hesper Foxglove
BRW-00036,POT-0096,SHP-05,CDR-15,2026-01-04T09:14:06Z,21,135,Pass,Wendeline Ashgrove
BRW-00037,POT-0068,SHP-11,CDR-21,2025-07-04T10:48:57Z,27,73,pass,Oswin Wyrmwood
BRW-00038,POT-0048,SHP-12,CDR-18,2025-05-11T11:18:18Z,26,128,pass,Gideon Moonbrook
BRW-00039,POT-0035,SHP-03,CDR-12,2025-12-17 05:27:40,26,77,pass,Oswin Wyrmwood
BRW-00040,POT-0112,SHP-02,CDR-18,2025-11-11 09:12:03,35,89,Pass,Hesper Foxglove
BRW-00041,POT-0030,SHP-12,CDR-31,2025-12-20 06:36:20,11,72,pass,Grizelda Duskwater
BRW-00042,POT-0076,SHP-10,CDR-25,2025-11-03 11:00:59,40,55,pass,Grizelda Duskwater
BRW-00043,POT-0069,SHP-02,CDR-29,2024-08-12T07:29:51Z,22,115,pass,Grizelda Duskwater
BRW-00044,POT-0100,SHP-01,CDR-32,2025-01-25 08:44:17,57,106,Pass,Wendeline Ashgrove
BRW-00045,POT-0081,SHP-15,CDR-07,2025-07-13 05:40:31,44,94,Pass,Gideon Thistledown
BRW-00046,POT-0013,SHP-05,CDR-09,2026-06-10T06:28:14Z,41,107,pass,Gideon Moonbrook
BRW-00047,POT-0085,SHP-15,CDR-21,2026-01-24T09:21:41Z,57,116,pass,Ambrose Winterbourne
BRW-00048,POT-0010,SHP-01,CDR-25,2026-03-27T06:51:09Z,21,126,pass,Grizelda Duskwater
BRW-00049,POT-0053,SHP-09,CDR-22,2025-06-25T10:21:42Z,21,93,pass,Ambrose Fernwhistle
BRW-00050,POT-0033,SHP-04,CDR-09,2025-08-21T06:17:39Z,36,102,pass,Morwenna Wandwright
BRW-00051,POT-0019,SHP-01,CDR-04,2025-12-02T06:40:10Z,13,99,pass,Delphine Zellandine
BRW-00052,POT-0020,SHP-07,CDR-14,2025-09-12T05:28:43Z,55,108,pass,Nimbus Glimmerstone
BRW-00053,POT-0024,SHP-05,CDR-17,2025-02-08 08:44:48,16,121,pass,Vesper Emberwhisk
BRW-00054,POT-0100,SHP-02,CDR-10,2024-06-25T05:29:43Z,48,114,Pass,Hesper Cinderfell
BRW-00055,POT-0106,SHP-10,CDR-07,2026-03-04 09:53:40,58,100,pass,Hesper Foxglove
BRW-00056,POT-0015,SHP-12,CDR-24,2026-02-05T09:29:43Z,15,108,pass,Gideon Moonbrook
BRW-00057,POT-0113,SHP-08,CDR-02,2025-08-18 10:16:39,18,153,Pass,Umbra Thistledown
BRW-00058,POT-0031,SHP-12,CDR-06,2025-10-17 09:22:49,49,37,Pass,Dorian Mistlethorn
BRW-00059,POT-0013,SHP-02,CDR-05,2025-09-24T08:59:00Z,46,99,PASS,Wendeline Ashgrove
BRW-00060,POT-0007,SHP-15,CDR-26,2026-01-17T10:56:07Z,52,127,PASS,Nimbus Glimmerstone
BRW-00061,POT-0075,SHP-07,CDR-08,2024-09-16T08:15:03Z,45,100,Pass,Caspian Thistledown
BRW-00062,POT-0095,SHP-02,CDR-27,2025-09-10T05:35:43Z,58,141,Fail,Maribel Netherfield
BRW-00063,POT-0075,SHP-12,CDR-07,2024-11-01T09:46:38Z,35,92,Pass,Cassia Winterbourne
BRW-00064,POT-0040,SHP-06,CDR-27,2026-03-22T09:43:50Z,44,62,pass,Oleander Ravenscroft
BRW-00065,POT-0074,SHP-01,CDR-16,2026-05-24 05:23:52,32,117,pass,Morwenna Wandwright
BRW-00066,POT-0109,SHP-06,CDR-22,2026-06-16T07:00:59Z,58,136,PASS,Caspian Thistledown
BRW-00067,POT-0108,SHP-14,CDR-20,2026-03-05 07:52:00,43,47,Pass,Yarrow Ravenscroft
BRW-00068,POT-0075,SHP-10,CDR-06,2025-07-06T11:33:13Z,43,119,pass,Hesper Cinderfell
BRW-00069,POT-0057,SHP-04,CDR-20,2025-08-17 09:01:18,32,67,pass,Hesper Foxglove
BRW-00070,POT-0037,SHP-10,CDR-35,2025-11-01T08:22:44Z,21,81,pass,Gideon Thistledown
BRW-00071,POT-0026,SHP-03,CDR-10,2025-03-18 08:59:41,32,108,pass,Delphine Mossheart
BRW-00072,POT-0074,SHP-02,CDR-24,2026-04-11 09:49:52,11,95,PASS,Oleander Ravenscroft
BRW-00073,POT-0005,SHP-12,CDR-02,2026-02-05T07:33:10Z,39,42,fail,Dorian Mistlethorn
BRW-00074,POT-0060,SHP-09,CDR-18,2026-06-11 05:03:08,44,124,Pass,Thaddeus Frostpetal
BRW-00075,POT-0094,SHP-07,CDR-15,2025-06-18T08:26:03Z,23,87,pass,Caspian Thistledown
BRW-00076,POT-0079,SHP-02,CDR-07,2024-10-14T08:44:26Z,34,98,pass,Ambrose Winterbourne
BRW-00077,POT-0112,SHP-11,CDR-03,2025-08-13T10:40:48Z,47,105,pass,Maribel Netherfield
BRW-00078,POT-0103,SHP-02,CDR-03,2024-11-10T05:24:42Z,32,107,pass,Vesper Emberwhisk
BRW-00079,POT-0055,SHP-09,CDR-34,2026-02-23T07:31:46Z,11,91,PASS,Lyra Winterbourne
BRW-00080,POT-0089,SHP-06,CDR-25,2025-06-10 08:34:17,56,112,fail,Cassia Everbright
BRW-00081,POT-0069,SHP-01,CDR-33,2025-04-30T10:17:12Z,24,126,PASS,Nimbus Glimmerstone
BRW-00082,POT-0034,SHP-09,CDR-34,2025-12-05T11:06:35Z,58,122,PASS,Gideon Thistledown
BRW-00083,POT-0049,SHP-13,CDR-04,2024-07-31 08:33:11,30,116,pass,Cassia Everbright
BRW-00084,POT-0080,SHP-13,CDR-05,2026-05-27T08:12:20Z,26,122,pass,Belladonna Jackdaw
BRW-00085,POT-0074,SHP-10,CDR-31,2026-05-15T10:52:02Z,39,104,Pass,Dorian Glimmerstone
BRW-00086,POT-0029,SHP-15,CDR-04,2024-11-18 11:17:55,21,92,pass,Oswin Wyrmwood
BRW-00087,POT-0063,SHP-01,CDR-01,2026-01-21T06:58:18Z,34,89,pass,Delphine Zellandine
BRW-00088,POT-0064,SHP-06,CDR-14,2024-09-04 06:20:11,24,96,PASS,Belladonna Jackdaw
BRW-00089,POT-0069,SHP-06,CDR-35,2025-09-24T10:25:05Z,40,119,pass,Umbra Thistledown
BRW-00090,POT-0040,SHP-08,CDR-24,2025-07-08T09:20:18Z,55,17,Pass,Delphine Mossheart
BRW-00091,POT-0104,SHP-04,CDR-02,2025-08-05T08:23:13Z,49,170,pass,Delphine Mossheart
BRW-00092,POT-0055,SHP-01,CDR-39,2026-01-26T05:51:35Z,56,96,pass,Delphine Mossheart
BRW-00093,POT-0037,SHP-02,CDR-22,2025-09-13T11:51:51Z,51,90,pass,Maribel Netherfield
BRW-00094,POT-0119,SHP-10,CDR-35,2025-05-15T11:58:35Z,14,91,pass,Yarrow Ravenscroft
BRW-00095,POT-0006,SHP-04,CDR-30,2026-05-02 10:11:27,51,125,Pass,Wendeline Ashgrove
BRW-00096,POT-0044,SHP-15,CDR-40,2026-01-09T11:56:13Z,45,57,pass,Delphine Zellandine
BRW-00097,POT-0029,SHP-02,CDR-01,2024-12-28 05:14:39,20,61,pass,Delphine Zellandine
BRW-00098,POT-0030,SHP-13,CDR-25,2026-05-04 08:29:55,45,66,pass,Morwenna Wandwright
BRW-00099,POT-0030,SHP-02,CDR-23,2025-09-27T11:08:57Z,27,68,pass,Dorian Mistlethorn
BRW-00100,POT-0008,SHP-01,CDR-14,2025-11-08 11:41:24,38,61,PASS,Ambrose Fernwhistle
BRW-00101,POT-0001,SHP-04,CDR-31,2025-11-16T11:58:00Z,42,111,Pass,Hesper Cinderfell
BRW-00102,POT-0098,SHP-12,CDR-25,2026-06-29T11:51:28Z,32,106,pass,Zephyrine Zellandine
BRW-00103,POT-0101,SHP-11,CDR-33,2024-10-14T10:29:58Z,13,138,PASS,Belladonna Jackdaw
BRW-00104,POT-0074,SHP-12,CDR-10,2026-06-14T05:50:44Z,33,111,Pass,Thaddeus Frostpetal
BRW-00105,POT-0029,SHP-04,CDR-03,2025-06-22 08:21:02,39,72,pass,Nimbus Glimmerstone
BRW-00106,POT-0018,SHP-10,CDR-13,2026-04-22 05:34:40,49,20,pass,Zephyrine Zellandine
BRW-00107,POT-0082,SHP-04,CDR-25,2025-04-02 07:15:37,42,59,pass,Dorian Glimmerstone
BRW-00108,POT-0101,SHP-06,CDR-29,2024-11-20 06:13:32,35,125,pass,Oleander Ravenscroft
BRW-00109,POT-0107,SHP-14,CDR-13,2025-11-01 08:23:36,49,80,fail,Juniper Hollowbranch
BRW-00110,POT-0104,SHP-10,CDR-31,2026-01-05 07:09:51,30,156,pass,Vesper Emberwhisk
BRW-00111,POT-0031,SHP-04,CDR-05,2025-12-19T05:32:56Z,50,38,pass,Hesper Cinderfell
BRW-00112,POT-0041,SHP-09,CDR-03,2025-08-18 05:21:52,47,132,pass,Gideon Thistledown
BRW-00113,POT-0114,SHP-03,CDR-34,2025-02-24 06:19:55,54,76,pass,Wendeline Ashgrove
BRW-00114,POT-0002,SHP-10,CDR-09,2025-01-02T08:27:07Z,49,95,pass,Yarrow Ravenscroft
BRW-00115,POT-0078,SHP-07,CDR-32,2026-04-08 05:58:04,50,63,Pass,Grizelda Duskwater
BRW-00116,POT-0114,SHP-02,CDR-11,2025-07-30 08:19:27,19,55,pass,Grizelda Duskwater
BRW-00117,POT-0034,SHP-05,CDR-18,2024-09-06 10:24:04,43,111,Pass,Juniper Hollowbranch
BRW-00118,POT-0022,SHP-14,CDR-03,2025-08-11 06:48:00,11,118,Pass,Hesper Foxglove
BRW-00119,POT-0087,SHP-11,CDR-18,2026-03-26T11:55:13Z,41,76,FAIL,Grizelda Kilnworth
BRW-00120,POT-0072,SHP-06,CDR-10,2025-05-26 08:03:25,15,113,PASS,Caspian Thistledown
BRW-00121,POT-0001,SHP-05,CDR-13,2026-01-05T08:08:07Z,46,128,PASS,Maribel Netherfield
BRW-00122,POT-0005,SHP-15,CDR-15,2025-02-22T10:47:09Z,46,29,pass,Dorian Glimmerstone
BRW-00123,POT-0073,SHP-01,CDR-38,2024-12-12T09:46:44Z,45,57,Pass,Caspian Thistledown
BRW-00124,POT-0035,SHP-04,CDR-04,2025-08-07T10:00:25Z,19,74,PASS,Zephyrine Zellandine
BRW-00125,POT-0034,SHP-10,CDR-24,2024-06-30 08:09:44,14,93,PASS,Belladonna Jackdaw
BRW-00126,POT-0111,SHP-15,CDR-33,2026-01-30 10:29:05,16,50,fail,Morwenna Wandwright
BRW-00127,POT-0101,SHP-06,CDR-01,2025-08-25T08:05:52Z,19,158,pass,Hesper Foxglove
BRW-00128,POT-0090,SHP-06,CDR-08,2025-05-09T10:18:41Z,29,81,Pass,Gideon Thistledown
BRW-00129,POT-0069,SHP-02,CDR-35,2025-09-13T08:33:34Z,16,141,Pass,Wendeline Ashgrove
BRW-00130,POT-0007,SHP-11,CDR-29,2026-05-19T09:07:59Z,27,119,pass,Wendeline Ashgrove
BRW-00131,POT-0117,SHP-09,CDR-40,2024-09-16T05:10:34Z,29,43,pass,Grizelda Duskwater
BRW-00132,POT-0113,SHP-05,CDR-27,2026-06-01T11:18:45Z,17,141,pass,Umbra Thistledown
BRW-00133,POT-0095,SHP-03,CDR-36,2025-10-24T06:30:31Z,29,158,pass,Belladonna Jackdaw
BRW-00134,POT-0098,SHP-11,CDR-13,2025-12-04T09:19:21Z,41,91,pass,Delphine Zellandine
BRW-00135,POT-0090,SHP-03,CDR-01,2024-09-01T10:34:59Z,34,81,pass,Zephyrine Zellandine
BRW-00136,POT-0079,SHP-13,CDR-39,2024-07-11T08:18:52Z,23,89,pass,Wendeline Ashgrove
BRW-00137,POT-0107,SHP-10,CDR-40,2025-08-25 08:55:23,18,51,pass,Nimbus Glimmerstone
BRW-00138,POT-0002,SHP-12,CDR-37,2025-08-27T08:59:09Z,59,110,Pass,Nimbus Glimmerstone
BRW-00139,POT-0036,SHP-04,CDR-22,2024-06-25 11:21:32,13,91,fail,Wendeline Ashgrove
BRW-00140,POT-0044,SHP-04,CDR-31,2024-06-20T05:10:55Z,46,53,PASS,Juniper Hollowbranch
BRW-00141,POT-0029,SHP-01,CDR-10,2026-02-12T10:23:25Z,41,79,pass,Hesper Foxglove
BRW-00142,POT-0107,SHP-02,CDR-35,2025-09-19T05:13:24Z,23,42,pass,Hesper Foxglove
BRW-00143,POT-0011,SHP-05,CDR-14,2025-12-04T09:07:12Z,39,141,Pass,Vesper Emberwhisk
BRW-00144,POT-0110,SHP-09,CDR-34,2025-02-07T09:52:42Z,59,117,Pass,Thaddeus Frostpetal
BRW-00145,POT-0098,SHP-10,CDR-34,2025-07-12T09:32:43Z,59,82,pass,Delphine Mossheart
BRW-00146,POT-0104,SHP-11,CDR-10,2025-11-18T07:07:41Z,31,136,PASS,Thaddeus Frostpetal
BRW-00147,POT-0108,SHP-12,CDR-22,2025-06-26T10:47:20Z,15,80,pass,Cassia Everbright
BRW-00148,POT-0001,SHP-07,CDR-26,2024-10-06 08:16:08,51,99,pass,Morwenna Wandwright
BRW-00149,POT-0035,SHP-06,CDR-10,2025-01-24 07:57:30,37,52,pass,Yarrow Ravenscroft
BRW-00150,POT-0074,SHP-15,CDR-07,2026-06-19 11:30:45,13,121,Pass,Oleander Ravenscroft
BRW-00151,POT-0040,SHP-13,CDR-31,2025-04-08 07:37:14,38,33,pass,Vesper Emberwhisk
BRW-00152,POT-0027,SHP-02,CDR-24,2025-07-30 09:47:04,34,123,FAIL,Hesper Foxglove
BRW-00153,POT-0023,SHP-11,CDR-34,2024-08-28 06:37:58,18,118,pass,Nimbus Glimmerstone
BRW-00154,POT-0089,SHP-12,CDR-36,2024-05-31 11:04:31,18,73,pass,Yarrow Ravenscroft
BRW-00155,POT-0111,SHP-14,CDR-13,2026-05-14T11:44:50Z,18,68,pass,Dorian Glimmerstone
BRW-00156,POT-0093,SHP-08,CDR-13,2026-02-07T05:35:13Z,16,100,pass,Lyra Winterbourne
BRW-00157,POT-0079,SHP-01,CDR-01,2025-03-04T06:14:50Z,26,81,Pass,Cassia Everbright
BRW-00158,POT-0072,SHP-07,CDR-17,2025-01-10 11:18:10,44,99,pass,Caspian Thistledown
BRW-00159,POT-0050,SHP-10,CDR-33,2025-10-05T11:15:42Z,45,137,Pass,Kestrel Foxglove
BRW-00160,POT-0115,SHP-08,CDR-07,2024-10-25T11:50:08Z,37,117,pass,Cassia Winterbourne
BRW-00161,POT-0113,SHP-04,CDR-05,2025-11-18 09:23:09,11,142,pass,Gideon Moonbrook
BRW-00162,POT-0108,SHP-04,CDR-30,2024-10-15T09:06:30Z,34,76,PASS,Gideon Thistledown
BRW-00163,POT-0118,SHP-12,CDR-32,2026-03-06T05:46:16Z,18,69,Pass,Grizelda Duskwater
BRW-00164,POT-0054,SHP-12,CDR-08,2025-12-31T06:40:23Z,15,61,PASS,Umbra Thistledown
BRW-00165,POT-0111,SHP-09,CDR-37,2026-04-15T08:35:08Z,53,53,pass,Morwenna Wandwright
BRW-00166,POT-0034,SHP-02,CDR-36,2025-09-11T11:59:17Z,44,146,pass,Grizelda Kilnworth
BRW-00167,POT-0008,SHP-01,CDR-06,2025-07-21T07:35:37Z,60,97,Pass,Grizelda Kilnworth
BRW-00168,POT-0092,SHP-08,CDR-24,2026-05-27T09:47:42Z,26,67,pass,Juniper Hollowbranch
BRW-00169,POT-0071,SHP-01,CDR-34,2025-11-07T05:34:04Z,57,111,fail,Lyra Winterbourne
BRW-00170,POT-0009,SHP-13,CDR-22,2025-12-10T07:33:04Z,39,63,pass,Umbra Thistledown
BRW-00171,POT-0109,SHP-08,CDR-28,2025-04-07T09:00:29Z,40,84,Pass,Delphine Mossheart
BRW-00172,POT-0090,SHP-07,CDR-28,2025-06-01 10:31:51,45,79,pass,Hesper Cinderfell
BRW-00173,POT-0107,SHP-10,CDR-24,2025-09-18 09:27:16,28,95,pass,Grizelda Kilnworth
BRW-00174,POT-0065,SHP-05,CDR-20,2025-09-11T06:18:05Z,53,45,pass,Morwenna Wandwright
BRW-00175,POT-0105,SHP-01,CDR-31,2024-08-14T06:05:16Z,47,130,pass,Vesper Emberwhisk
BRW-00176,POT-0009,SHP-03,CDR-06,2026-02-04 09:44:33,11,69,Pass,Gideon Thistledown
BRW-00177,POT-0040,SHP-14,CDR-24,2024-10-30 10:27:29,23,66,pass,Ambrose Winterbourne
BRW-00178,POT-0040,SHP-05,CDR-28,2026-01-15 09:20:01,31,47,pass,Juniper Hollowbranch
BRW-00179,POT-0022,SHP-06,CDR-10,2025-12-18 07:54:45,59,97,fail,Ambrose Fernwhistle
BRW-00180,POT-0048,SHP-03,CDR-25,2026-02-09 05:47:33,12,104,PASS,Grizelda Kilnworth
BRW-00181,POT-0008,SHP-01,CDR-15,2025-06-09T09:31:52Z,25,69,PASS,Vesper Emberwhisk
BRW-00182,POT-0051,SHP-08,CDR-34,2024-09-02 11:39:08,59,21,pass,Oswin Wyrmwood
BRW-00183,POT-0008,SHP-03,CDR-19,2025-12-16T07:26:53Z,48,58,pass,Grizelda Kilnworth
BRW-00184,POT-0043,SHP-02,CDR-26,2025-06-26T07:20:14Z,51,56,pass,Cassia Winterbourne
BRW-00185,POT-0119,SHP-10,CDR-10,2024-11-30 07:00:58,24,90,Pass,Nimbus Glimmerstone
BRW-00186,POT-0074,SHP-12,CDR-01,2026-06-08T05:18:18Z,50,122,pass,Wendeline Ashgrove
BRW-00187,POT-0012,SHP-13,CDR-28,2025-04-15 10:17:35,26,111,pass,Gideon Moonbrook
BRW-00188,POT-0062,SHP-02,CDR-36,2025-04-09T08:08:21Z,48,149,pass,Caspian Thistledown
BRW-00189,POT-0022,SHP-12,CDR-05,2026-01-06 08:02:06,28,143,Pass,Kestrel Foxglove
BRW-00190,POT-0062,SHP-10,CDR-24,2024-08-31 05:44:39,33,154,Pass,Dorian Mistlethorn
BRW-00191,POT-0108,SHP-13,CDR-12,2025-09-03T08:57:21Z,37,78,pass,Yarrow Ravenscroft
BRW-00192,POT-0097,SHP-03,CDR-11,2025-12-18T08:55:58Z,23,146,pass,Thaddeus Frostpetal
BRW-00193,POT-0076,SHP-15,CDR-25,2026-02-25T05:05:50Z,39,44,PASS,Gideon Moonbrook
BRW-00194,POT-0092,SHP-04,CDR-23,2024-09-28T05:46:02Z,19,72,pass,Yarrow Ravenscroft
BRW-00195,POT-0036,SHP-12,CDR-27,2025-06-19T10:12:01Z,29,77,Pass,Dorian Mistlethorn
BRW-00196,POT-0101,SHP-12,CDR-28,2026-05-17T06:01:07Z,25,128,pass,Vesper Emberwhisk
BRW-00197,POT-0069,SHP-05,CDR-34,2026-03-21 07:10:32,12,148,pass,Belladonna Jackdaw
BRW-00198,POT-0044,SHP-03,CDR-08,2026-05-01T08:51:44Z,35,62,PASS,Cassia Winterbourne
BRW-00199,POT-0113,SHP-05,CDR-14,2025-04-11 08:47:54,45,162,pass,Ambrose Fernwhistle
BRW-00200,POT-0005,SHP-12,CDR-26,2025-04-14T06:26:59Z,34,43,pass,Gideon Thistledown
BRW-00201,POT-0085,SHP-08,CDR-36,2025-07-10T07:46:00Z,12,115,pass,Zephyrine Zellandine
BRW-00202,POT-0036,SHP-09,CDR-28,2024-07-24T08:11:06Z,41,94,Pass,Cassia Everbright
BRW-00203,POT-0095,SHP-15,CDR-02,2026-06-16 09:55:16,27,125,pass,Hesper Cinderfell
BRW-00204,POT-0115,SHP-02,CDR-39,2025-01-01T09:57:54Z,44,115,Pass,Umbra Thistledown
BRW-00205,POT-0003,SHP-06,CDR-14,2025-01-16T09:18:52Z,10,65,PASS,Morwenna Wandwright
BRW-00206,POT-0049,SHP-07,CDR-20,2024-05-03 08:51:45,52,105,pass,Delphine Mossheart
BRW-00207,POT-0094,SHP-13,CDR-29,2026-05-17 10:59:25,56,119,pass,Lyra Winterbourne
BRW-00208,POT-0051,SHP-11,CDR-02,2024-10-22 06:20:35,11,48,pass,Cassia Winterbourne
BRW-00209,POT-0008,SHP-04,CDR-27,2026-03-26 05:08:51,46,65,Pass,Cassia Winterbourne
BRW-00210,POT-0065,SHP-01,CDR-06,2024-12-12T08:32:16Z,44,32,Pass,Hesper Cinderfell
BRW-00211,POT-0074,SHP-01,CDR-01,2026-06-05T10:19:46Z,39,70,pass,Thaddeus Frostpetal
BRW-00212,POT-0117,SHP-09,CDR-18,2024-08-24T09:37:07Z,12,,fail,Thaddeus Frostpetal
BRW-00213,POT-0095,SHP-05,CDR-33,2025-10-16 07:16:10,43,141,pass,Cassia Everbright
BRW-00214,POT-0094,SHP-03,CDR-27,2026-03-03 10:12:09,20,132,pass,Dorian Mistlethorn
BRW-00215,POT-0057,SHP-11,CDR-36,2026-01-07 08:53:36,14,75,pass,Gideon Thistledown
BRW-00216,POT-0038,SHP-11,CDR-05,2026-04-15 11:02:48,33,15,pass,Dorian Mistlethorn
BRW-00217,POT-0074,SHP-10,CDR-34,2026-05-14T11:09:28Z,38,94,Pass,Hesper Cinderfell
BRW-00218,POT-0065,SHP-05,CDR-15,2025-03-23T07:46:29Z,45,52,Pass,Grizelda Kilnworth
BRW-00219,POT-0050,SHP-14,CDR-04,2026-03-21T06:10:58Z,54,164,Pass,Cassia Winterbourne
BRW-00220,POT-0005,SHP-10,CDR-27,2026-01-15 11:01:40,22,52,pass,Oswin Wyrmwood
BRW-00221,POT-0028,SHP-08,CDR-20,2026-05-04 06:36:32,36,50,pass,Dorian Mistlethorn
BRW-00222,POT-0062,SHP-04,CDR-36,2025-03-12T06:02:40Z,38,114,Pass,Caspian Thistledown
BRW-00223,POT-0079,SHP-02,CDR-05,2025-01-21 05:29:15,24,63,pass,Dorian Glimmerstone
BRW-00224,POT-0024,SHP-15,CDR-22,2026-03-29T07:04:29Z,55,107,pass,Ambrose Fernwhistle
BRW-00225,POT-0099,SHP-02,CDR-15,2026-01-24 08:57:55,59,171,pass,Gideon Thistledown
BRW-00226,POT-0065,SHP-09,CDR-22,2025-03-06 08:07:58,39,25,pass,Oswin Wyrmwood
BRW-00227,POT-0092,SHP-06,CDR-20,2026-01-28T10:37:25Z,42,84,pass,Ambrose Fernwhistle
BRW-00228,POT-0103,SHP-10,CDR-21,2024-05-18 08:17:25,12,83,Pass,Cassia Winterbourne
BRW-00229,POT-0015,SHP-11,CDR-20,2026-06-28T05:34:01Z,42,75,pass,Ambrose Winterbourne
BRW-00230,POT-0059,SHP-04,CDR-21,2026-02-26 06:33:41,33,110,pass,Hesper Cinderfell
BRW-00231,POT-0058,SHP-09,CDR-08,2025-10-23 06:53:09,19,109,pass,Belladonna Jackdaw
BRW-00232,POT-0116,SHP-13,CDR-04,2024-12-18T08:44:05Z,40,102,pass,Dorian Glimmerstone
BRW-00233,POT-0094,SHP-10,CDR-30,2024-07-21T07:31:52Z,54,122,pass,Ambrose Winterbourne
BRW-00234,POT-0027,SHP-09,CDR-14,2025-11-07 07:41:46,52,137,Pass,Gideon Moonbrook
BRW-00235,POT-0118,SHP-09,CDR-08,2026-05-10 09:48:45,40,66,FAIL,Cassia Winterbourne
BRW-00236,POT-0115,SHP-13,CDR-28,2025-02-18T10:11:46Z,47,111,pass,Ambrose Winterbourne
BRW-00237,POT-0006,SHP-03,CDR-08,2026-03-09T08:17:42Z,44,143,pass,Dorian Mistlethorn
BRW-00238,POT-0017,SHP-03,CDR-17,2026-01-18 08:45:28,35,134,pass,Umbra Thistledown
BRW-00239,POT-0110,SHP-05,CDR-01,2026-06-17 05:47:29,31,122,Pass,Zephyrine Zellandine
BRW-00240,POT-0070,SHP-02,CDR-03,2024-08-13 09:02:56,21,157,Pass,Lyra Winterbourne
BRW-00241,POT-0103,SHP-15,CDR-13,2026-05-17 08:47:08,22,87,pass,Ambrose Winterbourne
BRW-00242,POT-0082,SHP-11,CDR-12,2025-09-05T06:19:34Z,14,73,pass,Gideon Moonbrook
BRW-00243,POT-0033,SHP-06,CDR-03,2026-04-09 08:52:53,16,93,pass,Gideon Moonbrook
BRW-00244,POT-0119,SHP-15,CDR-29,2026-05-22T10:31:29Z,29,69,Pass,Cassia Everbright
BRW-00245,POT-0039,SHP-14,CDR-35,2025-06-07 07:07:36,36,167,pass,Wendeline Ashgrove
BRW-00246,POT-0034,SHP-08,CDR-25,2024-09-14 05:18:59,10,93,Pass,Maribel Netherfield
BRW-00247,POT-0094,SHP-03,CDR-28,2024-10-15T06:31:24Z,35,122,Pass,Nimbus Glimmerstone
BRW-00248,POT-0069,SHP-11,CDR-25,2025-08-11T10:44:11Z,47,83,pass,Cassia Everbright
BRW-00249,POT-0068,SHP-14,CDR-18,2025-10-04T06:42:38Z,36,44,pass,Ambrose Fernwhistle
BRW-00250,POT-0107,SHP-06,CDR-38,2026-03-24 11:53:23,17,59,pass,Wendeline Ashgrove
BRW-00251,POT-0001,SHP-06,CDR-17,2025-12-17T11:07:45Z,42,111,pass,Oswin Wyrmwood
BRW-00252,POT-0033,SHP-14,CDR-22,2025-03-25 07:06:20,21,87,pass,Delphine Mossheart
BRW-00253,POT-0031,SHP-01,CDR-01,2025-11-29T06:35:46Z,44,26,pass,Gideon Thistledown
BRW-00254,POT-0119,SHP-14,CDR-11,2026-02-06 10:54:24,14,64,PASS,Ambrose Fernwhistle
BRW-00255,POT-0032,SHP-03,CDR-36,2026-06-10T05:27:27Z,46,103,PASS,Vesper Emberwhisk
BRW-00256,POT-0079,SHP-04,CDR-20,2024-10-23 05:38:29,14,84,pass,Wendeline Ashgrove
BRW-00257,POT-0023,SHP-06,CDR-24,2026-04-10 06:41:02,32,165,pass,Oleander Ravenscroft
BRW-00258,POT-0011,SHP-06,CDR-03,2026-02-10T11:43:38Z,31,134,pass,Gideon Moonbrook
BRW-00259,POT-0040,SHP-13,CDR-39,2026-01-29T06:51:27Z,18,39,Pass,Yarrow Ravenscroft
BRW-00260,POT-0118,SHP-10,CDR-06,2026-04-08 10:40:48,25,36,pass,Thaddeus Frostpetal
BRW-00261,POT-0077,SHP-03,CDR-26,2026-01-30T11:47:09Z,58,89,pass,Oleander Ravenscroft
BRW-00262,POT-0069,SHP-14,CDR-26,2024-12-22 11:15:43,35,105,Pass,Grizelda Duskwater
BRW-00263,POT-0048,SHP-03,CDR-34,2025-11-09T11:10:15Z,19,108,PASS,Umbra Thistledown
BRW-00264,POT-0027,SHP-07,CDR-17,2025-08-24T08:17:47Z,17,113,PASS,Caspian Thistledown
BRW-00265,POT-0013,SHP-13,CDR-16,2026-02-27 10:08:04,52,65,pass,Delphine Zellandine
BRW-00266,POT-0031,SHP-11,CDR-36,2026-03-10 08:04:09,45,51,pass,Oswin Wyrmwood
BRW-00267,POT-0100,SHP-14,CDR-20,2025-10-08 11:57:39,54,73,Pass,Belladonna Jackdaw
BRW-00268,POT-0069,SHP-05,CDR-31,2025-12-20 05:22:22,48,138,pass,Grizelda Kilnworth
BRW-00269,POT-0092,SHP-15,CDR-31,2024-11-19T08:54:11Z,54,65,pass,Gideon Moonbrook
BRW-00270,POT-0057,SHP-12,CDR-30,2026-03-29T08:35:51Z,42,79,pass,Zephyrine Zellandine
BRW-00271,POT-0105,SHP-05,CDR-35,2025-05-07 05:40:40,27,163,pass,Ambrose Winterbourne
BRW-00272,POT-0117,SHP-13,CDR-06,2026-01-02T10:42:39Z,18,39,PASS,Hesper Foxglove
BRW-00273,POT-0085,SHP-08,CDR-08,2024-10-08T06:45:50Z,56,100,PASS,Lyra Winterbourne
BRW-00274,POT-0061,SHP-14,CDR-07,2025-08-14T06:16:10Z,28,76,Pass,Gideon Moonbrook
BRW-00275,POT-0025,SHP-03,CDR-15,2024-05-14T07:53:58Z,12,46,pass,Hesper Foxglove
BRW-00276,POT-0119,SHP-06,CDR-06,2025-04-02T07:32:18Z,32,90,pass,Gideon Moonbrook
BRW-00277,POT-0107,SHP-09,CDR-18,2026-04-05T11:38:11Z,17,55,pass,Hesper Cinderfell
BRW-00278,POT-0065,SHP-02,CDR-36,2026-01-31T09:30:55Z,31,43,pass,Dorian Glimmerstone
BRW-00279,POT-0026,SHP-14,CDR-06,2026-01-25T09:34:32Z,50,111,pass,Gideon Thistledown
BRW-00280,POT-0043,SHP-08,CDR-19,2026-03-16 05:20:14,23,67,pass,Gideon Moonbrook
BRW-00281,POT-0064,SHP-04,CDR-25,2025-12-14T08:46:44Z,16,103,Pass,Nimbus Glimmerstone
BRW-00282,POT-0091,SHP-13,CDR-40,2025-02-01T05:51:31Z,39,39,Pass,Vesper Emberwhisk
BRW-00283,POT-0102,SHP-08,CDR-20,2026-03-26 05:18:38,36,,pass,Cassia Everbright
BRW-00284,POT-0033,SHP-03,CDR-26,2026-01-21 07:02:25,13,71,Pass,Cassia Winterbourne
BRW-00285,POT-0061,SHP-08,CDR-14,2025-01-28 09:04:10,53,42,pass,Dorian Mistlethorn
BRW-00286,POT-0005,SHP-05,CDR-30,2024-07-09 05:50:28,30,33,pass,Vesper Emberwhisk
BRW-00287,POT-0001,SHP-13,CDR-14,2026-01-14 05:10:02,29,95,Pass,Maribel Netherfield
BRW-00288,POT-0025,SHP-15,CDR-01,2025-08-06T09:26:30Z,55,67,pass,Belladonna Jackdaw
BRW-00289,POT-0017,SHP-04,CDR-15,2024-06-24T09:11:46Z,38,142,pass,Morwenna Wandwright
BRW-00290,POT-0117,SHP-13,CDR-17,2024-09-05 08:46:45,59,62,Pass,Delphine Mossheart
BRW-00291,POT-0116,SHP-05,CDR-10,2024-12-08 06:33:24,31,111,pass,Oswin Wyrmwood
BRW-00292,POT-0087,SHP-11,CDR-01,2026-02-27T07:20:54Z,24,41,pass,Kestrel Foxglove
BRW-00293,POT-0013,SHP-09,CDR-14,2025-10-21T10:17:43Z,55,85,Pass,Dorian Glimmerstone
BRW-00294,POT-0052,SHP-15,CDR-09,2026-04-21T11:13:11Z,19,93,pass,Caspian Thistledown
BRW-00295,POT-0073,SHP-07,CDR-33,2026-04-16 07:28:24,15,46,PASS,Ambrose Fernwhistle
BRW-00296,POT-0105,SHP-01,CDR-28,2024-06-27T08:16:15Z,23,143,pass,Oleander Ravenscroft
BRW-00297,POT-0008,SHP-10,CDR-13,2025-05-24 10:19:00,32,57,pass,Thaddeus Frostpetal
BRW-00298,POT-0110,SHP-09,CDR-01,2025-03-11T08:17:46Z,52,130,Pass,Gideon Moonbrook
BRW-00299,POT-0049,SHP-13,CDR-29,2025-01-22T11:10:20Z,57,121,Pass,Nimbus Glimmerstone
BRW-00300,POT-0067,SHP-14,CDR-11,2025-07-22 05:11:37,21,43,pass,Oleander Ravenscroft
BRW-00301,POT-0109,SHP-13,CDR-30,2026-01-09T07:37:37Z,53,129,FAIL,Cassia Everbright
BRW-00302,POT-0100,SHP-05,CDR-01,2025-03-24T07:41:15Z,41,101,pass,Wendeline Ashgrove
BRW-00303,POT-0049,SHP-06,CDR-31,2026-03-28T08:31:33Z,27,119,pass,Juniper Hollowbranch
BRW-00304,POT-0055,SHP-02,CDR-12,2026-05-03T10:00:00Z,24,91,PASS,Thaddeus Frostpetal
BRW-00305,POT-0068,SHP-09,CDR-29,2026-02-23T08:41:02Z,17,29,PASS,Caspian Thistledown
BRW-00306,POT-0084,SHP-14,CDR-14,2025-10-28 08:00:58,43,86,PASS,Cassia Everbright
BRW-00307,POT-0111,SHP-01,CDR-32,2026-06-26T06:39:24Z,49,34,pass,Umbra Thistledown
BRW-00308,POT-0084,SHP-04,CDR-14,2024-06-27T08:57:40Z,39,100,pass,Nimbus Glimmerstone
BRW-00309,POT-0118,SHP-11,CDR-35,2026-03-31T07:50:29Z,46,80,pass,Oswin Wyrmwood
BRW-00310,POT-0054,SHP-06,CDR-40,2026-02-22 06:20:25,26,45,pass,Kestrel Foxglove
BRW-00311,POT-0009,SHP-06,CDR-04,2025-10-11 06:44:15,11,69,Pass,Oswin Wyrmwood
BRW-00312,POT-0039,SHP-12,CDR-22,2025-08-21T05:30:20Z,24,144,PASS,Delphine Mossheart
BRW-00313,POT-0066,SHP-14,CDR-37,2025-02-07T11:41:06Z,33,81,fail,Gideon Moonbrook
BRW-00314,POT-0063,SHP-11,CDR-30,2025-06-04T07:14:07Z,50,54,Pass,Grizelda Kilnworth
BRW-00315,POT-0086,SHP-04,CDR-01,2026-05-31 07:15:11,39,96,pass,Ambrose Winterbourne
BRW-00316,POT-0089,SHP-07,CDR-09,2025-12-11 11:47:18,36,110,pass,Belladonna Jackdaw
BRW-00317,POT-0065,SHP-01,CDR-22,2025-09-10T10:22:03Z,11,55,pass,Kestrel Foxglove
BRW-00318,POT-0073,SHP-08,CDR-22,2026-06-26 09:04:44,40,73,pass,Gideon Thistledown
BRW-00319,POT-0009,SHP-01,CDR-25,2025-01-12T11:53:56Z,42,105,Pass,Cassia Winterbourne
BRW-00320,POT-0106,SHP-04,CDR-21,2025-09-05T09:10:28Z,30,60,pass,Grizelda Duskwater
BRW-00321,POT-0113,SHP-07,CDR-25,2025-05-27 10:33:54,28,142,pass,Ambrose Fernwhistle
BRW-00322,POT-0056,SHP-04,CDR-20,2026-05-24T05:15:42Z,50,87,fail,Ambrose Winterbourne
BRW-00323,POT-0057,SHP-01,CDR-27,2026-02-25T06:40:34Z,11,92,PASS,Vesper Emberwhisk
BRW-00324,POT-0025,SHP-09,CDR-18,2026-04-22 08:17:05,58,67,pass,Hesper Foxglove
BRW-00325,POT-0038,SHP-15,CDR-01,2024-11-01T08:02:30Z,18,43,pass,Oswin Wyrmwood
BRW-00326,POT-0063,SHP-02,CDR-10,2025-01-18 08:15:59,11,45,fail,Gideon Moonbrook
BRW-00327,POT-0099,SHP-13,CDR-12,2026-02-01T05:12:21Z,50,147,pass,Oswin Wyrmwood
BRW-00328,POT-0075,SHP-05,CDR-01,2025-05-12 07:14:16,17,126,pass,Ambrose Winterbourne
BRW-00329,POT-0112,SHP-10,CDR-06,2025-03-16T05:35:21Z,39,87,pass,Maribel Netherfield
BRW-00330,POT-0098,SHP-07,CDR-35,2025-10-22T07:08:50Z,11,124,pass,Cassia Everbright
BRW-00331,POT-0085,SHP-10,CDR-25,2025-11-06 07:42:11,43,112,pass,Juniper Hollowbranch
BRW-00332,POT-0107,SHP-02,CDR-21,2025-08-07 11:35:49,10,61,Pass,Zephyrine Zellandine
BRW-00333,POT-0103,SHP-07,CDR-22,2026-02-04T06:40:00Z,39,116,Pass,Cassia Winterbourne
BRW-00334,POT-0104,SHP-04,CDR-29,2026-04-01 11:01:33,46,138,pass,Umbra Thistledown
BRW-00335,POT-0055,SHP-06,CDR-37,2026-04-01 08:14:46,55,91,pass,Oswin Wyrmwood
BRW-00336,POT-0101,SHP-09,CDR-20,2024-08-28 07:20:16,18,,pass,Vesper Emberwhisk
BRW-00337,POT-0042,SHP-08,CDR-16,2025-05-17T09:35:40Z,36,95,pass,Yarrow Ravenscroft
BRW-00338,POT-0055,SHP-07,CDR-03,2026-02-23T07:51:17Z,12,72,fail,Ambrose Winterbourne
BRW-00339,POT-0085,SHP-07,CDR-29,2025-05-07T10:11:06Z,42,120,pass,Zephyrine Zellandine
BRW-00340,POT-0096,SHP-12,CDR-11,2025-12-01 05:33:40,24,131,PASS,Juniper Hollowbranch
BRW-00341,POT-0104,SHP-14,CDR-17,2026-04-11T06:53:56Z,44,154,pass,Yarrow Ravenscroft
BRW-00342,POT-0031,SHP-13,CDR-03,2026-02-23T07:28:39Z,35,43,PASS,Hesper Foxglove
BRW-00343,POT-0086,SHP-14,CDR-38,2026-01-15 10:32:21,46,95,PASS,Delphine Zellandine
BRW-00344,POT-0079,SHP-10,CDR-29,2024-11-29 06:24:37,40,89,pass,Oleander Ravenscroft
BRW-00345,POT-0072,SHP-04,CDR-31,2024-08-10T07:15:46Z,27,101,pass,Delphine Zellandine
BRW-00346,POT-0086,SHP-01,CDR-40,2025-12-14T10:16:26Z,10,76,PASS,Yarrow Ravenscroft
BRW-00347,POT-0038,SHP-05,CDR-04,2025-04-16 09:04:01,60,76,pass,Kestrel Foxglove
BRW-00348,POT-0021,SHP-12,CDR-27,2025-06-24 08:06:48,29,76,pass,Grizelda Duskwater
BRW-00349,POT-0063,SHP-15,CDR-18,2024-10-21T10:44:13Z,26,60,pass,Dorian Glimmerstone
BRW-00350,POT-0072,SHP-04,CDR-40,2025-08-08T09:46:48Z,44,110,Pass,Gideon Thistledown
BRW-00351,POT-0106,SHP-10,CDR-21,2026-03-30T08:18:11Z,18,53,pass,Cassia Everbright
BRW-00352,POT-0058,SHP-01,CDR-11,2025-03-01T10:06:57Z,55,138,pass,Delphine Zellandine
BRW-00353,POT-0095,SHP-14,CDR-10,2025-08-24 05:14:40,14,115,pass,Yarrow Ravenscroft
BRW-00354,POT-0091,SHP-10,CDR-21,2026-04-02 05:40:35,36,40,fail,Dorian Mistlethorn
BRW-00355,POT-0030,SHP-14,CDR-38,2026-03-14T08:50:51Z,42,67,pass,Ambrose Winterbourne
BRW-00356,POT-0037,SHP-04,CDR-22,2025-11-09 09:30:51,57,99,pass,Umbra Thistledown
BRW-00357,POT-0090,SHP-15,CDR-18,2025-08-06T05:33:31Z,25,94,pass,Dorian Mistlethorn
BRW-00358,POT-0109,SHP-14,CDR-04,2025-05-09T11:42:19Z,16,140,pass,Ambrose Winterbourne
BRW-00359,POT-0034,SHP-15,CDR-03,2024-06-28T05:42:09Z,14,121,Pass,Gideon Thistledown
BRW-00360,POT-0024,SHP-03,CDR-01,2026-05-21 10:16:51,57,129,pass,Caspian Thistledown
BRW-00361,POT-0069,SHP-04,CDR-29,2025-10-08T06:30:31Z,51,127,pass,Hesper Cinderfell
BRW-00362,POT-0097,SHP-01,CDR-27,2026-01-14T10:52:29Z,35,142,pass,Wendeline Ashgrove
BRW-00363,POT-0057,SHP-13,CDR-11,2025-11-24T05:10:27Z,60,70,Pass,Hesper Foxglove
BRW-00364,POT-0028,SHP-07,CDR-35,2026-02-26T11:08:14Z,23,43,pass,Lyra Winterbourne
BRW-00365,POT-0053,SHP-01,CDR-16,2024-08-18T08:08:59Z,40,101,Pass,Lyra Winterbourne
BRW-00366,POT-0104,SHP-14,CDR-37,2025-05-29T08:26:32Z,36,143,pass,Oswin Wyrmwood
BRW-00367,POT-0061,SHP-08,CDR-30,2025-03-16T07:12:17Z,11,87,pass,Hesper Foxglove
BRW-00368,POT-0022,SHP-13,CDR-14,2025-01-17T10:13:54Z,25,120,Pass,Grizelda Kilnworth
BRW-00369,POT-0034,SHP-13,CDR-25,2024-07-29T09:26:07Z,26,140,PASS,Gideon Moonbrook
BRW-00370,POT-0017,SHP-13,CDR-36,2026-01-27 09:02:22,33,134,pass,Vesper Emberwhisk
BRW-00371,POT-0048,SHP-13,CDR-05,2025-12-01 07:07:16,37,90,pass,Gideon Moonbrook
BRW-00372,POT-0013,SHP-11,CDR-30,2026-03-31T06:16:48Z,45,96,Pass,Ambrose Fernwhistle
BRW-00373,POT-0047,SHP-02,CDR-31,2026-06-18 11:16:03,40,121,pass,Kestrel Foxglove
BRW-00374,POT-0041,SHP-04,CDR-30,2025-05-14 10:11:34,17,148,pass,Zephyrine Zellandine
BRW-00375,POT-0047,SHP-09,CDR-28,2026-04-06T11:29:41Z,17,105,pass,Thaddeus Frostpetal
BRW-00376,POT-0061,SHP-11,CDR-22,2026-03-16T11:23:27Z,57,86,Pass,Delphine Mossheart
BRW-00377,POT-0095,SHP-02,CDR-39,2025-06-09T09:38:43Z,53,136,PASS,Delphine Zellandine
BRW-00378,POT-0085,SHP-04,CDR-05,2026-03-12T05:35:41Z,47,114,pass,Hesper Foxglove
BRW-00379,POT-0017,SHP-12,CDR-17,2025-04-06T08:35:03Z,46,167,Pass,Gideon Moonbrook
BRW-00380,POT-0063,SHP-03,CDR-39,2025-08-19T07:44:10Z,38,71,pass,Oswin Wyrmwood
BRW-00381,POT-0066,SHP-01,CDR-22,2026-02-23T05:09:07Z,58,115,pass,Ambrose Winterbourne
BRW-00382,POT-0035,SHP-13,CDR-37,2024-06-20 09:49:16,15,76,FAIL,Umbra Thistledown
BRW-00383,POT-0039,SHP-01,CDR-24,2025-06-11T10:49:27Z,48,150,Pass,Gideon Moonbrook
BRW-00384,POT-0082,SHP-09,CDR-18,2024-07-28T11:58:14Z,32,39,pass,Wendeline Ashgrove
BRW-00385,POT-0055,SHP-07,CDR-22,2026-02-12T09:25:03Z,14,121,pass,Gideon Moonbrook
BRW-00386,POT-0089,SHP-15,CDR-40,2026-05-28T07:49:26Z,17,116,Fail,Nimbus Glimmerstone
BRW-00387,POT-0075,SHP-02,CDR-09,2025-08-26 07:14:15,57,142,fail,Dorian Glimmerstone
BRW-00388,POT-0071,SHP-08,CDR-24,2025-08-09T11:05:59Z,59,92,fail,Zephyrine Zellandine
BRW-00389,POT-0077,SHP-06,CDR-32,2026-05-06T07:15:43Z,34,89,Pass,Delphine Mossheart
BRW-00390,POT-0073,SHP-05,CDR-19,2025-03-27 10:07:57,36,43,pass,Kestrel Foxglove
BRW-00391,POT-0117,SHP-01,CDR-33,2025-05-17 11:27:40,50,61,pass,Maribel Netherfield
BRW-00392,POT-0064,SHP-11,CDR-15,2024-10-28T11:52:49Z,26,105,pass,Zephyrine Zellandine
BRW-00393,POT-0069,SHP-06,CDR-17,2025-04-08 08:55:20,31,118,pass,Delphine Zellandine
BRW-00394,POT-0026,SHP-05,CDR-30,2025-01-24T11:37:51Z,19,131,pass,Hesper Foxglove
BRW-00395,POT-0006,SHP-07,CDR-06,2025-12-14T10:04:38Z,33,138,Pass,Ambrose Winterbourne
BRW-00396,POT-0053,SHP-04,CDR-27,2025-02-14T10:21:19Z,24,101,pass,Thaddeus Frostpetal
BRW-00397,POT-0010,SHP-14,CDR-10,2026-01-25T11:46:11Z,12,122,pass,Grizelda Duskwater
BRW-00398,POT-0048,SHP-15,CDR-24,2025-08-20T05:04:39Z,20,88,pass,Zephyrine Zellandine
BRW-00399,POT-0031,SHP-02,CDR-33,2026-05-10T07:52:29Z,32,53,pass,Grizelda Duskwater
BRW-00400,POT-0098,SHP-11,CDR-32,2026-03-12T09:32:04Z,41,80,pass,Zephyrine Zellandine
BRW-00401,POT-0012,SHP-05,CDR-30,2025-03-01T05:47:33Z,40,71,pass,Maribel Netherfield
BRW-00402,POT-0075,SHP-07,CDR-35,2026-06-09T09:38:59Z,44,148,pass,Caspian Thistledown
BRW-00403,POT-0072,SHP-15,CDR-10,2026-01-03T06:38:21Z,47,109,pass,Hesper Cinderfell
BRW-00404,POT-0025,SHP-05,CDR-15,2025-03-30T09:53:22Z,52,56,Pass,Juniper Hollowbranch
BRW-00405,POT-0005,SHP-04,CDR-17,2024-09-04 05:04:23,52,22,pass,Cassia Everbright
BRW-00406,POT-0109,SHP-13,CDR-14,2025-01-20T08:19:13Z,14,124,pass,Dorian Mistlethorn
BRW-00407,POT-0082,SHP-05,CDR-20,2024-08-31T10:32:01Z,46,47,pass,Grizelda Duskwater
BRW-00408,POT-0025,SHP-06,CDR-27,2026-02-25T10:40:51Z,55,43,Pass,Wendeline Ashgrove
BRW-00409,POT-0048,SHP-01,CDR-15,2025-04-12T05:41:29Z,27,106,PASS,Kestrel Foxglove
BRW-00410,POT-0084,SHP-05,CDR-27,2024-08-11T05:34:43Z,46,89,pass,Lyra Winterbourne
BRW-00411,POT-0066,SHP-09,CDR-05,2026-04-21 10:09:27,37,99,pass,Nimbus Glimmerstone
BRW-00412,POT-0024,SHP-11,CDR-18,2026-04-19 07:11:40,39,133,Fail,Hesper Foxglove
BRW-00413,POT-0026,SHP-13,CDR-26,2024-12-02 06:22:56,27,107,PASS,Vesper Emberwhisk
BRW-00414,POT-0095,SHP-10,CDR-18,2025-08-23T05:08:17Z,22,140,pass,Cassia Winterbourne
BRW-00415,POT-0068,SHP-08,CDR-15,2025-03-24T11:01:30Z,43,48,pass,Gideon Thistledown
BRW-00416,POT-0099,SHP-08,CDR-15,2026-04-01T06:06:40Z,12,131,pass,Grizelda Duskwater
BRW-00417,POT-0010,SHP-12,CDR-01,2026-05-08 07:45:49,44,122,pass,Oswin Wyrmwood
BRW-00418,POT-0119,SHP-15,CDR-03,2024-11-07T11:28:06Z,56,92,PASS,Hesper Cinderfell
BRW-00419,POT-0032,SHP-07,CDR-39,2025-10-12 06:48:20,55,92,pass,Gideon Moonbrook
BRW-00420,POT-0049,SHP-03,CDR-26,2025-07-24 05:46:37,19,143,Pass,Vesper Emberwhisk
BRW-00421,POT-0022,SHP-09,CDR-01,2026-02-02T06:38:54Z,28,113,Pass,Delphine Zellandine
BRW-00422,POT-0079,SHP-15,CDR-06,2026-05-10 06:53:19,16,67,pass,Dorian Mistlethorn
BRW-00423,POT-0037,SHP-08,CDR-03,2025-09-08T06:26:28Z,60,92,fail,Umbra Thistledown
BRW-00424,POT-0056,SHP-01,CDR-20,2026-05-04 11:17:57,19,71,pass,Yarrow Ravenscroft
BRW-00425,POT-0118,SHP-01,CDR-32,2026-05-31T07:04:18Z,58,86,pass,Kestrel Foxglove
BRW-00426,POT-0100,SHP-05,CDR-01,2024-08-29 06:23:06,10,95,pass,Dorian Glimmerstone
BRW-00427,POT-0023,SHP-06,CDR-18,2024-06-02 10:58:47,47,158,PASS,Gideon Moonbrook
BRW-00428,POT-0101,SHP-03,CDR-22,2025-07-18T07:46:46Z,20,165,Pass,Gideon Moonbrook
BRW-00429,POT-0092,SHP-05,CDR-16,2025-08-11T07:07:09Z,34,90,PASS,Dorian Mistlethorn
BRW-00430,POT-0012,SHP-12,CDR-39,2025-03-28T05:52:11Z,59,101,fail,Oleander Ravenscroft
BRW-00431,POT-0009,SHP-06,CDR-07,2024-09-08T09:49:42Z,20,71,PASS,Delphine Zellandine
BRW-00432,POT-0089,SHP-13,CDR-40,2025-06-17 09:12:55,48,83,pass,Ambrose Winterbourne
BRW-00433,POT-0069,SHP-05,CDR-01,2025-07-27T09:46:51Z,18,132,Pass,Zephyrine Zellandine
BRW-00434,POT-0070,SHP-01,CDR-07,2024-06-14T07:17:16Z,16,147,pass,Hesper Foxglove
BRW-00435,POT-0107,SHP-12,CDR-31,2025-08-13 09:43:02,60,38,Pass,Nimbus Glimmerstone
BRW-00436,POT-0050,SHP-10,CDR-23,2026-03-18 08:35:29,14,158,pass,Thaddeus Frostpetal
BRW-00437,POT-0006,SHP-09,CDR-39,2026-02-06T10:13:34Z,32,147,pass,Umbra Thistledown
BRW-00438,POT-0098,SHP-02,CDR-28,2026-05-07T08:13:45Z,37,77,pass,Delphine Zellandine
BRW-00439,POT-0044,SHP-07,CDR-01,2024-11-05 08:46:20,12,38,pass,Zephyrine Zellandine
BRW-00440,POT-0043,SHP-08,CDR-38,2024-06-19T05:56:00Z,60,15,pass,Grizelda Kilnworth
BRW-00441,POT-0101,SHP-03,CDR-38,2026-03-02 06:29:05,41,176,pass,Dorian Mistlethorn
BRW-00442,POT-0024,SHP-12,CDR-27,2025-08-02T09:11:47Z,15,148,pass,Cassia Winterbourne
BRW-00443,POT-0082,SHP-08,CDR-29,2025-04-09 08:39:40,42,23,pass,Hesper Foxglove
BRW-00444,POT-0083,SHP-01,CDR-35,2025-05-29 09:40:07,25,147,pass,Grizelda Duskwater
BRW-00445,POT-0057,SHP-05,CDR-33,2025-02-12T06:10:33Z,24,68,Pass,Kestrel Foxglove
BRW-00446,POT-0097,SHP-05,CDR-08,2025-12-25 07:39:09,46,131,pass,Umbra Thistledown
BRW-00447,POT-0007,SHP-11,CDR-18,2025-12-06T06:47:58Z,20,165,pass,Hesper Foxglove
BRW-00448,POT-0107,SHP-14,CDR-36,2025-10-27 05:25:30,33,61,pass,Zephyrine Zellandine
BRW-00449,POT-0069,SHP-08,CDR-33,2025-10-30T07:36:46Z,30,119,pass,Zephyrine Zellandine
BRW-00450,POT-0052,SHP-12,CDR-36,2024-08-12T09:06:24Z,37,93,pass,Kestrel Foxglove
BRW-00451,POT-0018,SHP-08,CDR-28,2025-12-10T06:05:23Z,38,26,pass,Maribel Netherfield
BRW-00452,POT-0034,SHP-05,CDR-29,2026-03-03T08:28:23Z,32,108,pass,Hesper Cinderfell
BRW-00453,POT-0104,SHP-02,CDR-20,2026-02-22 07:37:14,23,144,fail,Oswin Wyrmwood
BRW-00454,POT-0022,SHP-01,CDR-23,2026-06-04T06:42:50Z,34,98,pass,Wendeline Ashgrove
BRW-00455,POT-0002,SHP-06,CDR-32,2025-07-08 08:46:46,41,84,PASS,Lyra Winterbourne
BRW-00456,POT-0074,SHP-03,CDR-01,2026-05-29 10:31:13,31,154,pass,Vesper Emberwhisk
BRW-00457,POT-0005,SHP-12,CDR-29,2026-03-25T07:18:20Z,12,48,fail,Kestrel Foxglove
BRW-00458,POT-0002,SHP-14,CDR-13,2026-06-30 07:58:24,22,81,pass,Dorian Glimmerstone
BRW-00459,POT-0015,SHP-09,CDR-06,2025-12-29 11:42:34,46,75,pass,Grizelda Kilnworth
BRW-00460,POT-0049,SHP-09,CDR-31,2024-07-08 10:29:29,57,125,pass,Kestrel Foxglove
BRW-00461,POT-0031,SHP-12,CDR-16,2026-02-04 08:02:18,47,54,fail,Dorian Mistlethorn
BRW-00462,POT-0061,SHP-13,CDR-23,2026-04-30T11:35:30Z,24,97,pass,Hesper Cinderfell
BRW-00463,POT-0097,SHP-11,CDR-14,2026-01-07 09:42:41,44,141,pass,Gideon Moonbrook
BRW-00464,POT-0042,SHP-13,CDR-06,2024-07-14T05:13:51Z,55,88,pass,Umbra Thistledown
BRW-00465,POT-0055,SHP-02,CDR-36,2026-01-14T08:10:13Z,45,95,pass,Caspian Thistledown
BRW-00466,POT-0065,SHP-01,CDR-07,2024-05-14T08:29:55Z,21,57,pass,Oswin Wyrmwood
BRW-00467,POT-0084,SHP-15,CDR-16,2025-05-15 06:52:29,37,100,pass,Gideon Moonbrook
BRW-00468,POT-0057,SHP-15,CDR-40,2026-05-24T11:00:02Z,53,106,fail,Nimbus Glimmerstone
BRW-00469,POT-0037,SHP-01,CDR-32,2026-06-03T11:18:18Z,37,101,pass,Ambrose Fernwhistle
BRW-00470,POT-0078,SHP-09,CDR-27,2024-07-02T08:00:13Z,12,83,pass,Delphine Zellandine
BRW-00471,POT-0004,SHP-04,CDR-38,2025-07-08T05:54:37Z,48,95,pass,Lyra Winterbourne
BRW-00472,POT-0035,SHP-12,CDR-05,2025-07-30 07:40:36,29,106,pass,Ambrose Winterbourne
BRW-00473,POT-0076,SHP-14,CDR-12,2025-11-12T09:43:08Z,39,15,Pass,Cassia Everbright
BRW-00474,POT-0067,SHP-15,CDR-33,2025-10-19 09:55:12,30,45,Pass,Lyra Winterbourne
BRW-00475,POT-0041,SHP-13,CDR-37,2025-11-19T09:38:09Z,27,124,pass,Vesper Emberwhisk
BRW-00476,POT-0082,SHP-06,CDR-13,2024-05-21 05:12:59,31,50,Pass,Wendeline Ashgrove
BRW-00477,POT-0037,SHP-09,CDR-28,2026-04-12 06:15:26,10,91,PASS,Nimbus Glimmerstone
BRW-00478,POT-0012,SHP-05,CDR-10,2026-04-18T09:29:14Z,10,74,Pass,Thaddeus Frostpetal
BRW-00479,POT-0048,SHP-02,CDR-09,2025-02-11T05:04:57Z,35,101,pass,Belladonna Jackdaw
BRW-00480,POT-0001,SHP-15,CDR-06,2024-08-28T10:16:41Z,36,105,pass,Kestrel Foxglove
BRW-00481,POT-0067,SHP-09,CDR-22,2025-01-04T11:36:21Z,29,48,pass,Cassia Everbright
BRW-00482,POT-0036,SHP-01,CDR-12,2024-07-23T09:23:47Z,12,100,pass,Gideon Thistledown
BRW-00483,POT-0111,SHP-01,CDR-16,2026-05-13T08:34:43Z,40,83,Pass,Hesper Cinderfell
BRW-00484,POT-0120,SHP-02,CDR-40,2025-01-10T07:39:50Z,29,82,Pass,Wendeline Ashgrove
BRW-00485,POT-0039,SHP-06,CDR-38,2025-10-02 06:49:03,18,150,pass,Juniper Hollowbranch
BRW-00486,POT-0070,SHP-06,CDR-26,2025-09-01T08:57:22Z,14,137,pass,Maribel Netherfield
BRW-00487,POT-0116,SHP-10,CDR-05,2025-01-27T11:21:07Z,11,88,pass,Yarrow Ravenscroft
BRW-00488,POT-0074,SHP-14,CDR-05,2026-06-21T05:04:50Z,37,109,pass,Oswin Wyrmwood
BRW-00489,POT-0062,SHP-06,CDR-24,2025-02-25 06:59:30,28,183,pass,Belladonna Jackdaw
BRW-00490,POT-0106,SHP-11,CDR-08,2025-11-21 08:57:59,56,70,pass,Umbra Thistledown
BRW-00491,POT-0108,SHP-02,CDR-18,2024-11-12T10:35:49Z,51,59,pass,Caspian Thistledown
BRW-00492,POT-0068,SHP-07,CDR-09,2024-05-04T07:57:45Z,40,67,pass,Dorian Mistlethorn
BRW-00493,POT-0002,SHP-02,CDR-30,2025-07-31 06:07:05,56,119,pass,Ambrose Fernwhistle
BRW-00494,POT-0046,SHP-14,CDR-38,2024-05-08T06:33:44Z,18,77,FAIL,Juniper Hollowbranch
BRW-00495,POT-0021,SHP-04,CDR-29,2025-03-13T10:46:25Z,21,66,fail,Cassia Winterbourne
BRW-00496,POT-0025,SHP-12,CDR-05,2025-07-06 09:34:39,58,43,Pass,Maribel Netherfield
BRW-00497,POT-0019,SHP-14,CDR-30,2025-07-08 05:01:54,24,102,pass,Lyra Winterbourne
BRW-00498,POT-0030,SHP-04,CDR-23,2026-05-05 09:02:45,45,60,pass,Oswin Wyrmwood
BRW-00499,POT-0073,SHP-15,CDR-40,2024-09-16 06:18:36,23,61,Pass,Thaddeus Frostpetal
BRW-00500,POT-0115,SHP-08,CDR-16,2025-05-10T09:46:35Z,55,118,Pass,Grizelda Kilnworth
BRW-00501,POT-0044,SHP-12,CDR-10,2024-05-29 11:15:28,48,39,pass,Hesper Foxglove
BRW-00502,POT-0118,SHP-15,CDR-28,2026-06-20T05:04:26Z,14,70,pass,Gideon Moonbrook
BRW-00503,POT-0075,SHP-04,CDR-10,2024-07-15T11:49:30Z,40,123,Pass,Thaddeus Frostpetal
BRW-00504,POT-0096,SHP-08,CDR-28,2025-05-08T09:12:42Z,36,142,Pass,Thaddeus Frostpetal
BRW-00505,POT-0013,SHP-07,CDR-37,2026-01-21T11:16:33Z,24,86,pass,Lyra Winterbourne
BRW-00506,POT-0018,SHP-15,CDR-22,2024-12-17 05:54:46,59,15,PASS,Grizelda Kilnworth
BRW-00507,POT-0036,SHP-10,CDR-28,2025-10-28 10:25:24,56,109,Pass,Oswin Wyrmwood
BRW-00508,POT-0052,SHP-07,CDR-04,2025-07-22 09:45:41,33,97,Pass,Juniper Hollowbranch
BRW-00509,POT-0113,SHP-05,CDR-12,2025-10-14T10:13:32Z,23,156,Pass,Kestrel Foxglove
BRW-00510,POT-0108,SHP-05,CDR-04,2025-11-29 10:06:55,47,85,pass,Ambrose Fernwhistle
BRW-00511,POT-0073,SHP-09,CDR-05,2024-05-05 06:54:57,22,68,Pass,Juniper Hollowbranch
BRW-00512,POT-0012,SHP-04,CDR-06,2024-06-07 05:32:03,45,103,Pass,Yarrow Ravenscroft
BRW-00513,POT-0033,SHP-08,CDR-31,2025-09-08T09:57:21Z,28,71,pass,Dorian Mistlethorn
BRW-00514,POT-0105,SHP-13,CDR-38,2025-04-20 09:32:39,15,176,Pass,Juniper Hollowbranch
BRW-00515,POT-0100,SHP-13,CDR-37,2025-04-25T10:49:26Z,41,99,pass,Umbra Thistledown
BRW-00516,POT-0004,SHP-09,CDR-27,2025-07-08T06:02:24Z,59,91,Pass,Cassia Everbright
BRW-00517,POT-0092,SHP-07,CDR-22,2026-05-24 06:58:19,38,92,Pass,Thaddeus Frostpetal
BRW-00518,POT-0008,SHP-01,CDR-23,2026-03-09 08:42:51,13,53,Pass,Caspian Thistledown
BRW-00519,POT-0016,SHP-01,CDR-35,2026-03-13T08:05:00Z,32,119,pass,Dorian Glimmerstone
BRW-00520,POT-0093,SHP-13,CDR-06,2024-08-01 07:50:23,31,99,pass,Kestrel Foxglove
BRW-00521,POT-0030,SHP-09,CDR-33,2026-04-30T08:18:55Z,33,75,Pass,Yarrow Ravenscroft
BRW-00522,POT-0038,SHP-05,CDR-07,2025-06-15T10:30:14Z,30,33,pass,Vesper Emberwhisk
BRW-00523,POT-0074,SHP-03,CDR-14,2026-06-19 06:37:46,57,102,pass,Dorian Glimmerstone
BRW-00524,POT-0112,SHP-13,CDR-13,2025-12-14T06:49:49Z,29,83,pass,Ambrose Fernwhistle
BRW-00525,POT-0094,SHP-05,CDR-18,2025-07-16 09:15:42,13,141,fail,Maribel Netherfield
BRW-00526,POT-0116,SHP-10,CDR-25,2025-03-29T06:11:57Z,30,99,PASS,Dorian Mistlethorn
BRW-00527,POT-0046,SHP-15,CDR-15,2026-06-08T08:06:53Z,29,75,pass,Hesper Foxglove
BRW-00528,POT-0092,SHP-08,CDR-10,2025-10-22T08:57:39Z,21,77,pass,Oleander Ravenscroft
BRW-00529,POT-0028,SHP-11,CDR-13,2026-06-11 06:41:37,38,65,pass,Ambrose Fernwhistle
BRW-00530,POT-0108,SHP-01,CDR-37,2025-06-07 07:58:06,54,73,Pass,Oleander Ravenscroft
BRW-00531,POT-0089,SHP-12,CDR-21,2024-06-04 11:13:21,30,109,Fail,Gideon Thistledown
BRW-00532,POT-0044,SHP-03,CDR-34,2025-07-18 11:27:43,38,31,Pass,Oleander Ravenscroft
BRW-00533,POT-0085,SHP-13,CDR-36,2025-07-22 11:07:01,40,132,Pass,Cassia Winterbourne
BRW-00534,POT-0103,SHP-05,CDR-35,2024-12-28T08:11:06Z,25,111,pass,Juniper Hollowbranch
BRW-00535,POT-0049,SHP-04,CDR-16,2024-11-26 08:39:03,19,157,pass,Lyra Winterbourne
BRW-00536,POT-0056,SHP-15,CDR-37,2025-10-30 05:58:50,60,110,pass,Grizelda Duskwater
BRW-00537,POT-0058,SHP-05,CDR-29,2025-09-14 06:12:46,31,137,pass,Delphine Mossheart
BRW-00538,POT-0067,SHP-08,CDR-27,2026-04-07T05:23:41Z,17,30,Pass,Lyra Winterbourne
BRW-00539,POT-0016,SHP-05,CDR-38,2026-02-28 06:16:23,18,86,pass,Dorian Glimmerstone
BRW-00540,POT-0100,SHP-04,CDR-14,2024-09-18 07:03:03,11,93,pass,Belladonna Jackdaw
BRW-00541,POT-0074,SHP-12,CDR-28,2026-05-30T06:10:28Z,43,116,pass,Thaddeus Frostpetal
BRW-00542,POT-0008,SHP-12,CDR-23,2025-12-10T10:20:17Z,56,82,pass,Grizelda Duskwater
BRW-00543,POT-0036,SHP-15,CDR-28,2025-10-27T07:06:39Z,48,85,pass,Hesper Foxglove
BRW-00544,POT-0048,SHP-01,CDR-07,2025-09-29T11:08:20Z,25,106,pass,Ambrose Winterbourne
BRW-00545,POT-0074,SHP-12,CDR-10,2026-05-07 09:32:33,20,86,Fail,Gideon Thistledown
BRW-00546,POT-0046,SHP-02,CDR-15,2025-10-10 05:37:42,42,54,pass,Dorian Glimmerstone
BRW-00547,POT-0072,SHP-07,CDR-40,2025-07-18T07:47:19Z,33,116,Pass,Oleander Ravenscroft
BRW-00548,POT-0075,SHP-07,CDR-35,2026-03-30 05:50:09,17,105,pass,Grizelda Kilnworth
BRW-00549,POT-0088,SHP-04,CDR-08,2025-10-11 05:24:12,14,93,Pass,Kestrel Foxglove
BRW-00550,POT-0086,SHP-13,CDR-11,2026-01-18 05:30:14,10,77,PASS,Lyra Winterbourne
BRW-00551,POT-0057,SHP-10,CDR-40,2025-12-01T08:34:38Z,19,69,pass,Belladonna Jackdaw
BRW-00552,POT-0087,SHP-01,CDR-25,2026-03-11T05:42:49Z,57,43,pass,Gideon Moonbrook
BRW-00553,POT-0052,SHP-03,CDR-23,2024-11-28T09:38:13Z,48,99,Pass,Lyra Winterbourne
BRW-00554,POT-0032,SHP-11,CDR-33,2026-02-22T09:51:22Z,27,119,PASS,Hesper Foxglove
BRW-00555,POT-0021,SHP-15,CDR-15,2026-02-21T10:39:54Z,27,124,Pass,Vesper Emberwhisk
BRW-00556,POT-0078,SHP-15,CDR-11,2024-08-20T09:47:28Z,13,123,pass,Hesper Cinderfell
BRW-00557,POT-0103,SHP-06,CDR-20,2025-07-20 09:37:43,13,85,Pass,Oswin Wyrmwood
BRW-00558,POT-0011,SHP-12,CDR-13,2025-11-20T11:13:46Z,54,136,fail,Grizelda Duskwater
BRW-00559,POT-0104,SHP-15,CDR-14,2026-05-23 11:28:25,57,154,fail,Dorian Glimmerstone
BRW-00560,POT-0081,SHP-15,CDR-08,2026-04-13 07:54:27,12,105,pass,Ambrose Winterbourne
BRW-00561,POT-0025,SHP-09,CDR-37,2024-11-30T11:04:03Z,50,48,pass,Gideon Moonbrook
BRW-00562,POT-0104,SHP-04,CDR-35,2024-12-13T11:52:29Z,57,140,pass,Juniper Hollowbranch
BRW-00563,POT-0010,SHP-15,CDR-40,2026-05-30T06:34:50Z,12,114,pass,Yarrow Ravenscroft
BRW-00564,POT-0045,SHP-15,CDR-22,2025-08-19 05:55:42,23,19,Pass,Cassia Everbright
BRW-00565,POT-0072,SHP-04,CDR-37,2024-07-14T07:09:01Z,55,120,pass,Oleander Ravenscroft
BRW-00566,POT-0017,SHP-11,CDR-30,2026-04-06T11:56:53Z,50,159,pass,Delphine Zellandine
BRW-00567,POT-0118,SHP-13,CDR-28,2026-05-30T05:04:14Z,37,67,pass,Juniper Hollowbranch
BRW-00568,POT-0060,SHP-02,CDR-38,2026-05-01T08:05:56Z,15,159,Pass,Nimbus Glimmerstone
BRW-00569,POT-0022,SHP-08,CDR-22,2026-05-20T07:20:46Z,37,121,pass,Maribel Netherfield
BRW-00570,POT-0093,SHP-07,CDR-04,2025-04-08T06:24:49Z,49,88,pass,Grizelda Duskwater
BRW-00571,POT-0101,SHP-04,CDR-22,2024-06-06 09:23:22,20,167,pass,Dorian Mistlethorn
BRW-00572,POT-0071,SHP-06,CDR-34,2025-10-23 08:52:56,11,78,pass,Nimbus Glimmerstone
BRW-00573,POT-0082,SHP-07,CDR-21,2025-07-22T11:16:14Z,54,68,PASS,Morwenna Wandwright
BRW-00574,POT-0048,SHP-07,CDR-33,2025-12-01T06:42:04Z,44,89,pass,Vesper Emberwhisk
BRW-00575,POT-0102,SHP-02,CDR-14,2026-05-12 10:07:13,14,87,pass,Delphine Mossheart
BRW-00576,POT-0088,SHP-08,CDR-39,2025-05-25T09:35:30Z,45,99,pass,Nimbus Glimmerstone
BRW-00577,POT-0095,SHP-09,CDR-34,2025-09-28T10:44:59Z,25,137,pass,Delphine Zellandine
BRW-00578,POT-0023,SHP-13,CDR-17,2024-07-01 11:30:14,19,140,pass,Cassia Winterbourne
BRW-00579,POT-0035,SHP-03,CDR-16,2024-10-14 05:42:35,36,60,Pass,Delphine Zellandine
BRW-00580,POT-0030,SHP-04,CDR-25,2025-10-25T05:51:27Z,46,54,FAIL,Maribel Netherfield
BRW-00581,POT-0067,SHP-05,CDR-39,2024-08-04 08:32:18,50,49,pass,Wendeline Ashgrove
BRW-00582,POT-0086,SHP-07,CDR-15,2026-01-11T08:10:22Z,57,97,pass,Maribel Netherfield
BRW-00583,POT-0094,SHP-13,CDR-07,2025-03-21T07:40:06Z,58,99,pass,Cassia Everbright
BRW-00584,POT-0007,SHP-06,CDR-37,2025-09-28T10:42:07Z,50,149,pass,Cassia Everbright
BRW-00585,POT-0075,SHP-11,CDR-09,2026-02-08 07:53:40,23,115,pass,Grizelda Duskwater
BRW-00586,POT-0009,SHP-02,CDR-03,2024-09-26T09:12:24Z,33,78,PASS,Grizelda Kilnworth
BRW-00587,POT-0019,SHP-11,CDR-23,2025-01-15T05:30:15Z,53,104,pass,Morwenna Wandwright
BRW-00588,POT-0101,SHP-10,CDR-20,2026-03-15T06:05:59Z,49,154,pass,Hesper Foxglove
BRW-00589,POT-0006,SHP-08,CDR-31,2026-02-11T08:55:00Z,31,109,pass,Morwenna Wandwright
BRW-00590,POT-0048,SHP-14,CDR-32,2025-07-31T05:20:28Z,42,125,pass,Ambrose Winterbourne
BRW-00591,POT-0090,SHP-11,CDR-04,2026-02-17T05:45:46Z,27,120,PASS,Lyra Winterbourne
BRW-00592,POT-0019,SHP-14,CDR-10,2025-05-06T09:46:04Z,34,68,pass,Grizelda Duskwater
BRW-00593,POT-0118,SHP-13,CDR-11,2026-02-23T06:57:15Z,37,57,Pass,Dorian Glimmerstone
BRW-00594,POT-0079,SHP-04,CDR-14,2026-06-19T06:40:04Z,16,80,Pass,Vesper Emberwhisk
BRW-00595,POT-0007,SHP-01,CDR-32,2026-03-30T08:28:38Z,22,112,PASS,Delphine Mossheart
BRW-00596,POT-0040,SHP-11,CDR-09,2025-09-09 11:12:59,58,80,pass,Belladonna Jackdaw
BRW-00597,POT-0091,SHP-15,CDR-29,2026-05-24T08:32:20Z,21,19,pass,Grizelda Kilnworth
BRW-00598,POT-0012,SHP-13,CDR-33,2026-01-13T09:01:28Z,11,79,pass,Ambrose Winterbourne
BRW-00599,POT-0113,SHP-08,CDR-18,2025-07-03T11:06:50Z,45,132,pass,Gideon Thistledown
BRW-00600,POT-0035,SHP-10,CDR-09,2026-05-31T06:20:09Z,19,55,pass,Vesper Emberwhisk
BRW-00601,POT-0037,SHP-15,CDR-11,2025-12-14T08:19:37Z,45,113,pass,Ambrose Fernwhistle
BRW-00602,POT-0091,SHP-03,CDR-33,2024-12-17T07:45:24Z,15,43,pass,Ambrose Fernwhistle
BRW-00603,POT-0094,SHP-08,CDR-22,2025-11-28T05:50:00Z,56,104,Pass,Morwenna Wandwright
BRW-00604,POT-0048,SHP-01,CDR-33,2025-12-30T08:26:08Z,34,77,Pass,Yarrow Ravenscroft
BRW-00605,POT-0113,SHP-13,CDR-34,2026-04-30T06:45:51Z,26,158,pass,Cassia Everbright
BRW-00606,POT-0088,SHP-07,CDR-26,2025-12-29T09:54:41Z,51,111,Pass,Juniper Hollowbranch
BRW-00607,POT-0016,SHP-11,CDR-26,2026-03-02 07:48:09,25,109,pass,Oswin Wyrmwood
BRW-00608,POT-0103,SHP-08,CDR-16,2024-05-19T11:05:47Z,53,101,pass,Kestrel Foxglove
BRW-00609,POT-0027,SHP-14,CDR-18,2025-06-13 09:50:02,32,106,pass,Oswin Wyrmwood
BRW-00610,POT-0061,SHP-02,CDR-27,2025-03-29T08:06:28Z,16,85,PASS,Juniper Hollowbranch
BRW-00611,POT-0003,SHP-03,CDR-14,2024-09-16T06:01:30Z,41,28,pass,Hesper Foxglove
BRW-00612,POT-0002,SHP-03,CDR-36,2025-11-12 11:12:14,18,96,pass,Maribel Netherfield
BRW-00613,POT-0059,SHP-13,CDR-20,2026-03-29 10:25:54,55,114,Pass,Gideon Thistledown
BRW-00614,POT-0044,SHP-12,CDR-39,2024-12-04T06:11:28Z,28,53,Pass,Oleander Ravenscroft
BRW-00615,POT-0089,SHP-12,CDR-19,2025-05-12T11:03:18Z,58,129,PASS,Ambrose Fernwhistle
BRW-00616,POT-0041,SHP-07,CDR-03,2025-09-18T08:43:54Z,16,127,PASS,Grizelda Kilnworth
BRW-00617,POT-0063,SHP-09,CDR-33,2026-03-12T08:44:09Z,21,68,fail,Oleander Ravenscroft
BRW-00618,POT-0045,SHP-13,CDR-16,2024-11-22 07:17:30,38,41,Pass,Oswin Wyrmwood
BRW-00619,POT-0079,SHP-12,CDR-03,2024-07-15T08:53:08Z,40,57,pass,Lyra Winterbourne
BRW-00620,POT-0070,SHP-12,CDR-34,2025-09-27 06:13:23,22,157,Pass,Maribel Netherfield
BRW-00621,POT-0087,SHP-09,CDR-35,2026-05-08T05:49:41Z,45,73,pass,Hesper Cinderfell
BRW-00622,POT-0119,SHP-02,CDR-22,2026-02-03 05:54:22,46,106,pass,Ambrose Fernwhistle
BRW-00623,POT-0005,SHP-05,CDR-21,2026-03-29T11:24:20Z,47,39,Pass,Delphine Mossheart
BRW-00624,POT-0071,SHP-01,CDR-06,2024-06-21T10:53:13Z,37,87,FAIL,Oleander Ravenscroft
BRW-00625,POT-0041,SHP-02,CDR-03,2024-07-07 10:11:05,26,161,pass,Delphine Mossheart
BRW-00626,POT-0022,SHP-15,CDR-25,2024-08-26T08:08:20Z,46,138,PASS,Dorian Mistlethorn
BRW-00627,POT-0039,SHP-13,CDR-33,2026-05-15 10:55:30,52,163,pass,Oleander Ravenscroft
BRW-00628,POT-0100,SHP-13,CDR-18,2026-05-31T09:27:47Z,44,103,pass,Delphine Zellandine
BRW-00629,POT-0047,SHP-04,CDR-27,2025-05-12 10:15:54,55,123,pass,Hesper Foxglove
BRW-00630,POT-0058,SHP-12,CDR-25,2024-10-12 11:01:08,55,105,pass,Morwenna Wandwright
BRW-00631,POT-0026,SHP-10,CDR-29,2026-01-23 08:16:19,51,131,pass,Wendeline Ashgrove
BRW-00632,POT-0050,SHP-05,CDR-04,2026-06-15T08:58:10Z,16,157,Pass,Cassia Winterbourne
BRW-00633,POT-0085,SHP-03,CDR-24,2026-05-19T05:43:54Z,35,119,PASS,Caspian Thistledown
BRW-00634,POT-0108,SHP-09,CDR-01,2026-06-13 07:07:17,38,60,pass,Hesper Foxglove
BRW-00635,POT-0113,SHP-12,CDR-26,2026-02-09T05:58:14Z,15,136,pass,Zephyrine Zellandine
BRW-00636,POT-0070,SHP-14,CDR-02,2026-02-04T05:51:39Z,11,168,pass,Caspian Thistledown
BRW-00637,POT-0027,SHP-11,CDR-27,2026-06-05T10:05:27Z,46,132,pass,Yarrow Ravenscroft
BRW-00638,POT-0075,SHP-13,CDR-10,2026-01-26 07:04:54,38,122,pass,Grizelda Duskwater
BRW-00639,POT-0090,SHP-09,CDR-22,2024-09-15T11:24:17Z,28,116,PASS,Yarrow Ravenscroft
BRW-00640,POT-0063,SHP-07,CDR-24,2024-10-17T11:57:16Z,47,45,pass,Gideon Thistledown
BRW-00641,POT-0063,SHP-15,CDR-16,2025-12-27 05:36:30,12,46,pass,Cassia Winterbourne
BRW-00642,POT-0111,SHP-07,CDR-24,2026-01-22 10:15:52,46,72,pass,Hesper Cinderfell
BRW-00643,POT-0008,SHP-04,CDR-13,2026-03-20 11:19:45,53,66,Pass,Thaddeus Frostpetal
BRW-00644,POT-0056,SHP-13,CDR-39,2026-04-15 10:01:31,16,91,Pass,Cassia Winterbourne
BRW-00645,POT-0016,SHP-01,CDR-11,2026-03-20T09:50:07Z,27,108,pass,Dorian Mistlethorn
BRW-00646,POT-0089,SHP-11,CDR-13,2024-05-09T06:06:24Z,25,76,pass,Hesper Foxglove
BRW-00647,POT-0113,SHP-15,CDR-40,2026-05-10T06:49:00Z,40,149,pass,Ambrose Winterbourne
BRW-00648,POT-0103,SHP-05,CDR-03,2024-06-04 10:04:13,57,95,PASS,Gideon Moonbrook
BRW-00649,POT-0074,SHP-14,CDR-10,2026-04-22 05:04:18,46,102,pass,Hesper Foxglove
BRW-00650,POT-0043,SHP-11,CDR-16,2025-03-17T05:34:22Z,36,27,pass,Morwenna Wandwright
BRW-00651,POT-0118,SHP-14,CDR-38,2026-05-18T06:15:21Z,57,54,pass,Thaddeus Frostpetal
BRW-00652,POT-0079,SHP-12,CDR-23,2025-02-04T09:46:50Z,14,59,pass,Kestrel Foxglove
BRW-00653,POT-0033,SHP-14,CDR-07,2025-10-18T05:23:32Z,60,53,pass,Dorian Glimmerstone
BRW-00654,POT-0007,SHP-15,CDR-19,2026-06-15T11:07:12Z,48,151,pass,Dorian Glimmerstone
BRW-00655,POT-0036,SHP-14,CDR-07,2026-05-16 11:35:46,38,70,Pass,Gideon Moonbrook
BRW-00656,POT-0117,SHP-08,CDR-14,2024-08-13 07:44:13,32,71,Fail,Cassia Winterbourne
BRW-00657,POT-0106,SHP-11,CDR-06,2026-06-15T11:02:48Z,30,77,PASS,Gideon Moonbrook
BRW-00658,POT-0079,SHP-12,CDR-36,2024-08-11T10:35:39Z,16,73,pass,Nimbus Glimmerstone
BRW-00659,POT-0103,SHP-08,CDR-28,2025-02-09T09:50:17Z,39,107,fail,Juniper Hollowbranch
BRW-00660,POT-0116,SHP-01,CDR-11,2026-02-05T07:54:40Z,55,106,pass,Dorian Mistlethorn
BRW-00661,POT-0020,SHP-06,CDR-02,2026-02-25T07:11:57Z,47,116,pass,Kestrel Foxglove
BRW-00662,POT-0068,SHP-08,CDR-16,2025-06-17T11:33:45Z,28,84,PASS,Nimbus Glimmerstone
BRW-00663,POT-0028,SHP-01,CDR-12,2026-03-01T07:51:40Z,36,57,pass,Juniper Hollowbranch
BRW-00664,POT-0102,SHP-09,CDR-19,2024-08-08 05:31:16,39,74,pass,Delphine Zellandine
BRW-00665,POT-0004,SHP-04,CDR-32,2025-03-10T10:59:18Z,41,94,Pass,Grizelda Duskwater
BRW-00666,POT-0101,SHP-12,CDR-39,2025-09-27 09:56:34,43,149,Pass,Oleander Ravenscroft
BRW-00667,POT-0031,SHP-12,CDR-40,2026-03-04T09:35:08Z,44,62,Pass,Caspian Thistledown
BRW-00668,POT-0020,SHP-04,CDR-17,2025-08-23T07:27:14Z,55,125,pass,Maribel Netherfield
BRW-00669,POT-0078,SHP-05,CDR-30,2024-08-11 10:01:29,60,99,pass,Kestrel Foxglove
BRW-00670,POT-0094,SHP-12,CDR-26,2024-10-26 06:08:18,30,110,pass,Dorian Glimmerstone
BRW-00671,POT-0075,SHP-02,CDR-26,2024-12-20 09:06:32,18,138,Pass,Gideon Thistledown
BRW-00672,POT-0096,SHP-07,CDR-28,2025-12-12 09:59:41,25,109,Pass,Zephyrine Zellandine
BRW-00673,POT-0028,SHP-07,CDR-06,2026-03-01T11:46:34Z,34,77,PASS,Nimbus Glimmerstone
BRW-00674,POT-0118,SHP-06,CDR-21,2026-04-18T08:52:19Z,37,49,PASS,Yarrow Ravenscroft
BRW-00675,POT-0022,SHP-08,CDR-21,2024-05-24T07:14:23Z,40,107,Pass,Delphine Zellandine
BRW-00676,POT-0060,SHP-10,CDR-02,2026-03-15T05:53:44Z,18,167,Pass,Zephyrine Zellandine
BRW-00677,POT-0034,SHP-11,CDR-06,2026-05-27 08:28:26,38,120,PASS,Oleander Ravenscroft
BRW-00678,POT-0063,SHP-14,CDR-13,2025-03-04 06:54:46,43,56,pass,Caspian Thistledown
BRW-00679,POT-0002,SHP-03,CDR-38,2026-01-03T06:59:56Z,60,108,fail,Caspian Thistledown
BRW-00680,POT-0056,SHP-08,CDR-29,2026-04-26 08:13:29,10,104,Pass,Hesper Cinderfell
BRW-00681,POT-0085,SHP-04,CDR-40,2025-11-19T06:39:04Z,36,136,pass,Nimbus Glimmerstone
BRW-00682,POT-0031,SHP-14,CDR-23,2025-12-16T09:02:46Z,30,50,Fail,Dorian Glimmerstone
BRW-00683,POT-0013,SHP-07,CDR-32,2026-06-07 09:54:56,24,102,Pass,Delphine Mossheart
BRW-00684,POT-0107,SHP-15,CDR-21,2026-04-03T07:45:04Z,60,55,pass,Belladonna Jackdaw
BRW-00685,POT-0101,SHP-11,CDR-21,2025-03-21T08:43:12Z,12,156,PASS,Lyra Winterbourne
BRW-00686,POT-0037,SHP-06,CDR-08,2026-01-03T05:39:46Z,50,91,pass,Lyra Winterbourne
BRW-00687,POT-0006,SHP-14,CDR-28,2026-03-20T11:31:49Z,52,127,fail,Umbra Thistledown
BRW-00688,POT-0102,SHP-11,CDR-06,2026-06-03T11:45:30Z,35,59,pass,Morwenna Wandwright
BRW-00689,POT-0011,SHP-01,CDR-38,2024-07-14T06:09:29Z,34,131,pass,Grizelda Duskwater
BRW-00690,POT-0069,SHP-02,CDR-11,2025-07-02T07:15:36Z,59,160,PASS,Vesper Emberwhisk
BRW-00691,POT-0077,SHP-06,CDR-03,2026-04-01T10:39:14Z,37,101,PASS,Ambrose Fernwhistle
BRW-00692,POT-0111,SHP-01,CDR-21,2026-04-02T08:04:19Z,41,62,pass,Belladonna Jackdaw
BRW-00693,POT-0089,SHP-14,CDR-19,2026-01-02 05:11:58,35,101,pass,Lyra Winterbourne
BRW-00694,POT-0017,SHP-04,CDR-24,2026-02-15 06:55:39,14,166,PASS,Nimbus Glimmerstone
BRW-00695,POT-0046,SHP-13,CDR-16,2025-09-14 06:43:03,41,38,Pass,Juniper Hollowbranch
BRW-00696,POT-0056,SHP-14,CDR-34,2026-01-02 11:38:24,46,112,Pass,Thaddeus Frostpetal
BRW-00697,POT-0036,SHP-08,CDR-37,2025-06-11T09:56:12Z,31,89,Pass,Grizelda Duskwater
BRW-00698,POT-0088,SHP-07,CDR-25,2025-03-18 09:29:46,43,104,pass,Oswin Wyrmwood
BRW-00699,POT-0077,SHP-13,CDR-34,2026-03-04T10:55:44Z,33,115,pass,Gideon Moonbrook
BRW-00700,POT-0055,SHP-05,CDR-21,2026-04-27 05:24:47,20,112,PASS,Oleander Ravenscroft
BRW-00701,POT-0030,SHP-14,CDR-36,2025-08-03 05:56:44,14,69,pass,Grizelda Kilnworth
BRW-00702,POT-0060,SHP-03,CDR-26,2026-06-19T11:44:30Z,36,159,pass,Ambrose Fernwhistle
BRW-00703,POT-0047,SHP-11,CDR-02,2025-02-10T10:25:53Z,60,112,pass,Cassia Winterbourne
BRW-00704,POT-0079,SHP-11,CDR-16,2026-04-18T07:09:28Z,21,69,Pass,Lyra Winterbourne
BRW-00705,POT-0022,SHP-11,CDR-19,2025-12-01T05:03:15Z,36,110,Pass,Oleander Ravenscroft
BRW-00706,POT-0089,SHP-14,CDR-34,2026-06-11 11:59:31,28,113,fail,Gideon Thistledown
BRW-00707,POT-0085,SHP-03,CDR-19,2025-05-22 06:39:27,55,135,pass,Cassia Everbright
BRW-00708,POT-0079,SHP-01,CDR-15,2024-06-11 08:46:36,59,71,Fail,Ambrose Fernwhistle
BRW-00709,POT-0063,SHP-13,CDR-23,2025-09-19T09:00:07Z,30,79,PASS,Hesper Cinderfell
BRW-00710,POT-0030,SHP-07,CDR-28,2026-02-22T11:15:06Z,27,46,pass,Kestrel Foxglove
BRW-00711,POT-0066,SHP-15,CDR-14,2025-07-14T07:41:35Z,33,96,pass,Grizelda Kilnworth
BRW-00712,POT-0080,SHP-03,CDR-10,2025-12-30T06:52:17Z,10,162,Pass,Morwenna Wandwright
BRW-00713,POT-0001,SHP-05,CDR-20,2026-06-02T09:01:09Z,11,102,PASS,Dorian Mistlethorn
BRW-00714,POT-0104,SHP-15,CDR-39,2025-09-17T05:32:21Z,37,132,pass,Vesper Emberwhisk
BRW-00715,POT-0069,SHP-07,CDR-02,2025-11-26 10:24:12,38,106,pass,Caspian Thistledown
BRW-00716,POT-0067,SHP-02,CDR-09,2026-03-28 06:37:09,31,37,pass,Oleander Ravenscroft
BRW-00717,POT-0009,SHP-02,CDR-10,2025-12-04 05:28:00,58,104,Pass,Thaddeus Frostpetal
BRW-00718,POT-0022,SHP-11,CDR-33,2025-05-27 07:57:56,30,94,PASS,Vesper Emberwhisk
BRW-00719,POT-0012,SHP-03,CDR-01,2024-08-23T11:46:22Z,30,96,pass,Maribel Netherfield
BRW-00720,POT-0014,SHP-11,CDR-30,2025-05-02T05:02:44Z,35,57,pass,Ambrose Fernwhistle
BRW-00721,POT-0107,SHP-14,CDR-04,2025-08-31T06:44:54Z,39,67,Pass,Nimbus Glimmerstone
BRW-00722,POT-0119,SHP-07,CDR-32,2025-01-05 07:24:50,14,86,pass,Lyra Winterbourne
BRW-00723,POT-0075,SHP-04,CDR-09,2024-11-12T07:36:09Z,10,102,pass,Vesper Emberwhisk
BRW-00724,POT-0052,SHP-01,CDR-13,2025-01-03T11:02:58Z,28,110,pass,Caspian Thistledown
BRW-00725,POT-0034,SHP-05,CDR-23,2025-04-07 10:28:58,46,119,pass,Grizelda Duskwater
BRW-00726,POT-0014,SHP-06,CDR-03,2026-04-17T07:13:06Z,19,53,pass,Umbra Thistledown
BRW-00727,POT-0010,SHP-02,CDR-21,2026-04-16T07:36:35Z,57,118,fail,Caspian Thistledown
BRW-00728,POT-0093,SHP-14,CDR-22,2025-02-15 05:01:31,18,119,Pass,Wendeline Ashgrove
BRW-00729,POT-0012,SHP-10,CDR-16,2024-08-19T05:13:58Z,42,82,Fail,Dorian Glimmerstone
BRW-00730,POT-0061,SHP-10,CDR-28,2025-08-31 07:02:25,43,78,pass,Yarrow Ravenscroft
BRW-00731,POT-0028,SHP-03,CDR-17,2026-02-24T11:20:57Z,52,57,Pass,Delphine Zellandine
BRW-00732,POT-0103,SHP-11,CDR-15,2025-03-12T06:12:28Z,23,102,pass,Dorian Mistlethorn
BRW-00733,POT-0010,SHP-15,CDR-03,2026-03-21 06:28:38,29,134,Pass,Caspian Thistledown
BRW-00734,POT-0085,SHP-04,CDR-03,2025-11-24 08:53:47,49,102,PASS,Nimbus Glimmerstone
BRW-00735,POT-0043,SHP-04,CDR-06,2024-10-21T11:19:37Z,14,62,pass,Hesper Foxglove
BRW-00736,POT-0007,SHP-05,CDR-32,2025-11-09T05:20:36Z,58,133,pass,Hesper Foxglove
BRW-00737,POT-0038,SHP-15,CDR-33,2025-12-26T08:30:50Z,20,57,pass,Juniper Hollowbranch
BRW-00738,POT-0013,SHP-07,CDR-31,2026-06-27 09:12:41,10,95,pass,Umbra Thistledown
BRW-00739,POT-0040,SHP-03,CDR-09,2026-05-29T10:04:04Z,29,53,PASS,Yarrow Ravenscroft
BRW-00740,POT-0013,SHP-06,CDR-40,2025-08-28T09:41:07Z,34,93,pass,Zephyrine Zellandine
BRW-00741,POT-0101,SHP-12,CDR-28,2025-10-15 07:10:30,41,133,pass,Belladonna Jackdaw
BRW-00742,POT-0047,SHP-02,CDR-15,2026-03-02T09:29:16Z,50,131,pass,Umbra Thistledown
BRW-00743,POT-0016,SHP-07,CDR-02,2026-03-27T07:04:08Z,40,117,Pass,Grizelda Duskwater
BRW-00744,POT-0084,SHP-01,CDR-27,2025-09-23 08:04:27,12,110,pass,Ambrose Fernwhistle
BRW-00745,POT-0079,SHP-10,CDR-24,2024-11-28 08:41:05,37,86,Pass,Oswin Wyrmwood
BRW-00746,POT-0038,SHP-15,CDR-37,2024-06-09T05:16:35Z,17,60,pass,Caspian Thistledown
BRW-00747,POT-0068,SHP-12,CDR-38,2025-12-24T09:30:34Z,17,51,pass,Cassia Everbright
BRW-00748,POT-0078,SHP-01,CDR-18,2026-02-20T09:29:52Z,58,103,pass,Caspian Thistledown
BRW-00749,POT-0035,SHP-07,CDR-09,2025-03-06T08:08:27Z,27,93,pass,Hesper Cinderfell
BRW-00750,POT-0057,SHP-13,CDR-39,2025-05-30T09:52:12Z,30,76,Pass,Ambrose Winterbourne
BRW-00751,POT-0049,SHP-01,CDR-19,2024-06-15 11:51:35,38,141,Pass,Maribel Netherfield
BRW-00752,POT-0116,SHP-02,CDR-29,2025-11-23T08:06:55Z,43,111,pass,Kestrel Foxglove
BRW-00753,POT-0107,SHP-15,CDR-16,2026-06-24T06:42:25Z,12,49,pass,Hesper Foxglove
BRW-00754,POT-0007,SHP-10,CDR-07,2026-02-12T05:24:55Z,39,158,Pass,Hesper Foxglove
BRW-00755,POT-0069,SHP-02,CDR-40,2024-07-07T06:50:26Z,34,127,pass,Umbra Thistledown
BRW-00756,POT-0116,SHP-15,CDR-31,2025-11-07 11:59:54,21,110,Pass,Oswin Wyrmwood
BRW-00757,POT-0113,SHP-01,CDR-28,2025-01-06T06:06:53Z,17,134,pass,Dorian Mistlethorn
BRW-00758,POT-0033,SHP-01,CDR-37,2026-06-17 06:09:00,21,101,pass,Ambrose Winterbourne
BRW-00759,POT-0059,SHP-01,CDR-35,2026-04-16T05:52:54Z,60,82,Pass,Caspian Thistledown
BRW-00760,POT-0033,SHP-09,CDR-35,2025-08-29T10:35:46Z,30,76,Pass,Oleander Ravenscroft
BRW-00761,POT-0033,SHP-15,CDR-27,2025-06-30T11:14:13Z,42,100,pass,Delphine Zellandine
BRW-00762,POT-0032,SHP-07,CDR-28,2026-04-15 06:16:21,39,118,pass,Maribel Netherfield
BRW-00763,POT-0022,SHP-13,CDR-20,2024-08-20T06:46:07Z,28,106,pass,Caspian Thistledown
BRW-00764,POT-0007,SHP-02,CDR-15,2025-10-07 08:03:37,15,173,pass,Grizelda Duskwater
BRW-00765,POT-0034,SHP-14,CDR-11,2025-10-03 10:01:48,35,113,pass,Ambrose Fernwhistle
BRW-00766,POT-0016,SHP-08,CDR-37,2026-06-21 05:28:39,45,104,fail,Oleander Ravenscroft
BRW-00767,POT-0101,SHP-10,CDR-17,2026-02-19T10:32:17Z,51,139,Pass,Morwenna Wandwright
BRW-00768,POT-0119,SHP-09,CDR-34,2025-02-02T06:14:02Z,29,76,pass,Gideon Moonbrook
BRW-00769,POT-0016,SHP-14,CDR-10,2026-02-25T11:36:17Z,10,107,pass,Delphine Zellandine
BRW-00770,POT-0025,SHP-13,CDR-05,2025-03-21 07:34:00,46,57,pass,Umbra Thistledown
BRW-00771,POT-0072,SHP-05,CDR-11,2025-02-26 10:58:44,28,112,pass,Hesper Foxglove
BRW-00772,POT-0113,SHP-03,CDR-16,2026-05-31T08:28:22Z,18,154,pass,Delphine Zellandine
BRW-00773,POT-0001,SHP-08,CDR-38,2025-10-19T11:41:00Z,31,89,PASS,Thaddeus Frostpetal
BRW-00774,POT-0079,SHP-04,CDR-09,2025-05-18T10:56:55Z,22,72,fail,Wendeline Ashgrove
BRW-00775,POT-0119,SHP-02,CDR-10,2024-08-09 05:37:39,20,63,pass,Ambrose Fernwhistle
BRW-00776,POT-0054,SHP-01,CDR-13,2026-05-17 07:55:38,29,25,pass,Dorian Mistlethorn
BRW-00777,POT-0037,SHP-15,CDR-29,2026-02-25 08:05:14,35,118,pass,Vesper Emberwhisk
BRW-00778,POT-0023,SHP-05,CDR-34,2026-03-26T11:48:35Z,29,167,pass,Ambrose Fernwhistle
BRW-00779,POT-0022,SHP-02,CDR-28,2025-09-27 06:56:59,49,126,Pass,Cassia Everbright
BRW-00780,POT-0019,SHP-01,CDR-30,2026-02-16 07:50:34,56,73,pass,Delphine Zellandine
BRW-00781,POT-0074,SHP-07,CDR-40,2026-04-23 11:03:18,52,112,pass,Oswin Wyrmwood
BRW-00782,POT-0030,SHP-10,CDR-19,2026-03-09T06:12:57Z,33,76,pass,Lyra Winterbourne
BRW-00783,POT-0042,SHP-04,CDR-16,2025-06-13T05:52:37Z,49,95,PASS,Hesper Foxglove
BRW-00784,POT-0034,SHP-05,CDR-18,2024-12-30T11:19:22Z,56,108,pass,Dorian Mistlethorn
BRW-00785,POT-0052,SHP-09,CDR-40,2025-10-19T05:39:48Z,21,92,PASS,Yarrow Ravenscroft
BRW-00786,POT-0079,SHP-04,CDR-12,2025-12-28 10:53:07,16,76,pass,Lyra Winterbourne
BRW-00787,POT-0042,SHP-01,CDR-13,2025-12-27T07:15:03Z,43,113,pass,Caspian Thistledown
BRW-00788,POT-0100,SHP-12,CDR-19,2026-05-07T08:02:22Z,28,90,pass,Cassia Winterbourne
BRW-00789,POT-0092,SHP-11,CDR-09,2025-03-14T09:56:11Z,46,91,pass,Nimbus Glimmerstone
BRW-00790,POT-0073,SHP-08,CDR-35,2025-11-17T05:13:51Z,35,50,pass,Gideon Thistledown
BRW-00791,POT-0118,SHP-11,CDR-04,2026-04-04T08:27:46Z,49,79,pass,Ambrose Winterbourne
BRW-00792,POT-0072,SHP-12,CDR-04,2025-10-13T05:20:57Z,47,84,pass,Delphine Mossheart
BRW-00793,POT-0105,SHP-14,CDR-16,2024-08-31T05:19:32Z,35,145,pass,Gideon Moonbrook
BRW-00794,POT-0014,SHP-05,CDR-35,2026-01-04T09:11:06Z,24,43,pass,Cassia Everbright
BRW-00795,POT-0006,SHP-12,CDR-26,2025-12-02T10:13:24Z,56,139,PASS,Umbra Thistledown
BRW-00796,POT-0032,SHP-10,CDR-35,2025-11-21T10:19:53Z,40,127,pass,Delphine Zellandine
BRW-00797,POT-0049,SHP-02,CDR-23,2025-03-02T05:22:56Z,25,127,pass,Kestrel Foxglove
BRW-00798,POT-0088,SHP-15,CDR-19,2025-03-13 09:00:20,22,98,Pass,Delphine Mossheart
BRW-00799,POT-0030,SHP-10,CDR-09,2026-02-07T08:26:44Z,55,59,pass,Caspian Thistledown
BRW-00800,POT-0113,SHP-14,CDR-36,2026-03-01 06:46:46,31,127,Pass,Delphine Mossheart
BRW-00801,POT-0048,SHP-02,CDR-07,2025-07-18T09:42:53Z,29,104,pass,Zephyrine Zellandine
BRW-00802,POT-0074,SHP-07,CDR-37,2026-04-19 11:50:41,46,85,PASS,Cassia Everbright
BRW-00803,POT-0043,SHP-08,CDR-32,2025-10-11 06:16:54,45,71,Pass,Cassia Everbright
BRW-00804,POT-0087,SHP-10,CDR-24,2026-05-23T06:28:26Z,31,62,Pass,Umbra Thistledown
BRW-00805,POT-0052,SHP-10,CDR-13,2025-08-05 07:42:09,34,84,pass,Dorian Glimmerstone
BRW-00806,POT-0066,SHP-12,CDR-06,2024-12-22T06:35:27Z,10,100,PASS,Delphine Mossheart
BRW-00807,POT-0024,SHP-04,CDR-16,2026-05-26T06:33:26Z,17,131,pass,Caspian Thistledown
BRW-00808,POT-0086,SHP-14,CDR-01,2026-04-02T05:57:05Z,19,63,pass,Delphine Zellandine
BRW-00809,POT-0043,SHP-13,CDR-27,2025-09-15T08:21:25Z,51,55,pass,Wendeline Ashgrove
BRW-00810,POT-0049,SHP-05,CDR-31,2026-03-01 11:50:51,39,119,pass,Gideon Moonbrook
BRW-00811,POT-0019,SHP-11,CDR-36,2024-12-27 06:32:34,47,96,pass,Delphine Zellandine
BRW-00812,POT-0016,SHP-05,CDR-28,2026-03-04 08:11:45,51,123,PASS,Umbra Thistledown
BRW-00813,POT-0011,SHP-12,CDR-07,2025-05-05T05:12:10Z,59,128,PASS,Cassia Everbright
BRW-00814,POT-0097,SHP-15,CDR-07,2026-03-09T08:33:11Z,51,124,Pass,Gideon Thistledown
BRW-00815,POT-0006,SHP-05,CDR-38,2026-03-15T06:15:43Z,51,99,pass,Ambrose Fernwhistle
BRW-00816,POT-0065,SHP-14,CDR-18,2025-03-29T06:33:41Z,41,54,Pass,Ambrose Winterbourne
BRW-00817,POT-0108,SHP-01,CDR-26,2025-05-15 09:23:12,30,61,Pass,Thaddeus Frostpetal
BRW-00818,POT-0104,SHP-12,CDR-03,2026-03-22T09:04:00Z,32,146,pass,Dorian Glimmerstone
BRW-00819,POT-0017,SHP-01,CDR-34,2025-12-28 07:54:40,23,148,pass,Maribel Netherfield
BRW-00820,POT-0098,SHP-04,CDR-01,2025-09-24T08:51:38Z,53,104,pass,Morwenna Wandwright
BRW-00821,POT-0075,SHP-01,CDR-19,2024-07-18T10:49:13Z,27,128,Pass,Nimbus Glimmerstone
BRW-00822,POT-0007,SHP-15,CDR-17,2025-07-05T10:54:02Z,37,152,pass,Delphine Mossheart
BRW-00823,POT-0089,SHP-04,CDR-16,2026-01-18T05:41:31Z,23,90,pass,Lyra Winterbourne
BRW-00824,POT-0078,SHP-14,CDR-35,2024-09-29T10:41:57Z,13,48,pass,Grizelda Kilnworth
BRW-00825,POT-0068,SHP-15,CDR-02,2025-11-13T08:54:56Z,33,45,fail,Dorian Mistlethorn
BRW-00826,POT-0093,SHP-11,CDR-25,2024-11-15T10:40:19Z,55,107,pass,Delphine Mossheart
BRW-00827,POT-0002,SHP-12,CDR-31,2025-04-04T10:30:38Z,44,109,Pass,Belladonna Jackdaw
BRW-00828,POT-0106,SHP-08,CDR-34,2026-02-01T09:20:42Z,54,82,pass,Gideon Moonbrook
BRW-00829,POT-0044,SHP-09,CDR-23,2026-05-12T11:22:54Z,11,29,Pass,Delphine Mossheart
BRW-00830,POT-0047,SHP-14,CDR-01,2025-08-21 11:50:36,52,103,Pass,Gideon Thistledown
BRW-00831,POT-0111,SHP-10,CDR-08,2026-03-22 06:19:01,42,77,PASS,Oleander Ravenscroft
BRW-00832,POT-0048,SHP-08,CDR-40,2025-12-14T08:25:31Z,24,72,pass,Gideon Moonbrook
BRW-00833,POT-0025,SHP-01,CDR-37,2026-04-24 11:50:00,42,69,pass,Kestrel Foxglove
BRW-00834,POT-0069,SHP-14,CDR-20,2025-05-12 10:56:00,22,119,pass,Gideon Moonbrook
BRW-00835,POT-0079,SHP-13,CDR-08,2026-06-14 05:12:52,59,82,Pass,Oswin Wyrmwood
BRW-00836,POT-0064,SHP-02,CDR-18,2026-03-22T06:37:13Z,27,92,pass,Morwenna Wandwright
BRW-00837,POT-0102,SHP-06,CDR-36,2024-08-19T09:24:18Z,27,51,pass,Grizelda Duskwater
BRW-00838,POT-0090,SHP-01,CDR-05,2024-06-17 09:17:19,49,92,Pass,Morwenna Wandwright
BRW-00839,POT-0088,SHP-08,CDR-02,2025-11-23T05:41:00Z,10,124,pass,Cassia Everbright
BRW-00840,POT-0090,SHP-07,CDR-06,2025-06-08 07:23:49,48,73,PASS,Dorian Mistlethorn
BRW-00841,POT-0049,SHP-09,CDR-38,2025-01-22T05:52:43Z,42,104,Pass,Lyra Winterbourne
BRW-00842,POT-0107,SHP-08,CDR-18,2025-11-08T08:46:43Z,48,44,pass,Cassia Everbright
BRW-00843,POT-0105,SHP-15,CDR-35,2024-08-10T11:18:31Z,25,142,pass,Yarrow Ravenscroft
BRW-00844,POT-0015,SHP-06,CDR-23,2026-06-09 07:01:50,22,109,pass,Lyra Winterbourne
BRW-00845,POT-0057,SHP-07,CDR-34,2025-11-18T07:48:58Z,55,86,pass,Morwenna Wandwright
BRW-00846,POT-0004,SHP-12,CDR-25,2025-08-22 07:26:03,29,120,pass,Lyra Winterbourne
BRW-00847,POT-0071,SHP-14,CDR-39,2024-10-08T07:23:28Z,36,127,pass,Delphine Mossheart
BRW-00848,POT-0006,SHP-04,CDR-18,2026-01-21T06:35:50Z,23,115,pass,Thaddeus Frostpetal
BRW-00849,POT-0110,SHP-06,CDR-03,2025-05-24T09:42:04Z,51,139,pass,Cassia Everbright
BRW-00850,POT-0104,SHP-11,CDR-04,2026-03-03T08:04:07Z,57,147,pass,Grizelda Duskwater
BRW-00851,POT-0047,SHP-15,CDR-08,2024-10-31 07:49:50,22,160,pass,Nimbus Glimmerstone
BRW-00852,POT-0007,SHP-02,CDR-07,2025-12-04 11:38:32,50,149,Pass,Hesper Cinderfell
BRW-00853,POT-0020,SHP-09,CDR-28,2025-01-30T11:18:10Z,28,105,pass,Hesper Foxglove
BRW-00854,POT-0085,SHP-02,CDR-18,2025-07-08T05:21:10Z,33,124,pass,Umbra Thistledown
BRW-00855,POT-0111,SHP-07,CDR-19,2025-12-17 09:18:21,54,60,pass,Delphine Mossheart
BRW-00856,POT-0113,SHP-10,CDR-38,2025-03-25 07:01:26,54,131,Pass,Oleander Ravenscroft
BRW-00857,POT-0099,SHP-13,CDR-36,2025-12-10T05:39:23Z,12,138,Pass,Oswin Wyrmwood
BRW-00858,POT-0049,SHP-12,CDR-26,2026-02-07T10:25:08Z,44,133,pass,Lyra Winterbourne
BRW-00859,POT-0105,SHP-06,CDR-15,2025-06-27 09:43:32,54,136,pass,Kestrel Foxglove
BRW-00860,POT-0064,SHP-10,CDR-06,2026-06-29T07:34:04Z,37,134,pass,Gideon Thistledown
BRW-00861,POT-0017,SHP-01,CDR-16,2025-05-22T11:40:52Z,23,131,pass,Dorian Glimmerstone
BRW-00862,POT-0031,SHP-12,CDR-01,2025-12-16T09:31:29Z,36,42,fail,Gideon Moonbrook
BRW-00863,POT-0093,SHP-03,CDR-34,2025-07-20 10:27:38,19,82,pass,Morwenna Wandwright
BRW-00864,POT-0029,SHP-15,CDR-04,2024-09-04 06:07:29,36,72,PASS,Oswin Wyrmwood
BRW-00865,POT-0101,SHP-07,CDR-07,2025-10-17 06:49:19,60,137,pass,Hesper Cinderfell
BRW-00866,POT-0027,SHP-09,CDR-22,2025-06-04T06:49:12Z,51,136,Pass,Grizelda Duskwater
BRW-00867,POT-0003,SHP-15,CDR-06,2025-12-10T10:03:04Z,36,73,Fail,Dorian Mistlethorn
BRW-00868,POT-0115,SHP-02,CDR-03,2025-09-22T05:44:50Z,17,146,pass,Thaddeus Frostpetal
BRW-00869,POT-0088,SHP-12,CDR-02,2025-07-03T07:34:21Z,37,108,pass,Hesper Foxglove
BRW-00870,POT-0101,SHP-03,CDR-36,2025-08-08T10:18:08Z,54,158,PASS,Dorian Glimmerstone
BRW-00871,POT-0008,SHP-10,CDR-24,2026-01-07T11:40:15Z,29,63,pass,Dorian Mistlethorn
BRW-00872,POT-0043,SHP-03,CDR-36,2024-07-16T06:26:58Z,48,42,pass,Delphine Zellandine
BRW-00873,POT-0067,SHP-04,CDR-27,2024-08-24 07:04:50,33,47,Pass,Ambrose Fernwhistle
BRW-00874,POT-0091,SHP-05,CDR-17,2024-09-07T08:00:34Z,15,15,pass,Caspian Thistledown
BRW-00875,POT-0040,SHP-14,CDR-02,2024-09-13T07:08:43Z,50,55,pass,Oleander Ravenscroft
BRW-00876,POT-0119,SHP-04,CDR-05,2025-12-15 09:30:35,59,91,pass,Oleander Ravenscroft
BRW-00877,POT-0037,SHP-04,CDR-09,2025-10-23T11:07:58Z,42,80,Pass,Wendeline Ashgrove
BRW-00878,POT-0074,SHP-12,CDR-31,2026-04-22 05:59:17,34,105,pass,Umbra Thistledown
BRW-00879,POT-0064,SHP-08,CDR-07,2024-10-07T11:26:27Z,29,,Pass,Umbra Thistledown
BRW-00880,POT-0069,SHP-05,CDR-39,2026-04-24 07:06:20,21,99,PASS,Thaddeus Frostpetal
BRW-00881,POT-0113,SHP-04,CDR-17,2025-05-12T06:21:09Z,12,177,pass,Lyra Winterbourne
BRW-00882,POT-0091,SHP-08,CDR-20,2026-03-23T06:45:36Z,38,52,pass,Kestrel Foxglove
BRW-00883,POT-0046,SHP-03,CDR-03,2025-01-25T11:27:13Z,59,50,pass,Juniper Hollowbranch
BRW-00884,POT-0085,SHP-03,CDR-05,2025-07-17 08:21:43,46,137,pass,Umbra Thistledown
BRW-00885,POT-0086,SHP-01,CDR-20,2026-03-25 07:12:21,47,52,pass,Cassia Everbright
BRW-00886,POT-0046,SHP-13,CDR-30,2024-07-03T08:31:21Z,30,74,Pass,Grizelda Duskwater
BRW-00887,POT-0054,SHP-05,CDR-08,2026-01-27 09:35:05,13,49,Fail,Belladonna Jackdaw
BRW-00888,POT-0107,SHP-01,CDR-38,2025-06-14T05:56:22Z,41,52,Pass,Caspian Thistledown
BRW-00889,POT-0038,SHP-10,CDR-12,2026-01-10 10:36:48,53,55,Fail,Dorian Glimmerstone
BRW-00890,POT-0024,SHP-15,CDR-24,2025-03-02 10:02:37,49,113,pass,Caspian Thistledown
BRW-00891,POT-0071,SHP-13,CDR-33,2025-12-23T11:34:24Z,27,91,pass,Grizelda Kilnworth
BRW-00892,POT-0052,SHP-11,CDR-14,2025-06-16T07:16:42Z,15,105,pass,Vesper Emberwhisk
BRW-00893,POT-0097,SHP-01,CDR-02,2026-05-09T05:21:26Z,39,154,pass,Hesper Cinderfell
BRW-00894,POT-0087,SHP-11,CDR-12,2026-03-15T05:56:10Z,40,49,pass,Ambrose Fernwhistle
BRW-00895,POT-0030,SHP-08,CDR-14,2025-12-27T07:58:35Z,17,66,pass,Belladonna Jackdaw
BRW-00896,POT-0024,SHP-10,CDR-29,2025-10-10T11:53:09Z,27,140,PASS,Cassia Everbright
BRW-00897,POT-0072,SHP-15,CDR-01,2026-02-06T06:54:14Z,27,96,Pass,Delphine Mossheart
BRW-00898,POT-0097,SHP-05,CDR-23,2026-03-08T11:12:05Z,51,141,pass,Cassia Winterbourne
BRW-00899,POT-0078,SHP-10,CDR-17,2024-09-15 07:55:58,53,106,pass,Lyra Winterbourne
BRW-00900,POT-0074,SHP-02,CDR-33,2026-06-14T06:10:47Z,57,110,fail,Dorian Glimmerstone
BRW-00901,POT-0052,SHP-13,CDR-34,2026-03-28 08:19:29,24,83,PASS,Umbra Thistledown
BRW-00902,POT-0037,SHP-08,CDR-14,2026-04-12 09:44:18,46,67,pass,Yarrow Ravenscroft
BRW-00903,POT-0038,SHP-05,CDR-15,2025-08-28 09:19:07,23,55,pass,Dorian Glimmerstone
BRW-00904,POT-0066,SHP-10,CDR-20,2025-08-21T05:25:17Z,47,95,pass,Zephyrine Zellandine
BRW-00905,POT-0045,SHP-01,CDR-11,2025-01-03T07:26:29Z,25,66,Pass,Lyra Winterbourne
BRW-00906,POT-0065,SHP-15,CDR-30,2024-08-09T08:43:16Z,40,43,Pass,Oleander Ravenscroft
BRW-00907,POT-0118,SHP-01,CDR-03,2026-06-30 09:35:01,46,73,Pass,Thaddeus Frostpetal
BRW-00908,POT-0063,SHP-03,CDR-18,2025-08-05T09:48:50Z,39,91,Pass,Nimbus Glimmerstone
BRW-00909,POT-0038,SHP-04,CDR-13,2024-08-17T08:22:50Z,21,33,Pass,Grizelda Duskwater
BRW-00910,POT-0045,SHP-05,CDR-16,2025-01-11 05:11:26,36,48,Pass,Belladonna Jackdaw
BRW-00911,POT-0034,SHP-03,CDR-09,2024-09-10T07:54:30Z,38,103,fail,Gideon Moonbrook
BRW-00912,POT-0021,SHP-01,CDR-27,2025-10-31T06:26:34Z,22,100,pass,Caspian Thistledown
BRW-00913,POT-0091,SHP-12,CDR-18,2025-11-07 09:45:38,51,15,pass,Dorian Mistlethorn
BRW-00914,POT-0086,SHP-04,CDR-17,2026-01-20T05:18:12Z,59,96,pass,Dorian Glimmerstone
BRW-00915,POT-0085,SHP-13,CDR-20,2025-07-04T05:43:44Z,43,122,PASS,Umbra Thistledown
BRW-00916,POT-0015,SHP-03,CDR-03,2026-04-24T09:41:57Z,44,116,pass,Yarrow Ravenscroft
BRW-00917,POT-0079,SHP-04,CDR-17,2026-03-16T05:09:17Z,42,77,Pass,Cassia Winterbourne
BRW-00918,POT-0020,SHP-09,CDR-24,2025-07-02 05:01:39,49,117,Pass,Juniper Hollowbranch
BRW-00919,POT-0102,SHP-09,CDR-14,2025-02-01T08:56:35Z,52,79,pass,Grizelda Duskwater
BRW-00920,POT-0014,SHP-15,CDR-34,2025-10-11 06:25:14,18,52,Pass,Umbra Thistledown
BRW-00921,POT-0016,SHP-09,CDR-28,2026-05-14T09:21:51Z,18,112,pass,Umbra Thistledown
BRW-00922,POT-0056,SHP-15,CDR-18,2026-06-19T10:55:01Z,59,74,pass,Thaddeus Frostpetal
BRW-00923,POT-0082,SHP-01,CDR-21,2024-07-19 11:09:29,56,42,Pass,Grizelda Duskwater
BRW-00924,POT-0035,SHP-06,CDR-13,2024-06-15T07:44:26Z,44,88,Pass,Vesper Emberwhisk
BRW-00925,POT-0088,SHP-01,CDR-17,2025-10-17T11:20:57Z,57,100,pass,Gideon Moonbrook
BRW-00926,POT-0028,SHP-05,CDR-07,2026-04-06 08:03:25,13,86,pass,Nimbus Glimmerstone
BRW-00927,POT-0104,SHP-03,CDR-16,2024-07-02 06:46:31,14,181,pass,Caspian Thistledown
BRW-00928,POT-0029,SHP-13,CDR-32,2025-01-28T07:37:25Z,31,78,Pass,Oleander Ravenscroft
BRW-00929,POT-0059,SHP-03,CDR-09,2026-04-25 06:07:53,42,100,pass,Vesper Emberwhisk
BRW-00930,POT-0027,SHP-04,CDR-24,2025-07-07T06:08:24Z,29,129,pass,Maribel Netherfield
BRW-00931,POT-0095,SHP-14,CDR-02,2026-01-03 09:20:39,11,118,Fail,Vesper Emberwhisk
BRW-00932,POT-0035,SHP-04,CDR-11,2025-01-02T08:17:12Z,46,98,PASS,Oswin Wyrmwood
BRW-00933,POT-0022,SHP-07,CDR-07,2025-11-08 06:12:49,51,,fail,Thaddeus Frostpetal
BRW-00934,POT-0007,SHP-08,CDR-05,2026-03-13T09:39:34Z,36,146,pass,Delphine Mossheart
BRW-00935,POT-0111,SHP-03,CDR-38,2026-02-12 11:16:01,43,95,pass,Wendeline Ashgrove
BRW-00936,POT-0028,SHP-14,CDR-24,2026-03-14 11:24:39,35,100,pass,Oleander Ravenscroft
BRW-00937,POT-0005,SHP-13,CDR-35,2024-12-04T09:51:42Z,12,27,Pass,Delphine Zellandine
BRW-00938,POT-0071,SHP-09,CDR-14,2025-10-04 11:18:34,40,77,PASS,Caspian Thistledown
BRW-00939,POT-0073,SHP-07,CDR-37,2025-08-21T08:33:10Z,34,77,pass,Grizelda Duskwater
BRW-00940,POT-0117,SHP-09,CDR-40,2026-03-22 06:40:29,14,52,pass,Morwenna Wandwright
BRW-00941,POT-0030,SHP-02,CDR-25,2025-07-29T09:17:11Z,29,64,pass,Gideon Moonbrook
BRW-00942,POT-0074,SHP-11,CDR-03,2026-04-15 09:02:10,18,100,pass,Ambrose Winterbourne
BRW-00943,POT-0012,SHP-01,CDR-34,2025-12-05 08:05:59,45,83,Pass,Grizelda Kilnworth
BRW-00944,POT-0017,SHP-04,CDR-24,2025-07-11T11:08:53Z,45,158,pass,Zephyrine Zellandine
BRW-00945,POT-0085,SHP-06,CDR-06,2026-04-01T11:01:58Z,48,123,pass,Dorian Glimmerstone
BRW-00946,POT-0021,SHP-03,CDR-03,2024-08-16 09:45:57,21,82,pass,Ambrose Fernwhistle
BRW-00947,POT-0029,SHP-08,CDR-29,2025-03-08T10:04:24Z,44,99,Pass,Ambrose Winterbourne
BRW-00948,POT-0044,SHP-08,CDR-34,2025-07-29 06:20:48,32,43,pass,Hesper Cinderfell
BRW-00949,POT-0036,SHP-07,CDR-33,2025-09-27T05:49:45Z,55,88,pass,Gideon Moonbrook
BRW-00950,POT-0109,SHP-05,CDR-30,2025-01-19T05:03:10Z,29,118,Pass,Lyra Winterbourne
BRW-00951,POT-0010,SHP-08,CDR-40,2026-04-05T05:42:30Z,32,119,pass,Grizelda Duskwater
BRW-00952,POT-0109,SHP-09,CDR-12,2025-10-22 05:52:18,16,125,Pass,Caspian Thistledown
BRW-00953,POT-0084,SHP-04,CDR-39,2024-08-25T05:43:42Z,51,117,Pass,Hesper Cinderfell
BRW-00954,POT-0027,SHP-02,CDR-06,2025-12-22T08:47:22Z,33,106,pass,Umbra Thistledown
BRW-00955,POT-0088,SHP-07,CDR-17,2025-11-13T09:59:16Z,15,120,pass,Ambrose Fernwhistle
BRW-00956,POT-0086,SHP-07,CDR-37,2026-01-30T07:08:01Z,38,93,pass,Cassia Everbright
BRW-00957,POT-0002,SHP-05,CDR-06,2026-06-17 11:56:29,52,96,pass,Dorian Glimmerstone
BRW-00958,POT-0076,SHP-03,CDR-19,2026-03-21T09:11:42Z,19,28,PASS,Hesper Cinderfell
BRW-00959,POT-0118,SHP-09,CDR-11,2026-06-10T09:37:07Z,46,63,PASS,Thaddeus Frostpetal
BRW-00960,POT-0055,SHP-01,CDR-16,2025-10-07T09:25:20Z,37,105,Pass,Ambrose Winterbourne
BRW-00961,POT-0016,SHP-10,CDR-19,2026-05-03T08:32:57Z,43,102,pass,Hesper Cinderfell
BRW-00962,POT-0060,SHP-05,CDR-27,2026-04-18T08:38:08Z,14,156,pass,Grizelda Duskwater
BRW-00963,POT-0052,SHP-15,CDR-06,2026-06-27 06:24:17,48,103,pass,Kestrel Foxglove
BRW-00964,POT-0070,SHP-06,CDR-07,2025-06-28T10:52:58Z,59,135,fail,Cassia Winterbourne
BRW-00965,POT-0012,SHP-06,CDR-05,2026-05-04T08:42:23Z,33,71,pass,Juniper Hollowbranch
BRW-00966,POT-0096,SHP-02,CDR-27,2025-08-10T05:30:15Z,11,126,pass,Hesper Foxglove
BRW-00967,POT-0037,SHP-04,CDR-15,2025-10-14T07:54:17Z,20,93,PASS,Cassia Winterbourne
BRW-00968,POT-0056,SHP-07,CDR-28,2026-01-08T11:22:36Z,46,105,pass,Gideon Moonbrook
BRW-00969,POT-0078,SHP-13,CDR-17,2024-06-12T05:05:46Z,15,110,PASS,Cassia Winterbourne
BRW-00970,POT-0068,SHP-09,CDR-21,2025-11-20T11:57:22Z,53,79,Pass,Cassia Winterbourne
BRW-00971,POT-0025,SHP-15,CDR-21,2025-08-03T11:43:19Z,52,50,pass,Nimbus Glimmerstone
BRW-00972,POT-0094,SHP-05,CDR-39,2024-09-17 06:57:23,32,74,Pass,Gideon Moonbrook
BRW-00973,POT-0102,SHP-06,CDR-32,2025-12-24T11:06:01Z,24,71,PASS,Belladonna Jackdaw
BRW-00974,POT-0031,SHP-10,CDR-18,2026-02-25T07:08:17Z,55,32,pass,Gideon Thistledown
BRW-00975,POT-0013,SHP-02,CDR-33,2026-03-29T06:28:02Z,45,87,pass,Cassia Everbright
BRW-00976,POT-0035,SHP-06,CDR-14,2025-04-15 09:54:30,34,70,Pass,Belladonna Jackdaw
BRW-00977,POT-0084,SHP-07,CDR-27,2025-01-10 09:26:04,35,88,PASS,Lyra Winterbourne
BRW-00978,POT-0101,SHP-12,CDR-35,2024-07-13T06:46:54Z,48,152,pass,Hesper Cinderfell
BRW-00979,POT-0002,SHP-05,CDR-28,2024-09-04 11:54:18,51,101,Pass,Grizelda Kilnworth
BRW-00980,POT-0034,SHP-04,CDR-37,2025-10-28 10:02:39,42,103,Pass,Hesper Foxglove
BRW-00981,POT-0108,SHP-12,CDR-30,2024-07-05T05:50:42Z,40,66,PASS,Lyra Winterbourne
BRW-00982,POT-0095,SHP-15,CDR-30,2025-06-23T05:09:52Z,39,143,fail,Dorian Glimmerstone
BRW-00983,POT-0041,SHP-13,CDR-06,2024-09-27 08:41:49,37,98,pass,Maribel Netherfield
BRW-00984,POT-0013,SHP-06,CDR-30,2025-10-21T08:39:13Z,55,76,PASS,Gideon Thistledown
BRW-00985,POT-0012,SHP-09,CDR-20,2026-01-01 06:50:16,57,81,pass,Morwenna Wandwright
BRW-00986,POT-0120,SHP-05,CDR-38,2025-05-31 08:27:39,18,84,pass,Cassia Winterbourne
BRW-00987,POT-0019,SHP-14,CDR-13,2024-10-28T10:46:54Z,54,87,pass,Oswin Wyrmwood
BRW-00988,POT-0024,SHP-07,CDR-14,2024-11-27 11:51:09,51,143,Pass,Oswin Wyrmwood
BRW-00989,POT-0103,SHP-13,CDR-10,2024-12-13T10:49:00Z,36,112,pass,Grizelda Kilnworth
BRW-00990,POT-0098,SHP-07,CDR-08,2026-02-19T07:31:35Z,55,103,pass,Dorian Mistlethorn
BRW-00991,POT-0013,SHP-15,CDR-07,2026-01-04 10:45:30,11,98,Pass,Gideon Moonbrook
BRW-00992,POT-0003,SHP-08,CDR-23,2026-03-16T10:20:37Z,30,54,pass,Vesper Emberwhisk
BRW-00993,POT-0024,SHP-13,CDR-25,2025-10-11T09:03:31Z,27,110,Pass,Hesper Foxglove
BRW-00994,POT-0016,SHP-03,CDR-24,2026-04-29 05:52:18,53,95,pass,Gideon Moonbrook
BRW-00995,POT-0057,SHP-06,CDR-18,2026-03-10 06:30:01,49,80,Pass,Belladonna Jackdaw
BRW-00996,POT-0029,SHP-15,CDR-06,2024-11-04T08:09:15Z,22,90,pass,Hesper Cinderfell
BRW-00997,POT-0028,SHP-15,CDR-27,2026-03-17 07:38:30,58,76,Pass,Delphine Mossheart
BRW-00998,POT-0005,SHP-13,CDR-12,2024-09-09T06:22:31Z,44,42,Pass,Grizelda Duskwater
BRW-00999,POT-0009,SHP-11,CDR-15,2025-09-30 07:33:37,14,77,pass,Delphine Zellandine
BRW-01000,POT-0012,SHP-12,CDR-10,2024-07-23T06:57:29Z,32,41,PASS,Hesper Foxglove
BRW-01001,POT-0033,SHP-01,CDR-34,2025-03-05T06:39:42Z,23,84,pass,Gideon Moonbrook
BRW-01002,POT-0030,SHP-15,CDR-25,2025-11-27 10:26:40,26,65,pass,Juniper Hollowbranch
BRW-01003,POT-0107,SHP-02,CDR-22,2026-06-04 06:53:25,13,53,Pass,Gideon Moonbrook
BRW-01004,POT-0044,SHP-04,CDR-14,2026-02-25T10:14:42Z,36,67,pass,Cassia Everbright
BRW-01005,POT-0098,SHP-01,CDR-30,2025-07-30T09:28:33Z,48,110,fail,Vesper Emberwhisk
BRW-01006,POT-0084,SHP-11,CDR-03,2026-01-14T05:59:11Z,51,107,pass,Oswin Wyrmwood
BRW-01007,POT-0086,SHP-01,CDR-13,2025-12-12T08:43:48Z,40,64,pass,Wendeline Ashgrove
BRW-01008,POT-0052,SHP-03,CDR-33,2024-11-10 06:58:08,22,133,pass,Belladonna Jackdaw
BRW-01009,POT-0047,SHP-14,CDR-26,2026-01-21T10:29:39Z,21,122,pass,Hesper Cinderfell
BRW-01010,POT-0102,SHP-11,CDR-01,2026-03-19T06:33:39Z,55,79,pass,Nimbus Glimmerstone
BRW-01011,POT-0086,SHP-10,CDR-12,2026-04-01T07:25:13Z,44,78,pass,Yarrow Ravenscroft
BRW-01012,POT-0058,SHP-10,CDR-15,2026-03-11T08:41:22Z,58,103,pass,Hesper Foxglove
BRW-01013,POT-0028,SHP-10,CDR-38,2026-02-19T06:36:07Z,24,61,pass,Gideon Moonbrook
BRW-01014,POT-0117,SHP-03,CDR-34,2026-06-21T08:32:12Z,48,69,pass,Grizelda Kilnworth
BRW-01015,POT-0104,SHP-06,CDR-37,2025-05-07T11:32:36Z,35,131,pass,Cassia Everbright
BRW-01016,POT-0104,SHP-06,CDR-37,2024-12-25 06:22:19,57,170,pass,Hesper Foxglove
BRW-01017,POT-0117,SHP-12,CDR-36,2024-12-28 11:41:06,35,75,pass,Maribel Netherfield
BRW-01018,POT-0108,SHP-13,CDR-03,2025-10-02T10:17:57Z,55,66,pass,Oswin Wyrmwood
BRW-01019,POT-0105,SHP-14,CDR-16,2026-01-03T10:36:00Z,60,149,pass,Kestrel Foxglove
BRW-01020,POT-0042,SHP-07,CDR-02,2025-02-20T06:37:30Z,56,109,pass,Oswin Wyrmwood
BRW-01021,POT-0103,SHP-13,CDR-29,2026-03-18 08:51:24,28,75,pass,Gideon Moonbrook
BRW-01022,POT-0084,SHP-03,CDR-12,2024-05-23T06:48:55Z,15,89,pass,Ambrose Fernwhistle
BRW-01023,POT-0058,SHP-07,CDR-30,2025-01-01T06:39:21Z,18,139,pass,Cassia Winterbourne
BRW-01024,POT-0027,SHP-09,CDR-37,2024-12-07 09:53:48,30,100,PASS,Thaddeus Frostpetal
BRW-01025,POT-0086,SHP-15,CDR-13,2026-06-08T10:17:01Z,55,79,Pass,Zephyrine Zellandine
BRW-01026,POT-0064,SHP-01,CDR-35,2025-03-25 10:09:43,10,115,PASS,Juniper Hollowbranch
BRW-01027,POT-0016,SHP-03,CDR-02,2026-02-27T07:02:58Z,11,107,PASS,Lyra Winterbourne
BRW-01028,POT-0113,SHP-10,CDR-35,2026-01-22 10:46:39,50,133,pass,Vesper Emberwhisk
BRW-01029,POT-0102,SHP-03,CDR-05,2026-06-25 07:57:41,52,74,pass,Ambrose Fernwhistle
BRW-01030,POT-0063,SHP-11,CDR-24,2024-11-19T08:15:05Z,34,66,pass,Oswin Wyrmwood
BRW-01031,POT-0028,SHP-03,CDR-18,2026-06-23T08:49:12Z,46,72,pass,Lyra Winterbourne
BRW-01032,POT-0090,SHP-03,CDR-08,2025-08-12 05:58:07,33,98,Fail,Delphine Mossheart
BRW-01033,POT-0036,SHP-13,CDR-04,2024-06-13T06:09:15Z,22,84,pass,Cassia Winterbourne
BRW-01034,POT-0089,SHP-09,CDR-21,2025-12-11 10:21:12,47,83,pass,Hesper Foxglove
BRW-01035,POT-0085,SHP-07,CDR-19,2026-03-11T08:18:54Z,23,123,pass,Hesper Foxglove
BRW-01036,POT-0113,SHP-11,CDR-28,2026-02-03 06:22:01,41,128,pass,Ambrose Winterbourne
BRW-01037,POT-0024,SHP-15,CDR-14,2025-06-22 06:32:28,17,112,pass,Lyra Winterbourne
BRW-01038,POT-0014,SHP-14,CDR-32,2025-05-05T05:32:42Z,15,56,pass,Dorian Glimmerstone
BRW-01039,POT-0057,SHP-13,CDR-09,2026-05-12T10:46:22Z,43,69,pass,Wendeline Ashgrove
BRW-01040,POT-0046,SHP-08,CDR-29,2024-08-25 05:27:19,15,72,pass,Hesper Foxglove
BRW-01041,POT-0059,SHP-02,CDR-15,2026-04-12T10:21:56Z,56,116,pass,Gideon Thistledown
BRW-01042,POT-0103,SHP-09,CDR-14,2026-05-14 10:29:50,52,88,pass,Kestrel Foxglove
BRW-01043,POT-0041,SHP-09,CDR-21,2025-06-06T09:05:21Z,41,138,pass,Thaddeus Frostpetal
BRW-01044,POT-0037,SHP-09,CDR-30,2025-10-07T11:09:25Z,42,88,pass,Grizelda Kilnworth
BRW-01045,POT-0072,SHP-11,CDR-05,2024-10-06T11:39:05Z,12,91,pass,Thaddeus Frostpetal
BRW-01046,POT-0038,SHP-08,CDR-19,2024-05-07T05:39:23Z,18,25,PASS,Gideon Thistledown
BRW-01047,POT-0065,SHP-01,CDR-12,2025-02-15T05:31:08Z,46,46,pass,Wendeline Ashgrove
BRW-01048,POT-0010,SHP-06,CDR-27,2026-05-24T07:06:47Z,15,129,pass,Maribel Netherfield
BRW-01049,POT-0109,SHP-11,CDR-07,2026-03-27T10:52:56Z,42,97,pass,Zephyrine Zellandine
BRW-01050,POT-0106,SHP-02,CDR-06,2026-02-23 05:39:24,29,106,pass,Dorian Glimmerstone
BRW-01051,POT-0102,SHP-09,CDR-19,2024-08-17T08:55:14Z,51,69,pass,Oswin Wyrmwood
BRW-01052,POT-0104,SHP-13,CDR-03,2024-10-05T06:34:56Z,46,153,fail,Belladonna Jackdaw
BRW-01053,POT-0113,SHP-02,CDR-36,2025-08-25T11:16:24Z,28,150,Pass,Gideon Moonbrook
BRW-01054,POT-0014,SHP-15,CDR-37,2026-05-28T11:52:55Z,17,23,pass,Belladonna Jackdaw
BRW-01055,POT-0033,SHP-14,CDR-32,2025-07-23 07:15:38,22,114,pass,Cassia Everbright
BRW-01056,POT-0046,SHP-01,CDR-06,2026-04-06T10:50:38Z,38,53,Pass,Maribel Netherfield
BRW-01057,POT-0119,SHP-11,CDR-09,2025-07-06 09:06:01,41,58,pass,Nimbus Glimmerstone
BRW-01058,POT-0094,SHP-11,CDR-03,2025-09-11 05:34:37,21,108,pass,Juniper Hollowbranch
BRW-01059,POT-0112,SHP-06,CDR-16,2025-12-29T05:02:16Z,54,110,fail,Morwenna Wandwright
BRW-01060,POT-0101,SHP-15,CDR-31,2026-04-28T06:41:48Z,40,183,pass,Kestrel Foxglove
BRW-01061,POT-0021,SHP-11,CDR-23,2026-04-23 05:25:50,52,111,Pass,Delphine Zellandine
BRW-01062,POT-0043,SHP-04,CDR-17,2025-11-02 07:05:55,34,19,pass,Delphine Mossheart
BRW-01063,POT-0094,SHP-02,CDR-18,2024-10-16 09:57:30,54,144,pass,Oleander Ravenscroft
BRW-01064,POT-0090,SHP-14,CDR-16,2026-06-21T07:29:15Z,26,126,pass,Nimbus Glimmerstone
BRW-01065,POT-0006,SHP-02,CDR-03,2026-06-01T08:50:45Z,35,135,Pass,Maribel Netherfield
BRW-01066,POT-0094,SHP-13,CDR-33,2024-08-07T09:50:34Z,27,116,pass,Thaddeus Frostpetal
BRW-01067,POT-0112,SHP-03,CDR-11,2026-06-26T09:25:05Z,28,120,fail,Maribel Netherfield
BRW-01068,POT-0027,SHP-07,CDR-05,2025-08-02T07:48:01Z,15,136,pass,Gideon Thistledown
BRW-01069,POT-0061,SHP-12,CDR-29,2025-03-03T11:15:31Z,27,105,Pass,Cassia Winterbourne
BRW-01070,POT-0082,SHP-13,CDR-03,2025-07-28T10:23:59Z,34,63,pass,Umbra Thistledown
BRW-01071,POT-0008,SHP-12,CDR-14,2026-04-25T07:12:38Z,17,79,pass,Maribel Netherfield
BRW-01072,POT-0095,SHP-09,CDR-11,2025-08-26 06:39:17,21,121,PASS,Vesper Emberwhisk
BRW-01073,POT-0038,SHP-07,CDR-34,2026-03-12T08:15:56Z,23,57,pass,Vesper Emberwhisk
BRW-01074,POT-0061,SHP-15,CDR-32,2024-11-03 09:43:09,36,77,Pass,Morwenna Wandwright
BRW-01075,POT-0089,SHP-08,CDR-37,2025-01-03T05:06:54Z,44,101,pass,Dorian Glimmerstone
BRW-01076,POT-0025,SHP-05,CDR-20,2026-01-23T10:34:42Z,13,49,Pass,Dorian Mistlethorn
BRW-01077,POT-0066,SHP-04,CDR-22,2025-12-08 11:09:18,22,95,pass,Nimbus Glimmerstone
BRW-01078,POT-0044,SHP-05,CDR-33,2026-05-22T06:21:50Z,36,60,pass,Hesper Cinderfell
BRW-01079,POT-0044,SHP-02,CDR-14,2024-11-24 11:44:22,24,61,pass,Hesper Foxglove
BRW-01080,POT-0093,SHP-05,CDR-27,2026-01-20T07:54:22Z,39,111,pass,Umbra Thistledown
BRW-01081,POT-0044,SHP-11,CDR-05,2024-09-24 09:14:23,60,47,pass,Hesper Cinderfell
BRW-01082,POT-0006,SHP-13,CDR-38,2025-12-20 08:25:31,46,140,pass,Grizelda Duskwater
BRW-01083,POT-0031,SHP-08,CDR-34,2025-12-01T09:10:19Z,30,18,PASS,Cassia Winterbourne
BRW-01084,POT-0031,SHP-03,CDR-24,2026-04-27T07:04:43Z,47,61,pass,Oswin Wyrmwood
BRW-01085,POT-0085,SHP-12,CDR-34,2024-07-09 06:48:50,26,108,Pass,Delphine Mossheart
BRW-01086,POT-0058,SHP-04,CDR-34,2025-01-22 09:55:24,45,127,fail,Dorian Mistlethorn
BRW-01087,POT-0116,SHP-10,CDR-27,2025-03-14 06:45:25,60,98,pass,Ambrose Fernwhistle
BRW-01088,POT-0022,SHP-07,CDR-11,2025-10-28 05:52:28,21,120,pass,Grizelda Duskwater
BRW-01089,POT-0021,SHP-13,CDR-14,2025-01-17T06:29:28Z,44,104,pass,Delphine Mossheart
BRW-01090,POT-0003,SHP-04,CDR-30,2026-04-25 07:02:26,34,55,fail,Umbra Thistledown
BRW-01091,POT-0101,SHP-04,CDR-02,2024-09-23 09:05:15,22,142,pass,Lyra Winterbourne
BRW-01092,POT-0106,SHP-08,CDR-26,2026-05-14T07:47:08Z,37,74,FAIL,Oleander Ravenscroft
BRW-01093,POT-0083,SHP-07,CDR-39,2026-05-30 06:30:13,11,160,Pass,Hesper Cinderfell
BRW-01094,POT-0044,SHP-09,CDR-18,2024-06-16T07:37:02Z,23,47,pass,Umbra Thistledown
BRW-01095,POT-0018,SHP-13,CDR-05,2024-09-08T09:09:21Z,29,48,Pass,Gideon Thistledown
BRW-01096,POT-0118,SHP-11,CDR-05,2026-02-18 10:35:08,25,85,FAIL,Gideon Thistledown
BRW-01097,POT-0060,SHP-14,CDR-06,2026-05-08T08:09:47Z,30,152,pass,Kestrel Foxglove
BRW-01098,POT-0009,SHP-06,CDR-36,2025-09-05T09:42:09Z,39,68,Pass,Grizelda Kilnworth
BRW-01099,POT-0005,SHP-11,CDR-39,2025-05-07T06:57:06Z,12,45,pass,Wendeline Ashgrove
BRW-01100,POT-0065,SHP-09,CDR-38,2024-09-19 07:19:40,40,33,pass,Gideon Thistledown
BRW-01101,POT-0041,SHP-13,CDR-05,2024-08-18 10:47:02,23,149,PASS,Dorian Mistlethorn
BRW-01102,POT-0091,SHP-12,CDR-24,2025-10-09 06:11:20,55,41,Pass,Nimbus Glimmerstone
BRW-01103,POT-0040,SHP-03,CDR-14,2024-08-18 05:14:18,47,60,pass,Oswin Wyrmwood
BRW-01104,POT-0089,SHP-10,CDR-26,2025-02-15T06:07:47Z,50,112,pass,Maribel Netherfield
BRW-01105,POT-0103,SHP-02,CDR-34,2025-06-30T07:04:41Z,53,104,fail,Ambrose Fernwhistle
BRW-01106,POT-0083,SHP-07,CDR-38,2026-05-21 09:58:05,60,140,pass,Maribel Netherfield
BRW-01107,POT-0111,SHP-08,CDR-39,2026-04-30T11:58:36Z,22,41,pass,Dorian Glimmerstone
BRW-01108,POT-0059,SHP-06,CDR-34,2026-04-25T06:22:41Z,23,103,PASS,Dorian Glimmerstone
BRW-01109,POT-0036,SHP-09,CDR-15,2026-02-16T07:42:41Z,47,108,PASS,Hesper Foxglove
BRW-01110,POT-0005,SHP-05,CDR-18,2025-09-08T07:57:44Z,32,44,pass,Maribel Netherfield
BRW-01111,POT-0073,SHP-10,CDR-08,2026-04-11 07:11:21,17,61,Fail,Wendeline Ashgrove
BRW-01112,POT-0082,SHP-11,CDR-13,2025-09-20T10:04:09Z,42,45,pass,Kestrel Foxglove
BRW-01113,POT-0099,SHP-08,CDR-33,2026-03-22T07:59:44Z,18,138,pass,Caspian Thistledown
BRW-01114,POT-0079,SHP-15,CDR-10,2025-01-07T08:27:19Z,23,81,pass,Ambrose Winterbourne
BRW-01115,POT-0062,SHP-11,CDR-15,2024-09-30T06:25:19Z,42,161,pass,Vesper Emberwhisk
BRW-01116,POT-0021,SHP-13,CDR-02,2025-09-01T07:05:16Z,54,91,pass,Dorian Mistlethorn
BRW-01117,POT-0030,SHP-10,CDR-34,2026-05-04T09:28:37Z,22,78,pass,Delphine Mossheart
BRW-01118,POT-0098,SHP-03,CDR-09,2025-09-26 09:46:05,22,99,Fail,Caspian Thistledown
BRW-01119,POT-0107,SHP-02,CDR-12,2026-01-23T11:57:08Z,52,54,pass,Maribel Netherfield
BRW-01120,POT-0030,SHP-04,CDR-06,2026-05-14 11:27:05,53,48,FAIL,Zephyrine Zellandine
BRW-01121,POT-0016,SHP-04,CDR-02,2026-04-03T06:24:07Z,47,114,pass,Zephyrine Zellandine
BRW-01122,POT-0070,SHP-06,CDR-13,2024-12-29T08:50:56Z,14,113,pass,Ambrose Winterbourne
BRW-01123,POT-0076,SHP-15,CDR-05,2026-05-03 10:32:45,21,15,pass,Hesper Cinderfell
BRW-01124,POT-0089,SHP-11,CDR-33,2026-05-02 06:11:05,58,107,pass,Ambrose Winterbourne
BRW-01125,POT-0079,SHP-02,CDR-11,2024-05-31T10:42:04Z,31,64,PASS,Delphine Mossheart
BRW-01126,POT-0074,SHP-02,CDR-31,2026-04-02 08:21:16,51,102,pass,Nimbus Glimmerstone
BRW-01127,POT-0048,SHP-11,CDR-19,2026-04-25T06:15:58Z,29,108,pass,Oswin Wyrmwood
BRW-01128,POT-0062,SHP-04,CDR-32,2024-11-10T08:25:26Z,15,147,pass,Morwenna Wandwright
BRW-01129,POT-0056,SHP-10,CDR-35,2025-09-03T11:16:23Z,39,86,pass,Morwenna Wandwright
BRW-01130,POT-0034,SHP-06,CDR-02,2026-03-15 10:14:24,25,105,pass,Hesper Cinderfell
BRW-01131,POT-0074,SHP-03,CDR-04,2026-05-11T09:40:10Z,49,70,pass,Zephyrine Zellandine
BRW-01132,POT-0102,SHP-14,CDR-28,2025-07-26T11:26:36Z,27,92,pass,Yarrow Ravenscroft
BRW-01133,POT-0085,SHP-07,CDR-01,2025-02-03 11:04:15,39,97,pass,Vesper Emberwhisk
BRW-01134,POT-0050,SHP-04,CDR-06,2025-11-16 07:18:23,54,131,pass,Umbra Thistledown
BRW-01135,POT-0006,SHP-12,CDR-14,2026-03-14T11:03:41Z,57,119,pass,Yarrow Ravenscroft
BRW-01136,POT-0005,SHP-13,CDR-13,2025-08-09 10:51:28,14,47,FAIL,Kestrel Foxglove
BRW-01137,POT-0006,SHP-03,CDR-17,2025-12-26T10:08:26Z,32,109,pass,Hesper Foxglove
BRW-01138,POT-0094,SHP-04,CDR-18,2024-09-07 10:32:12,52,105,pass,Hesper Cinderfell
BRW-01139,POT-0038,SHP-08,CDR-40,2026-01-01T09:28:45Z,29,24,pass,Belladonna Jackdaw
BRW-01140,POT-0104,SHP-07,CDR-38,2025-08-31T06:40:59Z,41,151,Pass,Grizelda Duskwater
BRW-01141,POT-0048,SHP-13,CDR-11,2025-04-20 10:39:58,17,99,PASS,Wendeline Ashgrove
BRW-01142,POT-0088,SHP-13,CDR-08,2025-11-10 05:47:30,20,87,pass,Hesper Foxglove
BRW-01143,POT-0013,SHP-14,CDR-08,2026-05-13 05:34:05,30,96,PASS,Wendeline Ashgrove
BRW-01144,POT-0109,SHP-11,CDR-40,2025-09-26 11:57:36,56,140,Pass,Vesper Emberwhisk
BRW-01145,POT-0016,SHP-14,CDR-17,2026-03-17T07:21:39Z,20,107,pass,Cassia Winterbourne
BRW-01146,POT-0111,SHP-12,CDR-31,2026-01-21T11:36:16Z,26,63,pass,Dorian Glimmerstone
BRW-01147,POT-0005,SHP-09,CDR-22,2026-03-19T09:40:25Z,44,49,pass,Morwenna Wandwright
BRW-01148,POT-0007,SHP-09,CDR-40,2025-09-11 05:12:42,22,124,PASS,Belladonna Jackdaw
BRW-01149,POT-0009,SHP-03,CDR-30,2024-09-15 05:31:59,39,92,pass,Dorian Glimmerstone
BRW-01150,POT-0020,SHP-01,CDR-27,2025-07-20 06:19:21,43,130,pass,Morwenna Wandwright
BRW-01151,POT-0024,SHP-06,CDR-07,2024-08-08 07:46:17,20,134,pass,Wendeline Ashgrove
BRW-01152,POT-0109,SHP-02,CDR-24,2026-06-27T06:55:37Z,11,116,pass,Ambrose Fernwhistle
BRW-01153,POT-0015,SHP-07,CDR-28,2026-06-15 07:57:45,43,124,pass,Yarrow Ravenscroft
BRW-01154,POT-0094,SHP-03,CDR-10,2025-06-24T08:58:16Z,57,96,pass,Caspian Thistledown
BRW-01155,POT-0051,SHP-02,CDR-12,2025-07-18T05:38:55Z,29,61,pass,Vesper Emberwhisk
BRW-01156,POT-0079,SHP-05,CDR-36,2025-10-11 11:16:59,49,63,pass,Delphine Mossheart
BRW-01157,POT-0041,SHP-01,CDR-08,2026-05-15 05:38:13,40,144,pass,Dorian Mistlethorn
BRW-01158,POT-0017,SHP-11,CDR-04,2024-11-16T11:35:39Z,44,154,pass,Kestrel Foxglove
BRW-01159,POT-0091,SHP-12,CDR-08,2026-05-19T08:44:33Z,21,32,PASS,Zephyrine Zellandine
BRW-01160,POT-0001,SHP-06,CDR-08,2025-05-16 09:45:58,17,135,pass,Ambrose Fernwhistle
BRW-01161,POT-0103,SHP-11,CDR-12,2026-01-26 09:41:35,37,113,pass,Hesper Foxglove
BRW-01162,POT-0094,SHP-12,CDR-11,2025-05-27T07:15:41Z,26,101,PASS,Ambrose Fernwhistle
BRW-01163,POT-0035,SHP-03,CDR-02,2025-04-28 05:51:09,10,91,pass,Caspian Thistledown
BRW-01164,POT-0008,SHP-11,CDR-33,2026-02-21T06:05:13Z,18,68,pass,Dorian Mistlethorn
BRW-01165,POT-0042,SHP-10,CDR-27,2024-08-29T05:58:58Z,35,118,pass,Oleander Ravenscroft
BRW-01166,POT-0067,SHP-08,CDR-32,2025-01-14T08:34:05Z,16,26,pass,Cassia Everbright
BRW-01167,POT-0078,SHP-09,CDR-17,2024-11-23T08:36:27Z,56,105,pass,Caspian Thistledown
BRW-01168,POT-0109,SHP-06,CDR-24,2024-12-06 05:47:41,44,130,pass,Lyra Winterbourne
BRW-01169,POT-0007,SHP-09,CDR-25,2026-02-08T11:43:00Z,13,152,pass,Kestrel Foxglove
BRW-01170,POT-0066,SHP-03,CDR-20,2024-08-10 11:51:23,17,73,Pass,Delphine Mossheart
BRW-01171,POT-0004,SHP-03,CDR-15,2025-07-06T06:06:48Z,35,84,pass,Umbra Thistledown
BRW-01172,POT-0120,SHP-11,CDR-16,2026-01-26 06:07:43,34,80,pass,Hesper Cinderfell
BRW-01173,POT-0036,SHP-14,CDR-39,2024-10-13 08:48:45,56,77,pass,Dorian Glimmerstone
BRW-01174,POT-0008,SHP-09,CDR-36,2025-07-03T10:22:54Z,57,66,PASS,Grizelda Kilnworth
BRW-01175,POT-0078,SHP-09,CDR-10,2026-04-24T11:18:56Z,50,63,PASS,Delphine Zellandine
BRW-01176,POT-0025,SHP-07,CDR-19,2024-11-19T05:39:36Z,49,62,pass,Hesper Foxglove
BRW-01177,POT-0111,SHP-10,CDR-19,2026-01-03T09:36:04Z,22,69,PASS,Kestrel Foxglove
BRW-01178,POT-0119,SHP-12,CDR-08,2026-02-27 10:54:57,32,44,Pass,Kestrel Foxglove
BRW-01179,POT-0065,SHP-09,CDR-06,2024-09-30T09:44:04Z,49,42,Pass,Wendeline Ashgrove
BRW-01180,POT-0024,SHP-12,CDR-17,2026-06-16T08:33:22Z,32,,pass,Gideon Thistledown
BRW-01181,POT-0012,SHP-03,CDR-23,2025-05-28T11:15:06Z,50,48,pass,Nimbus Glimmerstone
BRW-01182,POT-0025,SHP-05,CDR-21,2024-10-07 05:17:46,46,70,pass,Vesper Emberwhisk
BRW-01183,POT-0059,SHP-12,CDR-01,2026-05-27T08:55:03Z,48,97,pass,Oleander Ravenscroft
BRW-01184,POT-0012,SHP-07,CDR-38,2024-08-02 10:55:14,40,59,pass,Ambrose Winterbourne
BRW-01185,POT-0084,SHP-07,CDR-32,2025-12-12 10:13:50,51,68,fail,Lyra Winterbourne
BRW-01186,POT-0110,SHP-08,CDR-31,2024-10-24T11:10:45Z,22,155,pass,Dorian Mistlethorn
BRW-01187,POT-0040,SHP-11,CDR-21,2026-04-12T09:50:03Z,49,62,PASS,Umbra Thistledown
BRW-01188,POT-0101,SHP-09,CDR-30,2025-04-01 11:06:45,58,134,pass,Delphine Mossheart
BRW-01189,POT-0022,SHP-07,CDR-24,2025-11-12T08:06:08Z,30,116,pass,Oleander Ravenscroft
BRW-01190,POT-0016,SHP-05,CDR-35,2026-04-24 11:04:13,54,106,pass,Juniper Hollowbranch
BRW-01191,POT-0095,SHP-14,CDR-32,2026-06-23 07:06:26,56,134,pass,Hesper Foxglove
BRW-01192,POT-0016,SHP-13,CDR-13,2026-05-23 05:01:09,23,118,Pass,Grizelda Kilnworth
BRW-01193,POT-0055,SHP-03,CDR-21,2025-10-31T05:20:37Z,44,120,Pass,Vesper Emberwhisk
BRW-01194,POT-0096,SHP-05,CDR-28,2025-05-26T10:14:51Z,18,123,PASS,Oswin Wyrmwood
BRW-01195,POT-0007,SHP-02,CDR-40,2026-03-13T07:36:30Z,41,115,pass,Ambrose Fernwhistle
BRW-01196,POT-0065,SHP-04,CDR-10,2024-07-22T09:25:41Z,16,55,pass,Hesper Cinderfell
BRW-01197,POT-0015,SHP-07,CDR-30,2026-03-06T09:58:01Z,32,111,PASS,Oswin Wyrmwood
BRW-01198,POT-0036,SHP-03,CDR-19,2026-02-27T05:44:50Z,27,106,pass,Nimbus Glimmerstone
BRW-01199,POT-0002,SHP-04,CDR-21,2025-03-05T11:24:52Z,26,80,Pass,Oswin Wyrmwood
BRW-01200,POT-0065,SHP-13,CDR-13,2025-12-16 07:40:23,41,33,pass,Gideon Moonbrook
BRW-01201,POT-0017,SHP-10,CDR-30,2025-12-29 09:40:30,14,156,pass,Gideon Moonbrook
BRW-01202,POT-0048,SHP-14,CDR-33,2025-11-07T07:45:21Z,37,101,pass,Yarrow Ravenscroft
BRW-01203,POT-0094,SHP-06,CDR-37,2026-06-09 09:33:58,21,115,Pass,Thaddeus Frostpetal
BRW-01204,POT-0120,SHP-12,CDR-24,2025-09-29T08:29:21Z,26,111,pass,Vesper Emberwhisk
BRW-01205,POT-0104,SHP-02,CDR-39,2025-11-29T09:00:29Z,12,172,pass,Oswin Wyrmwood
BRW-01206,POT-0078,SHP-07,CDR-31,2024-08-22T05:15:55Z,47,115,PASS,Oleander Ravenscroft
BRW-01207,POT-0038,SHP-14,CDR-12,2026-02-12T10:25:59Z,45,65,Pass,Lyra Winterbourne
BRW-01208,POT-0098,SHP-06,CDR-35,2026-05-16T09:32:27Z,25,79,pass,Grizelda Duskwater
BRW-01209,POT-0101,SHP-04,CDR-04,2025-06-14 05:43:54,11,157,pass,Delphine Zellandine
BRW-01210,POT-0061,SHP-13,CDR-10,2024-12-18T07:27:06Z,28,79,pass,Hesper Foxglove
BRW-01211,POT-0102,SHP-07,CDR-30,2025-10-02T11:35:14Z,29,76,pass,Delphine Zellandine
BRW-01212,POT-0113,SHP-10,CDR-33,2026-04-01T07:08:39Z,31,132,Pass,Morwenna Wandwright
BRW-01213,POT-0107,SHP-01,CDR-19,2025-10-29T06:00:15Z,27,49,pass,Gideon Moonbrook
BRW-01214,POT-0074,SHP-12,CDR-17,2026-05-31 08:27:57,22,75,pass,Wendeline Ashgrove
BRW-01215,POT-0101,SHP-14,CDR-08,2025-11-07 11:52:30,42,169,fail,Delphine Mossheart
BRW-01216,POT-0085,SHP-13,CDR-06,2025-03-23T09:53:29Z,41,147,pass,Delphine Zellandine
BRW-01217,POT-0067,SHP-07,CDR-13,2024-09-17T05:58:19Z,53,48,PASS,Juniper Hollowbranch
BRW-01218,POT-0095,SHP-01,CDR-03,2025-10-16 09:48:32,20,124,pass,Morwenna Wandwright
BRW-01219,POT-0006,SHP-09,CDR-33,2026-02-22T09:11:22Z,24,150,pass,Vesper Emberwhisk
BRW-01220,POT-0120,SHP-04,CDR-05,2025-02-07T07:46:13Z,12,86,PASS,Nimbus Glimmerstone
BRW-01221,POT-0036,SHP-13,CDR-06,2025-09-12T08:53:29Z,11,88,pass,Wendeline Ashgrove
BRW-01222,POT-0058,SHP-15,CDR-07,2026-01-27T11:00:47Z,48,126,pass,Delphine Mossheart
BRW-01223,POT-0028,SHP-15,CDR-23,2026-04-23T05:38:48Z,19,68,PASS,Gideon Moonbrook
BRW-01224,POT-0085,SHP-12,CDR-19,2024-05-23 06:42:47,15,152,pass,Grizelda Duskwater
BRW-01225,POT-0057,SHP-15,CDR-16,2026-06-24T05:22:14Z,41,87,pass,Morwenna Wandwright
BRW-01226,POT-0053,SHP-04,CDR-04,2025-12-04 05:36:12,37,76,pass,Ambrose Fernwhistle
BRW-01227,POT-0011,SHP-14,CDR-04,2024-10-28 07:43:22,11,130,Pass,Morwenna Wandwright
BRW-01228,POT-0001,SHP-13,CDR-22,2025-07-17T06:25:12Z,29,86,pass,Zephyrine Zellandine
BRW-01229,POT-0047,SHP-05,CDR-36,2025-05-26T06:40:32Z,39,95,pass,Maribel Netherfield
BRW-01230,POT-0061,SHP-07,CDR-18,2024-12-21T05:43:50Z,33,76,pass,Gideon Thistledown
BRW-01231,POT-0101,SHP-06,CDR-08,2024-08-06 06:25:38,15,185,fail,Caspian Thistledown
BRW-01232,POT-0025,SHP-05,CDR-05,2025-09-22 05:29:42,10,27,pass,Kestrel Foxglove
BRW-01233,POT-0118,SHP-13,CDR-20,2026-03-28T09:28:38Z,31,81,fail,Morwenna Wandwright
BRW-01234,POT-0047,SHP-06,CDR-07,2025-05-17 08:44:03,50,108,pass,Dorian Mistlethorn
BRW-01235,POT-0111,SHP-03,CDR-14,2026-05-08T11:34:21Z,19,55,pass,Oswin Wyrmwood
BRW-01236,POT-0110,SHP-03,CDR-14,2025-04-06T05:00:44Z,40,139,pass,Ambrose Winterbourne
BRW-01237,POT-0036,SHP-15,CDR-35,2025-03-23T08:57:13Z,41,71,PASS,Morwenna Wandwright
BRW-01238,POT-0027,SHP-05,CDR-13,2026-02-23T11:28:38Z,17,93,pass,Grizelda Duskwater
BRW-01239,POT-0019,SHP-14,CDR-26,2025-02-25T06:49:14Z,13,72,pass,Gideon Moonbrook
BRW-01240,POT-0108,SHP-02,CDR-34,2026-02-28T07:56:22Z,55,72,pass,Dorian Glimmerstone
BRW-01241,POT-0114,SHP-01,CDR-26,2024-08-22T10:47:30Z,10,93,Pass,Cassia Everbright
BRW-01242,POT-0013,SHP-05,CDR-17,2025-12-29T07:22:10Z,46,91,pass,Wendeline Ashgrove
BRW-01243,POT-0086,SHP-06,CDR-18,2026-02-19 07:10:33,48,68,Pass,Ambrose Winterbourne
BRW-01244,POT-0061,SHP-13,CDR-17,2024-09-16 06:59:42,42,92,PASS,Dorian Mistlethorn
BRW-01245,POT-0022,SHP-02,CDR-29,2025-07-15T07:02:11Z,36,100,pass,Ambrose Fernwhistle
BRW-01246,POT-0072,SHP-15,CDR-21,2025-07-11 06:45:46,12,115,pass,Grizelda Duskwater
BRW-01247,POT-0105,SHP-15,CDR-37,2024-06-03T06:29:08Z,25,125,pass,Cassia Winterbourne
BRW-01248,POT-0036,SHP-06,CDR-40,2025-12-14T07:24:19Z,56,97,pass,Caspian Thistledown
BRW-01249,POT-0115,SHP-12,CDR-07,2024-05-05T09:05:38Z,37,154,pass,Nimbus Glimmerstone
BRW-01250,POT-0116,SHP-05,CDR-06,2025-06-29 05:33:06,25,84,pass,Hesper Foxglove
BRW-01251,POT-0011,SHP-15,CDR-17,2026-01-20T09:33:08Z,47,105,pass,Delphine Zellandine
BRW-01252,POT-0074,SHP-07,CDR-34,2026-04-14T07:20:46Z,12,106,pass,Maribel Netherfield
BRW-01253,POT-0078,SHP-10,CDR-34,2024-08-14T09:45:48Z,23,101,pass,Delphine Zellandine
BRW-01254,POT-0034,SHP-15,CDR-23,2025-01-30T09:41:06Z,22,119,pass,Nimbus Glimmerstone
BRW-01255,POT-0102,SHP-07,CDR-21,2026-05-04T05:30:23Z,54,45,pass,Delphine Mossheart
BRW-01256,POT-0024,SHP-12,CDR-09,2025-10-14T11:58:26Z,37,133,pass,Lyra Winterbourne
BRW-01257,POT-0036,SHP-03,CDR-31,2026-04-13 11:59:58,33,124,pass,Gideon Thistledown
BRW-01258,POT-0011,SHP-07,CDR-09,2026-01-06T10:54:23Z,18,116,pass,Hesper Cinderfell
BRW-01259,POT-0089,SHP-14,CDR-01,2024-10-09 05:41:02,25,,pass,Yarrow Ravenscroft
BRW-01260,POT-0024,SHP-14,CDR-17,2025-05-10T08:28:04Z,46,132,pass,Delphine Zellandine
BRW-01261,POT-0119,SHP-01,CDR-28,2026-03-18 05:55:55,24,83,pass,Zephyrine Zellandine
BRW-01262,POT-0114,SHP-02,CDR-38,2025-10-21T05:07:23Z,27,87,pass,Hesper Foxglove
BRW-01263,POT-0013,SHP-10,CDR-28,2026-01-03 11:59:40,27,104,pass,Nimbus Glimmerstone
BRW-01264,POT-0066,SHP-03,CDR-25,2024-07-08T06:30:57Z,32,88,Pass,Gideon Thistledown
BRW-01265,POT-0024,SHP-14,CDR-02,2024-09-07 10:10:27,45,111,PASS,Delphine Mossheart
BRW-01266,POT-0109,SHP-03,CDR-04,2025-03-02 11:25:59,23,124,pass,Dorian Glimmerstone
BRW-01267,POT-0078,SHP-15,CDR-19,2026-02-01T08:01:46Z,57,90,Pass,Gideon Moonbrook
BRW-01268,POT-0044,SHP-10,CDR-12,2026-03-30T09:31:20Z,21,37,Pass,Gideon Moonbrook
BRW-01269,POT-0091,SHP-14,CDR-04,2024-07-23 09:41:43,36,37,fail,Ambrose Fernwhistle
BRW-01270,POT-0085,SHP-06,CDR-35,2024-09-30 05:27:10,10,117,pass,Caspian Thistledown
BRW-01271,POT-0056,SHP-07,CDR-22,2025-12-19T07:00:27Z,16,76,PASS,Thaddeus Frostpetal
BRW-01272,POT-0023,SHP-15,CDR-36,2025-10-12T10:24:40Z,46,142,pass,Ambrose Fernwhistle
BRW-01273,POT-0035,SHP-10,CDR-18,2024-08-11T10:51:17Z,28,85,fail,Umbra Thistledown
BRW-01274,POT-0101,SHP-03,CDR-19,2025-08-30T09:22:15Z,49,164,pass,Grizelda Kilnworth
BRW-01275,POT-0048,SHP-02,CDR-02,2026-01-06 10:17:45,48,115,pass,Zephyrine Zellandine
BRW-01276,POT-0030,SHP-11,CDR-24,2025-10-24 10:15:25,54,52,pass,Delphine Zellandine
BRW-01277,POT-0037,SHP-09,CDR-34,2026-05-28 06:58:05,49,103,pass,Gideon Moonbrook
BRW-01278,POT-0047,SHP-13,CDR-20,2025-02-07T06:04:28Z,28,98,pass,Belladonna Jackdaw
BRW-01279,POT-0041,SHP-09,CDR-39,2025-05-31 10:24:36,55,171,pass,Hesper Cinderfell
BRW-01280,POT-0102,SHP-05,CDR-24,2024-12-04T06:18:48Z,54,83,pass,Nimbus Glimmerstone
BRW-01281,POT-0021,SHP-14,CDR-03,2024-05-29T05:47:16Z,16,91,pass,Hesper Cinderfell
BRW-01282,POT-0064,SHP-12,CDR-03,2024-08-18T06:53:41Z,34,141,pass,Juniper Hollowbranch
BRW-01283,POT-0010,SHP-10,CDR-23,2026-05-03T06:39:32Z,18,132,pass,Grizelda Kilnworth
BRW-01284,POT-0046,SHP-09,CDR-38,2024-10-24T06:06:47Z,10,49,fail,Cassia Everbright
BRW-01285,POT-0049,SHP-09,CDR-14,2024-07-31T06:12:08Z,22,124,pass,Oleander Ravenscroft
BRW-01286,POT-0109,SHP-14,CDR-12,2025-11-12 11:22:18,27,142,pass,Hesper Foxglove
BRW-01287,POT-0032,SHP-12,CDR-33,2025-08-23T06:53:58Z,29,91,fail,Gideon Moonbrook
BRW-01288,POT-0073,SHP-06,CDR-18,2025-02-13 09:49:39,36,18,pass,Grizelda Duskwater
BRW-01289,POT-0044,SHP-07,CDR-08,2025-04-21 10:33:31,29,32,Pass,Juniper Hollowbranch
BRW-01290,POT-0068,SHP-14,CDR-07,2026-01-27T07:36:14Z,53,53,pass,Dorian Mistlethorn
BRW-01291,POT-0044,SHP-04,CDR-20,2025-09-30T08:09:06Z,10,51,pass,Grizelda Duskwater
BRW-01292,POT-0021,SHP-10,CDR-28,2025-05-30T06:12:21Z,58,103,pass,Ambrose Fernwhistle
BRW-01293,POT-0091,SHP-11,CDR-26,2025-08-27 09:29:52,17,25,pass,Lyra Winterbourne
BRW-01294,POT-0105,SHP-04,CDR-40,2024-07-01 07:03:55,34,152,pass,Oleander Ravenscroft
BRW-01295,POT-0104,SHP-06,CDR-20,2025-04-23T05:06:05Z,38,162,Pass,Delphine Zellandine
BRW-01296,POT-0024,SHP-08,CDR-09,2025-10-26 11:44:09,45,123,pass,Wendeline Ashgrove
BRW-01297,POT-0064,SHP-11,CDR-03,2024-08-14T05:52:02Z,26,126,PASS,Dorian Glimmerstone
BRW-01298,POT-0002,SHP-04,CDR-35,2025-06-04T05:30:03Z,27,93,pass,Ambrose Winterbourne
BRW-01299,POT-0005,SHP-08,CDR-06,2025-04-12T08:00:22Z,26,23,pass,Lyra Winterbourne
BRW-01300,POT-0025,SHP-05,CDR-21,2024-07-31T07:24:34Z,18,57,pass,Gideon Moonbrook
BRW-01301,POT-0118,SHP-12,CDR-25,2026-05-29T11:29:12Z,26,72,pass,Thaddeus Frostpetal
BRW-01302,POT-0091,SHP-14,CDR-02,2026-06-07T06:21:05Z,13,17,pass,Hesper Cinderfell
BRW-01303,POT-0054,SHP-07,CDR-04,2026-03-29T11:56:09Z,50,47,pass,Belladonna Jackdaw
BRW-01304,POT-0040,SHP-03,CDR-11,2025-02-02T11:15:08Z,10,63,Pass,Yarrow Ravenscroft
BRW-01305,POT-0063,SHP-14,CDR-21,2025-06-18T11:18:30Z,46,55,pass,Hesper Foxglove
BRW-01306,POT-0029,SHP-05,CDR-24,2024-05-06T06:32:15Z,55,99,pass,Wendeline Ashgrove
BRW-01307,POT-0032,SHP-05,CDR-09,2025-11-19T06:39:58Z,41,98,pass,Hesper Cinderfell
BRW-01308,POT-0101,SHP-14,CDR-19,2025-08-17 06:15:44,46,139,pass,Dorian Glimmerstone
BRW-01309,POT-0013,SHP-08,CDR-13,2025-12-04T05:58:44Z,27,102,Pass,Zephyrine Zellandine
BRW-01310,POT-0076,SHP-11,CDR-13,2025-11-30T11:50:56Z,53,61,pass,Cassia Winterbourne
BRW-01311,POT-0063,SHP-03,CDR-23,2026-01-10T08:25:39Z,54,62,pass,Wendeline Ashgrove
BRW-01312,POT-0089,SHP-02,CDR-27,2026-02-05T10:49:40Z,52,96,fail,Dorian Glimmerstone
BRW-01313,POT-0061,SHP-14,CDR-24,2026-05-27 06:14:02,49,117,pass,Ambrose Winterbourne
BRW-01314,POT-0036,SHP-12,CDR-27,2025-04-06 09:41:45,48,63,pass,Hesper Foxglove
BRW-01315,POT-0005,SHP-05,CDR-30,2026-02-12 08:26:37,15,64,pass,Delphine Mossheart
BRW-01316,POT-0070,SHP-12,CDR-10,2025-10-11 05:11:40,49,128,PASS,Vesper Emberwhisk
BRW-01317,POT-0068,SHP-06,CDR-09,2026-02-04T11:50:56Z,57,70,pass,Cassia Winterbourne
BRW-01318,POT-0006,SHP-02,CDR-05,2025-11-22T09:00:42Z,19,135,pass,Dorian Glimmerstone
BRW-01319,POT-0008,SHP-15,CDR-22,2025-10-14 05:52:23,20,79,PASS,Dorian Glimmerstone
BRW-01320,POT-0117,SHP-01,CDR-38,2026-02-24T06:07:08Z,27,15,PASS,Caspian Thistledown
BRW-01321,POT-0113,SHP-14,CDR-13,2025-10-19T10:29:50Z,21,160,pass,Belladonna Jackdaw
BRW-01322,POT-0033,SHP-07,CDR-27,2025-03-16T07:34:35Z,11,82,pass,Morwenna Wandwright
BRW-01323,POT-0028,SHP-06,CDR-18,2026-04-17T10:25:19Z,14,73,Pass,Hesper Foxglove
BRW-01324,POT-0097,SHP-09,CDR-11,2026-02-01T05:50:23Z,35,131,Pass,Nimbus Glimmerstone
BRW-01325,POT-0043,SHP-14,CDR-25,2024-09-25T11:25:15Z,30,38,pass,Zephyrine Zellandine
BRW-01326,POT-0046,SHP-09,CDR-36,2024-09-17T08:17:42Z,16,53,pass,Umbra Thistledown
BRW-01327,POT-0020,SHP-06,CDR-32,2026-02-16T05:32:51Z,41,130,pass,Caspian Thistledown
BRW-01328,POT-0028,SHP-15,CDR-33,2026-06-14T11:24:13Z,45,51,pass,Cassia Everbright
BRW-01329,POT-0022,SHP-12,CDR-12,2024-07-19T11:58:54Z,40,109,pass,Grizelda Duskwater
BRW-01330,POT-0003,SHP-09,CDR-09,2025-03-06T09:31:04Z,11,50,pass,Maribel Netherfield
BRW-01331,POT-0104,SHP-01,CDR-04,2026-06-13 05:27:06,48,145,pass,Hesper Foxglove
BRW-01332,POT-0033,SHP-12,CDR-03,2025-03-05T10:46:14Z,49,69,pass,Dorian Mistlethorn
BRW-01333,POT-0002,SHP-03,CDR-07,2025-07-29 10:15:55,21,91,pass,Dorian Glimmerstone
BRW-01334,POT-0096,SHP-03,CDR-13,2025-10-10T07:56:03Z,37,111,PASS,Delphine Mossheart
BRW-01335,POT-0040,SHP-05,CDR-15,2025-08-28 11:32:54,58,88,PASS,Hesper Cinderfell
BRW-01336,POT-0061,SHP-15,CDR-07,2025-03-31 06:15:59,22,100,Pass,Cassia Everbright
BRW-01337,POT-0090,SHP-09,CDR-06,2024-10-22T09:35:57Z,36,111,pass,Dorian Glimmerstone
BRW-01338,POT-0022,SHP-02,CDR-01,2026-02-21 08:26:59,50,117,pass,Kestrel Foxglove
BRW-01339,POT-0006,SHP-04,CDR-40,2026-05-07T08:25:28Z,45,100,PASS,Zephyrine Zellandine
BRW-01340,POT-0036,SHP-10,CDR-12,2026-03-18 10:54:55,35,96,pass,Cassia Everbright
BRW-01341,POT-0107,SHP-11,CDR-15,2025-07-08T09:51:23Z,51,45,pass,Yarrow Ravenscroft
BRW-01342,POT-0044,SHP-11,CDR-03,2024-11-29T11:47:32Z,25,58,pass,Grizelda Duskwater
BRW-01343,POT-0101,SHP-04,CDR-39,2026-04-27T10:40:17Z,17,139,PASS,Cassia Everbright
BRW-01344,POT-0059,SHP-14,CDR-23,2026-06-15T08:28:33Z,29,86,pass,Oleander Ravenscroft
BRW-01345,POT-0012,SHP-11,CDR-11,2025-11-01 05:37:20,58,85,Pass,Dorian Mistlethorn
BRW-01346,POT-0111,SHP-08,CDR-40,2026-04-29 08:34:37,12,60,pass,Yarrow Ravenscroft
BRW-01347,POT-0113,SHP-09,CDR-33,2025-07-14 08:53:19,28,153,pass,Zephyrine Zellandine
BRW-01348,POT-0029,SHP-14,CDR-16,2026-03-25T11:58:59Z,42,91,pass,Yarrow Ravenscroft
BRW-01349,POT-0048,SHP-07,CDR-09,2025-08-01 08:50:58,14,102,pass,Delphine Mossheart
BRW-01350,POT-0098,SHP-13,CDR-10,2026-06-08T07:00:58Z,10,108,pass,Maribel Netherfield
BRW-01351,POT-0062,SHP-11,CDR-03,2024-09-22T10:16:54Z,44,159,PASS,Oleander Ravenscroft
BRW-01352,POT-0056,SHP-13,CDR-26,2025-12-03 08:43:41,28,88,pass,Hesper Cinderfell
BRW-01353,POT-0082,SHP-03,CDR-31,2025-08-28 06:06:37,31,59,Pass,Delphine Zellandine
BRW-01354,POT-0108,SHP-13,CDR-25,2025-02-07T05:58:24Z,17,75,pass,Caspian Thistledown
BRW-01355,POT-0027,SHP-06,CDR-31,2026-05-16 05:58:07,28,93,pass,Maribel Netherfield
BRW-01356,POT-0091,SHP-02,CDR-36,2024-09-28T07:13:51Z,10,37,pass,Oswin Wyrmwood
BRW-01357,POT-0078,SHP-09,CDR-40,2025-08-01T09:38:52Z,28,117,pass,Gideon Thistledown
BRW-01358,POT-0095,SHP-11,CDR-32,2026-01-25T07:10:48Z,29,147,pass,Kestrel Foxglove
BRW-01359,POT-0106,SHP-15,CDR-22,2025-12-16T05:44:51Z,38,65,Pass,Juniper Hollowbranch
BRW-01360,POT-0083,SHP-12,CDR-23,2025-04-26T05:00:22Z,15,131,Pass,Ambrose Fernwhistle
BRW-01361,POT-0110,SHP-04,CDR-04,2025-05-18T11:55:56Z,38,130,pass,Delphine Zellandine
BRW-01362,POT-0111,SHP-06,CDR-12,2026-01-05T07:45:42Z,19,85,pass,Wendeline Ashgrove
BRW-01363,POT-0103,SHP-06,CDR-40,2025-03-02T09:05:58Z,19,102,pass,Lyra Winterbourne
BRW-01364,POT-0062,SHP-11,CDR-38,2024-12-01T05:47:02Z,37,133,Pass,Umbra Thistledown
BRW-01365,POT-0071,SHP-13,CDR-03,2026-05-26T07:10:13Z,45,126,PASS,Maribel Netherfield
BRW-01366,POT-0084,SHP-05,CDR-10,2024-08-20 11:32:23,14,107,pass,Hesper Cinderfell
BRW-01367,POT-0090,SHP-02,CDR-19,2025-10-06 10:34:59,58,109,pass,Gideon Moonbrook
BRW-01368,POT-0116,SHP-15,CDR-20,2025-03-03T10:20:24Z,16,88,Pass,Morwenna Wandwright
BRW-01369,POT-0040,SHP-07,CDR-01,2025-08-29T05:27:32Z,57,51,Pass,Umbra Thistledown
BRW-01370,POT-0021,SHP-14,CDR-10,2024-08-24T06:56:16Z,58,98,Pass,Lyra Winterbourne
BRW-01371,POT-0016,SHP-06,CDR-06,2026-05-13T11:46:20Z,15,122,pass,Caspian Thistledown
BRW-01372,POT-0048,SHP-05,CDR-19,2026-04-24 11:21:26,40,84,PASS,Kestrel Foxglove
BRW-01373,POT-0056,SHP-01,CDR-03,2026-06-10T06:47:35Z,42,107,Pass,Vesper Emberwhisk
BRW-01374,POT-0111,SHP-01,CDR-11,2026-01-21 10:01:29,19,82,Pass,Belladonna Jackdaw
BRW-01375,POT-0043,SHP-05,CDR-12,2024-05-24T05:49:01Z,55,52,pass,Morwenna Wandwright
BRW-01376,POT-0007,SHP-07,CDR-13,2025-10-31 09:03:48,54,138,pass,Morwenna Wandwright
BRW-01377,POT-0057,SHP-14,CDR-28,2025-04-01T10:53:02Z,25,65,pass,Lyra Winterbourne
BRW-01378,POT-0055,SHP-10,CDR-30,2026-02-26 09:59:27,18,75,pass,Belladonna Jackdaw
BRW-01379,POT-0119,SHP-04,CDR-34,2025-10-06T05:29:00Z,47,62,pass,Grizelda Duskwater
BRW-01380,POT-0118,SHP-02,CDR-39,2026-03-29 06:00:49,26,53,pass,Delphine Zellandine
BRW-01381,POT-0106,SHP-11,CDR-39,2025-04-24 05:13:20,20,47,pass,Ambrose Fernwhistle
BRW-01382,POT-0108,SHP-09,CDR-16,2024-08-05T11:06:44Z,23,58,pass,Juniper Hollowbranch
BRW-01383,POT-0102,SHP-05,CDR-33,2025-05-15T09:50:18Z,38,90,pass,Thaddeus Frostpetal
BRW-01384,POT-0072,SHP-01,CDR-08,2025-04-23T10:42:47Z,15,125,Pass,Grizelda Duskwater
BRW-01385,POT-0036,SHP-01,CDR-37,2024-09-24T11:45:40Z,27,99,Pass,Hesper Foxglove
BRW-01386,POT-0016,SHP-08,CDR-30,2026-06-30T07:45:41Z,22,95,pass,Oswin Wyrmwood
BRW-01387,POT-0050,SHP-14,CDR-40,2026-03-16 06:08:05,19,151,Fail,Grizelda Kilnworth
BRW-01388,POT-0008,SHP-13,CDR-30,2025-11-26T09:20:59Z,29,63,pass,Ambrose Fernwhistle
BRW-01389,POT-0095,SHP-11,CDR-10,2025-12-09T06:42:46Z,11,164,pass,Wendeline Ashgrove
BRW-01390,POT-0105,SHP-11,CDR-21,2025-11-25 05:44:31,45,139,pass,Gideon Moonbrook
BRW-01391,POT-0045,SHP-15,CDR-37,2025-09-26 10:46:45,44,53,pass,Grizelda Duskwater
BRW-01392,POT-0033,SHP-07,CDR-33,2025-06-10T11:28:40Z,45,77,PASS,Ambrose Fernwhistle
BRW-01393,POT-0076,SHP-10,CDR-15,2026-02-23 09:15:46,15,41,pass,Caspian Thistledown
BRW-01394,POT-0036,SHP-01,CDR-16,2025-05-21T05:13:49Z,24,68,pass,Gideon Moonbrook
BRW-01395,POT-0116,SHP-01,CDR-40,2025-10-08T10:33:30Z,47,100,pass,Oswin Wyrmwood
BRW-01396,POT-0082,SHP-01,CDR-09,2025-06-05 11:43:17,54,77,PASS,Lyra Winterbourne
BRW-01397,POT-0119,SHP-05,CDR-23,2025-05-06T10:31:28Z,17,92,pass,Gideon Moonbrook
BRW-01398,POT-0009,SHP-10,CDR-09,2024-12-21 11:38:33,37,88,Pass,Vesper Emberwhisk
BRW-01399,POT-0027,SHP-13,CDR-02,2026-03-20T06:17:51Z,36,96,pass,Cassia Winterbourne
BRW-01400,POT-0079,SHP-07,CDR-11,2024-06-19 09:27:22,21,101,PASS,Ambrose Winterbourne
BRW-01401,POT-0086,SHP-15,CDR-22,2026-04-15 06:21:24,19,81,PASS,Vesper Emberwhisk
BRW-01402,POT-0002,SHP-13,CDR-07,2025-01-22 06:31:37,51,83,pass,Ambrose Fernwhistle
BRW-01403,POT-0041,SHP-03,CDR-03,2024-05-27 07:59:46,15,146,Pass,Umbra Thistledown
BRW-01404,POT-0009,SHP-06,CDR-12,2025-06-15 07:46:53,31,74,Pass,Morwenna Wandwright
BRW-01405,POT-0016,SHP-13,CDR-04,2026-03-18 11:49:15,51,129,pass,Nimbus Glimmerstone
BRW-01406,POT-0039,SHP-15,CDR-20,2025-08-30T11:15:51Z,53,176,pass,Vesper Emberwhisk
BRW-01407,POT-0079,SHP-05,CDR-22,2024-10-14T10:49:32Z,15,72,pass,Lyra Winterbourne
BRW-01408,POT-0006,SHP-15,CDR-12,2026-02-21 10:37:42,49,142,Pass,Zephyrine Zellandine
BRW-01409,POT-0085,SHP-05,CDR-33,2024-05-09 10:23:59,56,141,Pass,Juniper Hollowbranch
BRW-01410,POT-0082,SHP-09,CDR-26,2025-09-09 06:11:09,23,51,Pass,Zephyrine Zellandine
BRW-01411,POT-0032,SHP-11,CDR-30,2025-08-05T08:59:04Z,12,108,Pass,Juniper Hollowbranch
BRW-01412,POT-0058,SHP-11,CDR-29,2024-10-15T09:32:41Z,43,130,pass,Lyra Winterbourne
BRW-01413,POT-0051,SHP-14,CDR-11,2025-07-16T06:31:08Z,27,61,PASS,Umbra Thistledown
BRW-01414,POT-0054,SHP-08,CDR-07,2026-02-16 09:08:57,41,36,pass,Belladonna Jackdaw
BRW-01415,POT-0036,SHP-06,CDR-04,2025-11-05 06:04:52,36,111,pass,Thaddeus Frostpetal
BRW-01416,POT-0053,SHP-04,CDR-39,2025-12-21 08:04:54,36,110,pass,Hesper Foxglove
BRW-01417,POT-0011,SHP-14,CDR-02,2024-06-09 06:44:06,56,110,pass,Umbra Thistledown
BRW-01418,POT-0063,SHP-06,CDR-26,2026-01-05T06:42:09Z,20,55,pass,Morwenna Wandwright
BRW-01419,POT-0106,SHP-09,CDR-13,2026-03-30 07:29:06,41,104,pass,Vesper Emberwhisk
BRW-01420,POT-0082,SHP-12,CDR-34,2024-10-08T06:01:55Z,45,65,pass,Nimbus Glimmerstone
BRW-01421,POT-0113,SHP-02,CDR-18,2025-06-26T10:24:26Z,56,140,pass,Delphine Zellandine
BRW-01422,POT-0022,SHP-06,CDR-07,2024-09-13T11:30:04Z,18,107,PASS,Grizelda Duskwater
BRW-01423,POT-0001,SHP-01,CDR-15,2025-03-04T07:39:17Z,40,125,Pass,Hesper Foxglove
BRW-01424,POT-0078,SHP-11,CDR-34,2025-07-21 09:22:58,35,89,pass,Grizelda Duskwater
BRW-01425,POT-0042,SHP-06,CDR-26,2026-06-25 10:18:55,37,79,Pass,Nimbus Glimmerstone
BRW-01426,POT-0088,SHP-10,CDR-29,2026-06-07T05:53:46Z,36,81,pass,Ambrose Fernwhistle
BRW-01427,POT-0065,SHP-04,CDR-37,2024-11-26 11:14:11,18,51,pass,Wendeline Ashgrove
BRW-01428,POT-0054,SHP-09,CDR-20,2026-06-19T07:07:11Z,40,35,fail,Vesper Emberwhisk
BRW-01429,POT-0023,SHP-11,CDR-14,2026-01-31T06:35:22Z,18,156,pass,Gideon Thistledown
BRW-01430,POT-0025,SHP-02,CDR-05,2026-05-19T05:06:40Z,14,53,pass,Grizelda Duskwater
BRW-01431,POT-0001,SHP-03,CDR-25,2025-01-02 05:43:06,41,95,pass,Vesper Emberwhisk
BRW-01432,POT-0089,SHP-02,CDR-09,2025-01-03T06:32:11Z,39,108,fail,Kestrel Foxglove
BRW-01433,POT-0010,SHP-08,CDR-37,2026-01-26T08:18:34Z,35,128,pass,Vesper Emberwhisk
BRW-01434,POT-0028,SHP-09,CDR-35,2026-06-10T10:57:58Z,32,40,fail,Maribel Netherfield
BRW-01435,POT-0091,SHP-03,CDR-32,2025-06-04 10:07:43,51,27,pass,Cassia Winterbourne
BRW-01436,POT-0044,SHP-07,CDR-12,2025-02-28T07:24:40Z,59,50,pass,Nimbus Glimmerstone
BRW-01437,POT-0057,SHP-14,CDR-32,2025-12-30 05:13:14,18,61,pass,Hesper Foxglove
BRW-01438,POT-0024,SHP-04,CDR-08,2025-11-11 06:42:05,42,158,pass,Lyra Winterbourne
BRW-01439,POT-0059,SHP-11,CDR-16,2026-04-01T08:52:27Z,35,111,pass,Caspian Thistledown
BRW-01440,POT-0113,SHP-07,CDR-03,2026-02-21T09:25:59Z,17,137,pass,Delphine Mossheart
BRW-01441,POT-0036,SHP-12,CDR-11,2025-06-19 05:18:32,33,118,pass,Delphine Mossheart
BRW-01442,POT-0089,SHP-11,CDR-06,2024-06-13 05:19:33,42,105,Pass,Hesper Cinderfell
BRW-01443,POT-0100,SHP-12,CDR-39,2026-03-07 06:53:33,44,63,pass,Hesper Foxglove
BRW-01444,POT-0056,SHP-05,CDR-23,2026-06-23 07:07:25,57,74,pass,Belladonna Jackdaw
BRW-01445,POT-0110,SHP-03,CDR-20,2025-10-02T10:38:25Z,52,162,pass,Oswin Wyrmwood
BRW-01446,POT-0057,SHP-15,CDR-05,2025-03-30T09:27:26Z,47,86,Pass,Juniper Hollowbranch
BRW-01447,POT-0071,SHP-03,CDR-38,2025-07-25 11:47:14,38,95,Pass,Oswin Wyrmwood
BRW-01448,POT-0105,SHP-06,CDR-33,2024-05-18 05:19:49,15,156,pass,Maribel Netherfield
BRW-01449,POT-0101,SHP-09,CDR-19,2025-11-18 06:41:31,24,108,PASS,Kestrel Foxglove
BRW-01450,POT-0105,SHP-02,CDR-26,2025-03-22T09:01:52Z,29,119,pass,Caspian Thistledown
BRW-01451,POT-0017,SHP-06,CDR-32,2025-03-17T05:00:41Z,14,131,pass,Grizelda Duskwater
BRW-01452,POT-0065,SHP-04,CDR-40,2025-06-17 07:17:39,48,47,fail,Zephyrine Zellandine
BRW-01453,POT-0083,SHP-01,CDR-22,2024-07-07T11:06:11Z,14,154,PASS,Nimbus Glimmerstone
BRW-01454,POT-0013,SHP-09,CDR-39,2026-05-06 05:53:17,52,98,pass,Morwenna Wandwright
BRW-01455,POT-0087,SHP-06,CDR-15,2026-04-03T06:15:30Z,10,28,pass,Dorian Glimmerstone
BRW-01456,POT-0100,SHP-01,CDR-39,2025-04-30 08:46:31,27,84,Pass,Juniper Hollowbranch
BRW-01457,POT-0079,SHP-10,CDR-38,2024-05-12 06:50:53,12,71,pass,Oswin Wyrmwood
BRW-01458,POT-0052,SHP-04,CDR-18,2026-04-09T09:38:02Z,16,99,pass,Kestrel Foxglove
BRW-01459,POT-0100,SHP-12,CDR-21,2025-02-26 10:59:15,23,81,PASS,Hesper Cinderfell
BRW-01460,POT-0103,SHP-06,CDR-15,2024-09-28T07:24:39Z,34,131,pass,Lyra Winterbourne
BRW-01461,POT-0036,SHP-05,CDR-26,2025-11-18 11:40:09,55,73,pass,Grizelda Duskwater
BRW-01462,POT-0003,SHP-07,CDR-03,2024-05-31T10:52:22Z,43,55,pass,Caspian Thistledown
BRW-01463,POT-0027,SHP-07,CDR-14,2026-02-27 08:01:33,26,108,pass,Nimbus Glimmerstone
BRW-01464,POT-0106,SHP-10,CDR-29,2025-04-19T09:12:28Z,60,60,pass,Juniper Hollowbranch
BRW-01465,POT-0093,SHP-12,CDR-08,2025-09-05T09:36:29Z,11,94,pass,Gideon Thistledown
BRW-01466,POT-0025,SHP-13,CDR-20,2024-10-29 09:14:04,38,55,pass,Maribel Netherfield
BRW-01467,POT-0107,SHP-07,CDR-30,2025-10-04 10:25:15,49,21,fail,Dorian Glimmerstone
BRW-01468,POT-0012,SHP-13,CDR-06,2025-10-29T07:22:00Z,24,91,pass,Juniper Hollowbranch
BRW-01469,POT-0005,SHP-05,CDR-16,2024-07-14T05:39:47Z,55,41,pass,Juniper Hollowbranch
BRW-01470,POT-0095,SHP-03,CDR-18,2026-03-30 08:01:55,32,106,pass,Grizelda Duskwater
BRW-01471,POT-0043,SHP-12,CDR-31,2026-02-13 09:38:42,15,70,PASS,Ambrose Winterbourne
BRW-01472,POT-0100,SHP-15,CDR-35,2026-06-05T09:01:53Z,23,86,pass,Gideon Moonbrook
BRW-01473,POT-0115,SHP-06,CDR-22,2024-10-03 08:07:15,11,131,Pass,Hesper Cinderfell
BRW-01474,POT-0044,SHP-03,CDR-23,2026-03-19T09:00:43Z,47,71,pass,Delphine Zellandine
BRW-01475,POT-0092,SHP-04,CDR-35,2025-03-29 11:48:32,25,83,fail,Grizelda Kilnworth
BRW-01476,POT-0063,SHP-15,CDR-16,2025-08-05T06:13:26Z,27,80,pass,Hesper Foxglove
BRW-01477,POT-0034,SHP-06,CDR-07,2025-01-31T06:54:04Z,47,122,Pass,Oswin Wyrmwood
BRW-01478,POT-0019,SHP-10,CDR-36,2024-09-11 06:23:01,53,93,Pass,Caspian Thistledown
BRW-01479,POT-0032,SHP-10,CDR-35,2025-07-04 08:08:38,43,114,pass,Grizelda Kilnworth
BRW-01480,POT-0034,SHP-04,CDR-07,2025-12-14T05:04:07Z,55,92,fail,Gideon Moonbrook
BRW-01481,POT-0005,SHP-13,CDR-06,2025-03-11T11:32:35Z,59,36,Pass,Gideon Thistledown
BRW-01482,POT-0089,SHP-14,CDR-25,2025-03-01T06:04:57Z,58,92,pass,Delphine Zellandine
BRW-01483,POT-0057,SHP-01,CDR-09,2025-08-06T08:41:24Z,26,76,pass,Delphine Mossheart
BRW-01484,POT-0071,SHP-13,CDR-31,2025-05-06T05:47:59Z,43,97,pass,Oswin Wyrmwood
BRW-01485,POT-0109,SHP-01,CDR-40,2025-01-07T11:40:59Z,52,135,PASS,Cassia Everbright
BRW-01486,POT-0062,SHP-13,CDR-25,2025-03-12 09:39:31,23,163,pass,Gideon Thistledown
BRW-01487,POT-0118,SHP-11,CDR-25,2026-03-11 11:59:44,10,48,Pass,Cassia Everbright
BRW-01488,POT-0056,SHP-10,CDR-06,2025-10-02T07:09:20Z,55,79,PASS,Grizelda Kilnworth
BRW-01489,POT-0062,SHP-13,CDR-16,2024-08-04T05:19:35Z,57,161,pass,Hesper Foxglove
BRW-01490,POT-0095,SHP-05,CDR-10,2025-06-14 11:39:03,53,126,pass,Ambrose Winterbourne
BRW-01491,POT-0016,SHP-07,CDR-13,2026-06-05 11:53:53,13,127,PASS,Grizelda Kilnworth
BRW-01492,POT-0072,SHP-03,CDR-10,2025-10-18 07:25:07,33,123,pass,Yarrow Ravenscroft
BRW-01493,POT-0053,SHP-14,CDR-21,2025-04-17 07:15:45,26,97,PASS,Dorian Glimmerstone
BRW-01494,POT-0069,SHP-11,CDR-16,2026-02-05T05:31:29Z,37,134,fail,Maribel Netherfield
BRW-01495,POT-0028,SHP-11,CDR-14,2026-06-22T07:14:20Z,38,62,PASS,Belladonna Jackdaw
BRW-01496,POT-0102,SHP-13,CDR-11,2026-02-05T08:29:03Z,17,82,Pass,Cassia Winterbourne
BRW-01497,POT-0008,SHP-03,CDR-05,2025-09-11T11:08:53Z,22,67,pass,Oswin Wyrmwood
BRW-01498,POT-0042,SHP-10,CDR-08,2024-09-25T05:01:52Z,54,80,pass,Wendeline Ashgrove
BRW-01499,POT-0091,SHP-09,CDR-26,2025-02-10T05:41:54Z,38,46,Pass,Maribel Netherfield
BRW-01500,POT-0033,SHP-10,CDR-40,2026-01-25T05:35:49Z,59,93,Pass,Delphine Mossheart
BRW-01501,POT-0049,SHP-05,CDR-22,2024-11-11 10:22:01,28,140,pass,Gideon Thistledown
BRW-01502,POT-0094,SHP-01,CDR-32,2025-01-06T06:34:06Z,55,102,Pass,Delphine Zellandine
BRW-01503,POT-0088,SHP-04,CDR-01,2026-02-25 11:11:40,52,97,PASS,Nimbus Glimmerstone
BRW-01504,POT-0077,SHP-06,CDR-33,2025-12-28T08:14:10Z,60,85,pass,Grizelda Duskwater
BRW-01505,POT-0033,SHP-10,CDR-34,2026-04-28T05:40:09Z,38,96,Pass,Caspian Thistledown
BRW-01506,POT-0069,SHP-06,CDR-27,2024-12-13 07:19:43,14,109,Pass,Cassia Everbright
BRW-01507,POT-0105,SHP-01,CDR-02,2024-07-17 05:31:22,10,109,pass,Juniper Hollowbranch
BRW-01508,POT-0048,SHP-03,CDR-07,2026-04-08T07:50:12Z,40,90,PASS,Vesper Emberwhisk
BRW-01509,POT-0021,SHP-04,CDR-25,2024-06-30T07:44:02Z,34,90,pass,Ambrose Winterbourne
BRW-01510,POT-0030,SHP-12,CDR-24,2026-06-23 08:14:32,60,59,PASS,Hesper Foxglove
BRW-01511,POT-0119,SHP-11,CDR-25,2024-11-12T09:53:42Z,31,75,pass,Oleander Ravenscroft
BRW-01512,POT-0066,SHP-05,CDR-22,2026-03-16T11:55:58Z,49,94,pass,Kestrel Foxglove
BRW-01513,POT-0034,SHP-01,CDR-06,2026-02-09T10:38:07Z,44,122,fail,Ambrose Winterbourne
BRW-01514,POT-0010,SHP-07,CDR-36,2026-02-21T07:42:50Z,30,132,Pass,Nimbus Glimmerstone
BRW-01515,POT-0065,SHP-03,CDR-17,2025-10-15 11:13:42,41,54,pass,Zephyrine Zellandine
BRW-01516,POT-0013,SHP-03,CDR-40,2026-06-26 06:19:13,13,78,pass,Hesper Foxglove
BRW-01517,POT-0056,SHP-07,CDR-33,2025-08-30 06:13:02,25,82,pass,Dorian Glimmerstone
BRW-01518,POT-0041,SHP-03,CDR-09,2026-04-21 08:08:19,33,150,Pass,Juniper Hollowbranch
BRW-01519,POT-0113,SHP-11,CDR-12,2025-03-17 10:49:57,30,149,Pass,Lyra Winterbourne
BRW-01520,POT-0059,SHP-07,CDR-28,2026-04-28 10:26:16,27,102,fail,Lyra Winterbourne
BRW-01521,POT-0116,SHP-07,CDR-01,2025-12-18T08:42:03Z,21,92,pass,Delphine Zellandine
BRW-01522,POT-0116,SHP-03,CDR-18,2025-04-03 06:48:00,31,118,pass,Ambrose Winterbourne
BRW-01523,POT-0001,SHP-08,CDR-11,2026-03-20T08:09:39Z,35,81,pass,Thaddeus Frostpetal
BRW-01524,POT-0067,SHP-14,CDR-07,2024-10-12T11:21:29Z,46,41,Pass,Zephyrine Zellandine
BRW-01525,POT-0028,SHP-01,CDR-12,2026-02-18T10:50:38Z,46,73,pass,Delphine Mossheart
BRW-01526,POT-0026,SHP-09,CDR-28,2025-05-23T05:55:29Z,35,143,Pass,Ambrose Fernwhistle
BRW-01527,POT-0066,SHP-14,CDR-25,2025-01-10T07:05:21Z,28,63,Pass,Oleander Ravenscroft
BRW-01528,POT-0032,SHP-10,CDR-10,2026-01-02 09:56:44,16,95,PASS,Kestrel Foxglove
BRW-01529,POT-0111,SHP-03,CDR-17,2026-04-03T07:25:25Z,20,95,pass,Wendeline Ashgrove
BRW-01530,POT-0033,SHP-02,CDR-27,2025-10-16 05:50:42,38,57,Pass,Cassia Everbright
BRW-01531,POT-0016,SHP-14,CDR-34,2026-04-08T07:45:05Z,55,108,pass,Thaddeus Frostpetal
BRW-01532,POT-0008,SHP-03,CDR-33,2025-07-07T07:27:45Z,27,58,pass,Morwenna Wandwright
BRW-01533,POT-0118,SHP-15,CDR-26,2026-03-14T07:31:37Z,30,52,pass,Delphine Zellandine
BRW-01534,POT-0011,SHP-14,CDR-19,2024-10-30T05:28:12Z,46,116,pass,Morwenna Wandwright
BRW-01535,POT-0004,SHP-09,CDR-23,2026-01-22T10:41:39Z,34,110,Pass,Delphine Zellandine
BRW-01536,POT-0032,SHP-15,CDR-33,2025-09-28T11:30:44Z,26,144,pass,Hesper Foxglove
BRW-01537,POT-0111,SHP-10,CDR-38,2026-02-24T10:54:57Z,32,51,PASS,Umbra Thistledown
BRW-01538,POT-0016,SHP-09,CDR-40,2026-03-16T09:16:32Z,13,103,pass,Lyra Winterbourne
BRW-01539,POT-0077,SHP-09,CDR-31,2025-10-21 07:36:24,44,115,pass,Cassia Winterbourne
BRW-01540,POT-0002,SHP-03,CDR-34,2024-05-05T07:16:35Z,18,79,pass,Maribel Netherfield
BRW-01541,POT-0066,SHP-04,CDR-32,2026-03-31T09:51:26Z,58,83,Pass,Oleander Ravenscroft
BRW-01542,POT-0057,SHP-10,CDR-30,2025-08-22T11:07:43Z,18,60,Pass,Delphine Mossheart
BRW-01543,POT-0010,SHP-13,CDR-09,2026-01-29 08:04:37,49,82,Pass,Wendeline Ashgrove
BRW-01544,POT-0068,SHP-09,CDR-03,2025-08-21 11:07:42,47,54,pass,Oleander Ravenscroft
BRW-01545,POT-0118,SHP-10,CDR-37,2026-03-04T07:35:39Z,40,48,pass,Caspian Thistledown
BRW-01546,POT-0065,SHP-08,CDR-02,2024-11-30T09:42:06Z,59,69,pass,Ambrose Winterbourne
BRW-01547,POT-0102,SHP-01,CDR-31,2024-09-18 06:02:54,45,61,Fail,Hesper Foxglove
BRW-01548,POT-0100,SHP-08,CDR-21,2026-05-02 08:08:11,30,123,PASS,Oleander Ravenscroft
BRW-01549,POT-0102,SHP-09,CDR-38,2025-05-31T09:15:08Z,43,53,fail,Cassia Winterbourne
BRW-01550,POT-0055,SHP-02,CDR-19,2026-06-17 08:07:13,38,90,PASS,Dorian Mistlethorn
BRW-01551,POT-0114,SHP-03,CDR-05,2025-05-09T08:35:43Z,33,75,Pass,Maribel Netherfield
BRW-01552,POT-0096,SHP-15,CDR-39,2025-06-18T11:35:20Z,16,143,pass,Kestrel Foxglove
BRW-01553,POT-0061,SHP-10,CDR-11,2024-11-17 10:54:36,14,97,pass,Zephyrine Zellandine
BRW-01554,POT-0036,SHP-12,CDR-24,2026-04-06T08:05:50Z,18,86,pass,Delphine Mossheart
BRW-01555,POT-0056,SHP-10,CDR-31,2026-03-28T10:13:12Z,10,55,pass,Dorian Glimmerstone
BRW-01556,POT-0050,SHP-09,CDR-19,2025-04-09T05:36:11Z,44,154,pass,Gideon Thistledown
BRW-01557,POT-0049,SHP-02,CDR-14,2024-08-01T06:41:37Z,40,117,pass,Thaddeus Frostpetal
BRW-01558,POT-0003,SHP-09,CDR-37,2026-05-13T06:28:26Z,18,76,pass,Delphine Zellandine
BRW-01559,POT-0063,SHP-11,CDR-25,2026-02-06T10:02:34Z,37,66,pass,Zephyrine Zellandine
BRW-01560,POT-0010,SHP-02,CDR-20,2026-04-20T08:59:50Z,17,134,pass,Caspian Thistledown
BRW-01561,POT-0050,SHP-04,CDR-01,2026-01-22T11:58:48Z,23,136,pass,Ambrose Winterbourne
BRW-01562,POT-0095,SHP-12,CDR-33,2026-04-13T06:36:26Z,43,143,pass,Delphine Zellandine
BRW-01563,POT-0032,SHP-04,CDR-25,2026-03-11T11:30:22Z,34,109,pass,Oswin Wyrmwood
BRW-01564,POT-0104,SHP-03,CDR-23,2025-03-09T09:16:36Z,14,162,pass,Oleander Ravenscroft
BRW-01565,POT-0052,SHP-03,CDR-38,2026-02-23 09:30:55,55,135,pass,Cassia Winterbourne
BRW-01566,POT-0023,SHP-13,CDR-24,2025-03-23 08:40:44,27,141,pass,Zephyrine Zellandine
BRW-01567,POT-0079,SHP-04,CDR-39,2024-10-16 09:00:51,34,60,pass,Delphine Zellandine
BRW-01568,POT-0068,SHP-11,CDR-25,2025-08-31T08:57:28Z,33,39,PASS,Gideon Thistledown
BRW-01569,POT-0051,SHP-14,CDR-27,2025-11-25 11:44:29,55,35,pass,Kestrel Foxglove
BRW-01570,POT-0001,SHP-15,CDR-12,2026-03-31T09:55:48Z,25,114,pass,Caspian Thistledown
BRW-01571,POT-0065,SHP-03,CDR-31,2025-03-30 10:43:44,26,34,pass,Maribel Netherfield
BRW-01572,POT-0014,SHP-15,CDR-31,2026-05-27 09:48:01,46,69,PASS,Gideon Moonbrook
BRW-01573,POT-0036,SHP-02,CDR-26,2024-11-19 11:59:39,58,94,pass,Nimbus Glimmerstone
BRW-01574,POT-0080,SHP-08,CDR-36,2025-11-28 11:22:23,23,148,PASS,Dorian Mistlethorn
BRW-01575,POT-0038,SHP-06,CDR-17,2024-05-06 06:04:35,23,16,pass,Gideon Moonbrook
BRW-01576,POT-0096,SHP-01,CDR-22,2024-11-27 06:40:12,33,153,pass,Gideon Thistledown
BRW-01577,POT-0032,SHP-15,CDR-19,2026-03-29T06:02:54Z,54,108,PASS,Grizelda Duskwater
BRW-01578,POT-0081,SHP-03,CDR-26,2025-10-16T11:27:19Z,40,103,pass,Umbra Thistledown
BRW-01579,POT-0111,SHP-12,CDR-39,2026-05-15 06:30:51,37,54,pass,Morwenna Wandwright
BRW-01580,POT-0106,SHP-08,CDR-23,2026-02-06T08:56:31Z,49,81,pass,Yarrow Ravenscroft
BRW-01581,POT-0106,SHP-14,CDR-10,2025-10-20 08:04:49,31,72,pass,Lyra Winterbourne
BRW-01582,POT-0091,SHP-13,CDR-01,2024-06-02T11:10:45Z,46,40,pass,Delphine Zellandine
BRW-01583,POT-0069,SHP-14,CDR-21,2024-07-29 05:46:31,18,112,pass,Maribel Netherfield
BRW-01584,POT-0038,SHP-07,CDR-31,2025-08-22 10:31:20,25,55,pass,Maribel Netherfield
BRW-01585,POT-0055,SHP-13,CDR-06,2026-03-04T11:12:54Z,54,118,pass,Hesper Cinderfell
BRW-01586,POT-0024,SHP-02,CDR-17,2025-11-14T08:01:30Z,50,93,pass,Delphine Mossheart
BRW-01587,POT-0034,SHP-03,CDR-07,2025-01-31T10:39:24Z,27,108,pass,Delphine Mossheart
BRW-01588,POT-0018,SHP-07,CDR-33,2026-06-22T09:03:27Z,57,47,Pass,Nimbus Glimmerstone
BRW-01589,POT-0067,SHP-11,CDR-16,2025-12-28T08:19:41Z,49,24,pass,Delphine Zellandine
BRW-01590,POT-0094,SHP-12,CDR-28,2024-07-21 09:15:14,51,109,pass,Juniper Hollowbranch
BRW-01591,POT-0094,SHP-10,CDR-36,2025-10-25T09:21:23Z,32,93,fail,Umbra Thistledown
BRW-01592,POT-0095,SHP-07,CDR-24,2026-03-25T06:40:42Z,38,131,Pass,Ambrose Fernwhistle
BRW-01593,POT-0095,SHP-03,CDR-38,2025-11-03 11:53:03,36,123,Pass,Oswin Wyrmwood
BRW-01594,POT-0036,SHP-13,CDR-17,2025-06-20T08:49:29Z,36,86,pass,Grizelda Duskwater
BRW-01595,POT-0005,SHP-01,CDR-14,2025-09-04T09:59:56Z,13,29,Pass,Cassia Winterbourne
BRW-01596,POT-0023,SHP-06,CDR-07,2025-02-19 07:24:41,32,143,pass,Hesper Cinderfell
BRW-01597,POT-0046,SHP-01,CDR-12,2024-10-29 07:07:32,50,63,pass,Gideon Thistledown
BRW-01598,POT-0031,SHP-15,CDR-26,2026-03-26 06:11:56,24,78,fail,Kestrel Foxglove
BRW-01599,POT-0115,SHP-07,CDR-23,2025-05-12T07:55:54Z,27,122,pass,Belladonna Jackdaw
BRW-01600,POT-0042,SHP-08,CDR-07,2026-02-01T08:48:53Z,20,102,pass,Hesper Foxglove
BRW-01601,POT-0038,SHP-06,CDR-21,2026-01-19T06:09:49Z,37,58,pass,Umbra Thistledown
BRW-01602,POT-0022,SHP-07,CDR-02,2026-03-24T07:39:27Z,24,102,PASS,Delphine Mossheart
BRW-01603,POT-0120,SHP-04,CDR-40,2025-11-10T05:02:30Z,17,74,pass,Hesper Foxglove
BRW-01604,POT-0004,SHP-02,CDR-31,2025-10-06T07:02:08Z,44,113,pass,Juniper Hollowbranch
BRW-01605,POT-0084,SHP-02,CDR-38,2025-05-05T09:54:00Z,29,108,pass,Thaddeus Frostpetal
BRW-01606,POT-0041,SHP-15,CDR-08,2024-06-15 05:21:49,28,104,pass,Yarrow Ravenscroft
BRW-01607,POT-0029,SHP-07,CDR-14,2025-07-26T09:53:11Z,18,103,pass,Wendeline Ashgrove
BRW-01608,POT-0084,SHP-02,CDR-33,2026-04-07T11:03:32Z,50,89,pass,Cassia Winterbourne
BRW-01609,POT-0039,SHP-03,CDR-09,2025-05-05 05:05:41,28,152,pass,Morwenna Wandwright
BRW-01610,POT-0062,SHP-08,CDR-19,2025-12-11T05:30:00Z,37,156,Pass,Grizelda Kilnworth
BRW-01611,POT-0114,SHP-07,CDR-20,2024-10-01 07:41:51,38,84,PASS,Thaddeus Frostpetal
BRW-01612,POT-0002,SHP-10,CDR-29,2026-05-13T08:59:09Z,37,109,Pass,Oswin Wyrmwood
BRW-01613,POT-0069,SHP-06,CDR-23,2024-05-19T08:43:57Z,54,145,pass,Delphine Zellandine
BRW-01614,POT-0042,SHP-10,CDR-14,2025-10-17T10:45:01Z,32,78,pass,Vesper Emberwhisk
BRW-01615,POT-0052,SHP-07,CDR-24,2025-09-10T10:06:18Z,29,107,pass,Dorian Mistlethorn
BRW-01616,POT-0019,SHP-15,CDR-32,2026-06-06T07:22:13Z,49,117,pass,Cassia Winterbourne
BRW-01617,POT-0068,SHP-12,CDR-08,2026-05-07T11:04:32Z,12,77,Pass,Nimbus Glimmerstone
BRW-01618,POT-0061,SHP-02,CDR-24,2024-07-26 09:12:39,45,83,pass,Thaddeus Frostpetal
BRW-01619,POT-0008,SHP-07,CDR-04,2026-01-25T07:03:30Z,23,67,pass,Grizelda Kilnworth
BRW-01620,POT-0094,SHP-05,CDR-18,2026-02-06T05:30:29Z,52,123,PASS,Nimbus Glimmerstone
BRW-01621,POT-0070,SHP-09,CDR-32,2024-12-08T06:22:36Z,46,158,Pass,Yarrow Ravenscroft
BRW-01622,POT-0088,SHP-04,CDR-24,2025-12-11 06:12:17,30,82,Pass,Hesper Foxglove
BRW-01623,POT-0036,SHP-07,CDR-16,2026-01-19T11:14:47Z,38,89,Pass,Ambrose Winterbourne
BRW-01624,POT-0020,SHP-12,CDR-06,2025-03-15 09:16:18,30,114,Pass,Gideon Moonbrook
BRW-01625,POT-0086,SHP-02,CDR-25,2026-06-03T06:19:37Z,44,81,pass,Caspian Thistledown
BRW-01626,POT-0103,SHP-08,CDR-17,2026-03-27 09:07:10,43,92,pass,Dorian Glimmerstone
BRW-01627,POT-0076,SHP-15,CDR-29,2026-06-25T11:25:18Z,33,41,pass,Oleander Ravenscroft
BRW-01628,POT-0077,SHP-11,CDR-22,2025-11-01T11:33:34Z,20,88,pass,Belladonna Jackdaw
BRW-01629,POT-0056,SHP-01,CDR-39,2025-11-07 08:26:21,28,109,pass,Morwenna Wandwright
BRW-01630,POT-0079,SHP-07,CDR-04,2026-01-17T11:39:56Z,46,52,pass,Vesper Emberwhisk
BRW-01631,POT-0005,SHP-10,CDR-09,2024-10-27T10:45:24Z,53,48,Pass,Gideon Thistledown
BRW-01632,POT-0059,SHP-02,CDR-03,2026-05-11 09:51:44,19,115,pass,Oleander Ravenscroft
BRW-01633,POT-0097,SHP-09,CDR-19,2026-05-23 10:01:52,38,130,pass,Oleander Ravenscroft
BRW-01634,POT-0099,SHP-01,CDR-32,2025-11-26T05:57:31Z,46,179,PASS,Cassia Everbright
BRW-01635,POT-0088,SHP-13,CDR-23,2025-05-05 06:14:17,43,111,fail,Dorian Glimmerstone
BRW-01636,POT-0079,SHP-08,CDR-16,2026-04-05 08:58:34,46,76,pass,Maribel Netherfield
BRW-01637,POT-0107,SHP-01,CDR-14,2025-07-05T11:30:29Z,59,53,Pass,Gideon Moonbrook
BRW-01638,POT-0008,SHP-13,CDR-11,2025-11-08T07:03:59Z,21,57,PASS,Juniper Hollowbranch
BRW-01639,POT-0015,SHP-13,CDR-20,2026-06-08 05:41:13,44,85,fail,Lyra Winterbourne
BRW-01640,POT-0061,SHP-01,CDR-02,2025-08-18 06:07:02,28,87,pass,Ambrose Winterbourne
BRW-01641,POT-0029,SHP-12,CDR-31,2026-05-17T10:03:23Z,46,70,pass,Lyra Winterbourne
BRW-01642,POT-0008,SHP-04,CDR-15,2025-07-01T11:04:51Z,44,64,pass,Delphine Zellandine
BRW-01643,POT-0064,SHP-06,CDR-30,2024-12-04T05:33:36Z,24,125,Pass,Ambrose Fernwhistle
BRW-01644,POT-0079,SHP-08,CDR-27,2024-07-29T09:52:30Z,17,74,pass,Kestrel Foxglove
BRW-01645,POT-0063,SHP-04,CDR-13,2025-01-17 08:49:15,20,54,fail,Nimbus Glimmerstone
BRW-01646,POT-0083,SHP-09,CDR-40,2026-01-18T11:58:52Z,48,137,pass,Wendeline Ashgrove
BRW-01647,POT-0094,SHP-03,CDR-12,2024-05-09 07:41:52,33,118,pass,Gideon Thistledown
BRW-01648,POT-0043,SHP-15,CDR-13,2024-10-30T09:20:22Z,52,56,Pass,Dorian Glimmerstone
BRW-01649,POT-0090,SHP-15,CDR-16,2026-03-12T09:46:53Z,54,85,pass,Zephyrine Zellandine
BRW-01650,POT-0109,SHP-15,CDR-13,2025-02-11T08:06:25Z,38,142,pass,Grizelda Kilnworth
BRW-01651,POT-0111,SHP-08,CDR-33,2026-06-04T05:15:48Z,38,71,pass,Kestrel Foxglove
BRW-01652,POT-0030,SHP-08,CDR-03,2026-03-16 11:24:14,13,90,Pass,Morwenna Wandwright
BRW-01653,POT-0003,SHP-13,CDR-17,2025-11-25 11:39:06,44,41,pass,Ambrose Winterbourne
BRW-01654,POT-0013,SHP-13,CDR-26,2025-07-26 09:23:57,37,69,pass,Delphine Mossheart
BRW-01655,POT-0019,SHP-13,CDR-01,2024-12-07 11:34:49,53,69,pass,Delphine Mossheart
BRW-01656,POT-0109,SHP-10,CDR-17,2025-04-23T09:14:27Z,47,94,PASS,Nimbus Glimmerstone
BRW-01657,POT-0041,SHP-15,CDR-05,2026-02-12T07:14:20Z,13,159,pass,Juniper Hollowbranch
BRW-01658,POT-0071,SHP-14,CDR-01,2024-08-16T05:23:00Z,55,65,pass,Nimbus Glimmerstone
BRW-01659,POT-0091,SHP-10,CDR-14,2024-12-04T09:08:20Z,11,61,pass,Morwenna Wandwright
BRW-01660,POT-0102,SHP-12,CDR-22,2026-04-29T09:43:23Z,30,73,pass,Gideon Thistledown
BRW-01661,POT-0065,SHP-01,CDR-06,2025-11-02 10:55:56,44,53,pass,Dorian Mistlethorn
BRW-01662,POT-0090,SHP-03,CDR-24,2025-03-07T07:50:25Z,34,95,pass,Gideon Moonbrook
BRW-01663,POT-0032,SHP-03,CDR-01,2025-07-10T11:32:33Z,35,112,pass,Juniper Hollowbranch
BRW-01664,POT-0085,SHP-10,CDR-20,2026-01-30T05:53:36Z,40,114,Pass,Delphine Mossheart
BRW-01665,POT-0108,SHP-15,CDR-31,2026-02-17 09:45:15,27,54,pass,Nimbus Glimmerstone
BRW-01666,POT-0113,SHP-09,CDR-18,2026-01-19 07:49:47,21,147,pass,Cassia Winterbourne
BRW-01667,POT-0089,SHP-10,CDR-39,2024-07-25 11:52:06,10,125,Fail,Maribel Netherfield
BRW-01668,POT-0072,SHP-09,CDR-30,2026-06-12T09:59:45Z,52,95,pass,Morwenna Wandwright
BRW-01669,POT-0033,SHP-05,CDR-14,2026-05-03T10:49:35Z,12,69,pass,Oswin Wyrmwood
BRW-01670,POT-0006,SHP-14,CDR-37,2026-01-10T06:15:55Z,23,129,fail,Cassia Winterbourne
BRW-01671,POT-0032,SHP-07,CDR-40,2026-04-12T08:17:23Z,60,133,Pass,Ambrose Fernwhistle
BRW-01672,POT-0036,SHP-15,CDR-27,2025-11-17T10:18:20Z,11,80,pass,Delphine Mossheart
BRW-01673,POT-0105,SHP-14,CDR-22,2024-06-03T05:45:04Z,58,161,pass,Caspian Thistledown
BRW-01674,POT-0064,SHP-03,CDR-16,2025-02-23T07:30:43Z,32,124,PASS,Grizelda Kilnworth
BRW-01675,POT-0090,SHP-10,CDR-38,2026-06-30T10:52:38Z,38,51,PASS,Wendeline Ashgrove
BRW-01676,POT-0041,SHP-03,CDR-23,2024-11-18T10:09:12Z,42,113,pass,Maribel Netherfield
BRW-01677,POT-0085,SHP-05,CDR-38,2025-12-18T09:44:30Z,22,142,pass,Kestrel Foxglove
BRW-01678,POT-0113,SHP-03,CDR-31,2026-03-27 11:27:44,54,143,pass,Vesper Emberwhisk
BRW-01679,POT-0059,SHP-08,CDR-18,2026-06-29T08:05:48Z,51,93,pass,Hesper Foxglove
BRW-01680,POT-0099,SHP-04,CDR-35,2026-02-16T05:49:17Z,56,120,pass,Delphine Mossheart
BRW-01681,POT-0027,SHP-04,CDR-37,2025-04-24T11:18:22Z,14,124,pass,Wendeline Ashgrove
BRW-01682,POT-0031,SHP-15,CDR-06,2026-06-07T05:29:56Z,39,57,PASS,Delphine Mossheart
BRW-01683,POT-0021,SHP-15,CDR-33,2024-10-30 08:09:13,26,92,Pass,Dorian Mistlethorn
BRW-01684,POT-0009,SHP-03,CDR-18,2024-11-16T10:00:39Z,13,88,fail,Cassia Winterbourne
BRW-01685,POT-0081,SHP-07,CDR-28,2025-11-20T11:37:36Z,53,106,pass,Cassia Everbright
BRW-01686,POT-0006,SHP-05,CDR-01,2025-12-25 08:27:09,20,112,pass,Cassia Everbright
BRW-01687,POT-0073,SHP-08,CDR-17,2026-06-02T09:19:53Z,54,63,PASS,Grizelda Kilnworth
BRW-01688,POT-0013,SHP-05,CDR-32,2025-12-28 05:13:45,21,91,fail,Caspian Thistledown
BRW-01689,POT-0077,SHP-04,CDR-12,2026-01-19T05:52:22Z,47,96,pass,Hesper Foxglove
BRW-01690,POT-0050,SHP-11,CDR-24,2025-11-21 05:41:39,14,152,Pass,Yarrow Ravenscroft
BRW-01691,POT-0058,SHP-14,CDR-12,2025-10-01T09:48:39Z,59,124,pass,Wendeline Ashgrove
BRW-01692,POT-0109,SHP-11,CDR-36,2025-04-24T08:49:51Z,48,83,fail,Dorian Glimmerstone
BRW-01693,POT-0012,SHP-03,CDR-40,2025-07-25 06:46:41,25,80,FAIL,Oleander Ravenscroft
BRW-01694,POT-0016,SHP-09,CDR-02,2026-05-18 09:17:22,49,103,pass,Grizelda Duskwater
BRW-01695,POT-0105,SHP-08,CDR-39,2025-12-23T11:58:01Z,11,119,pass,Caspian Thistledown
BRW-01696,POT-0115,SHP-15,CDR-31,2025-12-02T05:42:03Z,49,125,pass,Caspian Thistledown
BRW-01697,POT-0077,SHP-13,CDR-27,2026-05-08T08:26:26Z,40,102,pass,Juniper Hollowbranch
BRW-01698,POT-0114,SHP-12,CDR-14,2024-12-21T07:23:43Z,46,68,pass,Hesper Cinderfell
BRW-01699,POT-0085,SHP-01,CDR-16,2026-03-22T08:57:03Z,20,118,pass,Grizelda Kilnworth
BRW-01700,POT-0008,SHP-04,CDR-18,2025-06-18T11:55:27Z,58,65,pass,Gideon Thistledown
BRW-01701,POT-0022,SHP-09,CDR-03,2026-03-14 06:43:33,53,110,fail,Ambrose Fernwhistle
BRW-01702,POT-0044,SHP-10,CDR-19,2026-03-19 10:33:30,29,28,pass,Grizelda Duskwater
BRW-01703,POT-0064,SHP-10,CDR-39,2024-07-30T05:53:38Z,19,117,pass,Oleander Ravenscroft
BRW-01704,POT-0087,SHP-04,CDR-13,2025-12-24T11:11:28Z,50,49,pass,Gideon Thistledown
BRW-01705,POT-0091,SHP-01,CDR-18,2025-09-25T10:33:12Z,16,54,pass,Vesper Emberwhisk
BRW-01706,POT-0042,SHP-05,CDR-35,2025-01-18T09:50:55Z,52,101,pass,Oleander Ravenscroft
BRW-01707,POT-0107,SHP-14,CDR-33,2026-03-17T11:08:41Z,38,40,pass,Delphine Zellandine
BRW-01708,POT-0018,SHP-12,CDR-31,2024-12-28T08:40:50Z,15,54,pass,Nimbus Glimmerstone
BRW-01709,POT-0113,SHP-05,CDR-39,2025-02-01T10:47:38Z,53,174,pass,Dorian Mistlethorn
BRW-01710,POT-0063,SHP-06,CDR-25,2024-12-15 07:22:00,58,70,pass,Umbra Thistledown
BRW-01711,POT-0116,SHP-10,CDR-17,2024-09-21T09:42:44Z,39,105,pass,Kestrel Foxglove
BRW-01712,POT-0005,SHP-08,CDR-38,2025-10-29T06:38:24Z,34,21,pass,Dorian Mistlethorn
BRW-01713,POT-0016,SHP-07,CDR-14,2026-04-01 09:38:50,47,93,pass,Belladonna Jackdaw
BRW-01714,POT-0086,SHP-11,CDR-12,2026-02-09T05:45:50Z,44,52,pass,Vesper Emberwhisk
BRW-01715,POT-0108,SHP-09,CDR-21,2026-02-06T05:03:27Z,50,59,Pass,Nimbus Glimmerstone
BRW-01716,POT-0016,SHP-14,CDR-40,2026-03-21T11:37:01Z,41,115,pass,Cassia Everbright
BRW-01717,POT-0066,SHP-08,CDR-23,2025-02-12 10:16:58,28,110,pass,Vesper Emberwhisk
BRW-01718,POT-0108,SHP-11,CDR-34,2024-10-27 09:41:45,50,58,fail,Oleander Ravenscroft
BRW-01719,POT-0113,SHP-12,CDR-33,2025-02-26T08:10:12Z,41,125,Pass,Nimbus Glimmerstone
BRW-01720,POT-0082,SHP-04,CDR-18,2026-05-15 06:58:39,51,49,pass,Cassia Everbright
BRW-01721,POT-0024,SHP-13,CDR-35,2024-05-28 05:15:38,59,111,pass,Dorian Mistlethorn
BRW-01722,POT-0030,SHP-12,CDR-29,2025-12-18 05:21:16,51,82,pass,Juniper Hollowbranch
BRW-01723,POT-0064,SHP-09,CDR-10,2026-01-20T10:58:55Z,12,112,Pass,Gideon Thistledown
BRW-01724,POT-0049,SHP-06,CDR-21,2024-05-07T09:27:06Z,52,139,pass,Kestrel Foxglove
BRW-01725,POT-0014,SHP-10,CDR-09,2025-03-22 11:18:54,45,55,Pass,Hesper Cinderfell
BRW-01726,POT-0007,SHP-11,CDR-09,2026-04-30 10:27:12,16,107,pass,Oleander Ravenscroft
BRW-01727,POT-0032,SHP-06,CDR-08,2026-01-19T11:24:29Z,51,112,pass,Kestrel Foxglove
BRW-01728,POT-0014,SHP-02,CDR-11,2025-02-19T07:10:42Z,32,67,pass,Yarrow Ravenscroft
BRW-01729,POT-0071,SHP-15,CDR-28,2025-06-05T09:26:25Z,26,115,pass,Maribel Netherfield
BRW-01730,POT-0090,SHP-08,CDR-26,2024-09-15T05:40:18Z,56,79,pass,Gideon Moonbrook
BRW-01731,POT-0093,SHP-15,CDR-07,2024-08-22 09:08:46,55,87,pass,Nimbus Glimmerstone
BRW-01732,POT-0040,SHP-03,CDR-17,2025-08-20T09:22:22Z,31,24,pass,Grizelda Kilnworth
BRW-01733,POT-0054,SHP-02,CDR-29,2026-06-21T05:15:17Z,33,44,pass,Grizelda Kilnworth
BRW-01734,POT-0086,SHP-11,CDR-16,2026-05-19 08:20:47,41,95,fail,Lyra Winterbourne
BRW-01735,POT-0090,SHP-01,CDR-16,2025-12-06T07:48:59Z,28,90,pass,Morwenna Wandwright
BRW-01736,POT-0078,SHP-09,CDR-10,2024-05-22 06:16:06,33,106,pass,Zephyrine Zellandine
BRW-01737,POT-0001,SHP-14,CDR-37,2025-06-02T10:04:14Z,13,94,Pass,Cassia Everbright
BRW-01738,POT-0072,SHP-03,CDR-33,2026-03-02 11:28:02,39,87,Pass,Hesper Foxglove
BRW-01739,POT-0040,SHP-05,CDR-40,2024-10-28 10:29:25,37,47,pass,Kestrel Foxglove
BRW-01740,POT-0073,SHP-10,CDR-04,2025-01-11T08:43:25Z,31,52,pass,Vesper Emberwhisk
BRW-01741,POT-0006,SHP-06,CDR-36,2025-11-23 06:06:16,11,143,pass,Ambrose Fernwhistle
BRW-01742,POT-0046,SHP-05,CDR-16,2025-08-05 09:59:05,11,48,pass,Umbra Thistledown
BRW-01743,POT-0038,SHP-05,CDR-30,2025-06-12T06:16:40Z,15,36,pass,Umbra Thistledown
BRW-01744,POT-0093,SHP-04,CDR-17,2026-02-11T07:56:33Z,21,120,pass,Belladonna Jackdaw
BRW-01745,POT-0064,SHP-09,CDR-32,2026-05-31 07:32:13,35,116,pass,Yarrow Ravenscroft
BRW-01746,POT-0103,SHP-13,CDR-28,2025-07-13T11:07:01Z,28,86,pass,Delphine Zellandine
BRW-01747,POT-0085,SHP-12,CDR-40,2025-10-08T11:11:41Z,29,123,pass,Gideon Moonbrook
BRW-01748,POT-0041,SHP-06,CDR-21,2026-06-23T11:50:29Z,13,145,PASS,Hesper Foxglove
BRW-01749,POT-0036,SHP-15,CDR-25,2025-06-27T08:02:54Z,44,72,PASS,Caspian Thistledown
BRW-01750,POT-0086,SHP-04,CDR-38,2025-12-22 06:26:04,33,86,pass,Delphine Zellandine
BRW-01751,POT-0028,SHP-07,CDR-27,2026-04-18T09:54:31Z,23,90,pass,Juniper Hollowbranch
BRW-01752,POT-0118,SHP-13,CDR-34,2026-02-12T08:41:59Z,26,85,pass,Oleander Ravenscroft
BRW-01753,POT-0074,SHP-08,CDR-39,2026-05-16 11:30:15,42,109,Pass,Oswin Wyrmwood
BRW-01754,POT-0004,SHP-08,CDR-20,2026-01-27T09:26:02Z,20,90,pass,Yarrow Ravenscroft
BRW-01755,POT-0060,SHP-15,CDR-13,2026-05-28 06:31:34,10,154,pass,Yarrow Ravenscroft
BRW-01756,POT-0041,SHP-01,CDR-23,2024-05-05T07:48:49Z,41,136,Pass,Belladonna Jackdaw
BRW-01757,POT-0100,SHP-01,CDR-30,2026-02-25T05:35:34Z,48,86,pass,Oswin Wyrmwood
BRW-01758,POT-0044,SHP-15,CDR-14,2024-06-09 09:41:39,38,58,pass,Gideon Thistledown
BRW-01759,POT-0009,SHP-01,CDR-36,2025-07-19T11:51:57Z,25,75,pass,Yarrow Ravenscroft
BRW-01760,POT-0072,SHP-14,CDR-03,2025-07-18T10:59:15Z,53,101,pass,Ambrose Fernwhistle
BRW-01761,POT-0105,SHP-03,CDR-10,2024-10-26 10:44:55,45,135,PASS,Yarrow Ravenscroft
BRW-01762,POT-0084,SHP-06,CDR-04,2025-01-04T10:20:28Z,55,112,Pass,Grizelda Kilnworth
BRW-01763,POT-0031,SHP-14,CDR-30,2025-12-26T06:00:01Z,13,76,pass,Belladonna Jackdaw
BRW-01764,POT-0017,SHP-07,CDR-17,2025-06-16 09:20:04,37,162,PASS,Oleander Ravenscroft
BRW-01765,POT-0016,SHP-03,CDR-28,2026-03-26 09:55:08,29,104,pass,Vesper Emberwhisk
BRW-01766,POT-0068,SHP-07,CDR-16,2024-06-28T10:51:18Z,45,48,fail,Cassia Winterbourne
BRW-01767,POT-0021,SHP-08,CDR-26,2024-11-08T09:07:18Z,57,69,PASS,Hesper Foxglove
BRW-01768,POT-0088,SHP-13,CDR-19,2026-04-22 06:16:50,45,81,Pass,Lyra Winterbourne
BRW-01769,POT-0109,SHP-12,CDR-38,2025-06-19 05:19:12,25,130,Pass,Cassia Winterbourne
BRW-01770,POT-0007,SHP-05,CDR-09,2025-09-27T05:26:09Z,23,117,PASS,Maribel Netherfield
BRW-01771,POT-0042,SHP-08,CDR-38,2025-12-21T09:25:42Z,34,59,Pass,Belladonna Jackdaw
BRW-01772,POT-0033,SHP-03,CDR-21,2025-10-26T07:27:07Z,45,100,pass,Delphine Zellandine
BRW-01773,POT-0034,SHP-15,CDR-21,2026-06-18T08:28:31Z,22,103,pass,Juniper Hollowbranch
BRW-01774,POT-0039,SHP-02,CDR-39,2026-01-27T07:31:29Z,28,149,pass,Cassia Winterbourne
BRW-01775,POT-0035,SHP-13,CDR-09,2024-07-12T09:14:46Z,18,119,fail,Morwenna Wandwright
BRW-01776,POT-0016,SHP-04,CDR-08,2026-03-14 08:11:31,11,106,PASS,Hesper Foxglove
BRW-01777,POT-0102,SHP-11,CDR-37,2024-11-23 09:25:50,13,66,pass,Cassia Winterbourne
BRW-01778,POT-0118,SHP-12,CDR-36,2026-03-31T07:45:38Z,30,81,Pass,Oleander Ravenscroft
BRW-01779,POT-0034,SHP-08,CDR-23,2025-11-05 11:30:21,54,114,Pass,Delphine Mossheart
BRW-01780,POT-0081,SHP-01,CDR-25,2025-01-03T05:40:35Z,56,118,Pass,Grizelda Duskwater
BRW-01781,POT-0012,SHP-05,CDR-40,2024-12-01T08:15:34Z,32,59,pass,Vesper Emberwhisk
BRW-01782,POT-0066,SHP-06,CDR-12,2026-04-22T10:31:46Z,10,90,FAIL,Maribel Netherfield
BRW-01783,POT-0107,SHP-12,CDR-23,2026-04-23 11:14:41,15,71,pass,Umbra Thistledown
BRW-01784,POT-0031,SHP-07,CDR-27,2026-06-30T10:14:17Z,45,18,pass,Hesper Foxglove
BRW-01785,POT-0093,SHP-05,CDR-36,2025-07-25T08:12:00Z,31,103,Pass,Belladonna Jackdaw
BRW-01786,POT-0095,SHP-01,CDR-13,2025-08-09T06:01:48Z,11,132,fail,Wendeline Ashgrove
BRW-01787,POT-0102,SHP-06,CDR-06,2025-10-02T10:44:03Z,28,58,pass,Ambrose Winterbourne
BRW-01788,POT-0028,SHP-15,CDR-21,2026-04-12 05:40:40,32,60,pass,Oswin Wyrmwood
BRW-01789,POT-0053,SHP-12,CDR-26,2025-09-01T11:10:58Z,21,109,pass,Belladonna Jackdaw
BRW-01790,POT-0101,SHP-07,CDR-06,2026-01-22T08:32:56Z,40,137,pass,Vesper Emberwhisk
BRW-01791,POT-0058,SHP-02,CDR-20,2026-03-27T08:50:04Z,13,136,pass,Ambrose Fernwhistle
BRW-01792,POT-0089,SHP-04,CDR-18,2024-12-12T06:24:56Z,14,116,pass,Ambrose Winterbourne
BRW-01793,POT-0058,SHP-11,CDR-34,2025-05-31T07:11:14Z,37,147,pass,Cassia Winterbourne
BRW-01794,POT-0026,SHP-08,CDR-21,2025-05-01T11:57:59Z,17,128,Pass,Oswin Wyrmwood
BRW-01795,POT-0059,SHP-10,CDR-09,2026-04-06T10:02:47Z,55,92,PASS,Cassia Everbright
BRW-01796,POT-0111,SHP-15,CDR-14,2026-02-01T11:39:46Z,43,78,Pass,Caspian Thistledown
BRW-01797,POT-0036,SHP-08,CDR-11,2026-06-23 11:52:40,39,81,fail,Thaddeus Frostpetal
BRW-01798,POT-0106,SHP-04,CDR-31,2026-02-27T10:16:13Z,22,73,pass,Hesper Foxglove
BRW-01799,POT-0003,SHP-14,CDR-06,2024-07-14 05:22:03,22,51,pass,Yarrow Ravenscroft
BRW-01800,POT-0065,SHP-02,CDR-23,2025-08-25 09:43:31,60,47,pass,Hesper Foxglove
BRW-01801,POT-0117,SHP-03,CDR-26,2024-06-25T06:22:01Z,57,51,pass,Vesper Emberwhisk
BRW-01802,POT-0116,SHP-14,CDR-12,2024-09-06 06:51:22,53,97,pass,Morwenna Wandwright
BRW-01803,POT-0038,SHP-09,CDR-12,2025-07-24 09:25:57,60,16,pass,Maribel Netherfield
BRW-01804,POT-0085,SHP-11,CDR-09,2025-08-19 05:00:50,58,155,PASS,Cassia Everbright
BRW-01805,POT-0114,SHP-04,CDR-07,2026-01-04T10:42:08Z,59,75,pass,Delphine Mossheart
BRW-01806,POT-0048,SHP-13,CDR-14,2025-12-01T07:44:19Z,59,139,PASS,Nimbus Glimmerstone
BRW-01807,POT-0007,SHP-13,CDR-36,2026-05-07 05:23:53,17,152,Pass,Hesper Foxglove
BRW-01808,POT-0042,SHP-05,CDR-05,2024-06-23 10:36:02,13,96,pass,Wendeline Ashgrove
BRW-01809,POT-0009,SHP-03,CDR-04,2026-01-06T09:09:28Z,25,66,Pass,Gideon Thistledown
BRW-01810,POT-0057,SHP-10,CDR-40,2025-04-05T11:19:33Z,22,89,pass,Oswin Wyrmwood
BRW-01811,POT-0022,SHP-11,CDR-01,2024-05-10T05:24:45Z,54,110,Pass,Ambrose Winterbourne
BRW-01812,POT-0022,SHP-10,CDR-12,2024-06-22T05:48:16Z,43,127,pass,Lyra Winterbourne
BRW-01813,POT-0048,SHP-13,CDR-05,2026-04-04 11:52:04,57,104,pass,Nimbus Glimmerstone
BRW-01814,POT-0044,SHP-07,CDR-36,2024-12-24T07:23:34Z,35,53,pass,Cassia Winterbourne
BRW-01815,POT-0044,SHP-05,CDR-29,2024-10-11T09:49:59Z,21,51,fail,Lyra Winterbourne
BRW-01816,POT-0065,SHP-04,CDR-10,2025-04-12T11:06:10Z,57,49,pass,Ambrose Winterbourne
BRW-01817,POT-0112,SHP-15,CDR-35,2025-09-19 07:56:09,47,76,pass,Juniper Hollowbranch
BRW-01818,POT-0005,SHP-02,CDR-02,2025-04-25 05:00:41,11,48,pass,Morwenna Wandwright
BRW-01819,POT-0044,SHP-04,CDR-17,2024-05-16T09:46:13Z,24,63,Pass,Lyra Winterbourne
BRW-01820,POT-0092,SHP-12,CDR-23,2024-12-17 11:25:44,50,73,fail,Zephyrine Zellandine
BRW-01821,POT-0093,SHP-09,CDR-06,2024-11-04T09:16:33Z,20,91,pass,Ambrose Winterbourne
BRW-01822,POT-0103,SHP-01,CDR-18,2025-10-16 09:35:21,18,81,pass,Kestrel Foxglove
BRW-01823,POT-0074,SHP-10,CDR-30,2026-06-07T11:24:11Z,60,110,pass,Caspian Thistledown
BRW-01824,POT-0079,SHP-07,CDR-16,2026-01-21 09:02:11,30,47,Pass,Oswin Wyrmwood
BRW-01825,POT-0057,SHP-09,CDR-37,2026-04-22T05:54:22Z,19,74,pass,Delphine Mossheart
BRW-01826,POT-0062,SHP-08,CDR-36,2026-06-27 09:24:12,41,,pass,Thaddeus Frostpetal
BRW-01827,POT-0066,SHP-01,CDR-07,2024-05-03T11:00:41Z,33,99,pass,Ambrose Fernwhistle
BRW-01828,POT-0069,SHP-12,CDR-36,2025-11-24T07:58:56Z,23,136,pass,Kestrel Foxglove
BRW-01829,POT-0098,SHP-09,CDR-19,2025-12-08T10:10:14Z,36,91,pass,Maribel Netherfield
BRW-01830,POT-0016,SHP-02,CDR-05,2026-06-02T08:58:52Z,50,118,PASS,Hesper Foxglove
BRW-01831,POT-0069,SHP-12,CDR-11,2026-02-03 07:25:57,34,121,pass,Zephyrine Zellandine
BRW-01832,POT-0098,SHP-10,CDR-24,2026-06-21T07:36:41Z,45,114,pass,Ambrose Winterbourne
BRW-01833,POT-0100,SHP-11,CDR-35,2024-12-04 10:25:46,21,89,PASS,Hesper Cinderfell
BRW-01834,POT-0036,SHP-04,CDR-11,2024-05-29T08:23:59Z,32,84,pass,Oleander Ravenscroft
BRW-01835,POT-0089,SHP-04,CDR-16,2025-06-14T06:12:38Z,41,80,pass,Delphine Mossheart
BRW-01836,POT-0047,SHP-10,CDR-29,2025-01-18T11:07:36Z,53,108,pass,Zephyrine Zellandine
BRW-01837,POT-0048,SHP-07,CDR-15,2026-06-21T10:33:50Z,57,104,pass,Yarrow Ravenscroft
BRW-01838,POT-0059,SHP-06,CDR-16,2026-05-12T09:44:10Z,59,107,Pass,Wendeline Ashgrove
BRW-01839,POT-0084,SHP-13,CDR-38,2026-04-29T05:04:29Z,16,120,Pass,Lyra Winterbourne
BRW-01840,POT-0084,SHP-15,CDR-20,2025-05-10T07:26:44Z,19,97,Pass,Hesper Foxglove
BRW-01841,POT-0103,SHP-02,CDR-28,2025-04-04T10:19:02Z,29,98,Pass,Yarrow Ravenscroft
BRW-01842,POT-0106,SHP-03,CDR-24,2025-09-19T07:39:34Z,24,87,Pass,Delphine Mossheart
BRW-01843,POT-0059,SHP-13,CDR-16,2026-04-23T09:59:40Z,37,105,Pass,Nimbus Glimmerstone
BRW-01844,POT-0107,SHP-02,CDR-14,2025-12-28T11:08:21Z,26,50,pass,Cassia Everbright
BRW-01845,POT-0008,SHP-10,CDR-10,2025-08-05T06:55:53Z,48,55,pass,Hesper Cinderfell
BRW-01846,POT-0058,SHP-11,CDR-03,2026-04-25T08:27:40Z,46,123,pass,Caspian Thistledown
BRW-01847,POT-0051,SHP-05,CDR-06,2026-01-17T10:26:55Z,10,47,pass,Delphine Mossheart
BRW-01848,POT-0041,SHP-15,CDR-30,2026-05-29T09:42:28Z,60,139,PASS,Ambrose Winterbourne
BRW-01849,POT-0024,SHP-08,CDR-15,2024-09-22T10:41:33Z,39,118,pass,Grizelda Kilnworth
BRW-01850,POT-0046,SHP-06,CDR-23,2026-02-05T10:18:55Z,15,79,PASS,Cassia Winterbourne
BRW-01851,POT-0048,SHP-05,CDR-06,2025-05-30T08:26:47Z,28,73,Pass,Ambrose Fernwhistle
BRW-01852,POT-0041,SHP-01,CDR-39,2026-02-05T07:01:29Z,34,134,Pass,Caspian Thistledown
BRW-01853,POT-0049,SHP-11,CDR-34,2025-08-09T07:26:59Z,36,117,pass,Ambrose Winterbourne
BRW-01854,POT-0031,SHP-14,CDR-12,2025-11-26T11:37:39Z,60,32,PASS,Cassia Winterbourne
BRW-01855,POT-0060,SHP-11,CDR-31,2026-04-03T11:43:51Z,35,123,pass,Cassia Winterbourne
BRW-01856,POT-0048,SHP-07,CDR-30,2025-06-26 11:10:07,60,79,Pass,Delphine Mossheart
BRW-01857,POT-0092,SHP-03,CDR-13,2025-09-29T10:14:12Z,49,61,pass,Lyra Winterbourne
BRW-01858,POT-0049,SHP-08,CDR-26,2025-01-12T05:20:32Z,38,92,fail,Delphine Zellandine
BRW-01859,POT-0046,SHP-15,CDR-19,2024-08-09T07:27:32Z,48,30,pass,Cassia Everbright
BRW-01860,POT-0044,SHP-05,CDR-28,2024-09-15T05:36:31Z,18,76,pass,Morwenna Wandwright
BRW-01861,POT-0042,SHP-03,CDR-21,2025-10-02T05:25:36Z,11,104,pass,Delphine Zellandine
BRW-01862,POT-0113,SHP-05,CDR-15,2025-12-20T07:58:15Z,33,127,Pass,Oswin Wyrmwood
BRW-01863,POT-0090,SHP-01,CDR-03,2024-07-24T05:13:56Z,47,113,PASS,Grizelda Duskwater
BRW-01864,POT-0021,SHP-08,CDR-01,2025-04-14T10:02:16Z,44,89,pass,Vesper Emberwhisk
BRW-01865,POT-0097,SHP-11,CDR-26,2026-05-18 06:44:42,13,135,pass,Belladonna Jackdaw
BRW-01866,POT-0020,SHP-04,CDR-17,2024-08-17T08:09:32Z,54,153,pass,Juniper Hollowbranch
BRW-01867,POT-0007,SHP-15,CDR-11,2026-05-04 10:05:38,36,156,pass,Gideon Thistledown
BRW-01868,POT-0008,SHP-09,CDR-29,2026-03-25 05:07:49,19,76,pass,Caspian Thistledown
BRW-01869,POT-0104,SHP-08,CDR-26,2024-12-30T08:21:14Z,31,145,pass,Oleander Ravenscroft
BRW-01870,POT-0008,SHP-12,CDR-37,2026-05-08T08:25:30Z,55,60,pass,Dorian Mistlethorn
BRW-01871,POT-0048,SHP-14,CDR-21,2026-06-11T10:44:29Z,41,115,pass,Thaddeus Frostpetal
BRW-01872,POT-0012,SHP-03,CDR-02,2025-12-21T10:01:59Z,45,67,pass,Oleander Ravenscroft
BRW-01873,POT-0042,SHP-04,CDR-15,2025-07-24T08:23:01Z,31,76,fail,Ambrose Winterbourne
BRW-01874,POT-0032,SHP-14,CDR-13,2025-05-27T11:46:54Z,53,117,pass,Umbra Thistledown
BRW-01875,POT-0008,SHP-06,CDR-40,2025-11-21T11:00:52Z,36,58,pass,Vesper Emberwhisk
BRW-01876,POT-0032,SHP-09,CDR-28,2026-02-08T11:14:46Z,20,120,Pass,Juniper Hollowbranch
BRW-01877,POT-0008,SHP-03,CDR-12,2026-05-16T07:27:11Z,40,69,pass,Hesper Foxglove
BRW-01878,POT-0069,SHP-02,CDR-38,2026-01-19T08:26:48Z,33,114,pass,Delphine Zellandine
BRW-01879,POT-0008,SHP-12,CDR-22,2025-12-20T07:17:06Z,60,84,Pass,Maribel Netherfield
BRW-01880,POT-0068,SHP-13,CDR-12,2024-11-12 08:33:27,33,76,pass,Delphine Zellandine
BRW-01881,POT-0041,SHP-11,CDR-04,2025-11-20 11:19:01,18,148,Pass,Kestrel Foxglove
BRW-01882,POT-0082,SHP-07,CDR-22,2024-12-27T05:07:59Z,24,46,pass,Vesper Emberwhisk
BRW-01883,POT-0074,SHP-04,CDR-01,2026-06-14 09:22:05,44,102,pass,Wendeline Ashgrove
BRW-01884,POT-0087,SHP-05,CDR-18,2026-06-02T11:46:33Z,18,31,Fail,Dorian Glimmerstone
BRW-01885,POT-0022,SHP-04,CDR-19,2024-09-08 06:35:23,23,86,pass,Gideon Thistledown
BRW-01886,POT-0022,SHP-10,CDR-29,2024-10-24T07:18:27Z,16,107,pass,Caspian Thistledown
BRW-01887,POT-0084,SHP-15,CDR-32,2025-12-19 05:15:40,12,88,Pass,Grizelda Duskwater
BRW-01888,POT-0103,SHP-12,CDR-11,2025-02-12T10:51:59Z,20,101,pass,Hesper Foxglove
BRW-01889,POT-0105,SHP-04,CDR-24,2025-05-24T07:22:22Z,20,129,pass,Delphine Zellandine
BRW-01890,POT-0102,SHP-07,CDR-34,2024-07-06T10:12:58Z,13,61,pass,Cassia Winterbourne
BRW-01891,POT-0079,SHP-13,CDR-07,2026-05-23 05:04:47,43,86,PASS,Dorian Glimmerstone
BRW-01892,POT-0117,SHP-02,CDR-25,2025-04-05 10:08:53,20,55,pass,Juniper Hollowbranch
BRW-01893,POT-0053,SHP-06,CDR-35,2025-03-31T10:20:09Z,36,126,pass,Dorian Glimmerstone
BRW-01894,POT-0109,SHP-14,CDR-17,2024-12-20T07:42:53Z,42,153,pass,Dorian Glimmerstone
BRW-01895,POT-0117,SHP-14,CDR-34,2025-09-17T06:08:23Z,40,45,PASS,Gideon Moonbrook
BRW-01896,POT-0036,SHP-01,CDR-08,2025-10-13T11:10:54Z,44,83,Pass,Delphine Zellandine
BRW-01897,POT-0020,SHP-10,CDR-37,2024-07-21T05:09:32Z,34,121,Pass,Wendeline Ashgrove
BRW-01898,POT-0042,SHP-07,CDR-33,2025-05-15T06:32:01Z,34,120,pass,Oswin Wyrmwood
BRW-01899,POT-0064,SHP-10,CDR-02,2024-07-08T05:02:02Z,35,120,Pass,Maribel Netherfield
BRW-01900,POT-0074,SHP-03,CDR-21,2026-06-25T06:06:38Z,46,94,PASS,Lyra Winterbourne
BRW-01901,POT-0075,SHP-13,CDR-02,2026-05-13 08:27:16,56,143,pass,Delphine Mossheart
BRW-01902,POT-0104,SHP-01,CDR-12,2024-12-10 06:59:30,18,190,pass,Cassia Everbright
BRW-01903,POT-0059,SHP-07,CDR-33,2026-04-02T11:19:29Z,27,94,Pass,Wendeline Ashgrove
BRW-01904,POT-0022,SHP-11,CDR-24,2024-10-28 09:46:21,37,114,Pass,Cassia Winterbourne
BRW-01905,POT-0023,SHP-02,CDR-13,2026-03-03T11:17:59Z,47,136,pass,Oleander Ravenscroft
BRW-01906,POT-0009,SHP-07,CDR-09,2025-12-25T08:51:03Z,56,82,Pass,Wendeline Ashgrove
BRW-01907,POT-0035,SHP-04,CDR-16,2025-01-03 05:46:23,31,59,pass,Cassia Winterbourne
BRW-01908,POT-0056,SHP-12,CDR-11,2026-01-10 08:47:59,37,69,Pass,Cassia Everbright
BRW-01909,POT-0078,SHP-13,CDR-30,2026-01-07T10:00:47Z,17,96,pass,Caspian Thistledown
BRW-01910,POT-0013,SHP-01,CDR-07,2025-11-11T10:10:05Z,56,74,pass,Yarrow Ravenscroft
BRW-01911,POT-0003,SHP-11,CDR-04,2025-02-06 06:31:20,16,56,Pass,Gideon Moonbrook
BRW-01912,POT-0002,SHP-13,CDR-17,2025-01-06 09:24:59,60,92,PASS,Vesper Emberwhisk
BRW-01913,POT-0011,SHP-15,CDR-20,2026-02-20 05:15:27,40,111,pass,Grizelda Duskwater
BRW-01914,POT-0091,SHP-07,CDR-19,2026-04-16T05:50:14Z,11,61,PASS,Kestrel Foxglove
BRW-01915,POT-0069,SHP-11,CDR-25,2025-01-18T10:53:29Z,53,130,pass,Belladonna Jackdaw
BRW-01916,POT-0051,SHP-14,CDR-13,2025-10-18T06:02:17Z,39,53,pass,Dorian Mistlethorn
BRW-01917,POT-0025,SHP-10,CDR-29,2025-05-25T09:06:57Z,55,70,pass,Juniper Hollowbranch
BRW-01918,POT-0088,SHP-14,CDR-40,2025-11-07T11:11:09Z,53,107,FAIL,Morwenna Wandwright
BRW-01919,POT-0019,SHP-03,CDR-19,2025-08-31T06:16:43Z,15,94,pass,Delphine Zellandine
BRW-01920,POT-0086,SHP-12,CDR-31,2026-05-24 08:57:04,12,70,fail,Vesper Emberwhisk
BRW-01921,POT-0027,SHP-14,CDR-12,2026-05-28T05:40:12Z,20,104,pass,Vesper Emberwhisk
BRW-01922,POT-0003,SHP-12,CDR-21,2026-01-18T11:10:43Z,12,60,pass,Belladonna Jackdaw
BRW-01923,POT-0093,SHP-08,CDR-07,2024-05-04 11:11:15,31,93,pass,Nimbus Glimmerstone
BRW-01924,POT-0042,SHP-01,CDR-05,2025-01-28 05:57:03,33,125,pass,Delphine Zellandine
BRW-01925,POT-0070,SHP-11,CDR-19,2024-05-23 09:05:50,60,135,pass,Delphine Zellandine
BRW-01926,POT-0016,SHP-13,CDR-04,2026-05-26 10:06:48,55,129,fail,Zephyrine Zellandine
BRW-01927,POT-0022,SHP-08,CDR-10,2026-04-05T09:58:53Z,14,122,pass,Ambrose Fernwhistle
BRW-01928,POT-0120,SHP-10,CDR-04,2024-09-29T11:32:00Z,40,111,pass,Thaddeus Frostpetal
BRW-01929,POT-0109,SHP-08,CDR-04,2025-06-07T06:49:55Z,31,147,pass,Dorian Mistlethorn
BRW-01930,POT-0109,SHP-13,CDR-11,2025-06-22T09:27:16Z,60,129,pass,Juniper Hollowbranch
BRW-01931,POT-0055,SHP-11,CDR-35,2026-04-09T06:20:57Z,48,68,pass,Morwenna Wandwright
BRW-01932,POT-0084,SHP-14,CDR-38,2026-02-17 11:07:05,23,94,pass,Juniper Hollowbranch
BRW-01933,POT-0095,SHP-01,CDR-23,2025-12-17 06:50:17,16,162,pass,Ambrose Fernwhistle
BRW-01934,POT-0023,SHP-03,CDR-19,2026-05-22T09:38:10Z,46,138,pass,Nimbus Glimmerstone
BRW-01935,POT-0090,SHP-01,CDR-14,2026-06-23T08:35:26Z,31,76,pass,Nimbus Glimmerstone
BRW-01936,POT-0080,SHP-03,CDR-36,2025-02-12 09:02:03,48,157,pass,Zephyrine Zellandine
BRW-01937,POT-0042,SHP-12,CDR-10,2024-10-12T06:42:34Z,31,93,pass,Ambrose Winterbourne
BRW-01938,POT-0023,SHP-07,CDR-39,2025-09-17 07:45:54,60,144,pass,Wendeline Ashgrove
BRW-01939,POT-0091,SHP-03,CDR-11,2025-11-16T11:12:11Z,14,48,pass,Morwenna Wandwright
BRW-01940,POT-0036,SHP-10,CDR-20,2026-03-08T07:08:43Z,39,93,pass,Maribel Netherfield
BRW-01941,POT-0118,SHP-04,CDR-19,2026-03-26 07:01:24,12,80,Pass,Morwenna Wandwright
BRW-01942,POT-0036,SHP-08,CDR-20,2025-12-27 08:30:30,60,91,pass,Oleander Ravenscroft
BRW-01943,POT-0030,SHP-07,CDR-18,2026-02-02T07:15:47Z,41,63,fail,Gideon Moonbrook
BRW-01944,POT-0111,SHP-07,CDR-04,2026-06-19T08:40:56Z,41,39,pass,Zephyrine Zellandine
BRW-01945,POT-0085,SHP-05,CDR-02,2025-03-21 07:07:28,37,133,pass,Umbra Thistledown
BRW-01946,POT-0009,SHP-13,CDR-38,2025-07-31 10:38:49,27,59,PASS,Thaddeus Frostpetal
BRW-01947,POT-0001,SHP-07,CDR-16,2025-02-18T05:08:31Z,24,118,pass,Juniper Hollowbranch
BRW-01948,POT-0038,SHP-05,CDR-29,2026-04-28T07:42:37Z,16,47,pass,Oswin Wyrmwood
BRW-01949,POT-0061,SHP-15,CDR-32,2026-02-22T07:34:03Z,40,91,pass,Belladonna Jackdaw
BRW-01950,POT-0044,SHP-13,CDR-14,2024-06-10T05:38:09Z,11,37,pass,Hesper Cinderfell
BRW-01951,POT-0039,SHP-02,CDR-14,2025-09-26 05:10:31,46,171,pass,Morwenna Wandwright
BRW-01952,POT-0078,SHP-05,CDR-34,2025-12-06T06:50:52Z,27,94,pass,Grizelda Kilnworth
BRW-01953,POT-0102,SHP-01,CDR-23,2026-02-11 09:22:06,60,49,pass,Delphine Mossheart
BRW-01954,POT-0028,SHP-14,CDR-12,2026-02-21T08:49:21Z,24,94,pass,Belladonna Jackdaw
BRW-01955,POT-0086,SHP-06,CDR-08,2025-12-12T08:45:16Z,40,63,pass,Gideon Moonbrook
BRW-01956,POT-0055,SHP-02,CDR-40,2026-05-09 11:53:59,49,75,pass,Oswin Wyrmwood
BRW-01957,POT-0044,SHP-12,CDR-34,2025-02-07T06:23:58Z,14,48,PASS,Cassia Winterbourne
BRW-01958,POT-0069,SHP-13,CDR-27,2026-01-28T08:38:38Z,17,144,pass,Maribel Netherfield
BRW-01959,POT-0023,SHP-07,CDR-35,2024-07-31T08:21:54Z,17,144,pass,Maribel Netherfield
BRW-01960,POT-0079,SHP-02,CDR-30,2025-07-26T09:22:24Z,15,83,Pass,Gideon Thistledown
BRW-01961,POT-0006,SHP-08,CDR-22,2026-06-18 07:34:56,58,132,pass,Thaddeus Frostpetal
BRW-01962,POT-0054,SHP-06,CDR-35,2025-12-17T08:44:23Z,10,15,Pass,Gideon Moonbrook
BRW-01963,POT-0115,SHP-05,CDR-09,2024-09-24 11:54:08,40,136,pass,Grizelda Kilnworth
BRW-01964,POT-0079,SHP-05,CDR-28,2025-10-13T06:00:45Z,51,65,pass,Zephyrine Zellandine
BRW-01965,POT-0031,SHP-12,CDR-26,2026-02-17 07:58:57,48,46,pass,Yarrow Ravenscroft
BRW-01966,POT-0107,SHP-11,CDR-38,2025-09-08T10:09:11Z,26,64,pass,Yarrow Ravenscroft
BRW-01967,POT-0032,SHP-06,CDR-09,2025-04-13 09:12:13,42,115,pass,Morwenna Wandwright
BRW-01968,POT-0105,SHP-15,CDR-38,2025-08-13T06:33:24Z,56,144,pass,Delphine Zellandine
BRW-01969,POT-0098,SHP-08,CDR-32,2026-04-28 11:06:08,41,103,pass,Cassia Winterbourne
BRW-01970,POT-0108,SHP-10,CDR-37,2024-10-06T09:25:18Z,20,55,pass,Lyra Winterbourne
BRW-01971,POT-0022,SHP-10,CDR-33,2025-09-10T05:50:46Z,43,128,fail,Zephyrine Zellandine
BRW-01972,POT-0002,SHP-02,CDR-32,2025-11-23T11:22:42Z,34,84,PASS,Nimbus Glimmerstone
BRW-01973,POT-0089,SHP-07,CDR-21,2025-10-24T05:59:48Z,31,80,pass,Hesper Foxglove
BRW-01974,POT-0012,SHP-09,CDR-18,2024-10-28T05:07:07Z,59,55,pass,Delphine Zellandine
BRW-01975,POT-0111,SHP-07,CDR-21,2026-05-09T06:30:04Z,43,79,pass,Caspian Thistledown
BRW-01976,POT-0105,SHP-03,CDR-18,2024-05-13T10:44:43Z,45,139,pass,Nimbus Glimmerstone
BRW-01977,POT-0009,SHP-08,CDR-11,2024-12-31T11:54:02Z,37,88,Pass,Hesper Cinderfell
BRW-01978,POT-0065,SHP-13,CDR-02,2025-10-24T09:07:35Z,50,26,pass,Belladonna Jackdaw
BRW-01979,POT-0036,SHP-02,CDR-25,2025-08-03T07:39:04Z,38,110,pass,Delphine Zellandine
BRW-01980,POT-0055,SHP-14,CDR-20,2026-05-05T11:19:27Z,18,101,Pass,Maribel Netherfield
BRW-01981,POT-0117,SHP-01,CDR-20,2025-09-23 10:30:57,21,64,pass,Dorian Glimmerstone
BRW-01982,POT-0072,SHP-07,CDR-08,2026-05-29 06:10:43,55,101,pass,Dorian Mistlethorn
BRW-01983,POT-0036,SHP-12,CDR-36,2024-11-24T06:10:03Z,43,105,PASS,Ambrose Fernwhistle
BRW-01984,POT-0069,SHP-07,CDR-03,2026-01-14 05:47:25,11,120,fail,Juniper Hollowbranch
BRW-01985,POT-0083,SHP-09,CDR-25,2025-12-04 09:13:31,22,164,pass,Juniper Hollowbranch
BRW-01986,POT-0105,SHP-09,CDR-07,2025-09-02T05:20:41Z,54,144,Pass,Maribel Netherfield
BRW-01987,POT-0002,SHP-15,CDR-16,2024-12-09 05:43:51,41,83,Pass,Hesper Foxglove
BRW-01988,POT-0031,SHP-12,CDR-19,2026-02-17T11:39:25Z,18,61,pass,Dorian Mistlethorn
BRW-01989,POT-0021,SHP-08,CDR-35,2025-05-24T08:25:51Z,31,111,pass,Nimbus Glimmerstone
BRW-01990,POT-0031,SHP-02,CDR-01,2026-05-09T09:32:35Z,57,42,pass,Morwenna Wandwright
BRW-01991,POT-0039,SHP-03,CDR-01,2026-03-18 11:14:42,22,135,pass,Hesper Foxglove
BRW-01992,POT-0013,SHP-08,CDR-32,2026-06-14T06:00:11Z,47,87,pass,Caspian Thistledown
BRW-01993,POT-0021,SHP-14,CDR-38,2024-05-08 09:49:14,22,106,pass,Grizelda Duskwater
BRW-01994,POT-0102,SHP-07,CDR-10,2025-07-10 10:46:52,45,47,pass,Thaddeus Frostpetal
BRW-01995,POT-0042,SHP-03,CDR-29,2025-10-06 08:14:26,41,94,Pass,Gideon Thistledown
BRW-01996,POT-0048,SHP-12,CDR-33,2025-11-15T06:34:47Z,46,90,PASS,Cassia Winterbourne
BRW-01997,POT-0006,SHP-15,CDR-20,2026-05-08T07:56:24Z,22,127,pass,Belladonna Jackdaw
BRW-01998,POT-0053,SHP-09,CDR-15,2025-04-20 09:48:21,34,116,pass,Wendeline Ashgrove
BRW-01999,POT-0104,SHP-01,CDR-17,2026-05-26T09:42:58Z,52,134,pass,Juniper Hollowbranch
BRW-02000,POT-0056,SHP-11,CDR-40,2026-04-06T07:45:46Z,38,75,pass,Oswin Wyrmwood
BRW-02001,POT-0030,SHP-05,CDR-15,2025-09-19T05:46:30Z,24,37,pass,Oswin Wyrmwood
BRW-02002,POT-0040,SHP-05,CDR-16,2025-06-21 11:16:59,56,41,Pass,Vesper Emberwhisk
BRW-02003,POT-0054,SHP-13,CDR-11,2026-04-07 09:22:38,31,60,pass,Cassia Everbright
BRW-02004,POT-0040,SHP-11,CDR-39,2025-03-07 08:37:53,37,76,PASS,Hesper Cinderfell
BRW-02005,POT-0111,SHP-04,CDR-30,2026-02-25 11:39:53,18,78,Pass,Ambrose Winterbourne
BRW-02006,POT-0058,SHP-03,CDR-13,2025-11-24T10:10:05Z,37,125,pass,Zephyrine Zellandine
BRW-02007,POT-0055,SHP-04,CDR-16,2026-05-14T07:06:15Z,41,80,pass,Vesper Emberwhisk
BRW-02008,POT-0082,SHP-02,CDR-22,2024-11-26T06:34:02Z,11,83,pass,Wendeline Ashgrove
BRW-02009,POT-0083,SHP-15,CDR-08,2024-07-25 08:53:17,38,148,pass,Oleander Ravenscroft
BRW-02010,POT-0055,SHP-14,CDR-08,2025-10-13T08:50:30Z,41,101,pass,Cassia Winterbourne
BRW-02011,POT-0073,SHP-01,CDR-26,2025-07-24T09:37:05Z,30,25,pass,Caspian Thistledown
BRW-02012,POT-0079,SHP-09,CDR-35,2026-05-31T05:13:35Z,51,87,Pass,Cassia Everbright
BRW-02013,POT-0008,SHP-02,CDR-19,2026-05-17T09:33:55Z,43,79,pass,Lyra Winterbourne
BRW-02014,POT-0081,SHP-11,CDR-24,2024-05-23T08:54:13Z,56,100,pass,Delphine Mossheart
BRW-02015,POT-0071,SHP-02,CDR-34,2026-02-28T10:28:42Z,41,,pass,Caspian Thistledown
BRW-02016,POT-0108,SHP-13,CDR-19,2025-02-11T11:50:03Z,12,71,pass,Grizelda Duskwater
BRW-02017,POT-0058,SHP-06,CDR-17,2026-04-06T11:21:59Z,54,147,pass,Maribel Netherfield
BRW-02018,POT-0080,SHP-03,CDR-12,2025-06-19 05:49:41,29,100,pass,Thaddeus Frostpetal
BRW-02019,POT-0080,SHP-14,CDR-25,2025-02-17 11:57:21,25,134,Pass,Zephyrine Zellandine
BRW-02020,POT-0100,SHP-15,CDR-07,2026-03-04 06:16:57,47,87,fail,Vesper Emberwhisk
BRW-02021,POT-0008,SHP-07,CDR-34,2025-07-25T11:34:28Z,57,68,PASS,Nimbus Glimmerstone
BRW-02022,POT-0003,SHP-05,CDR-08,2025-10-22T10:30:27Z,47,41,pass,Kestrel Foxglove
BRW-02023,POT-0044,SHP-15,CDR-18,2026-01-15 08:17:55,23,67,pass,Hesper Cinderfell
BRW-02024,POT-0066,SHP-15,CDR-19,2025-12-07T08:00:17Z,19,95,pass,Cassia Everbright
BRW-02025,POT-0031,SHP-02,CDR-31,2026-04-29T08:35:31Z,23,23,pass,Hesper Cinderfell
BRW-02026,POT-0022,SHP-15,CDR-19,2026-06-11T11:10:30Z,36,83,pass,Vesper Emberwhisk
BRW-02027,POT-0103,SHP-05,CDR-10,2026-04-27 11:13:29,30,112,pass,Grizelda Kilnworth
BRW-02028,POT-0076,SHP-01,CDR-07,2025-08-01 07:49:58,37,42,pass,Hesper Foxglove
BRW-02029,POT-0084,SHP-07,CDR-17,2025-05-16 05:01:18,39,102,pass,Delphine Zellandine
BRW-02030,POT-0103,SHP-13,CDR-19,2025-12-13 07:39:00,49,133,Pass,Grizelda Kilnworth
BRW-02031,POT-0038,SHP-12,CDR-10,2024-07-15 07:33:56,27,22,pass,Maribel Netherfield
BRW-02032,POT-0118,SHP-06,CDR-09,2026-03-26 06:41:07,59,105,pass,Ambrose Fernwhistle
BRW-02033,POT-0118,SHP-11,CDR-06,2026-05-06 10:28:22,11,48,pass,Grizelda Kilnworth
BRW-02034,POT-0040,SHP-03,CDR-36,2025-10-20 07:38:17,58,63,fail,Kestrel Foxglove
BRW-02035,POT-0101,SHP-13,CDR-22,2024-12-02T07:25:06Z,20,159,pass,Gideon Thistledown
BRW-02036,POT-0055,SHP-01,CDR-01,2025-12-23 11:41:06,38,108,pass,Nimbus Glimmerstone
BRW-02037,POT-0048,SHP-13,CDR-18,2025-02-14 11:53:08,24,69,Pass,Gideon Moonbrook
BRW-02038,POT-0034,SHP-10,CDR-38,2024-10-08T06:06:44Z,20,85,pass,Hesper Foxglove
BRW-02039,POT-0056,SHP-13,CDR-19,2025-08-07T06:09:49Z,50,89,fail,Hesper Cinderfell
BRW-02040,POT-0040,SHP-04,CDR-14,2024-12-14T05:26:20Z,34,51,pass,Ambrose Winterbourne
BRW-02041,POT-0085,SHP-03,CDR-17,2024-09-13 05:31:45,39,133,pass,Nimbus Glimmerstone
BRW-02042,POT-0031,SHP-01,CDR-32,2025-09-28T09:32:24Z,17,58,pass,Yarrow Ravenscroft
BRW-02043,POT-0064,SHP-03,CDR-35,2024-06-12T06:27:42Z,22,93,pass,Hesper Foxglove
BRW-02044,POT-0016,SHP-12,CDR-39,2026-05-26 08:37:50,33,110,pass,Morwenna Wandwright
BRW-02045,POT-0079,SHP-04,CDR-35,2024-11-15T11:11:09Z,44,84,pass,Delphine Zellandine
BRW-02046,POT-0007,SHP-01,CDR-35,2025-09-16 09:34:22,53,132,Pass,Grizelda Duskwater
BRW-02047,POT-0107,SHP-10,CDR-20,2025-07-06 06:00:52,56,60,pass,Juniper Hollowbranch
BRW-02048,POT-0056,SHP-05,CDR-04,2025-12-17T05:05:08Z,41,103,pass,Delphine Mossheart
BRW-02049,POT-0101,SHP-04,CDR-08,2025-05-23T05:36:02Z,38,163,fail,Lyra Winterbourne
BRW-02050,POT-0060,SHP-12,CDR-20,2026-06-10T05:06:44Z,38,137,Pass,Gideon Moonbrook
BRW-02051,POT-0089,SHP-03,CDR-39,2025-05-03T07:32:38Z,19,112,pass,Oswin Wyrmwood
BRW-02052,POT-0102,SHP-08,CDR-36,2025-10-16T08:41:54Z,11,38,pass,Kestrel Foxglove
BRW-02053,POT-0103,SHP-11,CDR-14,2024-08-18T10:00:59Z,15,96,pass,Dorian Glimmerstone
BRW-02054,POT-0055,SHP-14,CDR-20,2026-04-07T07:47:41Z,18,82,pass,Ambrose Winterbourne
BRW-02055,POT-0024,SHP-08,CDR-21,2025-04-04 06:46:43,11,135,Pass,Ambrose Winterbourne
BRW-02056,POT-0119,SHP-04,CDR-37,2026-06-04T05:45:54Z,21,77,pass,Grizelda Kilnworth
BRW-02057,POT-0015,SHP-12,CDR-23,2025-11-17 10:29:12,55,81,pass,Oswin Wyrmwood
BRW-02058,POT-0066,SHP-10,CDR-24,2026-01-01 10:57:38,30,93,PASS,Caspian Thistledown
BRW-02059,POT-0061,SHP-08,CDR-30,2026-01-25T05:37:09Z,17,,PASS,Dorian Mistlethorn
BRW-02060,POT-0093,SHP-03,CDR-26,2024-11-28T09:02:38Z,39,93,pass,Kestrel Foxglove
BRW-02061,POT-0095,SHP-15,CDR-22,2025-11-02T10:33:52Z,52,135,pass,Ambrose Fernwhistle
BRW-02062,POT-0115,SHP-07,CDR-17,2025-06-30 09:19:44,51,113,Pass,Caspian Thistledown
BRW-02063,POT-0098,SHP-15,CDR-38,2025-12-19 07:05:31,22,116,PASS,Juniper Hollowbranch
BRW-02064,POT-0048,SHP-09,CDR-21,2026-05-04T07:36:15Z,17,,pass,Wendeline Ashgrove
BRW-02065,POT-0005,SHP-13,CDR-36,2026-02-14T07:41:45Z,39,43,Pass,Ambrose Winterbourne
BRW-02066,POT-0064,SHP-15,CDR-31,2024-06-10 09:00:32,25,160,pass,Thaddeus Frostpetal
BRW-02067,POT-0082,SHP-06,CDR-09,2026-03-12 06:21:46,21,40,pass,Hesper Foxglove
BRW-02068,POT-0063,SHP-05,CDR-11,2024-08-11T08:15:55Z,30,65,Pass,Hesper Foxglove
BRW-02069,POT-0116,SHP-15,CDR-28,2024-12-27T09:44:03Z,48,93,pass,Dorian Glimmerstone
BRW-02070,POT-0037,SHP-08,CDR-04,2026-05-26T06:19:57Z,54,72,pass,Nimbus Glimmerstone
BRW-02071,POT-0032,SHP-03,CDR-38,2025-03-31T05:58:46Z,56,96,Pass,Belladonna Jackdaw
BRW-02072,POT-0004,SHP-01,CDR-26,2025-01-27T09:35:51Z,31,104,fail,Delphine Mossheart
BRW-02073,POT-0019,SHP-13,CDR-34,2025-01-19 10:52:33,17,80,pass,Caspian Thistledown
BRW-02074,POT-0027,SHP-11,CDR-34,2025-04-05T10:24:40Z,44,128,pass,Thaddeus Frostpetal
BRW-02075,POT-0054,SHP-11,CDR-11,2026-05-27T11:48:14Z,42,26,Pass,Gideon Thistledown
BRW-02076,POT-0021,SHP-09,CDR-07,2026-05-23T07:36:36Z,41,79,pass,Morwenna Wandwright
BRW-02077,POT-0012,SHP-05,CDR-38,2025-10-04T08:47:30Z,48,70,Fail,Grizelda Kilnworth
BRW-02078,POT-0093,SHP-01,CDR-03,2025-06-01 05:21:46,43,98,pass,Dorian Glimmerstone
BRW-02079,POT-0013,SHP-12,CDR-33,2025-08-13 11:37:15,44,97,PASS,Cassia Everbright
BRW-02080,POT-0030,SHP-12,CDR-17,2026-04-21 06:38:21,32,72,pass,Delphine Mossheart
BRW-02081,POT-0030,SHP-10,CDR-18,2025-09-09T05:27:24Z,47,45,pass,Oswin Wyrmwood
BRW-02082,POT-0090,SHP-12,CDR-37,2025-07-01T06:13:45Z,39,87,Fail,Belladonna Jackdaw
BRW-02083,POT-0120,SHP-09,CDR-07,2025-07-06T09:38:24Z,51,94,pass,Delphine Mossheart
BRW-02084,POT-0093,SHP-07,CDR-32,2026-06-23 08:01:02,43,87,pass,Cassia Everbright
BRW-02085,POT-0078,SHP-14,CDR-17,2024-07-24T06:47:59Z,60,91,pass,Ambrose Fernwhistle
BRW-02086,POT-0014,SHP-07,CDR-08,2026-05-14 11:23:59,57,36,pass,Grizelda Kilnworth
BRW-02087,POT-0001,SHP-04,CDR-01,2025-02-16 08:55:09,20,122,fail,Umbra Thistledown
BRW-02088,POT-0039,SHP-12,CDR-31,2026-03-10T10:29:44Z,31,163,pass,Wendeline Ashgrove
BRW-02089,POT-0033,SHP-10,CDR-02,2026-01-15 06:56:15,41,80,pass,Gideon Thistledown
BRW-02090,POT-0102,SHP-03,CDR-09,2024-12-19T05:54:11Z,12,49,fail,Maribel Netherfield
BRW-02091,POT-0031,SHP-09,CDR-25,2026-05-11 05:59:41,29,35,pass,Oswin Wyrmwood
BRW-02092,POT-0050,SHP-03,CDR-03,2025-10-16T10:08:39Z,48,141,PASS,Yarrow Ravenscroft
BRW-02093,POT-0074,SHP-03,CDR-38,2026-06-21T11:54:48Z,51,97,pass,Wendeline Ashgrove
BRW-02094,POT-0035,SHP-04,CDR-24,2024-07-29T05:01:41Z,33,59,pass,Caspian Thistledown
BRW-02095,POT-0071,SHP-12,CDR-37,2024-11-26T11:22:10Z,24,103,pass,Delphine Mossheart
BRW-02096,POT-0075,SHP-15,CDR-04,2024-05-08 11:46:11,10,128,Pass,Maribel Netherfield
BRW-02097,POT-0068,SHP-05,CDR-01,2025-10-02 11:45:14,13,37,pass,Yarrow Ravenscroft
BRW-02098,POT-0079,SHP-13,CDR-04,2024-09-07T10:39:06Z,37,73,pass,Zephyrine Zellandine
BRW-02099,POT-0055,SHP-04,CDR-34,2026-04-23 06:04:40,45,81,pass,Kestrel Foxglove
BRW-02100,POT-0038,SHP-14,CDR-08,2024-10-29T08:56:16Z,14,28,pass,Umbra Thistledown
BRW-02101,POT-0017,SHP-14,CDR-24,2025-06-05T06:45:03Z,59,183,Pass,Lyra Winterbourne
BRW-02102,POT-0110,SHP-05,CDR-05,2024-06-29T08:51:08Z,14,158,pass,Ambrose Winterbourne
BRW-02103,POT-0093,SHP-01,CDR-28,2026-02-11 09:08:36,11,108,pass,Umbra Thistledown
BRW-02104,POT-0033,SHP-11,CDR-08,2025-11-08T07:47:41Z,30,99,pass,Caspian Thistledown
BRW-02105,POT-0010,SHP-02,CDR-29,2026-03-08 08:35:38,20,106,Pass,Oswin Wyrmwood
BRW-02106,POT-0098,SHP-08,CDR-34,2026-05-01T11:21:20Z,42,94,PASS,Gideon Moonbrook
BRW-02107,POT-0079,SHP-15,CDR-10,2025-12-12 09:47:33,48,79,pass,Belladonna Jackdaw
BRW-02108,POT-0115,SHP-08,CDR-01,2026-05-16T06:10:36Z,47,101,fail,Umbra Thistledown
BRW-02109,POT-0049,SHP-01,CDR-04,2025-06-02T08:34:56Z,41,108,pass,Oleander Ravenscroft
BRW-02110,POT-0097,SHP-08,CDR-22,2026-06-02T08:44:03Z,57,123,pass,Grizelda Duskwater
BRW-02111,POT-0084,SHP-01,CDR-05,2025-11-04T09:36:25Z,22,115,pass,Grizelda Duskwater
BRW-02112,POT-0025,SHP-04,CDR-06,2024-07-29T11:31:38Z,37,56,Pass,Dorian Mistlethorn
BRW-02113,POT-0073,SHP-04,CDR-33,2026-04-05 06:03:07,58,36,Fail,Juniper Hollowbranch
BRW-02114,POT-0094,SHP-14,CDR-17,2024-08-13 06:18:15,37,129,Pass,Hesper Foxglove
BRW-02115,POT-0069,SHP-15,CDR-02,2025-11-26 05:10:27,49,140,pass,Morwenna Wandwright
BRW-02116,POT-0113,SHP-15,CDR-07,2026-03-11 11:20:52,15,150,Pass,Wendeline Ashgrove
BRW-02117,POT-0046,SHP-04,CDR-36,2025-07-14 06:22:50,44,77,Pass,Ambrose Fernwhistle
BRW-02118,POT-0036,SHP-08,CDR-12,2025-12-27 11:01:23,45,103,pass,Zephyrine Zellandine
BRW-02119,POT-0030,SHP-01,CDR-21,2026-05-19 10:34:50,12,101,PASS,Delphine Zellandine
BRW-02120,POT-0101,SHP-06,CDR-30,2026-04-21T06:19:46Z,57,158,pass,Ambrose Winterbourne
BRW-02121,POT-0080,SHP-11,CDR-03,2026-01-20T09:33:47Z,45,138,pass,Delphine Zellandine
BRW-02122,POT-0018,SHP-01,CDR-35,2025-12-24 06:16:41,16,28,pass,Dorian Mistlethorn
BRW-02123,POT-0022,SHP-06,CDR-40,2024-06-26T10:48:33Z,56,98,pass,Nimbus Glimmerstone
BRW-02124,POT-0005,SHP-08,CDR-31,2024-11-02 06:15:49,32,39,pass,Caspian Thistledown
BRW-02125,POT-0002,SHP-03,CDR-28,2024-09-12 08:30:52,11,58,pass,Dorian Mistlethorn
BRW-02126,POT-0026,SHP-05,CDR-01,2025-08-01T11:24:57Z,14,109,Pass,Cassia Everbright
BRW-02127,POT-0030,SHP-11,CDR-01,2025-10-05T06:47:33Z,27,74,pass,Zephyrine Zellandine
BRW-02128,POT-0045,SHP-12,CDR-26,2025-05-21T10:06:45Z,47,62,PASS,Hesper Foxglove
BRW-02129,POT-0081,SHP-15,CDR-19,2026-02-25T06:02:14Z,33,80,pass,Dorian Mistlethorn
BRW-02130,POT-0036,SHP-10,CDR-09,2024-08-12T11:05:04Z,31,86,Pass,Ambrose Fernwhistle
BRW-02131,POT-0111,SHP-07,CDR-37,2025-12-23T08:30:50Z,34,73,pass,Caspian Thistledown
BRW-02132,POT-0086,SHP-05,CDR-39,2025-12-26T09:54:10Z,19,77,PASS,Ambrose Winterbourne
BRW-02133,POT-0053,SHP-13,CDR-16,2024-07-31 11:09:41,59,100,pass,Gideon Moonbrook
BRW-02134,POT-0003,SHP-07,CDR-18,2025-11-22T08:59:30Z,10,67,pass,Yarrow Ravenscroft
BRW-02135,POT-0048,SHP-10,CDR-32,2026-01-19T07:33:48Z,15,147,pass,Delphine Zellandine
BRW-02136,POT-0085,SHP-09,CDR-20,2025-11-12T09:09:53Z,16,134,pass,Ambrose Winterbourne
BRW-02137,POT-0044,SHP-15,CDR-14,2025-11-29 05:05:21,18,58,Pass,Cassia Winterbourne
BRW-02138,POT-0001,SHP-14,CDR-31,2024-10-14T08:44:05Z,14,111,pass,Thaddeus Frostpetal
BRW-02139,POT-0026,SHP-11,CDR-25,2025-07-09 10:08:13,50,153,FAIL,Hesper Foxglove
BRW-02140,POT-0119,SHP-07,CDR-19,2026-01-16T10:10:50Z,55,64,Pass,Vesper Emberwhisk
BRW-02141,POT-0109,SHP-11,CDR-14,2026-03-21T09:37:45Z,51,114,pass,Oleander Ravenscroft
BRW-02142,POT-0035,SHP-05,CDR-11,2024-11-19T08:41:16Z,56,95,pass,Maribel Netherfield
BRW-02143,POT-0116,SHP-12,CDR-04,2025-02-17T11:31:44Z,12,112,pass,Dorian Mistlethorn
BRW-02144,POT-0074,SHP-14,CDR-35,2026-06-21T05:23:37Z,24,,Pass,Belladonna Jackdaw
BRW-02145,POT-0062,SHP-12,CDR-14,2026-02-07T07:51:41Z,29,152,Fail,Zephyrine Zellandine
BRW-02146,POT-0012,SHP-04,CDR-13,2024-08-14T10:45:04Z,14,69,pass,Vesper Emberwhisk
BRW-02147,POT-0109,SHP-10,CDR-11,2025-07-11 08:52:06,56,129,pass,Ambrose Fernwhistle
BRW-02148,POT-0028,SHP-06,CDR-38,2026-03-11 10:12:50,30,68,pass,Dorian Glimmerstone
BRW-02149,POT-0106,SHP-08,CDR-14,2026-04-22T08:17:10Z,47,69,pass,Umbra Thistledown
BRW-02150,POT-0012,SHP-07,CDR-26,2024-10-26T08:16:12Z,28,62,pass,Hesper Foxglove
BRW-02151,POT-0107,SHP-05,CDR-33,2025-06-15T07:42:44Z,20,28,pass,Hesper Foxglove
BRW-02152,POT-0112,SHP-01,CDR-26,2025-08-01 05:45:30,14,87,pass,Morwenna Wandwright
BRW-02153,POT-0071,SHP-01,CDR-31,2025-10-05T11:36:18Z,40,92,Pass,Cassia Winterbourne
BRW-02154,POT-0104,SHP-15,CDR-22,2024-12-10 05:57:27,19,132,pass,Maribel Netherfield
BRW-02155,POT-0056,SHP-03,CDR-23,2026-03-17 05:43:28,38,68,pass,Dorian Glimmerstone
BRW-02156,POT-0071,SHP-10,CDR-19,2025-03-25 11:34:03,14,106,pass,Kestrel Foxglove
BRW-02157,POT-0040,SHP-09,CDR-34,2024-10-28 07:35:45,53,51,pass,Nimbus Glimmerstone
BRW-02158,POT-0056,SHP-15,CDR-38,2025-10-04T09:22:17Z,14,62,pass,Lyra Winterbourne
BRW-02159,POT-0104,SHP-03,CDR-18,2024-09-12 05:37:44,13,144,pass,Ambrose Winterbourne
BRW-02160,POT-0035,SHP-14,CDR-14,2024-05-12T06:27:54Z,56,94,pass,Wendeline Ashgrove
BRW-02161,POT-0020,SHP-07,CDR-35,2025-05-08T09:52:24Z,25,111,pass,Grizelda Duskwater
BRW-02162,POT-0115,SHP-13,CDR-21,2026-05-17 10:49:01,14,118,PASS,Grizelda Kilnworth
BRW-02163,POT-0061,SHP-07,CDR-35,2026-04-03T08:22:38Z,40,93,pass,Dorian Mistlethorn
BRW-02164,POT-0030,SHP-10,CDR-10,2025-12-11 06:01:47,34,54,fail,Ambrose Winterbourne
BRW-02165,POT-0070,SHP-10,CDR-20,2025-05-11 09:17:34,55,152,PASS,Oswin Wyrmwood
BRW-02166,POT-0056,SHP-08,CDR-09,2026-06-22 06:31:27,21,85,fail,Hesper Cinderfell
BRW-02167,POT-0011,SHP-09,CDR-16,2026-04-16 09:31:48,20,128,fail,Maribel Netherfield
BRW-02168,POT-0051,SHP-08,CDR-22,2025-03-21T09:18:23Z,29,51,PASS,Thaddeus Frostpetal
BRW-02169,POT-0069,SHP-14,CDR-19,2024-11-03 05:00:49,35,124,pass,Wendeline Ashgrove
BRW-02170,POT-0020,SHP-01,CDR-22,2025-02-21 11:19:43,34,89,fail,Dorian Glimmerstone
BRW-02171,POT-0079,SHP-12,CDR-08,2025-05-09 05:18:42,41,77,Pass,Dorian Glimmerstone
BRW-02172,POT-0030,SHP-02,CDR-28,2025-11-24 08:39:03,34,78,pass,Ambrose Winterbourne
BRW-02173,POT-0040,SHP-15,CDR-09,2025-06-13 07:09:09,48,15,pass,Vesper Emberwhisk
BRW-02174,POT-0001,SHP-06,CDR-16,2025-12-09T05:24:57Z,35,145,pass,Zephyrine Zellandine
BRW-02175,POT-0044,SHP-11,CDR-27,2026-06-16T05:31:46Z,15,57,pass,Zephyrine Zellandine
BRW-02176,POT-0013,SHP-15,CDR-18,2025-08-22 10:49:01,51,89,pass,Wendeline Ashgrove
BRW-02177,POT-0072,SHP-06,CDR-01,2025-03-04 06:53:40,33,100,pass,Oleander Ravenscroft
BRW-02178,POT-0094,SHP-14,CDR-38,2024-11-06 07:09:12,13,116,pass,Hesper Foxglove
BRW-02179,POT-0060,SHP-13,CDR-36,2026-04-09T10:24:07Z,22,165,PASS,Zephyrine Zellandine
BRW-02180,POT-0053,SHP-03,CDR-02,2025-05-16T10:59:51Z,32,82,PASS,Cassia Everbright
BRW-02181,POT-0116,SHP-06,CDR-40,2025-07-16 08:34:14,49,85,PASS,Grizelda Duskwater
BRW-02182,POT-0106,SHP-13,CDR-36,2026-02-26T08:17:35Z,56,73,pass,Cassia Winterbourne
BRW-02183,POT-0031,SHP-07,CDR-35,2026-01-30 09:06:29,21,37,pass,Delphine Mossheart
BRW-02184,POT-0051,SHP-07,CDR-37,2025-07-08T06:41:33Z,35,64,pass,Nimbus Glimmerstone
BRW-02185,POT-0069,SHP-01,CDR-14,2026-04-06 06:46:40,32,135,PASS,Ambrose Fernwhistle
BRW-02186,POT-0019,SHP-14,CDR-09,2024-07-23 05:25:23,25,70,pass,Dorian Mistlethorn
BRW-02187,POT-0038,SHP-15,CDR-32,2024-12-21 06:59:41,16,54,pass,Nimbus Glimmerstone
BRW-02188,POT-0089,SHP-08,CDR-34,2025-02-09T09:05:17Z,16,97,pass,Delphine Zellandine
BRW-02189,POT-0057,SHP-14,CDR-06,2025-10-18T05:59:01Z,58,100,PASS,Delphine Zellandine
BRW-02190,POT-0092,SHP-03,CDR-24,2025-08-30T06:30:31Z,35,89,pass,Umbra Thistledown
BRW-02191,POT-0038,SHP-02,CDR-28,2025-01-16 09:44:42,49,32,pass,Oleander Ravenscroft
BRW-02192,POT-0120,SHP-12,CDR-21,2025-05-26 07:49:02,56,101,pass,Delphine Mossheart
BRW-02193,POT-0091,SHP-09,CDR-31,2026-06-12T05:57:23Z,21,56,Pass,Thaddeus Frostpetal
BRW-02194,POT-0018,SHP-06,CDR-27,2024-06-23 09:01:54,15,62,pass,Lyra Winterbourne
BRW-02195,POT-0043,SHP-12,CDR-39,2024-12-29T11:45:24Z,23,53,Fail,Belladonna Jackdaw
BRW-02196,POT-0016,SHP-08,CDR-32,2026-05-11 05:24:53,42,102,pass,Ambrose Fernwhistle
BRW-02197,POT-0114,SHP-14,CDR-27,2025-09-17 09:49:06,13,71,pass,Wendeline Ashgrove
BRW-02198,POT-0059,SHP-13,CDR-35,2026-04-20 11:22:34,26,115,Pass,Delphine Mossheart
BRW-02199,POT-0083,SHP-01,CDR-36,2024-10-30T05:25:35Z,20,151,pass,Oswin Wyrmwood
BRW-02200,POT-0032,SHP-02,CDR-11,2026-03-16T08:44:54Z,58,99,Pass,Umbra Thistledown
BRW-02201,POT-0062,SHP-12,CDR-31,2026-02-22T10:26:37Z,37,126,pass,Maribel Netherfield
BRW-02202,POT-0076,SHP-10,CDR-08,2026-06-16T06:22:07Z,16,51,pass,Oswin Wyrmwood
BRW-02203,POT-0102,SHP-01,CDR-40,2024-06-24T07:11:00Z,14,71,pass,Gideon Moonbrook
BRW-02204,POT-0010,SHP-14,CDR-01,2026-04-30 10:50:33,20,93,PASS,Oswin Wyrmwood
BRW-02205,POT-0022,SHP-08,CDR-21,2024-12-27T11:55:05Z,17,136,pass,Ambrose Fernwhistle
BRW-02206,POT-0085,SHP-05,CDR-26,2026-05-08 10:53:18,43,110,Pass,Umbra Thistledown
BRW-02207,POT-0119,SHP-04,CDR-01,2026-01-23T10:28:51Z,38,88,pass,Zephyrine Zellandine
BRW-02208,POT-0067,SHP-04,CDR-20,2025-02-21T11:43:29Z,11,67,Pass,Thaddeus Frostpetal
BRW-02209,POT-0115,SHP-15,CDR-26,2025-11-01 05:43:28,36,93,Pass,Oleander Ravenscroft
BRW-02210,POT-0100,SHP-14,CDR-40,2025-01-21T08:29:30Z,11,93,pass,Ambrose Fernwhistle
BRW-02211,POT-0010,SHP-14,CDR-35,2026-06-22 09:35:05,53,,pass,Cassia Everbright
BRW-02212,POT-0085,SHP-02,CDR-29,2025-08-25 10:27:55,16,129,pass,Juniper Hollowbranch
BRW-02213,POT-0103,SHP-06,CDR-34,2025-07-14 06:55:48,52,71,pass,Umbra Thistledown
BRW-02214,POT-0069,SHP-11,CDR-30,2025-04-02T11:56:36Z,51,143,pass,Grizelda Kilnworth
BRW-02215,POT-0109,SHP-10,CDR-25,2026-05-25 05:22:01,42,119,fail,Kestrel Foxglove
BRW-02216,POT-0093,SHP-07,CDR-33,2024-05-10T07:01:36Z,56,97,pass,Yarrow Ravenscroft
BRW-02217,POT-0051,SHP-11,CDR-40,2024-07-20T05:38:14Z,17,53,pass,Kestrel Foxglove
BRW-02218,POT-0032,SHP-03,CDR-14,2025-04-08T07:33:32Z,48,118,pass,Dorian Glimmerstone
BRW-02219,POT-0021,SHP-07,CDR-22,2025-08-13T07:10:17Z,14,74,Pass,Morwenna Wandwright
BRW-02220,POT-0023,SHP-01,CDR-34,2025-01-27 07:44:32,54,178,pass,Thaddeus Frostpetal
BRW-02221,POT-0017,SHP-06,CDR-30,2026-05-18 07:42:09,14,173,pass,Delphine Zellandine
BRW-02222,POT-0040,SHP-14,CDR-18,2026-04-11 08:22:42,58,51,pass,Hesper Foxglove
BRW-02223,POT-0006,SHP-01,CDR-19,2026-06-18 07:31:27,35,150,Pass,Caspian Thistledown
BRW-02224,POT-0027,SHP-11,CDR-04,2025-11-26 07:41:20,50,116,Pass,Cassia Everbright
BRW-02225,POT-0101,SHP-10,CDR-21,2026-06-19T06:26:50Z,16,189,pass,Hesper Foxglove
BRW-02226,POT-0019,SHP-04,CDR-25,2025-06-26 08:43:12,39,84,pass,Belladonna Jackdaw
BRW-02227,POT-0090,SHP-14,CDR-17,2024-12-20T07:22:07Z,49,112,pass,Ambrose Fernwhistle
BRW-02228,POT-0083,SHP-02,CDR-27,2024-12-29T06:14:29Z,25,154,fail,Yarrow Ravenscroft
BRW-02229,POT-0114,SHP-12,CDR-29,2025-02-15T07:59:40Z,30,75,pass,Ambrose Fernwhistle
BRW-02230,POT-0063,SHP-03,CDR-23,2024-11-20 07:59:35,53,62,pass,Delphine Mossheart
BRW-02231,POT-0050,SHP-10,CDR-17,2025-11-19 11:07:05,12,118,pass,Thaddeus Frostpetal
BRW-02232,POT-0079,SHP-14,CDR-27,2024-07-11 11:41:16,11,59,pass,Belladonna Jackdaw
BRW-02233,POT-0065,SHP-11,CDR-03,2024-06-22 06:08:44,38,52,pass,Oleander Ravenscroft
BRW-02234,POT-0022,SHP-02,CDR-27,2025-03-30 07:40:20,11,127,pass,Dorian Mistlethorn
BRW-02235,POT-0066,SHP-14,CDR-15,2026-06-18T06:13:06Z,29,101,pass,Umbra Thistledown
BRW-02236,POT-0041,SHP-11,CDR-37,2025-10-07 06:41:16,39,,pass,Cassia Everbright
BRW-02237,POT-0031,SHP-02,CDR-18,2025-12-26T08:40:03Z,27,45,pass,Zephyrine Zellandine
BRW-02238,POT-0036,SHP-08,CDR-40,2025-04-11T05:24:32Z,14,109,pass,Grizelda Kilnworth
BRW-02239,POT-0019,SHP-06,CDR-23,2024-08-23T10:11:27Z,16,90,PASS,Caspian Thistledown
BRW-02240,POT-0040,SHP-07,CDR-16,2025-03-05 11:44:58,48,46,pass,Gideon Moonbrook
BRW-02241,POT-0055,SHP-06,CDR-17,2026-05-13 07:43:22,24,83,PASS,Gideon Moonbrook
BRW-02242,POT-0108,SHP-11,CDR-17,2026-01-20 11:35:59,26,64,Pass,Oleander Ravenscroft
BRW-02243,POT-0016,SHP-12,CDR-05,2026-05-17T06:27:36Z,39,116,Pass,Oswin Wyrmwood
BRW-02244,POT-0048,SHP-06,CDR-20,2025-04-19T11:03:08Z,18,83,pass,Lyra Winterbourne
BRW-02245,POT-0015,SHP-08,CDR-26,2025-12-16T05:24:12Z,31,106,pass,Oswin Wyrmwood
BRW-02246,POT-0024,SHP-02,CDR-08,2025-12-08T10:52:25Z,36,109,Pass,Morwenna Wandwright
BRW-02247,POT-0118,SHP-13,CDR-32,2026-04-10 08:21:55,35,50,pass,Cassia Winterbourne
BRW-02248,POT-0059,SHP-06,CDR-03,2026-04-11T08:26:02Z,11,110,pass,Delphine Mossheart
BRW-02249,POT-0018,SHP-13,CDR-35,2026-06-21T10:13:09Z,46,50,pass,Oleander Ravenscroft
BRW-02250,POT-0042,SHP-15,CDR-25,2025-12-15T08:36:04Z,40,105,pass,Caspian Thistledown
BRW-02251,POT-0055,SHP-06,CDR-21,2025-11-27T08:59:56Z,13,103,pass,Caspian Thistledown
BRW-02252,POT-0103,SHP-14,CDR-16,2025-11-17T06:14:05Z,54,131,pass,Ambrose Winterbourne
BRW-02253,POT-0028,SHP-07,CDR-15,2026-05-16T08:48:44Z,54,66,pass,Yarrow Ravenscroft
BRW-02254,POT-0029,SHP-07,CDR-06,2026-02-01T08:49:32Z,43,89,pass,Dorian Glimmerstone
BRW-02255,POT-0077,SHP-04,CDR-31,2025-10-23T11:22:39Z,60,103,pass,Hesper Cinderfell
BRW-02256,POT-0090,SHP-11,CDR-08,2025-12-27 05:13:23,32,98,pass,Ambrose Fernwhistle
BRW-02257,POT-0108,SHP-10,CDR-18,2025-06-19 10:20:58,60,49,pass,Juniper Hollowbranch
BRW-02258,POT-0111,SHP-10,CDR-02,2026-06-06 05:18:55,53,70,pass,Hesper Foxglove
BRW-02259,POT-0081,SHP-11,CDR-23,2026-04-14T07:15:32Z,59,93,Pass,Oswin Wyrmwood
BRW-02260,POT-0118,SHP-08,CDR-25,2026-05-25T08:42:36Z,55,80,fail,Oswin Wyrmwood
BRW-02261,POT-0002,SHP-01,CDR-10,2024-11-08 10:41:46,16,81,Pass,Thaddeus Frostpetal
BRW-02262,POT-0007,SHP-04,CDR-11,2026-01-25T09:34:55Z,33,173,pass,Zephyrine Zellandine
BRW-02263,POT-0093,SHP-07,CDR-21,2024-11-17T09:45:34Z,28,112,pass,Ambrose Winterbourne
BRW-02264,POT-0053,SHP-07,CDR-17,2026-02-02T05:45:09Z,54,128,Pass,Yarrow Ravenscroft
BRW-02265,POT-0069,SHP-01,CDR-05,2024-08-07 07:51:07,39,132,pass,Grizelda Kilnworth
BRW-02266,POT-0024,SHP-10,CDR-13,2026-05-12 08:30:21,47,141,Pass,Morwenna Wandwright
BRW-02267,POT-0021,SHP-01,CDR-32,2024-09-03T07:38:04Z,27,71,pass,Delphine Zellandine
BRW-02268,POT-0035,SHP-06,CDR-37,2024-09-19T05:02:25Z,35,117,pass,Vesper Emberwhisk
BRW-02269,POT-0116,SHP-10,CDR-16,2024-12-17 05:16:11,21,106,PASS,Caspian Thistledown
BRW-02270,POT-0001,SHP-10,CDR-35,2025-09-07T09:16:16Z,56,93,fail,Oswin Wyrmwood
BRW-02271,POT-0007,SHP-04,CDR-01,2026-01-12 09:02:25,43,139,pass,Nimbus Glimmerstone
BRW-02272,POT-0045,SHP-11,CDR-19,2024-06-05T09:11:09Z,20,,Fail,Maribel Netherfield
BRW-02273,POT-0043,SHP-15,CDR-37,2025-04-26T07:52:29Z,56,59,pass,Delphine Mossheart
BRW-02274,POT-0041,SHP-12,CDR-40,2025-02-25T08:58:46Z,15,128,Pass,Delphine Zellandine
BRW-02275,POT-0016,SHP-09,CDR-39,2026-03-18T08:43:18Z,52,100,Pass,Zephyrine Zellandine
BRW-02276,POT-0062,SHP-01,CDR-15,2024-11-12T11:20:07Z,58,129,PASS,Delphine Zellandine
BRW-02277,POT-0117,SHP-06,CDR-12,2025-09-18 06:54:51,30,36,pass,Hesper Foxglove
BRW-02278,POT-0107,SHP-14,CDR-12,2025-09-19T07:28:22Z,54,46,fail,Yarrow Ravenscroft
BRW-02279,POT-0038,SHP-13,CDR-26,2025-04-22T05:17:43Z,47,52,pass,Thaddeus Frostpetal
BRW-02280,POT-0045,SHP-07,CDR-08,2025-11-04 07:13:57,51,51,pass,Caspian Thistledown
BRW-02281,POT-0012,SHP-08,CDR-38,2024-12-04T09:24:11Z,52,96,pass,Thaddeus Frostpetal
BRW-02282,POT-0018,SHP-02,CDR-14,2026-03-20 06:39:29,29,52,pass,Cassia Everbright
BRW-02283,POT-0031,SHP-07,CDR-10,2026-01-11 08:01:32,35,61,Pass,Cassia Everbright
BRW-02284,POT-0007,SHP-02,CDR-12,2025-08-30T10:46:04Z,11,137,Pass,Caspian Thistledown
BRW-02285,POT-0085,SHP-10,CDR-12,2025-12-05T07:09:44Z,27,117,pass,Caspian Thistledown
BRW-02286,POT-0074,SHP-09,CDR-39,2026-06-13T10:03:32Z,33,107,Pass,Cassia Winterbourne
BRW-02287,POT-0062,SHP-04,CDR-34,2024-05-09 08:06:23,54,148,pass,Delphine Zellandine
BRW-02288,POT-0078,SHP-07,CDR-22,2026-02-16T10:04:27Z,17,104,pass,Thaddeus Frostpetal
BRW-02289,POT-0045,SHP-01,CDR-04,2025-06-25T11:55:05Z,57,64,pass,Cassia Winterbourne
BRW-02290,POT-0005,SHP-09,CDR-04,2026-03-29T08:50:20Z,28,26,pass,Hesper Foxglove
BRW-02291,POT-0079,SHP-15,CDR-25,2025-03-24T07:58:34Z,34,59,pass,Nimbus Glimmerstone
BRW-02292,POT-0028,SHP-12,CDR-05,2026-04-06 06:30:05,14,46,Pass,Lyra Winterbourne
BRW-02293,POT-0101,SHP-08,CDR-07,2025-02-12T11:35:49Z,33,131,PASS,Ambrose Winterbourne
BRW-02294,POT-0116,SHP-14,CDR-06,2025-09-13T11:49:09Z,51,123,pass,Ambrose Winterbourne
BRW-02295,POT-0041,SHP-01,CDR-29,2026-01-06 08:04:36,13,158,pass,Grizelda Duskwater
BRW-02296,POT-0089,SHP-05,CDR-20,2025-09-17T08:15:08Z,51,100,pass,Kestrel Foxglove
BRW-02297,POT-0008,SHP-14,CDR-20,2026-04-22 09:50:21,21,66,pass,Grizelda Duskwater
BRW-02298,POT-0033,SHP-10,CDR-16,2025-10-20 05:24:39,16,63,pass,Ambrose Fernwhistle
BRW-02299,POT-0098,SHP-12,CDR-33,2026-01-01 10:14:48,60,107,pass,Hesper Foxglove
BRW-02300,POT-0062,SHP-07,CDR-33,2025-10-24T05:18:12Z,12,170,fail,Morwenna Wandwright
BRW-02301,POT-0105,SHP-02,CDR-28,2025-09-13T08:49:54Z,33,133,pass,Gideon Thistledown
BRW-02302,POT-0014,SHP-02,CDR-27,2026-01-23 10:47:17,28,56,Pass,Dorian Glimmerstone
BRW-02303,POT-0017,SHP-10,CDR-19,2025-12-24T05:07:44Z,28,152,Pass,Caspian Thistledown
BRW-02304,POT-0090,SHP-14,CDR-15,2024-06-09T06:25:11Z,23,63,Pass,Vesper Emberwhisk
BRW-02305,POT-0109,SHP-14,CDR-20,2025-10-15T06:10:36Z,31,124,pass,Cassia Winterbourne
BRW-02306,POT-0063,SHP-09,CDR-25,2026-06-05 10:44:08,49,66,pass,Delphine Mossheart
BRW-02307,POT-0034,SHP-01,CDR-25,2026-02-17T05:32:22Z,28,104,PASS,Cassia Everbright
BRW-02308,POT-0072,SHP-05,CDR-25,2025-08-18T11:19:47Z,16,102,pass,Delphine Zellandine
BRW-02309,POT-0082,SHP-01,CDR-15,2026-06-13 11:53:02,20,56,pass,Caspian Thistledown
BRW-02310,POT-0045,SHP-03,CDR-19,2025-05-11T07:40:28Z,48,52,pass,Grizelda Kilnworth
BRW-02311,POT-0118,SHP-14,CDR-16,2026-05-26 11:04:11,29,66,pass,Ambrose Winterbourne
BRW-02312,POT-0057,SHP-02,CDR-30,2026-04-14T06:16:34Z,54,74,Pass,Oleander Ravenscroft
BRW-02313,POT-0026,SHP-10,CDR-05,2026-03-31T08:44:08Z,57,114,pass,Cassia Winterbourne
BRW-02314,POT-0055,SHP-08,CDR-01,2026-02-25 10:45:35,33,106,pass,Zephyrine Zellandine
BRW-02315,POT-0093,SHP-01,CDR-39,2025-11-28T09:12:42Z,58,100,pass,Lyra Winterbourne
BRW-02316,POT-0065,SHP-02,CDR-28,2025-10-06T09:34:12Z,20,62,Pass,Hesper Foxglove
BRW-02317,POT-0068,SHP-08,CDR-40,2025-04-07T07:22:10Z,13,52,Pass,Hesper Foxglove
BRW-02318,POT-0085,SHP-03,CDR-29,2026-03-03T08:53:21Z,53,136,pass,Grizelda Duskwater
BRW-02319,POT-0003,SHP-08,CDR-15,2024-10-20T08:56:26Z,57,75,pass,Belladonna Jackdaw
BRW-02320,POT-0056,SHP-11,CDR-15,2025-09-12 06:21:52,55,100,PASS,Hesper Foxglove
BRW-02321,POT-0113,SHP-04,CDR-28,2025-06-11T06:51:27Z,31,153,pass,Morwenna Wandwright
BRW-02322,POT-0072,SHP-03,CDR-02,2025-03-23 05:14:43,35,86,pass,Caspian Thistledown
BRW-02323,POT-0078,SHP-09,CDR-17,2025-08-09T09:22:57Z,33,65,Pass,Belladonna Jackdaw
BRW-02324,POT-0049,SHP-02,CDR-38,2024-07-02T08:53:44Z,43,118,Pass,Maribel Netherfield
BRW-02325,POT-0021,SHP-03,CDR-10,2024-07-27T09:50:04Z,19,89,PASS,Lyra Winterbourne
BRW-02326,POT-0029,SHP-02,CDR-12,2025-02-07 10:58:38,38,79,fail,Thaddeus Frostpetal
BRW-02327,POT-0118,SHP-12,CDR-06,2026-06-22 09:15:04,25,68,pass,Vesper Emberwhisk
BRW-02328,POT-0052,SHP-10,CDR-17,2025-05-17 06:03:54,55,147,fail,Grizelda Kilnworth
BRW-02329,POT-0042,SHP-09,CDR-26,2025-02-28 09:40:44,59,107,pass,Grizelda Kilnworth
BRW-02330,POT-0001,SHP-02,CDR-32,2025-06-17T09:07:48Z,24,134,pass,Dorian Glimmerstone
BRW-02331,POT-0055,SHP-08,CDR-16,2025-11-18 09:16:36,18,103,pass,Wendeline Ashgrove
BRW-02332,POT-0024,SHP-15,CDR-19,2025-12-17 11:32:39,32,146,pass,Delphine Zellandine
BRW-02333,POT-0023,SHP-08,CDR-13,2025-06-20 07:02:14,23,151,pass,Delphine Mossheart
BRW-02334,POT-0078,SHP-09,CDR-06,2025-09-15T10:31:52Z,32,113,pass,Hesper Foxglove
BRW-02335,POT-0102,SHP-04,CDR-30,2024-06-01 09:54:26,58,47,pass,Kestrel Foxglove
BRW-02336,POT-0037,SHP-04,CDR-03,2025-12-19 06:42:23,43,106,Pass,Gideon Thistledown
BRW-02337,POT-0056,SHP-05,CDR-33,2026-03-10T11:05:11Z,19,65,pass,Delphine Zellandine
BRW-02338,POT-0040,SHP-11,CDR-22,2026-04-15T09:28:40Z,29,43,pass,Zephyrine Zellandine
BRW-02339,POT-0012,SHP-11,CDR-24,2025-02-07T08:53:06Z,25,91,Pass,Oleander Ravenscroft
BRW-02340,POT-0068,SHP-05,CDR-25,2024-08-22T05:13:16Z,16,86,pass,Gideon Thistledown
BRW-02341,POT-0109,SHP-05,CDR-37,2026-01-19T11:02:09Z,25,112,Pass,Lyra Winterbourne
BRW-02342,POT-0036,SHP-15,CDR-12,2025-04-04T09:57:48Z,53,97,Pass,Morwenna Wandwright
BRW-02343,POT-0085,SHP-01,CDR-34,2025-07-22T07:49:05Z,16,118,PASS,Gideon Thistledown
BRW-02344,POT-0097,SHP-02,CDR-04,2026-04-04 08:42:53,23,126,pass,Hesper Foxglove
BRW-02345,POT-0108,SHP-09,CDR-10,2025-04-15 08:33:11,54,58,pass,Umbra Thistledown
BRW-02346,POT-0100,SHP-11,CDR-23,2024-09-03T07:38:53Z,54,81,pass,Gideon Thistledown
BRW-02347,POT-0117,SHP-09,CDR-27,2024-09-27T08:33:29Z,26,73,pass,Cassia Everbright
BRW-02348,POT-0100,SHP-05,CDR-17,2025-08-06T10:16:58Z,25,98,pass,Cassia Winterbourne
BRW-02349,POT-0084,SHP-05,CDR-24,2024-09-13T06:00:06Z,40,110,fail,Lyra Winterbourne
BRW-02350,POT-0001,SHP-14,CDR-25,2026-05-08T11:44:57Z,34,94,pass,Umbra Thistledown
BRW-02351,POT-0069,SHP-05,CDR-15,2025-03-19T06:21:41Z,42,113,pass,Dorian Glimmerstone
BRW-02352,POT-0003,SHP-04,CDR-33,2024-06-04T06:46:50Z,15,38,Pass,Cassia Everbright
BRW-02353,POT-0088,SHP-11,CDR-38,2026-02-01T09:08:29Z,10,82,pass,Oswin Wyrmwood
BRW-02354,POT-0033,SHP-04,CDR-31,2025-03-20T08:32:40Z,53,45,pass,Hesper Foxglove
BRW-02355,POT-0113,SHP-12,CDR-30,2026-04-10 10:15:50,28,142,pass,Cassia Everbright
BRW-02356,POT-0105,SHP-02,CDR-39,2024-08-11T11:53:49Z,28,139,pass,Grizelda Duskwater
BRW-02357,POT-0024,SHP-07,CDR-25,2026-03-09 09:57:05,37,126,pass,Yarrow Ravenscroft
BRW-02358,POT-0016,SHP-06,CDR-34,2026-06-24 09:53:06,57,97,pass,Cassia Everbright
BRW-02359,POT-0116,SHP-12,CDR-22,2026-03-29T10:23:03Z,46,94,pass,Delphine Mossheart
BRW-02360,POT-0058,SHP-01,CDR-13,2024-10-21T10:08:00Z,39,149,pass,Gideon Thistledown
BRW-02361,POT-0074,SHP-03,CDR-26,2026-05-29T09:34:41Z,43,109,Pass,Ambrose Fernwhistle
BRW-02362,POT-0105,SHP-07,CDR-35,2025-09-02T11:17:32Z,34,142,Pass,Gideon Moonbrook
BRW-02363,POT-0036,SHP-14,CDR-04,2024-12-29T10:30:05Z,60,101,FAIL,Morwenna Wandwright
BRW-02364,POT-0082,SHP-06,CDR-34,2026-01-17T05:03:31Z,21,31,PASS,Vesper Emberwhisk
BRW-02365,POT-0098,SHP-11,CDR-39,2025-10-27T07:54:59Z,35,86,Pass,Zephyrine Zellandine
BRW-02366,POT-0098,SHP-09,CDR-33,2025-07-16T08:41:14Z,53,95,pass,Belladonna Jackdaw
BRW-02367,POT-0056,SHP-05,CDR-27,2025-07-31T09:46:19Z,37,79,pass,Wendeline Ashgrove
BRW-02368,POT-0047,SHP-03,CDR-02,2025-02-18 05:35:07,38,113,pass,Nimbus Glimmerstone
BRW-02369,POT-0100,SHP-01,CDR-11,2026-03-30T05:26:30Z,38,96,pass,Dorian Glimmerstone
BRW-02370,POT-0109,SHP-09,CDR-28,2026-04-25T06:31:27Z,42,120,pass,Nimbus Glimmerstone
BRW-02371,POT-0034,SHP-14,CDR-13,2025-06-01T11:38:34Z,21,98,pass,Hesper Cinderfell
BRW-02372,POT-0017,SHP-13,CDR-14,2024-07-30T09:32:30Z,30,161,pass,Thaddeus Frostpetal
BRW-02373,POT-0089,SHP-12,CDR-06,2024-12-23 09:23:00,11,105,PASS,Yarrow Ravenscroft
BRW-02374,POT-0069,SHP-15,CDR-10,2025-04-01 10:21:44,47,121,pass,Belladonna Jackdaw
BRW-02375,POT-0076,SHP-12,CDR-24,2026-01-04T10:33:29Z,58,43,PASS,Dorian Mistlethorn
BRW-02376,POT-0048,SHP-02,CDR-20,2026-01-06T11:37:34Z,20,117,Pass,Hesper Foxglove
BRW-02377,POT-0118,SHP-15,CDR-38,2026-06-16T06:58:39Z,41,63,Pass,Wendeline Ashgrove
BRW-02378,POT-0024,SHP-11,CDR-40,2026-02-08T09:46:15Z,58,141,Pass,Vesper Emberwhisk
BRW-02379,POT-0083,SHP-06,CDR-03,2025-09-27T09:23:23Z,44,159,pass,Delphine Mossheart
BRW-02380,POT-0085,SHP-12,CDR-37,2024-09-18T05:33:37Z,45,130,Fail,Lyra Winterbourne
BRW-02381,POT-0101,SHP-06,CDR-34,2024-06-15T10:44:30Z,42,132,pass,Gideon Moonbrook
BRW-02382,POT-0013,SHP-14,CDR-33,2026-01-28T08:41:11Z,40,78,pass,Ambrose Winterbourne
BRW-02383,POT-0090,SHP-05,CDR-16,2025-05-15 07:54:11,58,75,Pass,Delphine Zellandine
BRW-02384,POT-0009,SHP-10,CDR-25,2024-11-16T11:20:12Z,18,61,pass,Delphine Mossheart
BRW-02385,POT-0096,SHP-02,CDR-20,2025-06-18 06:17:42,31,119,pass,Morwenna Wandwright
BRW-02386,POT-0094,SHP-10,CDR-17,2025-07-06T08:57:21Z,10,120,Fail,Grizelda Kilnworth
BRW-02387,POT-0054,SHP-05,CDR-07,2025-12-26T06:08:19Z,55,33,pass,Hesper Cinderfell
BRW-02388,POT-0033,SHP-09,CDR-25,2025-12-23T10:23:19Z,41,75,pass,Cassia Winterbourne
BRW-02389,POT-0039,SHP-11,CDR-17,2026-02-03T07:42:28Z,43,96,Pass,Thaddeus Frostpetal
BRW-02390,POT-0074,SHP-09,CDR-26,2026-04-25 07:04:44,12,80,pass,Maribel Netherfield
BRW-02391,POT-0019,SHP-12,CDR-40,2025-04-03 07:53:46,15,73,pass,Wendeline Ashgrove
BRW-02392,POT-0028,SHP-10,CDR-22,2026-02-19 10:13:32,24,64,pass,Dorian Mistlethorn
BRW-02393,POT-0102,SHP-11,CDR-27,2025-06-02 05:27:58,12,73,pass,Belladonna Jackdaw
BRW-02394,POT-0096,SHP-05,CDR-37,2025-06-21T09:09:40Z,55,110,pass,Hesper Cinderfell
BRW-02395,POT-0090,SHP-08,CDR-04,2025-11-11 08:02:15,47,88,Pass,Hesper Foxglove
BRW-02396,POT-0114,SHP-01,CDR-35,2026-06-07 06:38:27,29,66,pass,Dorian Glimmerstone
BRW-02397,POT-0102,SHP-13,CDR-38,2025-01-24T09:17:19Z,10,61,pass,Belladonna Jackdaw
BRW-02398,POT-0031,SHP-12,CDR-03,2026-03-01 06:52:13,50,20,pass,Grizelda Duskwater
BRW-02399,POT-0089,SHP-02,CDR-38,2025-10-30T06:21:00Z,33,98,fail,Delphine Zellandine
BRW-02400,POT-0012,SHP-03,CDR-34,2024-08-28 06:59:15,34,93,Pass,Grizelda Duskwater
BRW-02401,POT-0036,SHP-08,CDR-12,2026-04-12T09:00:05Z,31,91,pass,Hesper Cinderfell
BRW-02402,POT-0016,SHP-02,CDR-22,2026-04-17 09:30:00,52,120,Pass,Delphine Mossheart
BRW-02403,POT-0003,SHP-09,CDR-15,2024-10-09T09:09:50Z,36,35,pass,Oswin Wyrmwood
BRW-02404,POT-0065,SHP-11,CDR-27,2024-06-11 07:11:43,58,34,pass,Dorian Mistlethorn
BRW-02405,POT-0032,SHP-09,CDR-26,2025-06-05 07:48:08,30,124,pass,Cassia Winterbourne
BRW-02406,POT-0116,SHP-03,CDR-09,2025-10-17T06:05:30Z,28,127,pass,Zephyrine Zellandine
BRW-02407,POT-0003,SHP-05,CDR-03,2024-08-10 07:39:57,56,30,pass,Wendeline Ashgrove
BRW-02408,POT-0119,SHP-09,CDR-07,2025-06-10 07:19:25,43,86,pass,Zephyrine Zellandine
BRW-02409,POT-0022,SHP-14,CDR-37,2025-07-06 07:53:09,45,121,pass,Nimbus Glimmerstone
BRW-02410,POT-0079,SHP-07,CDR-32,2024-07-12 11:25:08,28,59,pass,Delphine Zellandine
BRW-02411,POT-0027,SHP-10,CDR-34,2026-05-28 09:35:41,37,97,Pass,Delphine Mossheart
BRW-02412,POT-0102,SHP-04,CDR-22,2026-06-05 09:12:52,55,51,pass,Belladonna Jackdaw
BRW-02413,POT-0038,SHP-07,CDR-03,2024-12-08 07:10:57,49,41,pass,Cassia Everbright
BRW-02414,POT-0109,SHP-08,CDR-25,2025-10-20 06:10:38,26,137,pass,Belladonna Jackdaw
BRW-02415,POT-0014,SHP-12,CDR-22,2025-04-05T11:24:40Z,16,56,pass,Vesper Emberwhisk
BRW-02416,POT-0003,SHP-06,CDR-03,2026-02-20 07:11:49,13,41,Pass,Nimbus Glimmerstone
BRW-02417,POT-0064,SHP-02,CDR-08,2024-11-06 06:01:47,45,95,PASS,Umbra Thistledown
BRW-02418,POT-0047,SHP-02,CDR-28,2025-06-06T11:51:59Z,11,112,pass,Gideon Thistledown
BRW-02419,POT-0079,SHP-02,CDR-10,2024-06-01T08:35:22Z,50,63,Pass,Umbra Thistledown
BRW-02420,POT-0091,SHP-01,CDR-36,2024-08-04T09:01:45Z,38,48,pass,Kestrel Foxglove
BRW-02421,POT-0074,SHP-05,CDR-12,2026-05-27 05:37:27,30,97,pass,Lyra Winterbourne
BRW-02422,POT-0116,SHP-06,CDR-13,2025-03-28T08:44:18Z,53,122,pass,Thaddeus Frostpetal
BRW-02423,POT-0068,SHP-04,CDR-29,2024-08-05T07:02:29Z,30,58,Pass,Delphine Zellandine
BRW-02424,POT-0112,SHP-09,CDR-29,2025-07-07 09:16:47,56,119,pass,Juniper Hollowbranch
BRW-02425,POT-0062,SHP-09,CDR-31,2026-04-10 10:59:28,37,140,pass,Cassia Everbright
BRW-02426,POT-0119,SHP-15,CDR-09,2024-12-07 06:49:31,60,67,pass,Ambrose Fernwhistle
BRW-02427,POT-0076,SHP-08,CDR-13,2026-04-26 10:55:15,59,44,pass,Gideon Thistledown
BRW-02428,POT-0019,SHP-05,CDR-25,2025-06-07T10:41:34Z,51,103,fail,Ambrose Fernwhistle
BRW-02429,POT-0044,SHP-10,CDR-33,2026-06-19T06:05:39Z,27,53,pass,Kestrel Foxglove
BRW-02430,POT-0079,SHP-01,CDR-15,2024-06-26T10:13:00Z,19,89,pass,Delphine Zellandine
BRW-02431,POT-0050,SHP-08,CDR-04,2025-03-25T11:48:10Z,49,119,pass,Delphine Mossheart
BRW-02432,POT-0028,SHP-01,CDR-13,2026-03-11T11:03:32Z,37,65,PASS,Maribel Netherfield
BRW-02433,POT-0090,SHP-14,CDR-05,2025-08-04T06:42:41Z,56,94,PASS,Delphine Zellandine
BRW-02434,POT-0086,SHP-05,CDR-23,2026-05-13T07:27:46Z,23,110,pass,Cassia Winterbourne
BRW-02435,POT-0029,SHP-07,CDR-12,2026-05-27 07:50:45,44,71,PASS,Juniper Hollowbranch
BRW-02436,POT-0046,SHP-09,CDR-21,2024-09-08T11:37:49Z,43,40,Pass,Oswin Wyrmwood
BRW-02437,POT-0002,SHP-03,CDR-38,2026-04-23 11:08:18,44,75,Pass,Juniper Hollowbranch
BRW-02438,POT-0102,SHP-04,CDR-35,2025-02-19 08:03:39,25,77,pass,Ambrose Winterbourne
BRW-02439,POT-0085,SHP-07,CDR-01,2025-08-02T07:43:53Z,32,,pass,Wendeline Ashgrove
BRW-02440,POT-0038,SHP-08,CDR-09,2026-01-03 10:43:52,49,54,pass,Morwenna Wandwright
BRW-02441,POT-0078,SHP-13,CDR-26,2024-09-20T07:57:06Z,57,83,PASS,Gideon Moonbrook
BRW-02442,POT-0036,SHP-07,CDR-04,2024-06-19T07:03:57Z,25,74,Pass,Nimbus Glimmerstone
BRW-02443,POT-0044,SHP-03,CDR-07,2025-02-21T05:32:03Z,47,72,pass,Juniper Hollowbranch
BRW-02444,POT-0101,SHP-05,CDR-05,2024-05-26T07:23:11Z,32,149,Pass,Dorian Mistlethorn
BRW-02445,POT-0101,SHP-06,CDR-36,2025-09-01T11:49:18Z,57,138,FAIL,Oleander Ravenscroft
BRW-02446,POT-0119,SHP-07,CDR-17,2026-03-07T11:41:18Z,30,87,Pass,Umbra Thistledown
BRW-02447,POT-0070,SHP-10,CDR-31,2025-02-09T06:43:43Z,33,152,pass,Gideon Moonbrook
BRW-02448,POT-0082,SHP-10,CDR-24,2026-01-11 08:55:01,21,69,pass,Kestrel Foxglove
BRW-02449,POT-0103,SHP-05,CDR-37,2025-10-24T11:03:41Z,42,99,Pass,Dorian Mistlethorn
BRW-02450,POT-0016,SHP-09,CDR-36,2026-04-12 09:43:04,28,106,Fail,Ambrose Fernwhistle
BRW-02451,POT-0031,SHP-09,CDR-19,2025-11-14T11:14:13Z,34,32,pass,Juniper Hollowbranch
BRW-02452,POT-0093,SHP-14,CDR-01,2025-04-03 06:25:00,38,107,pass,Gideon Thistledown
BRW-02453,POT-0070,SHP-12,CDR-14,2024-08-24 08:34:10,59,142,pass,Belladonna Jackdaw
BRW-02454,POT-0079,SHP-13,CDR-16,2024-06-21 07:06:07,57,75,pass,Delphine Mossheart
BRW-02455,POT-0066,SHP-01,CDR-13,2026-06-02T05:31:23Z,48,104,pass,Maribel Netherfield
BRW-02456,POT-0092,SHP-05,CDR-23,2026-05-08T11:58:52Z,27,55,pass,Grizelda Kilnworth
BRW-02457,POT-0044,SHP-15,CDR-38,2024-12-01 05:07:09,21,60,pass,Oswin Wyrmwood
BRW-02458,POT-0044,SHP-13,CDR-32,2024-05-02T06:23:53Z,58,62,pass,Oswin Wyrmwood
BRW-02459,POT-0090,SHP-05,CDR-38,2025-10-17 11:49:40,60,93,Fail,Lyra Winterbourne
BRW-02460,POT-0092,SHP-15,CDR-11,2025-01-23T08:54:51Z,55,64,pass,Umbra Thistledown
BRW-02461,POT-0102,SHP-09,CDR-08,2025-11-26T09:18:06Z,28,68,pass,Oleander Ravenscroft
BRW-02462,POT-0058,SHP-01,CDR-01,2026-01-28T10:52:31Z,11,126,pass,Kestrel Foxglove
BRW-02463,POT-0038,SHP-14,CDR-29,2024-08-07T06:14:04Z,46,46,pass,Belladonna Jackdaw
BRW-02464,POT-0082,SHP-02,CDR-01,2026-05-15T10:34:04Z,12,78,pass,Caspian Thistledown
BRW-02465,POT-0074,SHP-10,CDR-22,2026-04-16T11:50:00Z,54,74,pass,Morwenna Wandwright
BRW-02466,POT-0085,SHP-13,CDR-03,2025-04-28T08:17:14Z,54,129,pass,Hesper Cinderfell
BRW-02467,POT-0098,SHP-08,CDR-37,2025-11-22 07:02:53,19,101,pass,Oleander Ravenscroft
BRW-02468,POT-0022,SHP-14,CDR-25,2024-12-20 09:10:39,16,95,pass,Dorian Glimmerstone
BRW-02469,POT-0004,SHP-15,CDR-39,2024-12-12T07:09:44Z,51,108,pass,Gideon Moonbrook
BRW-02470,POT-0112,SHP-07,CDR-24,2026-01-30T07:19:32Z,45,83,pass,Gideon Moonbrook
BRW-02471,POT-0030,SHP-01,CDR-22,2025-11-29 10:44:12,40,102,pass,Dorian Glimmerstone
BRW-02472,POT-0027,SHP-01,CDR-36,2025-07-24T11:49:52Z,47,122,pass,Maribel Netherfield
BRW-02473,POT-0099,SHP-15,CDR-14,2026-04-08T10:03:30Z,18,140,pass,Gideon Thistledown
BRW-02474,POT-0012,SHP-13,CDR-28,2025-02-05T11:32:23Z,26,53,pass,Lyra Winterbourne
BRW-02475,POT-0038,SHP-13,CDR-04,2024-09-02T08:01:56Z,24,55,FAIL,Juniper Hollowbranch
BRW-02476,POT-0091,SHP-04,CDR-05,2025-12-18T08:31:35Z,55,34,PASS,Dorian Glimmerstone
BRW-02477,POT-0065,SHP-09,CDR-31,2024-11-09T11:54:35Z,46,61,PASS,Maribel Netherfield
BRW-02478,POT-0022,SHP-02,CDR-21,2024-09-19T08:50:05Z,37,92,Pass,Juniper Hollowbranch
BRW-02479,POT-0016,SHP-11,CDR-15,2026-03-21T05:45:39Z,58,125,Pass,Delphine Zellandine
BRW-02480,POT-0006,SHP-11,CDR-26,2026-04-13T08:07:45Z,46,142,fail,Hesper Cinderfell
BRW-02481,POT-0047,SHP-10,CDR-11,2026-06-04T05:19:52Z,47,124,Pass,Nimbus Glimmerstone
BRW-02482,POT-0016,SHP-09,CDR-37,2026-06-29T10:01:30Z,29,122,pass,Grizelda Duskwater
BRW-02483,POT-0099,SHP-14,CDR-32,2025-12-17T05:02:46Z,36,172,pass,Wendeline Ashgrove
BRW-02484,POT-0109,SHP-08,CDR-15,2025-09-27 06:00:00,24,130,pass,Gideon Moonbrook
BRW-02485,POT-0043,SHP-13,CDR-05,2024-11-24T06:34:31Z,18,58,pass,Maribel Netherfield
BRW-02486,POT-0100,SHP-15,CDR-36,2025-06-27T07:26:53Z,40,84,pass,Caspian Thistledown
BRW-02487,POT-0052,SHP-05,CDR-17,2025-02-22T10:20:06Z,52,87,pass,Yarrow Ravenscroft
BRW-02488,POT-0031,SHP-11,CDR-22,2025-11-29T10:06:42Z,56,79,Pass,Gideon Thistledown
BRW-02489,POT-0069,SHP-06,CDR-24,2025-07-28T07:23:20Z,22,124,pass,Belladonna Jackdaw
BRW-02490,POT-0075,SHP-11,CDR-11,2026-06-13 08:14:33,24,99,pass,Ambrose Winterbourne
BRW-02491,POT-0107,SHP-06,CDR-15,2026-05-25T05:35:48Z,28,70,pass,Belladonna Jackdaw
BRW-02492,POT-0031,SHP-09,CDR-29,2025-12-31T10:56:08Z,35,35,pass,Dorian Glimmerstone
BRW-02493,POT-0084,SHP-03,CDR-37,2024-11-06T08:49:53Z,38,82,Pass,Yarrow Ravenscroft
BRW-02494,POT-0045,SHP-06,CDR-12,2024-07-12 07:55:52,53,15,Pass,Maribel Netherfield
BRW-02495,POT-0101,SHP-14,CDR-10,2025-03-25 07:00:56,31,140,pass,Morwenna Wandwright
BRW-02496,POT-0101,SHP-08,CDR-21,2025-11-13T10:12:35Z,33,160,pass,Dorian Glimmerstone
BRW-02497,POT-0019,SHP-12,CDR-38,2025-05-26T06:56:29Z,44,109,pass,Delphine Zellandine
BRW-02498,POT-0099,SHP-05,CDR-35,2026-03-27 11:56:31,54,111,pass,Caspian Thistledown
BRW-02499,POT-0094,SHP-01,CDR-05,2025-06-05T10:31:22Z,43,94,pass,Zephyrine Zellandine
BRW-02500,POT-0079,SHP-02,CDR-10,2025-07-29T09:44:23Z,28,47,fail,Cassia Everbright
BRW-02501,POT-0046,SHP-12,CDR-26,2024-06-09 11:37:12,46,50,PASS,Yarrow Ravenscroft
BRW-02502,POT-0099,SHP-12,CDR-39,2026-03-01 08:06:11,20,127,Pass,Morwenna Wandwright
BRW-02503,POT-0065,SHP-02,CDR-11,2025-10-25T07:10:17Z,39,60,Pass,Kestrel Foxglove
BRW-02504,POT-0041,SHP-11,CDR-21,2025-02-08T05:58:13Z,11,122,Pass,Hesper Cinderfell
BRW-02505,POT-0079,SHP-10,CDR-15,2024-10-04 09:34:09,46,67,PASS,Zephyrine Zellandine
BRW-02506,POT-0035,SHP-05,CDR-24,2025-11-15 07:13:32,42,74,PASS,Vesper Emberwhisk
BRW-02507,POT-0074,SHP-08,CDR-09,2026-04-11T06:20:31Z,38,78,pass,Cassia Everbright
BRW-02508,POT-0108,SHP-13,CDR-05,2025-03-13T06:40:46Z,26,58,pass,Vesper Emberwhisk
BRW-02509,POT-0038,SHP-02,CDR-05,2024-11-24T10:04:20Z,22,46,pass,Caspian Thistledown
BRW-02510,POT-0120,SHP-15,CDR-32,2025-07-01T11:17:26Z,25,117,pass,Umbra Thistledown
BRW-02511,POT-0070,SHP-03,CDR-06,2025-08-09T08:34:27Z,45,150,pass,Vesper Emberwhisk
BRW-02512,POT-0001,SHP-07,CDR-08,2024-09-06 11:07:01,25,124,pass,Lyra Winterbourne
BRW-02513,POT-0030,SHP-01,CDR-16,2026-05-27T07:45:56Z,23,81,Pass,Yarrow Ravenscroft
BRW-02514,POT-0030,SHP-14,CDR-26,2026-04-04T05:35:55Z,14,42,pass,Belladonna Jackdaw
BRW-02515,POT-0096,SHP-11,CDR-21,2026-05-15 10:39:57,49,104,pass,Morwenna Wandwright
BRW-02516,POT-0079,SHP-08,CDR-28,2025-05-09 08:25:27,38,55,pass,Zephyrine Zellandine
BRW-02517,POT-0004,SHP-15,CDR-06,2026-01-23T08:23:01Z,36,117,pass,Hesper Cinderfell
BRW-02518,POT-0030,SHP-03,CDR-02,2026-02-18 10:03:15,13,59,Pass,Gideon Moonbrook
BRW-02519,POT-0108,SHP-01,CDR-02,2025-03-02T06:13:33Z,21,32,pass,Delphine Mossheart
BRW-02520,POT-0013,SHP-15,CDR-06,2025-07-31 06:00:46,39,116,pass,Ambrose Fernwhistle
BRW-02521,POT-0008,SHP-02,CDR-02,2025-06-26 07:35:36,57,73,pass,Lyra Winterbourne
BRW-02522,POT-0086,SHP-02,CDR-31,2026-05-12T06:27:24Z,44,72,pass,Maribel Netherfield
BRW-02523,POT-0086,SHP-04,CDR-40,2026-05-23T09:15:43Z,16,66,pass,Maribel Netherfield
BRW-02524,POT-0104,SHP-12,CDR-16,2026-05-13 07:02:55,52,146,pass,Oleander Ravenscroft
BRW-02525,POT-0006,SHP-04,CDR-04,2026-03-16 05:32:03,20,123,pass,Juniper Hollowbranch
BRW-02526,POT-0042,SHP-12,CDR-05,2026-01-22T09:36:24Z,27,98,pass,Delphine Zellandine
BRW-02527,POT-0070,SHP-15,CDR-19,2026-04-26 07:32:19,54,154,pass,Gideon Thistledown
BRW-02528,POT-0044,SHP-05,CDR-33,2026-04-23 07:56:37,11,70,pass,Juniper Hollowbranch
BRW-02529,POT-0066,SHP-11,CDR-37,2025-03-12T06:28:34Z,46,96,PASS,Delphine Zellandine
BRW-02530,POT-0027,SHP-10,CDR-29,2026-05-10T07:07:33Z,51,130,Fail,Yarrow Ravenscroft
BRW-02531,POT-0067,SHP-14,CDR-32,2026-06-14T11:59:10Z,43,26,pass,Oswin Wyrmwood
BRW-02532,POT-0048,SHP-10,CDR-19,2026-02-15T10:44:02Z,38,117,pass,Maribel Netherfield
BRW-02533,POT-0101,SHP-10,CDR-16,2025-01-09 07:39:08,16,157,Pass,Vesper Emberwhisk
BRW-02534,POT-0055,SHP-03,CDR-05,2026-06-06T05:05:16Z,33,103,fail,Cassia Everbright
BRW-02535,POT-0109,SHP-04,CDR-15,2025-07-22T11:56:49Z,10,129,pass,Vesper Emberwhisk
BRW-02536,POT-0119,SHP-07,CDR-25,2025-07-11T05:54:34Z,35,84,pass,Gideon Moonbrook
BRW-02537,POT-0005,SHP-02,CDR-22,2025-05-20T11:00:37Z,17,38,fail,Oswin Wyrmwood
BRW-02538,POT-0098,SHP-13,CDR-31,2025-09-14 11:09:23,39,107,Pass,Delphine Zellandine
BRW-02539,POT-0027,SHP-05,CDR-13,2025-09-10T08:12:03Z,47,110,Pass,Ambrose Winterbourne
BRW-02540,POT-0046,SHP-12,CDR-36,2025-03-18 07:08:47,20,59,pass,Ambrose Winterbourne
BRW-02541,POT-0064,SHP-05,CDR-07,2025-02-16T10:41:41Z,57,118,Fail,Cassia Everbright
BRW-02542,POT-0048,SHP-13,CDR-15,2025-02-14T06:02:48Z,59,87,pass,Delphine Zellandine
BRW-02543,POT-0118,SHP-12,CDR-17,2026-04-12 11:57:11,59,75,pass,Oswin Wyrmwood
BRW-02544,POT-0022,SHP-15,CDR-26,2025-06-07 11:29:21,38,113,pass,Oleander Ravenscroft
BRW-02545,POT-0106,SHP-01,CDR-30,2025-06-25T09:20:23Z,21,80,Pass,Hesper Cinderfell
BRW-02546,POT-0111,SHP-11,CDR-36,2026-05-03T08:19:43Z,11,61,pass,Umbra Thistledown
BRW-02547,POT-0063,SHP-12,CDR-39,2025-04-21T11:44:19Z,50,75,pass,Lyra Winterbourne
BRW-02548,POT-0053,SHP-02,CDR-28,2026-04-03 08:57:52,44,128,FAIL,Belladonna Jackdaw
BRW-02549,POT-0079,SHP-01,CDR-22,2025-05-16 09:31:58,43,54,pass,Caspian Thistledown
BRW-02550,POT-0086,SHP-06,CDR-15,2025-12-27T08:04:31Z,56,62,pass,Delphine Zellandine
BRW-02551,POT-0033,SHP-12,CDR-06,2025-07-09T08:37:34Z,38,98,pass,Vesper Emberwhisk
BRW-02552,POT-0059,SHP-15,CDR-16,2026-03-13T11:55:30Z,58,104,pass,Grizelda Duskwater
BRW-02553,POT-0010,SHP-11,CDR-32,2026-05-01T08:50:10Z,53,128,Pass,Hesper Cinderfell
BRW-02554,POT-0101,SHP-06,CDR-05,2026-03-17T06:47:49Z,15,127,Pass,Morwenna Wandwright
BRW-02555,POT-0100,SHP-12,CDR-02,2025-04-26 11:49:27,53,111,PASS,Oswin Wyrmwood
BRW-02556,POT-0011,SHP-14,CDR-26,2024-05-13T09:42:42Z,29,101,pass,Oleander Ravenscroft
BRW-02557,POT-0085,SHP-07,CDR-12,2024-07-30T07:59:55Z,34,129,PASS,Kestrel Foxglove
BRW-02558,POT-0046,SHP-07,CDR-37,2026-01-27T10:12:44Z,26,31,Pass,Ambrose Fernwhistle
BRW-02559,POT-0039,SHP-15,CDR-34,2025-11-09 08:21:26,36,180,Pass,Wendeline Ashgrove
BRW-02560,POT-0031,SHP-15,CDR-16,2026-04-27T06:36:09Z,31,33,pass,Hesper Foxglove
BRW-02561,POT-0052,SHP-04,CDR-39,2024-07-04T09:13:17Z,52,86,pass,Dorian Mistlethorn
BRW-02562,POT-0119,SHP-08,CDR-14,2026-01-02T08:14:32Z,43,78,pass,Ambrose Winterbourne
BRW-02563,POT-0074,SHP-10,CDR-39,2026-04-01T06:28:37Z,60,91,Pass,Hesper Cinderfell
BRW-02564,POT-0001,SHP-07,CDR-25,2026-03-06T06:40:56Z,40,96,PASS,Ambrose Fernwhistle
BRW-02565,POT-0099,SHP-14,CDR-37,2026-01-25T05:32:43Z,53,149,pass,Dorian Mistlethorn
BRW-02566,POT-0086,SHP-14,CDR-37,2026-06-01 10:07:38,51,93,Pass,Yarrow Ravenscroft
BRW-02567,POT-0092,SHP-07,CDR-06,2024-12-01 06:13:30,55,83,pass,Delphine Mossheart
BRW-02568,POT-0010,SHP-05,CDR-22,2026-06-19T09:01:40Z,23,120,Pass,Cassia Everbright
BRW-02569,POT-0027,SHP-04,CDR-15,2025-04-12T05:24:42Z,41,118,FAIL,Cassia Everbright
BRW-02570,POT-0048,SHP-15,CDR-31,2026-04-21T05:07:06Z,21,95,pass,Dorian Mistlethorn
BRW-02571,POT-0118,SHP-05,CDR-14,2026-06-18T10:01:15Z,33,65,pass,Gideon Moonbrook
BRW-02572,POT-0002,SHP-09,CDR-02,2025-08-06 11:36:48,32,67,pass,Lyra Winterbourne
BRW-02573,POT-0119,SHP-09,CDR-20,2026-01-28T11:00:25Z,47,79,PASS,Kestrel Foxglove
BRW-02574,POT-0064,SHP-11,CDR-29,2025-04-07 09:53:57,10,117,Pass,Oleander Ravenscroft
BRW-02575,POT-0007,SHP-13,CDR-11,2026-01-13T07:44:07Z,11,139,pass,Maribel Netherfield
BRW-02576,POT-0033,SHP-02,CDR-33,2025-03-02 10:09:59,43,95,Pass,Cassia Winterbourne
BRW-02577,POT-0036,SHP-14,CDR-12,2024-06-03 06:19:55,11,97,pass,Dorian Glimmerstone
BRW-02578,POT-0016,SHP-06,CDR-28,2026-04-22 09:07:46,45,113,pass,Grizelda Duskwater
BRW-02579,POT-0020,SHP-15,CDR-13,2026-05-13T11:40:28Z,32,157,pass,Umbra Thistledown
BRW-02580,POT-0084,SHP-04,CDR-07,2025-09-27T09:12:19Z,20,120,Pass,Umbra Thistledown
BRW-02581,POT-0031,SHP-06,CDR-16,2025-12-06T08:31:46Z,26,52,pass,Hesper Cinderfell
BRW-02582,POT-0017,SHP-06,CDR-11,2025-03-28T09:16:03Z,23,184,Pass,Dorian Mistlethorn
BRW-02583,POT-0041,SHP-09,CDR-25,2026-05-18T09:42:51Z,49,141,pass,Gideon Moonbrook
BRW-02584,POT-0057,SHP-09,CDR-11,2026-06-25 10:39:15,57,59,Pass,Hesper Foxglove
BRW-02585,POT-0118,SHP-10,CDR-23,2026-05-20 11:28:56,23,69,pass,Dorian Mistlethorn
BRW-02586,POT-0063,SHP-10,CDR-26,2024-06-13T08:39:51Z,51,53,pass,Cassia Everbright
BRW-02587,POT-0101,SHP-12,CDR-26,2024-07-25T06:26:02Z,28,137,pass,Grizelda Duskwater
BRW-02588,POT-0044,SHP-09,CDR-36,2025-10-13T06:13:03Z,47,46,Pass,Delphine Mossheart
BRW-02589,POT-0073,SHP-04,CDR-39,2026-05-02T07:24:00Z,12,70,pass,Ambrose Fernwhistle
BRW-02590,POT-0074,SHP-10,CDR-01,2026-04-13T05:44:22Z,60,90,fail,Maribel Netherfield
BRW-02591,POT-0022,SHP-04,CDR-10,2025-10-09T11:59:02Z,27,103,Pass,Vesper Emberwhisk
BRW-02592,POT-0084,SHP-04,CDR-03,2024-08-21T11:06:42Z,57,109,pass,Dorian Mistlethorn
BRW-02593,POT-0012,SHP-11,CDR-32,2025-10-11 09:11:22,36,88,pass,Thaddeus Frostpetal
BRW-02594,POT-0074,SHP-09,CDR-15,2026-05-11T09:49:44Z,27,98,pass,Zephyrine Zellandine
BRW-02595,POT-0116,SHP-11,CDR-29,2025-04-02T06:55:35Z,57,130,pass,Grizelda Duskwater
BRW-02596,POT-0097,SHP-01,CDR-12,2026-02-05 11:32:58,18,108,pass,Oleander Ravenscroft
BRW-02597,POT-0082,SHP-14,CDR-27,2024-09-08 05:36:25,44,45,pass,Zephyrine Zellandine
BRW-02598,POT-0010,SHP-04,CDR-33,2026-01-31T07:49:10Z,11,86,Pass,Morwenna Wandwright
BRW-02599,POT-0046,SHP-02,CDR-16,2024-06-07 06:51:02,53,78,fail,Grizelda Kilnworth
BRW-02600,POT-0084,SHP-02,CDR-37,2024-08-16T09:58:29Z,58,117,Pass,Oleander Ravenscroft
BRW-02601,POT-0010,SHP-12,CDR-09,2026-04-20 10:47:29,26,139,fail,Oleander Ravenscroft
BRW-02602,POT-0039,SHP-13,CDR-30,2025-08-23 08:25:43,21,147,Pass,Umbra Thistledown
BRW-02603,POT-0050,SHP-05,CDR-38,2025-06-06T06:06:46Z,41,144,pass,Gideon Moonbrook
BRW-02604,POT-0022,SHP-13,CDR-10,2025-08-22T05:18:44Z,48,105,PASS,Maribel Netherfield
BRW-02605,POT-0098,SHP-03,CDR-34,2025-12-04T11:02:10Z,21,86,pass,Gideon Moonbrook
BRW-02606,POT-0105,SHP-10,CDR-09,2025-01-22T07:17:10Z,57,161,pass,Gideon Thistledown
BRW-02607,POT-0044,SHP-05,CDR-30,2024-11-14 08:38:46,42,56,pass,Juniper Hollowbranch
BRW-02608,POT-0005,SHP-08,CDR-28,2025-01-18T09:08:49Z,51,55,pass,Cassia Everbright
BRW-02609,POT-0065,SHP-15,CDR-21,2024-09-17 08:56:02,16,38,pass,Belladonna Jackdaw
BRW-02610,POT-0009,SHP-09,CDR-05,2026-06-27 08:08:09,57,68,pass,Lyra Winterbourne
BRW-02611,POT-0056,SHP-07,CDR-10,2025-10-01T11:32:17Z,42,95,pass,Wendeline Ashgrove
BRW-02612,POT-0060,SHP-05,CDR-19,2026-06-15 06:31:04,53,148,pass,Zephyrine Zellandine
BRW-02613,POT-0059,SHP-14,CDR-15,2026-06-17 06:37:40,43,132,fail,Ambrose Winterbourne
BRW-02614,POT-0037,SHP-01,CDR-12,2025-10-30T09:22:46Z,23,74,pass,Nimbus Glimmerstone
BRW-02615,POT-0097,SHP-05,CDR-33,2026-06-28 07:01:20,18,132,Pass,Delphine Zellandine
BRW-02616,POT-0040,SHP-02,CDR-07,2024-09-30T10:24:33Z,15,35,Pass,Morwenna Wandwright
BRW-02617,POT-0113,SHP-12,CDR-09,2025-03-05 10:55:34,17,130,pass,Ambrose Winterbourne
BRW-02618,POT-0019,SHP-02,CDR-19,2026-03-23T06:28:49Z,21,117,pass,Ambrose Fernwhistle
BRW-02619,POT-0031,SHP-13,CDR-23,2026-04-17T08:09:19Z,55,16,pass,Dorian Mistlethorn
BRW-02620,POT-0053,SHP-02,CDR-05,2025-02-08T09:15:02Z,34,112,pass,Grizelda Duskwater
BRW-02621,POT-0068,SHP-09,CDR-40,2024-11-16T07:31:01Z,19,68,pass,Ambrose Fernwhistle
BRW-02622,POT-0019,SHP-07,CDR-24,2025-11-14T08:38:08Z,55,79,pass,Zephyrine Zellandine
BRW-02623,POT-0113,SHP-02,CDR-34,2026-06-06T08:51:08Z,28,143,pass,Wendeline Ashgrove
BRW-02624,POT-0020,SHP-09,CDR-31,2024-06-26T11:20:29Z,15,110,FAIL,Wendeline Ashgrove
BRW-02625,POT-0109,SHP-11,CDR-02,2025-12-03 07:08:50,43,121,pass,Belladonna Jackdaw
BRW-02626,POT-0115,SHP-05,CDR-30,2025-10-30T11:16:57Z,49,142,Pass,Zephyrine Zellandine
BRW-02627,POT-0100,SHP-12,CDR-19,2024-06-16T11:40:28Z,60,79,pass,Vesper Emberwhisk
BRW-02628,POT-0101,SHP-14,CDR-40,2024-09-05 09:17:47,23,147,pass,Nimbus Glimmerstone
BRW-02629,POT-0024,SHP-11,CDR-04,2025-11-05 10:37:11,23,116,pass,Gideon Moonbrook
BRW-02630,POT-0046,SHP-09,CDR-08,2024-09-11T05:22:17Z,16,36,pass,Cassia Everbright
BRW-02631,POT-0074,SHP-13,CDR-32,2026-04-21 10:28:39,33,108,Pass,Cassia Winterbourne
BRW-02632,POT-0078,SHP-06,CDR-35,2026-05-13 09:49:01,27,101,pass,Oswin Wyrmwood
BRW-02633,POT-0054,SHP-03,CDR-34,2026-02-18T07:27:28Z,26,43,Pass,Oswin Wyrmwood
BRW-02634,POT-0106,SHP-07,CDR-40,2025-06-10T06:35:28Z,33,81,pass,Delphine Mossheart
BRW-02635,POT-0038,SHP-03,CDR-25,2025-12-17T09:43:05Z,50,49,Pass,Delphine Mossheart
BRW-02636,POT-0044,SHP-13,CDR-32,2025-07-25T10:54:11Z,32,41,Pass,Grizelda Duskwater
BRW-02637,POT-0056,SHP-10,CDR-17,2025-12-15 11:03:23,42,105,pass,Lyra Winterbourne
BRW-02638,POT-0119,SHP-15,CDR-10,2025-06-09T06:41:43Z,32,85,PASS,Delphine Mossheart
BRW-02639,POT-0118,SHP-10,CDR-36,2026-03-17 07:55:17,53,84,Pass,Caspian Thistledown
BRW-02640,POT-0113,SHP-03,CDR-36,2025-09-15T05:20:54Z,15,141,pass,Maribel Netherfield
BRW-02641,POT-0056,SHP-03,CDR-35,2025-08-21T05:19:32Z,47,94,pass,Grizelda Kilnworth
BRW-02642,POT-0057,SHP-06,CDR-24,2025-07-23T08:03:12Z,37,97,pass,Hesper Foxglove
BRW-02643,POT-0077,SHP-04,CDR-01,2026-06-23T08:59:41Z,58,88,PASS,Gideon Thistledown
BRW-02644,POT-0034,SHP-01,CDR-37,2026-06-02T07:33:56Z,44,122,pass,Dorian Mistlethorn
BRW-02645,POT-0102,SHP-01,CDR-18,2026-06-29T05:47:46Z,24,44,Pass,Gideon Moonbrook
BRW-02646,POT-0109,SHP-10,CDR-23,2025-01-15 11:31:03,17,123,pass,Morwenna Wandwright
BRW-02647,POT-0068,SHP-08,CDR-39,2025-02-12 06:31:16,26,64,PASS,Lyra Winterbourne
BRW-02648,POT-0069,SHP-10,CDR-10,2024-09-26T11:49:11Z,36,116,Fail,Grizelda Kilnworth
BRW-02649,POT-0106,SHP-08,CDR-35,2026-04-10 11:00:58,24,53,fail,Oleander Ravenscroft
BRW-02650,POT-0030,SHP-14,CDR-04,2026-06-20 10:14:44,53,60,pass,Juniper Hollowbranch
BRW-02651,POT-0022,SHP-06,CDR-08,2025-06-08 09:56:44,36,132,PASS,Umbra Thistledown
BRW-02652,POT-0117,SHP-05,CDR-10,2025-03-18T09:31:23Z,11,83,Pass,Oswin Wyrmwood
BRW-02653,POT-0085,SHP-03,CDR-36,2024-07-05T07:52:17Z,14,112,pass,Gideon Thistledown
BRW-02654,POT-0015,SHP-08,CDR-06,2026-06-30T09:15:56Z,45,106,pass,Thaddeus Frostpetal
BRW-02655,POT-0118,SHP-02,CDR-33,2026-02-20T09:17:31Z,40,80,PASS,Kestrel Foxglove
BRW-02656,POT-0051,SHP-09,CDR-20,2024-06-04T07:47:34Z,39,40,PASS,Gideon Thistledown
BRW-02657,POT-0062,SHP-02,CDR-18,2025-03-13T11:21:00Z,41,160,pass,Dorian Glimmerstone
BRW-02658,POT-0100,SHP-02,CDR-14,2025-04-06T08:33:53Z,18,97,PASS,Grizelda Kilnworth
BRW-02659,POT-0030,SHP-10,CDR-35,2025-11-06T10:59:30Z,59,69,PASS,Thaddeus Frostpetal
BRW-02660,POT-0100,SHP-01,CDR-19,2025-05-19T09:01:38Z,25,109,pass,Cassia Everbright
BRW-02661,POT-0034,SHP-07,CDR-11,2025-02-09T08:36:12Z,27,139,pass,Yarrow Ravenscroft
BRW-02662,POT-0042,SHP-07,CDR-31,2026-01-21 10:32:03,28,,PASS,Ambrose Winterbourne
BRW-02663,POT-0092,SHP-03,CDR-21,2025-08-22 10:00:30,19,59,pass,Vesper Emberwhisk
BRW-02664,POT-0042,SHP-15,CDR-21,2026-04-21 05:22:11,57,83,pass,Gideon Moonbrook
BRW-02665,POT-0113,SHP-07,CDR-16,2025-06-08T08:29:11Z,15,136,Pass,Hesper Foxglove
BRW-02666,POT-0052,SHP-01,CDR-06,2026-01-25T11:08:40Z,24,78,pass,Dorian Glimmerstone
BRW-02667,POT-0034,SHP-12,CDR-31,2024-05-24T06:06:02Z,51,126,pass,Dorian Mistlethorn
BRW-02668,POT-0087,SHP-09,CDR-09,2026-05-21T11:56:29Z,46,52,pass,Cassia Everbright
BRW-02669,POT-0083,SHP-14,CDR-38,2026-04-01T05:26:57Z,47,140,pass,Vesper Emberwhisk
BRW-02670,POT-0082,SHP-01,CDR-21,2026-01-26 11:49:26,16,47,pass,Thaddeus Frostpetal
BRW-02671,POT-0066,SHP-04,CDR-11,2025-04-14 09:12:26,42,101,pass,Yarrow Ravenscroft
BRW-02672,POT-0062,SHP-06,CDR-31,2026-04-27T10:14:14Z,17,161,Pass,Ambrose Fernwhistle
BRW-02673,POT-0118,SHP-03,CDR-04,2026-04-24 07:50:18,18,52,pass,Maribel Netherfield
BRW-02674,POT-0077,SHP-12,CDR-14,2026-01-17 07:08:54,14,103,Pass,Umbra Thistledown
BRW-02675,POT-0095,SHP-06,CDR-05,2026-03-28 05:38:53,22,126,pass,Ambrose Fernwhistle
BRW-02676,POT-0055,SHP-08,CDR-35,2026-04-24 11:21:23,50,92,PASS,Caspian Thistledown
BRW-02677,POT-0041,SHP-15,CDR-29,2024-05-05 10:15:24,34,,pass,Delphine Zellandine
BRW-02678,POT-0039,SHP-08,CDR-10,2025-07-07 06:54:12,17,125,pass,Oleander Ravenscroft
BRW-02679,POT-0102,SHP-03,CDR-24,2026-02-25T11:01:04Z,51,47,pass,Yarrow Ravenscroft
BRW-02680,POT-0115,SHP-13,CDR-08,2026-06-12 05:37:30,46,136,pass,Cassia Winterbourne
BRW-02681,POT-0054,SHP-13,CDR-13,2026-06-26T11:05:33Z,41,,pass,Hesper Cinderfell
BRW-02682,POT-0017,SHP-03,CDR-15,2026-03-29 08:38:44,57,143,Pass,Hesper Foxglove
BRW-02683,POT-0001,SHP-02,CDR-10,2026-01-05T06:25:48Z,45,113,Pass,Dorian Mistlethorn
BRW-02684,POT-0047,SHP-11,CDR-32,2024-11-07T05:25:58Z,58,111,pass,Hesper Cinderfell
BRW-02685,POT-0021,SHP-03,CDR-06,2025-11-25T08:56:53Z,16,77,PASS,Lyra Winterbourne
BRW-02686,POT-0010,SHP-05,CDR-37,2026-02-24T09:47:21Z,47,123,PASS,Cassia Winterbourne
BRW-02687,POT-0038,SHP-08,CDR-03,2025-02-23T10:02:47Z,41,49,pass,Yarrow Ravenscroft
BRW-02688,POT-0021,SHP-07,CDR-25,2026-06-07 08:12:09,22,78,Pass,Lyra Winterbourne
BRW-02689,POT-0028,SHP-09,CDR-36,2026-06-06T09:28:55Z,24,78,pass,Yarrow Ravenscroft
BRW-02690,POT-0022,SHP-01,CDR-36,2025-12-15T08:24:33Z,39,110,PASS,Hesper Foxglove
BRW-02691,POT-0083,SHP-11,CDR-38,2026-05-25T07:02:51Z,26,160,pass,Gideon Thistledown
BRW-02692,POT-0107,SHP-14,CDR-20,2026-03-04 08:30:34,55,70,PASS,Vesper Emberwhisk
BRW-02693,POT-0117,SHP-13,CDR-31,2025-04-13T10:27:35Z,31,58,Pass,Zephyrine Zellandine
BRW-02694,POT-0031,SHP-09,CDR-40,2026-03-21T11:22:36Z,57,15,pass,Delphine Zellandine
BRW-02695,POT-0013,SHP-15,CDR-39,2026-02-12T10:32:11Z,19,101,pass,Cassia Everbright
BRW-02696,POT-0055,SHP-07,CDR-02,2026-04-21T05:47:47Z,55,122,fail,Cassia Winterbourne
BRW-02697,POT-0097,SHP-15,CDR-09,2026-05-20T11:44:17Z,23,155,pass,Cassia Everbright
BRW-02698,POT-0064,SHP-06,CDR-27,2026-02-12 06:52:29,28,124,Pass,Kestrel Foxglove
BRW-02699,POT-0068,SHP-07,CDR-39,2025-04-02T05:37:18Z,43,64,pass,Juniper Hollowbranch
BRW-02700,POT-0001,SHP-15,CDR-02,2026-01-18 08:58:21,36,106,pass,Grizelda Duskwater
BRW-02701,POT-0007,SHP-12,CDR-34,2025-07-03T10:47:43Z,46,165,fail,Zephyrine Zellandine
BRW-02702,POT-0120,SHP-08,CDR-07,2024-09-29T08:14:44Z,20,64,pass,Ambrose Fernwhistle
BRW-02703,POT-0079,SHP-14,CDR-09,2024-11-17T09:57:09Z,54,57,pass,Dorian Mistlethorn
BRW-02704,POT-0086,SHP-15,CDR-35,2026-03-16T10:20:13Z,52,53,Pass,Grizelda Kilnworth
BRW-02705,POT-0007,SHP-04,CDR-32,2025-12-03 07:21:32,39,126,pass,Nimbus Glimmerstone
BRW-02706,POT-0038,SHP-06,CDR-07,2024-11-30 06:23:03,13,51,pass,Zephyrine Zellandine
BRW-02707,POT-0118,SHP-02,CDR-05,2026-04-20 05:30:01,26,41,pass,Juniper Hollowbranch
BRW-02708,POT-0078,SHP-05,CDR-19,2024-11-27 09:16:53,56,97,pass,Gideon Thistledown
BRW-02709,POT-0102,SHP-02,CDR-30,2025-05-17 11:06:06,18,61,Pass,Dorian Mistlethorn
BRW-02710,POT-0077,SHP-04,CDR-18,2026-01-29T10:06:56Z,11,120,pass,Hesper Foxglove
BRW-02711,POT-0013,SHP-09,CDR-37,2025-08-14T05:21:53Z,41,115,pass,Cassia Winterbourne
BRW-02712,POT-0092,SHP-03,CDR-01,2025-08-20T10:48:25Z,30,70,fail,Delphine Zellandine
BRW-02713,POT-0028,SHP-10,CDR-39,2026-06-23T06:57:31Z,40,77,pass,Umbra Thistledown
BRW-02714,POT-0086,SHP-12,CDR-15,2026-01-19T05:33:38Z,36,72,pass,Oleander Ravenscroft
BRW-02715,POT-0017,SHP-07,CDR-24,2025-11-01T07:25:52Z,36,158,pass,Wendeline Ashgrove
BRW-02716,POT-0100,SHP-15,CDR-16,2024-10-10 10:37:58,28,91,Fail,Delphine Mossheart
BRW-02717,POT-0083,SHP-12,CDR-35,2025-04-18T06:11:10Z,13,136,Fail,Grizelda Kilnworth
BRW-02718,POT-0025,SHP-08,CDR-08,2025-01-14T08:16:23Z,33,48,pass,Hesper Foxglove
BRW-02719,POT-0013,SHP-11,CDR-33,2025-09-07 08:15:56,13,79,pass,Vesper Emberwhisk
BRW-02720,POT-0091,SHP-03,CDR-13,2025-03-03 07:41:40,11,42,pass,Thaddeus Frostpetal
BRW-02721,POT-0064,SHP-14,CDR-13,2024-10-02 09:21:48,31,122,pass,Zephyrine Zellandine
BRW-02722,POT-0109,SHP-06,CDR-08,2025-08-18T07:01:14Z,16,134,Pass,Gideon Moonbrook
BRW-02723,POT-0004,SHP-14,CDR-08,2025-10-06T10:03:38Z,53,87,pass,Gideon Moonbrook
BRW-02724,POT-0047,SHP-07,CDR-01,2025-04-23 10:07:18,30,133,pass,Thaddeus Frostpetal
BRW-02725,POT-0078,SHP-01,CDR-17,2026-01-31T06:12:11Z,43,79,fail,Morwenna Wandwright
BRW-02726,POT-0032,SHP-03,CDR-24,2026-02-15T10:32:53Z,41,116,pass,Gideon Thistledown
BRW-02727,POT-0006,SHP-05,CDR-15,2026-05-15T08:08:34Z,32,92,pass,Ambrose Winterbourne
BRW-02728,POT-0038,SHP-09,CDR-14,2025-08-10 06:39:41,48,47,pass,Kestrel Foxglove
BRW-02729,POT-0118,SHP-13,CDR-15,2026-03-17T05:20:25Z,49,48,pass,Morwenna Wandwright
BRW-02730,POT-0104,SHP-10,CDR-37,2026-02-16T11:35:47Z,45,144,pass,Grizelda Kilnworth
BRW-02731,POT-0040,SHP-11,CDR-31,2026-04-30 11:23:41,35,52,Pass,Belladonna Jackdaw
BRW-02732,POT-0039,SHP-08,CDR-20,2026-05-12 05:09:25,60,140,pass,Juniper Hollowbranch
BRW-02733,POT-0024,SHP-04,CDR-09,2024-09-18T06:41:28Z,52,114,Pass,Hesper Foxglove
BRW-02734,POT-0095,SHP-14,CDR-22,2026-01-13T07:12:37Z,29,125,pass,Oleander Ravenscroft
BRW-02735,POT-0101,SHP-13,CDR-10,2024-08-03T09:27:38Z,31,156,pass,Dorian Glimmerstone
BRW-02736,POT-0093,SHP-03,CDR-16,2025-09-18T06:04:07Z,59,104,pass,Dorian Glimmerstone
BRW-02737,POT-0078,SHP-13,CDR-24,2025-07-23T08:51:57Z,44,91,pass,Ambrose Winterbourne
BRW-02738,POT-0044,SHP-07,CDR-08,2024-06-08T09:11:04Z,11,76,pass,Dorian Glimmerstone
BRW-02739,POT-0119,SHP-13,CDR-11,2025-11-08T06:32:11Z,37,92,pass,Umbra Thistledown
BRW-02740,POT-0064,SHP-09,CDR-25,2025-02-17T05:58:42Z,38,100,fail,Zephyrine Zellandine
BRW-02741,POT-0036,SHP-14,CDR-06,2024-11-16T09:57:42Z,59,114,pass,Kestrel Foxglove
BRW-02742,POT-0069,SHP-03,CDR-27,2024-10-06 05:51:49,24,128,Pass,Dorian Glimmerstone
BRW-02743,POT-0113,SHP-13,CDR-30,2025-12-05T09:54:30Z,46,140,fail,Vesper Emberwhisk
BRW-02744,POT-0094,SHP-13,CDR-25,2026-04-18 10:51:54,46,120,fail,Delphine Mossheart
BRW-02745,POT-0024,SHP-04,CDR-11,2026-02-18 10:46:02,43,124,pass,Maribel Netherfield
BRW-02746,POT-0118,SHP-09,CDR-30,2026-03-14T05:22:50Z,10,74,Pass,Gideon Thistledown
BRW-02747,POT-0039,SHP-03,CDR-11,2025-11-29T08:18:10Z,21,160,PASS,Gideon Moonbrook
BRW-02748,POT-0069,SHP-05,CDR-21,2025-04-06T11:59:55Z,58,144,pass,Zephyrine Zellandine
BRW-02749,POT-0073,SHP-13,CDR-16,2026-02-13 06:19:33,36,73,pass,Caspian Thistledown
BRW-02750,POT-0054,SHP-08,CDR-12,2026-04-06 09:23:58,11,61,pass,Dorian Mistlethorn
BRW-02751,POT-0019,SHP-12,CDR-21,2025-06-08T06:19:13Z,29,80,pass,Gideon Moonbrook
BRW-02752,POT-0079,SHP-01,CDR-09,2026-06-30 05:31:34,29,52,pass,Kestrel Foxglove
BRW-02753,POT-0115,SHP-01,CDR-18,2024-08-17T09:08:52Z,60,118,pass,Vesper Emberwhisk
BRW-02754,POT-0005,SHP-15,CDR-17,2024-07-02 06:28:15,38,38,Pass,Grizelda Kilnworth
BRW-02755,POT-0057,SHP-05,CDR-26,2025-12-24T10:31:02Z,52,79,pass,Oleander Ravenscroft
BRW-02756,POT-0089,SHP-14,CDR-07,2025-06-26 05:23:54,39,113,Pass,Cassia Winterbourne
BRW-02757,POT-0105,SHP-08,CDR-25,2026-03-08T06:48:55Z,14,146,pass,Yarrow Ravenscroft
BRW-02758,POT-0107,SHP-06,CDR-21,2026-03-14T10:30:56Z,24,71,pass,Grizelda Duskwater
BRW-02759,POT-0016,SHP-04,CDR-04,2026-05-30T08:24:46Z,46,118,pass,Juniper Hollowbranch
BRW-02760,POT-0053,SHP-05,CDR-21,2024-07-31T10:56:10Z,14,112,pass,Thaddeus Frostpetal
BRW-02761,POT-0078,SHP-02,CDR-05,2024-12-23T11:00:22Z,22,87,PASS,Ambrose Winterbourne
BRW-02762,POT-0043,SHP-05,CDR-02,2025-05-13 11:58:32,20,48,Pass,Dorian Mistlethorn
BRW-02763,POT-0018,SHP-03,CDR-04,2025-09-28T09:45:49Z,37,39,pass,Ambrose Winterbourne
BRW-02764,POT-0107,SHP-09,CDR-02,2026-06-13 11:40:52,32,51,pass,Yarrow Ravenscroft
BRW-02765,POT-0009,SHP-06,CDR-35,2025-02-26T08:33:04Z,12,93,pass,Grizelda Duskwater
BRW-02766,POT-0006,SHP-15,CDR-02,2026-06-06 09:28:47,52,136,pass,Lyra Winterbourne
BRW-02767,POT-0048,SHP-12,CDR-23,2026-02-04T10:07:51Z,32,103,pass,Cassia Everbright
BRW-02768,POT-0094,SHP-11,CDR-05,2025-11-29 11:06:47,46,121,Pass,Zephyrine Zellandine
BRW-02769,POT-0119,SHP-04,CDR-17,2025-12-07T07:10:50Z,34,82,PASS,Juniper Hollowbranch
BRW-02770,POT-0037,SHP-01,CDR-30,2025-09-12T11:32:05Z,21,81,pass,Thaddeus Frostpetal
BRW-02771,POT-0118,SHP-13,CDR-26,2026-05-29 11:35:10,56,69,pass,Hesper Cinderfell
BRW-02772,POT-0049,SHP-13,CDR-01,2025-04-25T06:43:17Z,10,127,pass,Dorian Mistlethorn
BRW-02773,POT-0074,SHP-05,CDR-12,2026-04-09T06:38:45Z,26,93,pass,Maribel Netherfield
BRW-02774,POT-0117,SHP-09,CDR-02,2025-09-24T06:19:14Z,33,53,pass,Hesper Foxglove
BRW-02775,POT-0049,SHP-09,CDR-17,2024-11-26 08:09:32,19,139,Pass,Zephyrine Zellandine
BRW-02776,POT-0095,SHP-02,CDR-34,2025-06-27T06:19:46Z,20,127,PASS,Vesper Emberwhisk
BRW-02777,POT-0090,SHP-14,CDR-26,2026-01-25 06:07:59,38,82,PASS,Vesper Emberwhisk
BRW-02778,POT-0019,SHP-09,CDR-23,2024-09-10 08:49:53,23,75,pass,Nimbus Glimmerstone
BRW-02779,POT-0096,SHP-13,CDR-15,2025-11-15T08:43:52Z,32,103,Pass,Gideon Thistledown
BRW-02780,POT-0048,SHP-14,CDR-37,2025-06-16 07:30:11,40,102,pass,Delphine Zellandine
BRW-02781,POT-0042,SHP-07,CDR-35,2025-07-14 10:33:15,19,107,Pass,Dorian Glimmerstone
BRW-02782,POT-0042,SHP-10,CDR-17,2025-02-09T09:16:11Z,46,109,PASS,Dorian Glimmerstone
BRW-02783,POT-0011,SHP-14,CDR-24,2025-01-09T09:25:23Z,43,129,pass,Lyra Winterbourne
BRW-02784,POT-0090,SHP-06,CDR-15,2025-07-26T05:30:57Z,59,95,pass,Umbra Thistledown
BRW-02785,POT-0093,SHP-08,CDR-39,2026-05-14T05:59:30Z,24,92,pass,Hesper Cinderfell
BRW-02786,POT-0029,SHP-15,CDR-06,2025-10-05 08:51:50,46,,FAIL,Grizelda Duskwater
BRW-02787,POT-0013,SHP-02,CDR-18,2025-12-28T06:20:15Z,19,79,pass,Delphine Mossheart
BRW-02788,POT-0056,SHP-12,CDR-35,2025-09-05T09:46:56Z,12,91,pass,Lyra Winterbourne
BRW-02789,POT-0099,SHP-09,CDR-15,2026-03-17T07:59:03Z,22,123,Pass,Maribel Netherfield
BRW-02790,POT-0107,SHP-14,CDR-17,2025-06-24T05:01:56Z,42,15,pass,Oleander Ravenscroft
BRW-02791,POT-0069,SHP-14,CDR-40,2024-11-18 06:40:50,10,85,pass,Gideon Thistledown
BRW-02792,POT-0062,SHP-12,CDR-28,2024-10-31T10:19:28Z,37,168,Pass,Caspian Thistledown
BRW-02793,POT-0045,SHP-03,CDR-33,2025-10-03T06:28:49Z,41,65,pass,Juniper Hollowbranch
BRW-02794,POT-0113,SHP-14,CDR-17,2026-02-07T05:23:09Z,21,128,pass,Dorian Mistlethorn
BRW-02795,POT-0001,SHP-14,CDR-04,2024-07-13T10:25:46Z,59,116,pass,Delphine Mossheart
BRW-02796,POT-0029,SHP-05,CDR-31,2025-09-18 07:13:28,19,65,pass,Maribel Netherfield
BRW-02797,POT-0119,SHP-06,CDR-20,2025-07-23 07:24:12,31,90,pass,Nimbus Glimmerstone
BRW-02798,POT-0012,SHP-15,CDR-22,2024-09-21T09:04:12Z,33,60,fail,Maribel Netherfield
BRW-02799,POT-0082,SHP-14,CDR-04,2024-12-14 08:02:25,23,19,Pass,Morwenna Wandwright
BRW-02800,POT-0050,SHP-08,CDR-35,2026-05-16 08:23:32,24,176,Pass,Juniper Hollowbranch
BRW-02801,POT-0012,SHP-01,CDR-26,2024-07-18 11:56:30,59,96,pass,Oleander Ravenscroft
BRW-02802,POT-0076,SHP-07,CDR-20,2025-12-29 08:47:45,12,41,Pass,Dorian Mistlethorn
BRW-02803,POT-0081,SHP-04,CDR-23,2025-03-09T08:39:52Z,48,84,pass,Caspian Thistledown
BRW-02804,POT-0118,SHP-04,CDR-27,2026-04-04T11:11:14Z,54,64,fail,Maribel Netherfield
BRW-02805,POT-0073,SHP-15,CDR-27,2026-02-04 07:43:32,42,58,Pass,Juniper Hollowbranch
BRW-02806,POT-0103,SHP-11,CDR-13,2024-06-29T06:27:04Z,31,72,pass,Cassia Winterbourne
BRW-02807,POT-0013,SHP-09,CDR-11,2026-04-04 10:26:59,23,81,Pass,Umbra Thistledown
BRW-02808,POT-0078,SHP-05,CDR-21,2025-12-23T11:12:45Z,48,89,pass,Belladonna Jackdaw
BRW-02809,POT-0016,SHP-03,CDR-06,2026-03-15T09:53:33Z,17,120,fail,Ambrose Fernwhistle
BRW-02810,POT-0114,SHP-13,CDR-37,2026-03-21T06:22:20Z,46,83,Pass,Nimbus Glimmerstone
BRW-02811,POT-0085,SHP-13,CDR-08,2025-08-08T06:01:16Z,56,135,pass,Caspian Thistledown
BRW-02812,POT-0085,SHP-15,CDR-35,2025-08-23T09:07:32Z,24,138,pass,Lyra Winterbourne
BRW-02813,POT-0067,SHP-03,CDR-22,2026-03-23 07:46:10,14,56,Pass,Kestrel Foxglove
BRW-02814,POT-0108,SHP-07,CDR-04,2025-09-03T06:29:13Z,37,96,pass,Delphine Mossheart
BRW-02815,POT-0055,SHP-06,CDR-37,2026-06-28T06:51:55Z,32,111,pass,Dorian Glimmerstone
BRW-02816,POT-0063,SHP-08,CDR-19,2025-09-28T09:20:42Z,49,51,Pass,Dorian Mistlethorn
BRW-02817,POT-0072,SHP-08,CDR-25,2026-01-18T08:43:06Z,31,106,PASS,Hesper Foxglove
BRW-02818,POT-0029,SHP-04,CDR-11,2025-08-16T10:13:05Z,56,86,pass,Delphine Mossheart
BRW-02819,POT-0117,SHP-06,CDR-23,2024-09-26T05:38:20Z,31,64,pass,Delphine Mossheart
BRW-02820,POT-0009,SHP-12,CDR-13,2024-07-23 05:28:57,28,76,pass,Hesper Foxglove
BRW-02821,POT-0101,SHP-09,CDR-10,2024-08-03T05:40:14Z,60,135,pass,Belladonna Jackdaw
BRW-02822,POT-0068,SHP-13,CDR-23,2024-11-05T05:14:42Z,55,56,pass,Hesper Cinderfell
BRW-02823,POT-0017,SHP-11,CDR-12,2026-02-08 09:15:48,54,139,pass,Maribel Netherfield
BRW-02824,POT-0109,SHP-02,CDR-08,2024-11-18T11:14:26Z,15,118,pass,Dorian Mistlethorn
BRW-02825,POT-0038,SHP-06,CDR-31,2026-02-08T06:33:54Z,24,39,pass,Dorian Glimmerstone
BRW-02826,POT-0105,SHP-10,CDR-36,2025-01-31T10:45:43Z,60,139,pass,Grizelda Kilnworth
BRW-02827,POT-0107,SHP-11,CDR-27,2026-03-30 10:25:06,11,67,pass,Thaddeus Frostpetal
BRW-02828,POT-0017,SHP-15,CDR-38,2024-07-01 07:24:13,40,149,Pass,Gideon Moonbrook
BRW-02829,POT-0049,SHP-14,CDR-15,2026-03-07T10:17:38Z,25,131,pass,Wendeline Ashgrove
BRW-02830,POT-0048,SHP-04,CDR-15,2025-10-30T08:29:43Z,29,101,pass,Wendeline Ashgrove
BRW-02831,POT-0041,SHP-01,CDR-26,2026-01-26T08:28:50Z,24,143,pass,Umbra Thistledown
BRW-02832,POT-0117,SHP-04,CDR-33,2024-06-07 08:40:08,35,50,Pass,Nimbus Glimmerstone
BRW-02833,POT-0070,SHP-01,CDR-12,2024-10-07T05:59:52Z,14,149,pass,Cassia Winterbourne
BRW-02834,POT-0111,SHP-12,CDR-21,2026-04-09T09:56:01Z,56,55,pass,Cassia Winterbourne
BRW-02835,POT-0078,SHP-09,CDR-31,2024-08-24T11:58:01Z,38,104,pass,Cassia Winterbourne
BRW-02836,POT-0079,SHP-08,CDR-38,2025-09-05T06:44:31Z,22,62,PASS,Kestrel Foxglove
BRW-02837,POT-0109,SHP-06,CDR-05,2025-05-01 06:18:37,41,147,pass,Oswin Wyrmwood
BRW-02838,POT-0024,SHP-01,CDR-30,2024-10-27T10:33:26Z,13,152,pass,Dorian Mistlethorn
BRW-02839,POT-0030,SHP-09,CDR-20,2026-02-22T06:56:37Z,50,83,Pass,Belladonna Jackdaw
BRW-02840,POT-0069,SHP-04,CDR-03,2025-07-11T07:49:07Z,28,120,pass,Dorian Mistlethorn
BRW-02841,POT-0105,SHP-04,CDR-22,2024-11-12T11:19:26Z,56,125,fail,Ambrose Winterbourne
BRW-02842,POT-0016,SHP-11,CDR-32,2026-04-18 08:59:39,10,115,pass,Gideon Moonbrook
BRW-02843,POT-0019,SHP-10,CDR-10,2025-04-24T08:52:36Z,12,91,pass,Hesper Cinderfell
BRW-02844,POT-0101,SHP-07,CDR-14,2025-03-29 06:28:15,25,163,Pass,Hesper Foxglove
BRW-02845,POT-0120,SHP-15,CDR-14,2025-10-02 11:21:37,19,102,pass,Oswin Wyrmwood
BRW-02846,POT-0016,SHP-02,CDR-33,2026-04-09 09:04:00,42,98,pass,Gideon Thistledown
BRW-02847,POT-0070,SHP-12,CDR-09,2024-09-19 11:30:33,18,158,Pass,Vesper Emberwhisk
BRW-02848,POT-0088,SHP-15,CDR-36,2025-02-22T08:26:59Z,13,114,pass,Delphine Mossheart
BRW-02849,POT-0098,SHP-03,CDR-14,2025-06-11T05:53:31Z,41,91,Pass,Umbra Thistledown
BRW-02850,POT-0101,SHP-03,CDR-15,2025-08-12 11:15:45,33,158,FAIL,Nimbus Glimmerstone
BRW-02851,POT-0115,SHP-15,CDR-34,2024-10-30T10:05:56Z,22,137,pass,Grizelda Kilnworth
BRW-02852,POT-0073,SHP-09,CDR-34,2025-05-28 08:24:42,47,69,fail,Grizelda Kilnworth
BRW-02853,POT-0092,SHP-07,CDR-32,2025-05-26T10:54:53Z,59,73,pass,Gideon Moonbrook
BRW-02854,POT-0063,SHP-06,CDR-12,2024-08-03 06:30:32,46,56,Pass,Oleander Ravenscroft
BRW-02855,POT-0042,SHP-15,CDR-31,2024-10-06 11:56:49,42,110,fail,Wendeline Ashgrove
BRW-02856,POT-0116,SHP-05,CDR-25,2025-03-25T09:04:14Z,13,96,pass,Morwenna Wandwright
BRW-02857,POT-0022,SHP-01,CDR-09,2024-12-25T10:57:31Z,52,99,pass,Juniper Hollowbranch
BRW-02858,POT-0065,SHP-13,CDR-39,2024-12-12T08:30:07Z,19,50,pass,Oswin Wyrmwood
BRW-02859,POT-0103,SHP-12,CDR-31,2025-05-20 08:47:54,60,109,Pass,Umbra Thistledown
BRW-02860,POT-0108,SHP-08,CDR-19,2025-06-09T10:19:27Z,32,53,pass,Cassia Winterbourne
BRW-02861,POT-0117,SHP-12,CDR-06,2026-03-03T08:51:03Z,57,68,pass,Maribel Netherfield
BRW-02862,POT-0044,SHP-04,CDR-02,2025-02-14T08:21:29Z,29,59,pass,Nimbus Glimmerstone
BRW-02863,POT-0046,SHP-15,CDR-27,2025-12-24 10:56:43,46,55,pass,Yarrow Ravenscroft
BRW-02864,POT-0115,SHP-07,CDR-13,2025-03-03T05:05:00Z,41,88,pass,Thaddeus Frostpetal
BRW-02865,POT-0065,SHP-07,CDR-30,2024-06-26 09:48:29,57,15,pass,Belladonna Jackdaw
BRW-02866,POT-0007,SHP-10,CDR-38,2026-06-12 07:15:14,59,134,Pass,Zephyrine Zellandine
BRW-02867,POT-0111,SHP-06,CDR-14,2026-03-01T05:10:27Z,60,58,pass,Grizelda Kilnworth
BRW-02868,POT-0048,SHP-03,CDR-25,2025-03-10T08:42:48Z,26,107,Pass,Wendeline Ashgrove
BRW-02869,POT-0084,SHP-14,CDR-37,2024-08-04 11:16:33,34,76,PASS,Caspian Thistledown
BRW-02870,POT-0046,SHP-15,CDR-04,2025-02-16T07:32:59Z,25,45,pass,Zephyrine Zellandine
BRW-02871,POT-0013,SHP-04,CDR-06,2026-01-28T10:10:56Z,58,98,pass,Umbra Thistledown
BRW-02872,POT-0113,SHP-01,CDR-17,2025-06-08 10:58:17,25,122,pass,Umbra Thistledown
BRW-02873,POT-0103,SHP-11,CDR-06,2026-06-09T10:22:10Z,15,100,Pass,Kestrel Foxglove
BRW-02874,POT-0001,SHP-12,CDR-30,2026-03-16 05:45:26,53,133,pass,Grizelda Kilnworth
BRW-02875,POT-0082,SHP-05,CDR-13,2026-06-23T06:20:14Z,24,72,pass,Oswin Wyrmwood
BRW-02876,POT-0102,SHP-04,CDR-06,2025-04-06 05:37:19,21,57,pass,Gideon Thistledown
BRW-02877,POT-0009,SHP-05,CDR-23,2025-04-26T05:16:24Z,30,79,pass,Belladonna Jackdaw
BRW-02878,POT-0065,SHP-06,CDR-05,2025-10-29 07:50:17,31,53,PASS,Ambrose Fernwhistle
BRW-02879,POT-0034,SHP-02,CDR-09,2024-09-07T08:42:02Z,14,102,pass,Vesper Emberwhisk
BRW-02880,POT-0112,SHP-14,CDR-19,2025-05-26 08:46:01,43,100,pass,Delphine Mossheart
BRW-02881,POT-0082,SHP-04,CDR-07,2024-05-07 09:28:36,25,42,Pass,Belladonna Jackdaw
BRW-02882,POT-0064,SHP-09,CDR-17,2024-05-22 07:49:38,58,137,pass,Gideon Moonbrook
BRW-02883,POT-0111,SHP-05,CDR-39,2026-02-01T09:32:04Z,30,47,Pass,Belladonna Jackdaw
BRW-02884,POT-0002,SHP-14,CDR-34,2024-05-19 07:27:00,19,92,Pass,Morwenna Wandwright
BRW-02885,POT-0095,SHP-05,CDR-17,2026-04-08T09:28:02Z,27,150,Pass,Thaddeus Frostpetal
BRW-02886,POT-0072,SHP-13,CDR-08,2025-10-24T05:10:38Z,28,108,pass,Belladonna Jackdaw
BRW-02887,POT-0036,SHP-13,CDR-01,2025-05-12 05:40:29,29,87,Fail,Ambrose Fernwhistle
BRW-02888,POT-0058,SHP-06,CDR-13,2024-05-11T06:19:13Z,38,114,pass,Dorian Mistlethorn
BRW-02889,POT-0053,SHP-13,CDR-35,2024-07-22T06:30:26Z,20,106,pass,Cassia Winterbourne
BRW-02890,POT-0091,SHP-14,CDR-02,2025-08-06T10:03:25Z,21,21,pass,Kestrel Foxglove
BRW-02891,POT-0014,SHP-12,CDR-38,2025-03-26 07:09:27,12,71,pass,Ambrose Fernwhistle
BRW-02892,POT-0107,SHP-01,CDR-06,2025-07-10 06:18:19,41,59,Pass,Juniper Hollowbranch
BRW-02893,POT-0031,SHP-14,CDR-01,2026-03-18 05:18:00,48,47,pass,Oleander Ravenscroft
BRW-02894,POT-0061,SHP-02,CDR-31,2025-01-26T06:48:28Z,33,109,fail,Grizelda Kilnworth
BRW-02895,POT-0024,SHP-08,CDR-34,2025-01-27 10:20:38,52,100,pass,Grizelda Kilnworth
BRW-02896,POT-0025,SHP-08,CDR-04,2026-06-05 05:32:19,59,55,Pass,Lyra Winterbourne
BRW-02897,POT-0010,SHP-04,CDR-26,2026-05-08 11:01:41,32,116,pass,Hesper Foxglove
BRW-02898,POT-0085,SHP-07,CDR-28,2026-03-18T08:45:47Z,10,138,Pass,Grizelda Kilnworth
BRW-02899,POT-0115,SHP-11,CDR-02,2024-09-22 07:08:13,26,125,pass,Thaddeus Frostpetal
BRW-02900,POT-0037,SHP-15,CDR-38,2026-02-21T05:54:43Z,12,88,pass,Grizelda Duskwater
BRW-02901,POT-0093,SHP-02,CDR-03,2024-08-14T10:34:44Z,17,104,Pass,Caspian Thistledown
BRW-02902,POT-0098,SHP-01,CDR-02,2026-06-21T06:35:05Z,31,73,pass,Cassia Everbright
BRW-02903,POT-0009,SHP-14,CDR-05,2025-10-07T06:10:45Z,25,68,PASS,Grizelda Duskwater
BRW-02904,POT-0012,SHP-11,CDR-04,2026-05-27 06:16:02,34,86,pass,Nimbus Glimmerstone
BRW-02905,POT-0006,SHP-11,CDR-29,2026-03-20 09:01:48,36,119,pass,Dorian Glimmerstone
BRW-02906,POT-0084,SHP-10,CDR-05,2025-10-24T07:10:15Z,55,93,pass,Dorian Mistlethorn
BRW-02907,POT-0085,SHP-04,CDR-09,2025-07-16 11:20:17,15,114,pass,Oleander Ravenscroft
BRW-02908,POT-0105,SHP-12,CDR-35,2024-08-04 10:04:44,46,125,Pass,Wendeline Ashgrove
BRW-02909,POT-0111,SHP-13,CDR-14,2026-03-09 07:04:50,51,53,pass,Cassia Winterbourne
BRW-02910,POT-0025,SHP-02,CDR-15,2025-12-27 10:44:40,45,42,pass,Juniper Hollowbranch
BRW-02911,POT-0107,SHP-12,CDR-22,2025-09-14 10:32:49,36,39,pass,Zephyrine Zellandine
BRW-02912,POT-0029,SHP-06,CDR-04,2025-11-24T08:06:55Z,56,73,pass,Grizelda Duskwater
BRW-02913,POT-0009,SHP-15,CDR-25,2025-09-05T09:51:59Z,39,87,fail,Grizelda Kilnworth
BRW-02914,POT-0093,SHP-12,CDR-17,2024-08-02T09:51:40Z,54,96,pass,Caspian Thistledown
BRW-02915,POT-0088,SHP-11,CDR-14,2025-11-20T09:15:01Z,20,108,pass,Caspian Thistledown
BRW-02916,POT-0054,SHP-11,CDR-04,2026-01-31 06:38:36,57,27,pass,Dorian Mistlethorn
BRW-02917,POT-0016,SHP-01,CDR-11,2026-06-29T06:53:03Z,21,148,pass,Grizelda Duskwater
BRW-02918,POT-0032,SHP-07,CDR-27,2026-03-04T08:44:09Z,38,130,pass,Yarrow Ravenscroft
BRW-02919,POT-0095,SHP-01,CDR-36,2026-02-11T08:57:11Z,54,135,pass,Umbra Thistledown
BRW-02920,POT-0074,SHP-03,CDR-20,2026-04-19T09:40:31Z,26,117,pass,Maribel Netherfield
BRW-02921,POT-0041,SHP-11,CDR-03,2024-07-04 11:08:53,40,129,PASS,Vesper Emberwhisk
BRW-02922,POT-0079,SHP-14,CDR-08,2024-11-13T06:10:03Z,26,83,Pass,Dorian Glimmerstone
BRW-02923,POT-0089,SHP-12,CDR-20,2024-06-05 07:57:22,34,88,pass,Lyra Winterbourne
BRW-02924,POT-0019,SHP-13,CDR-33,2026-01-26 07:13:30,10,77,PASS,Belladonna Jackdaw
BRW-02925,POT-0005,SHP-08,CDR-15,2026-04-04T11:43:23Z,46,57,pass,Hesper Foxglove
BRW-02926,POT-0056,SHP-02,CDR-12,2026-01-15 10:00:47,30,94,pass,Kestrel Foxglove
BRW-02927,POT-0005,SHP-02,CDR-23,2025-07-20T05:43:18Z,28,46,PASS,Cassia Everbright
BRW-02928,POT-0045,SHP-04,CDR-25,2025-05-04 06:30:46,51,32,pass,Juniper Hollowbranch
BRW-02929,POT-0005,SHP-13,CDR-13,2025-01-28T09:39:38Z,43,33,pass,Morwenna Wandwright
BRW-02930,POT-0017,SHP-04,CDR-02,2025-07-10T10:22:13Z,46,153,pass,Morwenna Wandwright
BRW-02931,POT-0055,SHP-06,CDR-32,2026-05-02T05:28:40Z,14,85,PASS,Dorian Glimmerstone
BRW-02932,POT-0115,SHP-15,CDR-10,2024-07-03T10:51:17Z,19,122,pass,Thaddeus Frostpetal
BRW-02933,POT-0098,SHP-04,CDR-22,2025-07-01 05:16:16,51,101,pass,Oswin Wyrmwood
BRW-02934,POT-0008,SHP-08,CDR-05,2025-06-17T09:38:51Z,29,64,PASS,Oleander Ravenscroft
BRW-02935,POT-0117,SHP-06,CDR-14,2024-08-03T09:38:06Z,30,58,Pass,Lyra Winterbourne
BRW-02936,POT-0024,SHP-14,CDR-14,2024-06-07T08:12:02Z,26,148,pass,Juniper Hollowbranch
BRW-02937,POT-0024,SHP-05,CDR-21,2025-06-10T10:58:12Z,47,115,pass,Maribel Netherfield
BRW-02938,POT-0029,SHP-05,CDR-21,2024-10-23T07:08:03Z,45,72,Pass,Maribel Netherfield
BRW-02939,POT-0015,SHP-10,CDR-21,2026-03-13T08:48:47Z,28,90,pass,Yarrow Ravenscroft
BRW-02940,POT-0080,SHP-10,CDR-34,2025-08-19 05:07:13,32,133,pass,Maribel Netherfield
BRW-02941,POT-0018,SHP-05,CDR-21,2024-09-09T11:35:05Z,27,31,fail,Caspian Thistledown
BRW-02942,POT-0071,SHP-06,CDR-34,2025-09-27T09:28:10Z,43,93,PASS,Oleander Ravenscroft
BRW-02943,POT-0040,SHP-11,CDR-11,2025-10-13T09:25:03Z,60,55,pass,Umbra Thistledown
BRW-02944,POT-0008,SHP-11,CDR-01,2025-07-08 05:03:38,35,50,pass,Cassia Everbright
BRW-02945,POT-0068,SHP-13,CDR-40,2024-11-26 07:51:08,24,65,pass,Oleander Ravenscroft
BRW-02946,POT-0072,SHP-05,CDR-38,2024-07-31 07:50:12,13,89,pass,Delphine Zellandine
BRW-02947,POT-0002,SHP-13,CDR-07,2024-11-30T11:15:12Z,44,77,Pass,Morwenna Wandwright
BRW-02948,POT-0046,SHP-08,CDR-03,2026-05-15T07:17:03Z,48,71,pass,Cassia Winterbourne
BRW-02949,POT-0041,SHP-09,CDR-08,2025-12-21 08:44:15,59,161,pass,Dorian Glimmerstone
BRW-02950,POT-0116,SHP-01,CDR-12,2026-03-13 07:40:49,44,114,pass,Umbra Thistledown
BRW-02951,POT-0057,SHP-05,CDR-05,2026-03-24T08:21:35Z,35,69,pass,Oswin Wyrmwood
BRW-02952,POT-0092,SHP-15,CDR-08,2025-08-08T09:42:21Z,24,90,pass,Cassia Winterbourne
BRW-02953,POT-0079,SHP-15,CDR-07,2024-07-28T09:13:50Z,31,64,fail,Dorian Glimmerstone
BRW-02954,POT-0030,SHP-04,CDR-36,2025-08-02T08:47:39Z,27,87,pass,Vesper Emberwhisk
BRW-02955,POT-0074,SHP-04,CDR-24,2026-05-25T07:06:30Z,53,75,Pass,Ambrose Fernwhistle
BRW-02956,POT-0006,SHP-12,CDR-13,2026-01-02T11:51:49Z,42,135,PASS,Zephyrine Zellandine
BRW-02957,POT-0019,SHP-01,CDR-20,2025-07-01T11:27:59Z,22,79,pass,Kestrel Foxglove
BRW-02958,POT-0111,SHP-13,CDR-20,2026-04-22T10:18:05Z,24,38,fail,Thaddeus Frostpetal
BRW-02959,POT-0022,SHP-02,CDR-17,2025-10-05T05:05:17Z,41,121,Pass,Belladonna Jackdaw
BRW-02960,POT-0094,SHP-13,CDR-07,2025-08-26 07:11:45,32,128,pass,Thaddeus Frostpetal
BRW-02961,POT-0041,SHP-14,CDR-39,2025-01-30T09:20:55Z,32,141,pass,Yarrow Ravenscroft
BRW-02962,POT-0104,SHP-01,CDR-34,2025-03-16T07:47:50Z,27,143,pass,Dorian Mistlethorn
BRW-02963,POT-0095,SHP-13,CDR-37,2025-08-15T10:18:17Z,37,156,Pass,Morwenna Wandwright
BRW-02964,POT-0107,SHP-06,CDR-35,2026-01-03 09:20:35,59,78,pass,Dorian Mistlethorn
BRW-02965,POT-0118,SHP-03,CDR-03,2026-06-02T10:53:28Z,24,105,PASS,Cassia Winterbourne
BRW-02966,POT-0063,SHP-10,CDR-11,2026-02-21T05:25:57Z,39,66,Pass,Thaddeus Frostpetal
BRW-02967,POT-0001,SHP-13,CDR-39,2024-05-21 05:26:03,35,93,pass,Vesper Emberwhisk
BRW-02968,POT-0117,SHP-09,CDR-32,2025-03-27T07:48:24Z,14,73,pass,Oleander Ravenscroft
BRW-02969,POT-0033,SHP-04,CDR-07,2026-01-13T11:44:13Z,46,90,pass,Cassia Winterbourne
BRW-02970,POT-0067,SHP-06,CDR-24,2026-01-10T11:32:58Z,59,59,pass,Lyra Winterbourne
BRW-02971,POT-0031,SHP-15,CDR-02,2025-12-19T06:55:16Z,20,22,pass,Vesper Emberwhisk
BRW-02972,POT-0030,SHP-04,CDR-20,2025-11-16 06:15:11,36,41,PASS,Cassia Everbright
BRW-02973,POT-0011,SHP-12,CDR-24,2025-06-21 06:00:28,28,134,Pass,Delphine Zellandine
BRW-02974,POT-0001,SHP-08,CDR-27,2024-08-04T07:50:36Z,30,112,pass,Oleander Ravenscroft
BRW-02975,POT-0074,SHP-07,CDR-24,2026-04-26T09:31:59Z,55,103,Pass,Nimbus Glimmerstone
BRW-02976,POT-0031,SHP-11,CDR-33,2026-05-21T09:09:46Z,53,46,pass,Oleander Ravenscroft
BRW-02977,POT-0117,SHP-15,CDR-29,2026-04-15T07:16:35Z,41,51,PASS,Delphine Mossheart
BRW-02978,POT-0029,SHP-09,CDR-09,2025-08-30T10:36:12Z,29,83,pass,Cassia Winterbourne
BRW-02979,POT-0075,SHP-02,CDR-22,2024-11-20T05:13:57Z,14,109,Pass,Delphine Mossheart
BRW-02980,POT-0051,SHP-08,CDR-31,2024-08-20 07:13:31,33,47,pass,Belladonna Jackdaw
BRW-02981,POT-0026,SHP-12,CDR-26,2025-04-13T10:03:03Z,27,135,pass,Ambrose Winterbourne
BRW-02982,POT-0018,SHP-05,CDR-24,2024-08-05T05:44:21Z,48,51,pass,Caspian Thistledown
BRW-02983,POT-0117,SHP-11,CDR-14,2025-07-02 11:30:06,37,38,Pass,Dorian Mistlethorn
BRW-02984,POT-0084,SHP-05,CDR-05,2026-01-26 05:14:44,41,110,Pass,Gideon Thistledown
BRW-02985,POT-0109,SHP-14,CDR-40,2025-05-12 07:43:35,58,112,Pass,Dorian Glimmerstone
BRW-02986,POT-0111,SHP-07,CDR-36,2026-02-22 09:25:31,17,58,PASS,Oleander Ravenscroft
BRW-02987,POT-0043,SHP-12,CDR-25,2024-11-02 07:14:27,29,54,pass,Cassia Winterbourne
BRW-02988,POT-0067,SHP-03,CDR-29,2024-11-11T06:33:15Z,20,68,pass,Lyra Winterbourne
BRW-02989,POT-0040,SHP-13,CDR-09,2026-03-31T08:24:58Z,44,53,pass,Delphine Mossheart
BRW-02990,POT-0089,SHP-10,CDR-11,2024-08-26T08:30:30Z,18,129,Pass,Morwenna Wandwright
BRW-02991,POT-0118,SHP-15,CDR-33,2026-03-31T05:03:42Z,29,72,Pass,Gideon Moonbrook
BRW-02992,POT-0008,SHP-11,CDR-14,2025-05-24 10:16:44,50,61,Fail,Lyra Winterbourne
BRW-02993,POT-0062,SHP-06,CDR-13,2025-06-03T05:07:17Z,53,167,pass,Oleander Ravenscroft
BRW-02994,POT-0051,SHP-14,CDR-30,2025-05-13 06:47:24,30,40,pass,Wendeline Ashgrove
BRW-02995,POT-0082,SHP-11,CDR-29,2025-01-19T11:07:10Z,25,31,pass,Nimbus Glimmerstone
BRW-02996,POT-0072,SHP-10,CDR-20,2024-06-29T10:55:20Z,25,134,pass,Hesper Foxglove
BRW-02997,POT-0099,SHP-01,CDR-01,2025-12-19T06:40:55Z,48,129,pass,Oswin Wyrmwood
BRW-02998,POT-0107,SHP-10,CDR-15,2025-06-04T10:01:27Z,14,67,pass,Belladonna Jackdaw
BRW-02999,POT-0085,SHP-01,CDR-11,2024-10-08T08:41:22Z,22,118,pass,Zephyrine Zellandine
BRW-03000,POT-0010,SHP-15,CDR-32,2026-05-22T06:50:24Z,13,137,pass,Hesper Cinderfell
BRW-03001,POT-0066,SHP-15,CDR-27,2024-09-02T08:42:27Z,15,89,pass,Grizelda Duskwater
BRW-03002,POT-0027,SHP-11,CDR-36,2026-06-26T09:08:58Z,34,104,Pass,Dorian Glimmerstone
BRW-03003,POT-0011,SHP-02,CDR-37,2026-06-12 07:20:54,37,108,pass,Cassia Winterbourne
BRW-03004,POT-0116,SHP-13,CDR-29,2026-04-05 09:41:56,12,115,Pass,Zephyrine Zellandine
BRW-03005,POT-0003,SHP-05,CDR-14,2026-06-08T05:07:24Z,38,71,Pass,Belladonna Jackdaw
BRW-03006,POT-0028,SHP-15,CDR-02,2026-04-02 09:33:58,39,53,pass,Dorian Glimmerstone
BRW-03007,POT-0046,SHP-02,CDR-07,2024-11-17 08:22:29,35,41,Pass,Dorian Mistlethorn
BRW-03008,POT-0021,SHP-12,CDR-23,2025-08-02 05:59:38,10,87,pass,Ambrose Winterbourne
BRW-03009,POT-0047,SHP-08,CDR-07,2024-09-07T05:58:54Z,30,114,Pass,Belladonna Jackdaw
BRW-03010,POT-0046,SHP-09,CDR-12,2025-11-11 09:50:18,17,26,pass,Morwenna Wandwright
BRW-03011,POT-0118,SHP-12,CDR-17,2026-04-23 07:38:13,13,62,pass,Hesper Cinderfell
BRW-03012,POT-0108,SHP-13,CDR-14,2025-09-10 05:35:01,15,79,PASS,Ambrose Winterbourne
BRW-03013,POT-0049,SHP-15,CDR-11,2025-04-15T11:29:53Z,33,111,pass,Zephyrine Zellandine
BRW-03014,POT-0053,SHP-14,CDR-13,2026-02-06T06:32:46Z,28,77,pass,Gideon Moonbrook
BRW-03015,POT-0060,SHP-06,CDR-26,2026-06-12 07:08:23,57,177,pass,Caspian Thistledown
BRW-03016,POT-0022,SHP-15,CDR-30,2025-01-26 06:53:56,47,88,pass,Ambrose Winterbourne
BRW-03017,POT-0023,SHP-08,CDR-29,2025-01-16 08:14:47,13,133,PASS,Yarrow Ravenscroft
BRW-03018,POT-0019,SHP-06,CDR-01,2025-08-13 07:33:50,38,93,Pass,Grizelda Duskwater
BRW-03019,POT-0076,SHP-11,CDR-21,2026-05-28 10:43:58,18,48,pass,Juniper Hollowbranch
BRW-03020,POT-0013,SHP-04,CDR-30,2025-10-22 06:04:30,31,81,Pass,Thaddeus Frostpetal
BRW-03021,POT-0105,SHP-01,CDR-25,2026-06-21T10:20:15Z,28,131,pass,Thaddeus Frostpetal
BRW-03022,POT-0060,SHP-05,CDR-31,2026-06-02T07:26:03Z,41,166,Pass,Caspian Thistledown
BRW-03023,POT-0033,SHP-13,CDR-37,2026-01-27T05:38:48Z,51,86,pass,Cassia Everbright
BRW-03024,POT-0103,SHP-03,CDR-08,2025-06-06T05:38:07Z,34,74,fail,Thaddeus Frostpetal
BRW-03025,POT-0101,SHP-10,CDR-40,2025-10-02 08:58:32,29,164,fail,Delphine Mossheart
BRW-03026,POT-0107,SHP-08,CDR-29,2026-01-11T10:12:33Z,21,48,pass,Zephyrine Zellandine
BRW-03027,POT-0067,SHP-14,CDR-20,2025-05-15 05:48:01,49,40,Pass,Grizelda Duskwater
BRW-03028,POT-0059,SHP-12,CDR-17,2026-04-22T11:29:21Z,24,110,pass,Ambrose Winterbourne
BRW-03029,POT-0016,SHP-11,CDR-09,2026-04-28T09:07:02Z,29,118,pass,Cassia Winterbourne
BRW-03030,POT-0015,SHP-10,CDR-05,2025-11-20 11:36:12,26,81,pass,Ambrose Winterbourne
BRW-03031,POT-0049,SHP-06,CDR-16,2025-01-26T10:03:48Z,32,127,Pass,Dorian Glimmerstone
BRW-03032,POT-0108,SHP-04,CDR-25,2026-04-30T07:32:10Z,17,66,PASS,Hesper Cinderfell
BRW-03033,POT-0110,SHP-09,CDR-24,2026-03-26 09:27:35,15,139,pass,Gideon Thistledown
BRW-03034,POT-0009,SHP-02,CDR-24,2025-11-29T09:45:14Z,45,79,Pass,Nimbus Glimmerstone
BRW-03035,POT-0041,SHP-12,CDR-24,2025-05-15 08:45:19,20,133,pass,Oleander Ravenscroft
BRW-03036,POT-0092,SHP-04,CDR-30,2025-01-24 09:14:44,60,65,PASS,Grizelda Kilnworth
BRW-03037,POT-0027,SHP-09,CDR-28,2025-02-01T11:35:27Z,49,138,pass,Belladonna Jackdaw
BRW-03038,POT-0058,SHP-08,CDR-35,2025-07-01 06:32:07,23,,Pass,Cassia Winterbourne
BRW-03039,POT-0085,SHP-12,CDR-27,2026-02-01T11:20:32Z,46,142,Pass,Lyra Winterbourne
BRW-03040,POT-0118,SHP-14,CDR-06,2026-03-23 05:53:29,48,78,PASS,Wendeline Ashgrove
BRW-03041,POT-0042,SHP-01,CDR-40,2024-12-15T10:33:24Z,20,74,pass,Thaddeus Frostpetal
BRW-03042,POT-0032,SHP-08,CDR-04,2026-06-12 07:51:47,43,135,pass,Hesper Cinderfell
BRW-03043,POT-0090,SHP-10,CDR-27,2026-05-24 08:58:32,33,79,fail,Cassia Everbright
BRW-03044,POT-0091,SHP-06,CDR-33,2025-04-22 08:16:36,42,52,pass,Cassia Winterbourne
BRW-03045,POT-0094,SHP-10,CDR-30,2024-09-21 08:40:48,51,121,pass,Delphine Zellandine
BRW-03046,POT-0114,SHP-11,CDR-25,2025-03-10T05:13:07Z,58,70,pass,Nimbus Glimmerstone
BRW-03047,POT-0118,SHP-15,CDR-40,2026-06-27T05:40:34Z,23,59,pass,Ambrose Fernwhistle
BRW-03048,POT-0004,SHP-13,CDR-24,2025-01-24T09:37:04Z,56,106,Pass,Grizelda Duskwater
BRW-03049,POT-0004,SHP-10,CDR-23,2024-09-28T05:05:38Z,19,102,fail,Delphine Zellandine
BRW-03050,POT-0016,SHP-04,CDR-39,2026-04-15T05:36:38Z,18,121,pass,Grizelda Kilnworth
BRW-03051,POT-0015,SHP-13,CDR-28,2026-04-12 09:41:12,33,78,pass,Oswin Wyrmwood
BRW-03052,POT-0066,SHP-04,CDR-13,2025-03-18T07:11:29Z,14,118,Pass,Juniper Hollowbranch
BRW-03053,POT-0034,SHP-03,CDR-31,2024-07-24 10:50:36,25,107,pass,Wendeline Ashgrove
BRW-03054,POT-0030,SHP-15,CDR-38,2025-07-28T07:36:41Z,28,53,Pass,Dorian Mistlethorn
BRW-03055,POT-0027,SHP-05,CDR-15,2025-02-06T07:19:14Z,54,110,PASS,Dorian Glimmerstone
BRW-03056,POT-0036,SHP-14,CDR-07,2024-12-30T07:15:05Z,56,83,pass,Hesper Foxglove
BRW-03057,POT-0104,SHP-08,CDR-36,2024-06-03T05:55:24Z,42,144,fail,Thaddeus Frostpetal
BRW-03058,POT-0090,SHP-15,CDR-22,2024-09-29T05:47:49Z,37,96,pass,Oswin Wyrmwood
BRW-03059,POT-0089,SHP-14,CDR-20,2025-08-30T07:30:59Z,21,107,pass,Delphine Mossheart
BRW-03060,POT-0008,SHP-15,CDR-37,2026-05-02T10:31:12Z,50,63,pass,Thaddeus Frostpetal
BRW-03061,POT-0115,SHP-02,CDR-01,2025-11-17T05:33:19Z,27,144,pass,Caspian Thistledown
BRW-03062,POT-0037,SHP-01,CDR-17,2025-12-03 10:38:34,52,69,pass,Dorian Mistlethorn
BRW-03063,POT-0007,SHP-06,CDR-09,2026-03-01 05:19:02,24,141,PASS,Oswin Wyrmwood
BRW-03064,POT-0008,SHP-05,CDR-33,2025-12-15 08:02:04,60,96,pass,Dorian Mistlethorn
BRW-03065,POT-0100,SHP-11,CDR-17,2024-05-23T07:23:00Z,21,76,pass,Gideon Thistledown
BRW-03066,POT-0093,SHP-13,CDR-03,2025-02-18T06:23:57Z,26,90,Pass,Maribel Netherfield
BRW-03067,POT-0004,SHP-12,CDR-37,2025-02-12 10:58:58,36,102,PASS,Nimbus Glimmerstone
BRW-03068,POT-0002,SHP-08,CDR-12,2025-07-12 11:58:22,22,78,Pass,Belladonna Jackdaw
BRW-03069,POT-0005,SHP-07,CDR-37,2026-06-02 09:05:59,39,31,Pass,Ambrose Winterbourne
BRW-03070,POT-0062,SHP-04,CDR-01,2026-05-07 11:44:47,57,133,pass,Cassia Everbright
BRW-03071,POT-0019,SHP-06,CDR-37,2025-04-27 08:29:51,29,88,pass,Caspian Thistledown
BRW-03072,POT-0102,SHP-13,CDR-14,2025-10-04 06:14:49,22,48,pass,Caspian Thistledown
BRW-03073,POT-0098,SHP-04,CDR-19,2026-06-04 08:50:59,49,94,pass,Belladonna Jackdaw
BRW-03074,POT-0088,SHP-04,CDR-17,2026-02-04 10:18:52,43,96,pass,Vesper Emberwhisk
BRW-03075,POT-0095,SHP-08,CDR-35,2026-01-06T11:39:06Z,23,128,pass,Grizelda Duskwater
BRW-03076,POT-0028,SHP-04,CDR-11,2026-03-20 09:23:24,24,102,pass,Grizelda Kilnworth
BRW-03077,POT-0036,SHP-05,CDR-34,2026-03-08 08:12:22,35,64,pass,Belladonna Jackdaw
BRW-03078,POT-0069,SHP-02,CDR-05,2025-05-12T08:24:37Z,60,144,pass,Dorian Mistlethorn
BRW-03079,POT-0027,SHP-02,CDR-17,2026-01-26 05:54:08,47,119,pass,Grizelda Kilnworth
BRW-03080,POT-0041,SHP-05,CDR-17,2024-12-16 08:21:45,21,155,Pass,Gideon Thistledown
BRW-03081,POT-0115,SHP-09,CDR-16,2026-02-05T05:13:49Z,29,127,pass,Lyra Winterbourne
BRW-03082,POT-0003,SHP-01,CDR-37,2024-11-22 11:52:17,26,38,fail,Cassia Everbright
BRW-03083,POT-0045,SHP-14,CDR-17,2026-06-23T08:43:45Z,18,37,PASS,Juniper Hollowbranch
BRW-03084,POT-0065,SHP-12,CDR-22,2025-03-10 07:53:31,57,58,PASS,Lyra Winterbourne
BRW-03085,POT-0031,SHP-08,CDR-09,2026-03-25 11:01:12,54,48,fail,Gideon Moonbrook
BRW-03086,POT-0089,SHP-15,CDR-13,2025-04-05T09:42:27Z,15,104,pass,Morwenna Wandwright
BRW-03087,POT-0039,SHP-14,CDR-24,2025-05-29T05:38:04Z,53,145,pass,Maribel Netherfield
BRW-03088,POT-0035,SHP-08,CDR-03,2024-11-15 05:20:15,51,65,pass,Ambrose Winterbourne
BRW-03089,POT-0065,SHP-06,CDR-39,2024-12-16T10:41:22Z,53,54,Pass,Gideon Thistledown
BRW-03090,POT-0038,SHP-07,CDR-01,2026-02-07T06:53:54Z,33,56,Pass,Morwenna Wandwright
BRW-03091,POT-0105,SHP-01,CDR-07,2025-11-15T05:37:14Z,14,159,pass,Delphine Mossheart
BRW-03092,POT-0095,SHP-08,CDR-30,2026-05-12 10:27:33,37,131,Pass,Grizelda Duskwater
BRW-03093,POT-0065,SHP-07,CDR-01,2024-08-03T05:53:34Z,36,40,pass,Yarrow Ravenscroft
BRW-03094,POT-0049,SHP-09,CDR-40,2025-03-30T11:37:19Z,27,100,pass,Ambrose Winterbourne
BRW-03095,POT-0089,SHP-10,CDR-06,2026-04-03 08:24:44,51,117,Pass,Dorian Mistlethorn
BRW-03096,POT-0028,SHP-11,CDR-17,2026-05-22T10:33:04Z,50,43,PASS,Grizelda Duskwater
BRW-03097,POT-0049,SHP-03,CDR-30,2024-11-30T05:42:19Z,10,149,pass,Vesper Emberwhisk
BRW-03098,POT-0043,SHP-02,CDR-12,2024-10-28 05:14:23,14,57,pass,Grizelda Kilnworth
BRW-03099,POT-0021,SHP-01,CDR-34,2024-12-13T07:43:22Z,14,79,pass,Oswin Wyrmwood
BRW-03100,POT-0105,SHP-12,CDR-09,2026-04-15T06:07:08Z,40,126,Pass,Gideon Moonbrook
BRW-03101,POT-0065,SHP-03,CDR-20,2024-11-16 10:04:53,13,15,pass,Nimbus Glimmerstone
BRW-03102,POT-0103,SHP-01,CDR-28,2026-05-31T05:25:26Z,16,98,pass,Lyra Winterbourne
BRW-03103,POT-0114,SHP-01,CDR-11,2026-02-12T06:12:22Z,58,87,pass,Cassia Winterbourne
BRW-03104,POT-0105,SHP-14,CDR-17,2025-11-27T05:40:19Z,21,138,pass,Oleander Ravenscroft
BRW-03105,POT-0112,SHP-02,CDR-36,2026-06-08T10:34:02Z,42,94,Pass,Dorian Glimmerstone
BRW-03106,POT-0104,SHP-05,CDR-39,2025-08-22T11:41:32Z,24,160,pass,Delphine Zellandine
BRW-03107,POT-0078,SHP-10,CDR-35,2024-05-14T06:03:12Z,21,91,pass,Kestrel Foxglove
BRW-03108,POT-0017,SHP-12,CDR-35,2026-05-20T08:18:40Z,11,162,pass,Cassia Winterbourne
BRW-03109,POT-0066,SHP-13,CDR-37,2026-04-19T07:03:48Z,29,99,Fail,Zephyrine Zellandine
BRW-03110,POT-0079,SHP-02,CDR-04,2024-09-29T06:34:33Z,32,50,pass,Gideon Moonbrook
BRW-03111,POT-0004,SHP-05,CDR-12,2024-09-01T07:55:08Z,22,94,pass,Grizelda Duskwater
BRW-03112,POT-0102,SHP-06,CDR-11,2024-12-17 10:19:22,49,85,pass,Gideon Moonbrook
BRW-03113,POT-0067,SHP-04,CDR-02,2024-06-18 09:37:17,39,55,pass,Yarrow Ravenscroft
BRW-03114,POT-0085,SHP-07,CDR-37,2025-10-09T09:44:58Z,11,141,Pass,Zephyrine Zellandine
BRW-03115,POT-0074,SHP-10,CDR-27,2026-05-05T11:59:31Z,11,94,pass,Umbra Thistledown
BRW-03116,POT-0026,SHP-05,CDR-40,2026-05-17T06:48:58Z,27,123,PASS,Cassia Everbright
BRW-03117,POT-0074,SHP-12,CDR-01,2026-05-03 07:30:59,32,103,pass,Maribel Netherfield
BRW-03118,POT-0105,SHP-10,CDR-04,2024-10-05 10:03:24,36,121,pass,Cassia Winterbourne
BRW-03119,POT-0105,SHP-09,CDR-30,2026-04-07T09:38:00Z,52,136,pass,Gideon Moonbrook
BRW-03120,POT-0028,SHP-02,CDR-26,2026-04-11T06:05:33Z,33,71,pass,Delphine Mossheart
BRW-03121,POT-0094,SHP-13,CDR-36,2025-03-12 06:10:25,20,99,pass,Morwenna Wandwright
BRW-03122,POT-0052,SHP-10,CDR-25,2024-09-24T11:45:38Z,50,98,Pass,Hesper Cinderfell
BRW-03123,POT-0006,SHP-07,CDR-37,2026-06-08 11:09:48,22,135,pass,Juniper Hollowbranch
BRW-03124,POT-0083,SHP-04,CDR-39,2025-02-22T11:50:53Z,15,164,pass,Oswin Wyrmwood
BRW-03125,POT-0064,SHP-14,CDR-28,2024-08-06T11:35:13Z,52,107,pass,Zephyrine Zellandine
BRW-03126,POT-0009,SHP-02,CDR-38,2025-01-29T07:05:18Z,43,102,pass,Grizelda Kilnworth
BRW-03127,POT-0036,SHP-05,CDR-18,2025-12-04T06:20:40Z,35,83,pass,Wendeline Ashgrove
BRW-03128,POT-0058,SHP-05,CDR-35,2025-02-20T10:09:23Z,28,127,Fail,Hesper Cinderfell
BRW-03129,POT-0018,SHP-05,CDR-08,2024-05-25T06:49:44Z,18,29,pass,Kestrel Foxglove
BRW-03130,POT-0047,SHP-02,CDR-02,2024-12-12T09:28:59Z,13,119,pass,Grizelda Kilnworth
BRW-03131,POT-0057,SHP-09,CDR-33,2025-07-09T10:13:50Z,43,85,pass,Juniper Hollowbranch
BRW-03132,POT-0119,SHP-12,CDR-27,2025-08-14T10:17:55Z,15,53,PASS,Delphine Zellandine
BRW-03133,POT-0030,SHP-06,CDR-31,2026-02-06T10:47:50Z,19,51,pass,Zephyrine Zellandine
BRW-03134,POT-0110,SHP-11,CDR-33,2025-02-02 06:24:10,18,116,Pass,Hesper Foxglove
BRW-03135,POT-0035,SHP-04,CDR-33,2024-07-11T11:16:37Z,27,76,pass,Juniper Hollowbranch
BRW-03136,POT-0052,SHP-10,CDR-27,2025-10-19T11:04:32Z,25,122,pass,Belladonna Jackdaw
BRW-03137,POT-0009,SHP-15,CDR-05,2025-04-20T05:35:25Z,22,82,pass,Grizelda Kilnworth
BRW-03138,POT-0096,SHP-05,CDR-10,2025-11-28T11:35:44Z,38,117,pass,Nimbus Glimmerstone
BRW-03139,POT-0049,SHP-06,CDR-21,2024-10-29T07:18:11Z,35,128,Pass,Delphine Zellandine
BRW-03140,POT-0038,SHP-14,CDR-40,2025-06-15T06:36:02Z,36,22,pass,Delphine Mossheart
BRW-03141,POT-0097,SHP-15,CDR-18,2026-05-24T08:02:22Z,45,120,pass,Grizelda Kilnworth
BRW-03142,POT-0004,SHP-10,CDR-13,2026-06-08 08:43:27,57,90,Pass,Delphine Mossheart
BRW-03143,POT-0084,SHP-04,CDR-36,2026-02-19 10:48:33,59,,PASS,Cassia Winterbourne
BRW-03144,POT-0073,SHP-09,CDR-14,2025-09-17T09:10:51Z,35,44,pass,Belladonna Jackdaw
BRW-03145,POT-0016,SHP-15,CDR-18,2026-04-03 07:05:45,54,122,pass,Lyra Winterbourne
BRW-03146,POT-0017,SHP-09,CDR-01,2024-09-30T11:09:59Z,27,152,Fail,Umbra Thistledown
BRW-03147,POT-0016,SHP-10,CDR-37,2026-03-08T09:30:18Z,23,111,Pass,Thaddeus Frostpetal
BRW-03148,POT-0022,SHP-04,CDR-38,2025-08-26T05:36:01Z,47,140,pass,Dorian Mistlethorn
BRW-03149,POT-0047,SHP-10,CDR-06,2025-03-12 06:49:42,47,108,Pass,Delphine Mossheart
BRW-03150,POT-0001,SHP-05,CDR-15,2025-12-07 05:09:11,24,112,PASS,Umbra Thistledown
BRW-03151,POT-0022,SHP-10,CDR-11,2025-11-09 11:31:17,57,121,pass,Delphine Zellandine
BRW-03152,POT-0050,SHP-14,CDR-30,2026-02-27 05:51:26,21,140,pass,Maribel Netherfield
BRW-03153,POT-0082,SHP-07,CDR-35,2025-09-22T06:06:26Z,38,20,Pass,Maribel Netherfield
BRW-03154,POT-0076,SHP-06,CDR-06,2025-09-05T08:32:48Z,41,72,pass,Gideon Moonbrook
BRW-03155,POT-0089,SHP-07,CDR-32,2025-09-13 06:30:33,27,86,pass,Umbra Thistledown
BRW-03156,POT-0027,SHP-12,CDR-17,2025-03-15 05:23:41,24,132,pass,Caspian Thistledown
BRW-03157,POT-0102,SHP-05,CDR-26,2025-09-24T05:29:02Z,52,51,Pass,Morwenna Wandwright
BRW-03158,POT-0006,SHP-14,CDR-03,2026-01-31T05:48:54Z,48,114,pass,Umbra Thistledown
BRW-03159,POT-0094,SHP-13,CDR-22,2024-11-11T11:03:17Z,22,115,Pass,Maribel Netherfield
BRW-03160,POT-0007,SHP-05,CDR-20,2026-03-04T08:53:41Z,59,135,Pass,Ambrose Fernwhistle
BRW-03161,POT-0090,SHP-08,CDR-12,2025-03-25 05:45:21,28,99,pass,Gideon Thistledown
BRW-03162,POT-0082,SHP-10,CDR-16,2026-03-10T09:27:20Z,14,73,pass,Dorian Mistlethorn
BRW-03163,POT-0010,SHP-09,CDR-32,2026-04-02T10:08:14Z,57,133,pass,Thaddeus Frostpetal
BRW-03164,POT-0034,SHP-13,CDR-06,2025-09-14T08:24:54Z,49,123,pass,Wendeline Ashgrove
BRW-03165,POT-0040,SHP-04,CDR-09,2025-10-22T08:27:40Z,43,31,Pass,Kestrel Foxglove
BRW-03166,POT-0056,SHP-08,CDR-05,2026-01-08 07:22:58,36,98,pass,Morwenna Wandwright
BRW-03167,POT-0119,SHP-06,CDR-01,2025-11-26T07:59:15Z,13,73,pass,Thaddeus Frostpetal
BRW-03168,POT-0002,SHP-06,CDR-01,2025-05-08T11:05:55Z,30,54,Pass,Oleander Ravenscroft
BRW-03169,POT-0105,SHP-02,CDR-38,2026-03-21 10:49:29,50,161,pass,Delphine Mossheart
BRW-03170,POT-0088,SHP-07,CDR-09,2025-08-17 09:08:28,54,105,pass,Belladonna Jackdaw
BRW-03171,POT-0064,SHP-02,CDR-09,2025-09-06 08:06:28,43,121,PASS,Dorian Mistlethorn
BRW-03172,POT-0100,SHP-04,CDR-02,2025-09-19T08:21:33Z,19,72,pass,Zephyrine Zellandine
BRW-03173,POT-0051,SHP-06,CDR-12,2025-04-21T06:38:04Z,39,23,pass,Cassia Everbright
BRW-03174,POT-0101,SHP-07,CDR-32,2025-04-29 08:31:57,27,142,fail,Oswin Wyrmwood
BRW-03175,POT-0036,SHP-01,CDR-39,2024-05-26T08:25:29Z,14,104,pass,Cassia Everbright
BRW-03176,POT-0082,SHP-03,CDR-31,2025-08-16 05:56:18,47,45,pass,Juniper Hollowbranch
BRW-03177,POT-0042,SHP-04,CDR-22,2024-09-23T05:57:29Z,57,128,pass,Zephyrine Zellandine
BRW-03178,POT-0079,SHP-14,CDR-11,2025-05-11 08:14:58,32,62,pass,Vesper Emberwhisk
BRW-03179,POT-0029,SHP-06,CDR-16,2024-08-15T10:04:33Z,18,77,pass,Maribel Netherfield
BRW-03180,POT-0004,SHP-08,CDR-33,2024-11-16 07:10:50,54,67,Pass,Maribel Netherfield
BRW-03181,POT-0005,SHP-15,CDR-13,2025-05-03T09:46:04Z,40,37,pass,Kestrel Foxglove
BRW-03182,POT-0016,SHP-06,CDR-16,2026-04-15T10:14:43Z,51,129,pass,Morwenna Wandwright
BRW-03183,POT-0036,SHP-08,CDR-31,2024-09-14 09:16:33,60,104,pass,Dorian Mistlethorn
BRW-03184,POT-0042,SHP-03,CDR-13,2025-08-09 05:33:35,60,103,pass,Caspian Thistledown
BRW-03185,POT-0089,SHP-01,CDR-04,2026-05-12 05:04:53,60,125,pass,Belladonna Jackdaw
BRW-03186,POT-0082,SHP-03,CDR-01,2025-10-27T07:53:05Z,52,35,pass,Gideon Thistledown
BRW-03187,POT-0030,SHP-11,CDR-25,2025-09-17 07:14:43,54,84,PASS,Caspian Thistledown
BRW-03188,POT-0095,SHP-08,CDR-15,2025-10-24 05:08:21,50,148,pass,Juniper Hollowbranch
BRW-03189,POT-0011,SHP-07,CDR-29,2026-05-30 06:03:00,22,125,pass,Caspian Thistledown
BRW-03190,POT-0079,SHP-14,CDR-32,2026-02-20T06:49:17Z,17,75,pass,Nimbus Glimmerstone
BRW-03191,POT-0090,SHP-06,CDR-34,2026-06-04 09:26:41,60,89,pass,Umbra Thistledown
BRW-03192,POT-0109,SHP-08,CDR-26,2025-02-28T05:42:22Z,30,120,Pass,Morwenna Wandwright
BRW-03193,POT-0010,SHP-15,CDR-37,2026-02-15 10:11:55,39,141,pass,Umbra Thistledown
BRW-03194,POT-0091,SHP-08,CDR-22,2024-11-17 05:43:16,55,53,pass,Thaddeus Frostpetal
BRW-03195,POT-0019,SHP-13,CDR-01,2026-05-30 07:47:09,46,84,pass,Dorian Mistlethorn
BRW-03196,POT-0079,SHP-14,CDR-10,2024-08-04T08:47:41Z,30,62,pass,Lyra Winterbourne
BRW-03197,POT-0101,SHP-08,CDR-05,2024-05-05T08:26:49Z,56,158,pass,Cassia Winterbourne
BRW-03198,POT-0093,SHP-07,CDR-27,2025-10-06T06:33:04Z,48,85,pass,Hesper Foxglove
BRW-03199,POT-0088,SHP-13,CDR-36,2026-06-10T09:04:03Z,23,100,pass,Dorian Glimmerstone
BRW-03200,POT-0051,SHP-11,CDR-16,2025-04-26T07:04:54Z,15,59,Pass,Dorian Glimmerstone
BRW-03201,POT-0107,SHP-11,CDR-09,2025-10-23 08:12:21,44,45,pass,Delphine Mossheart
BRW-03202,POT-0105,SHP-15,CDR-13,2025-07-06T11:59:22Z,23,115,pass,Gideon Moonbrook
BRW-03203,POT-0012,SHP-04,CDR-27,2025-02-28T11:38:43Z,43,62,Pass,Wendeline Ashgrove
BRW-03204,POT-0005,SHP-05,CDR-09,2026-04-02 10:38:55,11,48,pass,Kestrel Foxglove
BRW-03205,POT-0066,SHP-06,CDR-21,2025-09-21 05:54:43,55,95,PASS,Umbra Thistledown
BRW-03206,POT-0086,SHP-03,CDR-35,2026-05-03T08:12:36Z,23,72,FAIL,Delphine Mossheart
BRW-03207,POT-0113,SHP-07,CDR-23,2025-06-09 10:36:01,54,168,pass,Nimbus Glimmerstone
BRW-03208,POT-0057,SHP-04,CDR-19,2026-03-15T09:29:26Z,26,66,PASS,Gideon Moonbrook
BRW-03209,POT-0014,SHP-14,CDR-24,2025-06-03T07:08:29Z,31,58,pass,Zephyrine Zellandine
BRW-03210,POT-0010,SHP-14,CDR-24,2026-03-03T10:59:00Z,60,149,PASS,Wendeline Ashgrove
BRW-03211,POT-0030,SHP-11,CDR-39,2025-12-05T09:43:18Z,37,74,pass,Oleander Ravenscroft
BRW-03212,POT-0115,SHP-07,CDR-30,2024-12-06 11:39:31,20,116,pass,Kestrel Foxglove
BRW-03213,POT-0044,SHP-03,CDR-34,2024-05-18T06:02:17Z,57,24,pass,Caspian Thistledown
BRW-03214,POT-0015,SHP-11,CDR-14,2025-12-17 11:47:01,18,71,pass,Vesper Emberwhisk
BRW-03215,POT-0028,SHP-13,CDR-31,2026-05-30 09:15:24,54,43,pass,Lyra Winterbourne
BRW-03216,POT-0064,SHP-10,CDR-15,2025-07-28 11:11:28,16,101,Pass,Grizelda Kilnworth
BRW-03217,POT-0081,SHP-04,CDR-22,2024-08-10T08:02:28Z,57,116,pass,Juniper Hollowbranch
BRW-03218,POT-0006,SHP-06,CDR-36,2025-12-05 05:00:44,22,152,Pass,Grizelda Duskwater
BRW-03219,POT-0114,SHP-04,CDR-18,2024-06-17T09:37:24Z,46,64,pass,Vesper Emberwhisk
BRW-03220,POT-0109,SHP-12,CDR-17,2025-01-01 05:38:02,13,113,pass,Yarrow Ravenscroft
BRW-03221,POT-0069,SHP-08,CDR-30,2024-05-11T11:17:37Z,18,129,pass,Hesper Cinderfell
BRW-03222,POT-0088,SHP-01,CDR-06,2025-08-27 09:48:05,42,119,pass,Caspian Thistledown
BRW-03223,POT-0113,SHP-05,CDR-21,2024-12-28T06:56:40Z,34,133,pass,Thaddeus Frostpetal
BRW-03224,POT-0063,SHP-04,CDR-16,2024-12-01 07:28:07,33,49,pass,Gideon Moonbrook
BRW-03225,POT-0098,SHP-10,CDR-31,2025-09-10T11:24:51Z,44,94,pass,Zephyrine Zellandine
BRW-03226,POT-0085,SHP-06,CDR-13,2025-12-10T10:00:42Z,54,102,FAIL,Thaddeus Frostpetal
BRW-03227,POT-0077,SHP-01,CDR-03,2026-02-25 08:20:58,53,104,Pass,Lyra Winterbourne
BRW-03228,POT-0111,SHP-08,CDR-05,2026-02-09T05:14:04Z,32,56,Pass,Caspian Thistledown
BRW-03229,POT-0021,SHP-10,CDR-15,2026-05-04 05:23:58,48,90,pass,Wendeline Ashgrove
BRW-03230,POT-0002,SHP-09,CDR-38,2025-07-09T10:16:09Z,48,81,fail,Oswin Wyrmwood
BRW-03231,POT-0030,SHP-13,CDR-07,2026-04-29T05:13:39Z,34,60,pass,Ambrose Fernwhistle
BRW-03232,POT-0081,SHP-10,CDR-21,2025-01-17 07:22:47,11,114,Pass,Lyra Winterbourne
BRW-03233,POT-0072,SHP-10,CDR-11,2024-09-25T07:24:22Z,17,103,Pass,Zephyrine Zellandine
BRW-03234,POT-0067,SHP-09,CDR-26,2025-11-06T11:08:04Z,30,57,Pass,Dorian Mistlethorn
BRW-03235,POT-0007,SHP-11,CDR-17,2025-12-12T07:23:08Z,53,152,pass,Zephyrine Zellandine
BRW-03236,POT-0094,SHP-12,CDR-10,2025-11-08 06:38:16,43,106,pass,Wendeline Ashgrove
BRW-03237,POT-0091,SHP-02,CDR-18,2024-11-07T10:44:35Z,14,41,fail,Delphine Zellandine
BRW-03238,POT-0041,SHP-12,CDR-23,2025-05-18 05:34:17,51,134,pass,Nimbus Glimmerstone
BRW-03239,POT-0107,SHP-15,CDR-18,2026-04-18T11:39:42Z,24,42,pass,Grizelda Duskwater
BRW-03240,POT-0102,SHP-07,CDR-26,2025-07-15T09:22:20Z,14,80,pass,Grizelda Duskwater
BRW-03241,POT-0019,SHP-06,CDR-08,2025-05-01 11:34:13,10,99,Pass,Zephyrine Zellandine
BRW-03242,POT-0070,SHP-13,CDR-11,2026-01-06 07:05:30,10,124,PASS,Kestrel Foxglove
BRW-03243,POT-0062,SHP-15,CDR-28,2024-09-27 08:21:04,25,137,Pass,Oswin Wyrmwood
BRW-03244,POT-0095,SHP-02,CDR-04,2026-06-09 09:32:03,42,139,pass,Belladonna Jackdaw
BRW-03245,POT-0028,SHP-03,CDR-02,2026-03-20T05:00:08Z,25,75,pass,Delphine Mossheart
BRW-03246,POT-0036,SHP-15,CDR-03,2026-04-18T07:07:08Z,43,94,pass,Morwenna Wandwright
BRW-03247,POT-0011,SHP-01,CDR-39,2025-04-01 08:34:30,42,130,pass,Juniper Hollowbranch
BRW-03248,POT-0030,SHP-12,CDR-22,2025-10-21T10:44:59Z,14,77,Pass,Umbra Thistledown
BRW-03249,POT-0039,SHP-02,CDR-08,2026-02-17 05:49:50,25,166,pass,Gideon Moonbrook
BRW-03250,POT-0082,SHP-08,CDR-15,2025-08-07T09:08:16Z,24,59,Pass,Dorian Glimmerstone
BRW-03251,POT-0002,SHP-01,CDR-15,2024-11-17T07:25:54Z,10,81,Pass,Wendeline Ashgrove
BRW-03252,POT-0073,SHP-09,CDR-38,2024-10-12T08:06:45Z,41,56,PASS,Umbra Thistledown
BRW-03253,POT-0118,SHP-02,CDR-18,2026-03-10 10:55:14,57,33,Pass,Delphine Mossheart
BRW-03254,POT-0010,SHP-13,CDR-39,2026-03-05T11:00:18Z,44,147,fail,Grizelda Kilnworth
BRW-03255,POT-0109,SHP-14,CDR-20,2025-10-10T10:24:06Z,15,125,Fail,Grizelda Kilnworth
BRW-03256,POT-0083,SHP-15,CDR-38,2025-12-23 07:36:40,33,170,pass,Hesper Cinderfell
BRW-03257,POT-0118,SHP-12,CDR-16,2026-04-19T11:11:34Z,48,49,pass,Ambrose Fernwhistle
BRW-03258,POT-0046,SHP-05,CDR-07,2024-07-24T09:11:40Z,30,67,pass,Ambrose Fernwhistle
BRW-03259,POT-0025,SHP-05,CDR-22,2024-10-13T09:49:20Z,23,62,pass,Cassia Winterbourne
BRW-03260,POT-0059,SHP-04,CDR-40,2026-02-22T08:47:06Z,48,85,pass,Zephyrine Zellandine
BRW-03261,POT-0032,SHP-02,CDR-39,2026-06-13 09:52:01,32,117,pass,Belladonna Jackdaw
BRW-03262,POT-0085,SHP-01,CDR-01,2025-03-17T06:41:52Z,35,100,PASS,Oswin Wyrmwood
BRW-03263,POT-0020,SHP-08,CDR-28,2025-11-04 10:04:26,23,123,pass,Gideon Thistledown
BRW-03264,POT-0069,SHP-09,CDR-27,2025-12-14T06:17:56Z,29,107,pass,Ambrose Fernwhistle
BRW-03265,POT-0113,SHP-13,CDR-38,2026-01-10 09:38:53,22,158,fail,Wendeline Ashgrove
BRW-03266,POT-0063,SHP-02,CDR-06,2026-04-29 07:19:36,17,70,pass,Wendeline Ashgrove
BRW-03267,POT-0078,SHP-14,CDR-24,2025-12-01 08:07:46,10,68,pass,Thaddeus Frostpetal
BRW-03268,POT-0077,SHP-10,CDR-28,2026-04-14T08:30:59Z,57,148,pass,Belladonna Jackdaw
BRW-03269,POT-0057,SHP-09,CDR-22,2025-10-19T09:10:33Z,27,85,pass,Dorian Mistlethorn
BRW-03270,POT-0011,SHP-11,CDR-31,2026-04-28T08:46:36Z,46,120,pass,Dorian Glimmerstone
BRW-03271,POT-0055,SHP-01,CDR-04,2026-04-14 05:46:17,12,112,pass,Nimbus Glimmerstone
BRW-03272,POT-0073,SHP-11,CDR-21,2025-11-18T06:59:10Z,16,72,PASS,Juniper Hollowbranch
BRW-03273,POT-0045,SHP-12,CDR-28,2025-07-08T09:53:59Z,42,69,Pass,Ambrose Fernwhistle
BRW-03274,POT-0116,SHP-03,CDR-15,2025-12-28 06:07:34,54,85,FAIL,Kestrel Foxglove
BRW-03275,POT-0094,SHP-07,CDR-01,2026-04-05 05:48:32,21,98,Pass,Yarrow Ravenscroft
BRW-03276,POT-0016,SHP-01,CDR-15,2026-04-13T06:22:01Z,13,100,pass,Oleander Ravenscroft
BRW-03277,POT-0118,SHP-01,CDR-25,2026-04-23T08:36:15Z,34,54,Pass,Delphine Zellandine
BRW-03278,POT-0035,SHP-03,CDR-25,2025-11-21T07:51:35Z,10,73,pass,Hesper Foxglove
BRW-03279,POT-0008,SHP-15,CDR-02,2026-02-25T07:37:55Z,30,73,pass,Delphine Mossheart
BRW-03280,POT-0032,SHP-12,CDR-40,2025-08-04T07:44:03Z,37,92,PASS,Delphine Zellandine
BRW-03281,POT-0107,SHP-02,CDR-08,2026-03-09 10:27:25,50,18,Pass,Morwenna Wandwright
BRW-03282,POT-0107,SHP-15,CDR-37,2025-09-16 08:36:35,51,43,pass,Umbra Thistledown
BRW-03283,POT-0049,SHP-06,CDR-24,2025-02-08T10:36:28Z,26,120,pass,Gideon Moonbrook
BRW-03284,POT-0010,SHP-15,CDR-19,2026-01-30T09:56:27Z,37,113,pass,Umbra Thistledown
BRW-03285,POT-0034,SHP-03,CDR-16,2025-10-21T10:18:14Z,54,94,pass,Cassia Winterbourne
BRW-03286,POT-0032,SHP-02,CDR-02,2026-06-17 05:50:04,57,116,pass,Ambrose Winterbourne
BRW-03287,POT-0039,SHP-12,CDR-23,2025-11-18T11:18:06Z,60,158,pass,Hesper Cinderfell
BRW-03288,POT-0102,SHP-03,CDR-22,2025-03-04T07:46:41Z,10,95,pass,Vesper Emberwhisk
BRW-03289,POT-0012,SHP-06,CDR-29,2026-04-27T11:28:03Z,11,72,pass,Ambrose Fernwhistle
BRW-03290,POT-0047,SHP-07,CDR-04,2024-11-22 10:52:51,21,109,pass,Cassia Everbright
BRW-03291,POT-0056,SHP-09,CDR-38,2026-05-14T06:38:14Z,49,104,pass,Nimbus Glimmerstone
BRW-03292,POT-0066,SHP-05,CDR-25,2026-05-03T09:35:13Z,17,104,PASS,Oswin Wyrmwood
BRW-03293,POT-0094,SHP-07,CDR-17,2025-12-21T05:20:05Z,54,111,pass,Umbra Thistledown
BRW-03294,POT-0004,SHP-03,CDR-04,2024-07-28 06:32:38,59,84,Fail,Vesper Emberwhisk
BRW-03295,POT-0025,SHP-02,CDR-14,2025-09-04T05:44:30Z,59,65,pass,Ambrose Fernwhistle
BRW-03296,POT-0040,SHP-12,CDR-16,2024-11-20 09:30:05,16,57,pass,Umbra Thistledown
BRW-03297,POT-0032,SHP-03,CDR-03,2026-04-24T05:47:31Z,52,116,pass,Dorian Glimmerstone
BRW-03298,POT-0046,SHP-02,CDR-21,2025-12-15 07:18:18,59,47,pass,Grizelda Kilnworth
BRW-03299,POT-0001,SHP-04,CDR-07,2024-09-19T05:45:38Z,34,113,pass,Grizelda Kilnworth
BRW-03300,POT-0028,SHP-08,CDR-23,2026-03-20T11:49:38Z,27,57,PASS,Vesper Emberwhisk
BRW-03301,POT-0030,SHP-15,CDR-15,2025-09-30 11:44:46,56,63,pass,Delphine Zellandine
BRW-03302,POT-0113,SHP-09,CDR-31,2025-12-30T07:45:55Z,57,147,pass,Grizelda Kilnworth
BRW-03303,POT-0033,SHP-05,CDR-22,2026-05-23T07:19:05Z,48,100,pass,Lyra Winterbourne
BRW-03304,POT-0056,SHP-12,CDR-29,2025-08-13 05:48:42,41,89,pass,Cassia Everbright
BRW-03305,POT-0071,SHP-10,CDR-38,2024-09-05T06:04:40Z,55,101,pass,Delphine Zellandine
BRW-03306,POT-0118,SHP-08,CDR-11,2026-03-11 09:15:13,29,43,pass,Zephyrine Zellandine
BRW-03307,POT-0117,SHP-11,CDR-20,2025-03-29 10:28:19,59,,pass,Juniper Hollowbranch
BRW-03308,POT-0033,SHP-15,CDR-28,2025-03-21 06:17:16,50,79,pass,Cassia Everbright
BRW-03309,POT-0013,SHP-02,CDR-02,2026-04-06 10:51:48,23,105,pass,Juniper Hollowbranch
BRW-03310,POT-0094,SHP-07,CDR-15,2024-12-07T10:43:48Z,32,121,fail,Hesper Cinderfell
BRW-03311,POT-0064,SHP-06,CDR-11,2025-02-24T09:12:12Z,30,103,pass,Maribel Netherfield
BRW-03312,POT-0113,SHP-12,CDR-27,2025-06-29 08:57:47,59,145,pass,Caspian Thistledown
BRW-03313,POT-0069,SHP-14,CDR-29,2024-06-25T11:20:35Z,33,146,pass,Morwenna Wandwright
BRW-03314,POT-0028,SHP-13,CDR-11,2026-05-10T06:23:29Z,31,53,fail,Grizelda Duskwater
BRW-03315,POT-0017,SHP-14,CDR-05,2026-05-16 05:41:57,43,160,fail,Grizelda Kilnworth
BRW-03316,POT-0111,SHP-15,CDR-03,2026-03-07T07:14:52Z,15,77,pass,Juniper Hollowbranch
BRW-03317,POT-0106,SHP-03,CDR-04,2025-05-04 11:36:47,27,68,pass,Zephyrine Zellandine
BRW-03318,POT-0051,SHP-06,CDR-27,2025-11-09 06:20:16,37,15,pass,Gideon Moonbrook
BRW-03319,POT-0017,SHP-03,CDR-25,2026-03-05 09:14:46,52,158,pass,Belladonna Jackdaw
BRW-03320,POT-0100,SHP-15,CDR-22,2026-03-17 11:25:12,46,105,pass,Umbra Thistledown
BRW-03321,POT-0073,SHP-02,CDR-39,2025-10-19T11:54:58Z,24,51,fail,Maribel Netherfield
BRW-03322,POT-0095,SHP-15,CDR-34,2026-01-19T07:05:51Z,10,154,Pass,Hesper Cinderfell
BRW-03323,POT-0078,SHP-11,CDR-26,2024-05-23 07:41:51,22,86,fail,Gideon Thistledown
BRW-03324,POT-0017,SHP-02,CDR-05,2024-08-15 06:35:28,56,129,pass,Grizelda Kilnworth
BRW-03325,POT-0026,SHP-09,CDR-12,2025-06-05T11:08:07Z,36,117,pass,Maribel Netherfield
BRW-03326,POT-0114,SHP-04,CDR-07,2025-10-24T08:45:27Z,55,80,pass,Oswin Wyrmwood
BRW-03327,POT-0096,SHP-09,CDR-40,2025-03-24T10:08:51Z,57,131,pass,Hesper Cinderfell
BRW-03328,POT-0008,SHP-14,CDR-33,2026-01-01 11:31:08,49,74,pass,Cassia Winterbourne
BRW-03329,POT-0043,SHP-13,CDR-37,2024-11-29T08:02:59Z,47,60,Pass,Dorian Glimmerstone
BRW-03330,POT-0095,SHP-04,CDR-13,2025-07-02T07:03:26Z,43,132,pass,Delphine Mossheart
BRW-03331,POT-0039,SHP-10,CDR-10,2025-12-02T05:44:31Z,22,145,pass,Thaddeus Frostpetal
BRW-03332,POT-0031,SHP-11,CDR-31,2026-05-27T08:12:07Z,30,41,Pass,Nimbus Glimmerstone
BRW-03333,POT-0038,SHP-15,CDR-35,2026-05-06T07:43:25Z,43,69,pass,Morwenna Wandwright
BRW-03334,POT-0105,SHP-07,CDR-17,2024-07-04 08:19:08,22,136,pass,Zephyrine Zellandine
BRW-03335,POT-0025,SHP-15,CDR-39,2024-11-14 06:22:42,59,39,pass,Cassia Winterbourne
BRW-03336,POT-0032,SHP-01,CDR-28,2025-08-31 09:40:24,49,109,pass,Belladonna Jackdaw
BRW-03337,POT-0105,SHP-06,CDR-03,2025-12-10T10:41:15Z,56,135,pass,Hesper Cinderfell
BRW-03338,POT-0104,SHP-01,CDR-21,2025-08-31T05:15:07Z,18,139,pass,Vesper Emberwhisk
BRW-03339,POT-0013,SHP-06,CDR-37,2025-12-26T10:09:05Z,60,89,pass,Gideon Thistledown
BRW-03340,POT-0060,SHP-15,CDR-35,2026-04-05T10:53:43Z,32,135,Pass,Morwenna Wandwright
BRW-03341,POT-0091,SHP-04,CDR-24,2024-09-22 10:50:05,24,17,pass,Delphine Mossheart
BRW-03342,POT-0112,SHP-08,CDR-09,2025-10-20T05:40:39Z,17,95,pass,Morwenna Wandwright
BRW-03343,POT-0040,SHP-03,CDR-13,2026-06-08 10:39:10,39,62,pass,Maribel Netherfield
BRW-03344,POT-0056,SHP-09,CDR-25,2025-09-08 11:42:09,33,97,Pass,Yarrow Ravenscroft
BRW-03345,POT-0090,SHP-09,CDR-19,2025-01-29T09:14:40Z,17,,Pass,Thaddeus Frostpetal
BRW-03346,POT-0045,SHP-15,CDR-27,2025-02-03T05:59:52Z,59,53,Pass,Kestrel Foxglove
BRW-03347,POT-0109,SHP-11,CDR-29,2025-10-29T08:45:47Z,37,121,pass,Vesper Emberwhisk
BRW-03348,POT-0066,SHP-13,CDR-35,2025-01-04T05:04:54Z,21,103,pass,Grizelda Duskwater
BRW-03349,POT-0082,SHP-04,CDR-03,2026-04-24T06:36:26Z,38,57,pass,Morwenna Wandwright
BRW-03350,POT-0093,SHP-03,CDR-17,2025-07-02 08:56:51,57,125,pass,Zephyrine Zellandine
BRW-03351,POT-0047,SHP-02,CDR-11,2025-12-07T08:46:05Z,11,103,pass,Delphine Mossheart
BRW-03352,POT-0116,SHP-10,CDR-26,2025-03-10 07:41:13,28,110,pass,Kestrel Foxglove
BRW-03353,POT-0041,SHP-04,CDR-19,2024-10-07T09:37:35Z,40,84,Pass,Juniper Hollowbranch
BRW-03354,POT-0069,SHP-01,CDR-05,2025-04-21T11:35:55Z,25,118,PASS,Nimbus Glimmerstone
BRW-03355,POT-0033,SHP-10,CDR-09,2026-02-28T09:50:30Z,56,75,pass,Oleander Ravenscroft
BRW-03356,POT-0005,SHP-08,CDR-08,2026-05-30T07:16:11Z,35,47,PASS,Cassia Everbright
BRW-03357,POT-0022,SHP-13,CDR-06,2026-04-22 09:00:33,31,116,pass,Dorian Mistlethorn
BRW-03358,POT-0085,SHP-09,CDR-32,2024-09-15 11:28:31,46,132,fail,Morwenna Wandwright
BRW-03359,POT-0045,SHP-02,CDR-20,2025-02-14 11:38:44,42,61,fail,Yarrow Ravenscroft
BRW-03360,POT-0082,SHP-02,CDR-26,2024-09-02 07:52:11,41,63,pass,Oleander Ravenscroft
BRW-03361,POT-0031,SHP-04,CDR-25,2026-01-17 07:29:52,30,42,pass,Umbra Thistledown
BRW-03362,POT-0044,SHP-06,CDR-39,2026-05-11T07:25:31Z,54,63,Pass,Ambrose Winterbourne
BRW-03363,POT-0005,SHP-15,CDR-18,2025-11-26 06:36:58,47,79,pass,Grizelda Duskwater
BRW-03364,POT-0061,SHP-03,CDR-18,2025-05-28T05:56:29Z,34,94,pass,Morwenna Wandwright
BRW-03365,POT-0048,SHP-08,CDR-29,2025-12-03T11:35:37Z,20,94,PASS,Zephyrine Zellandine
BRW-03366,POT-0044,SHP-13,CDR-25,2026-05-07T09:06:31Z,51,39,pass,Caspian Thistledown
BRW-03367,POT-0031,SHP-02,CDR-24,2026-06-05 07:31:05,45,32,pass,Oswin Wyrmwood
BRW-03368,POT-0117,SHP-06,CDR-28,2025-08-31 05:34:14,48,49,Pass,Hesper Cinderfell
BRW-03369,POT-0030,SHP-02,CDR-18,2026-05-23 07:12:10,21,57,pass,Zephyrine Zellandine
BRW-03370,POT-0016,SHP-01,CDR-18,2026-05-02T05:18:16Z,49,103,PASS,Cassia Winterbourne
BRW-03371,POT-0040,SHP-11,CDR-23,2026-05-10T10:46:32Z,31,67,pass,Umbra Thistledown
BRW-03372,POT-0022,SHP-09,CDR-09,2025-12-31T09:11:08Z,30,117,pass,Caspian Thistledown
BRW-03373,POT-0038,SHP-12,CDR-35,2025-09-05T05:25:50Z,31,57,pass,Ambrose Winterbourne
BRW-03374,POT-0095,SHP-06,CDR-01,2026-05-21 06:57:17,29,126,Pass,Hesper Cinderfell
BRW-03375,POT-0008,SHP-04,CDR-14,2025-07-20T09:31:30Z,51,74,pass,Gideon Moonbrook
BRW-03376,POT-0021,SHP-10,CDR-09,2025-01-12 10:08:29,58,92,pass,Cassia Everbright
BRW-03377,POT-0080,SHP-01,CDR-13,2025-10-07T05:51:23Z,30,124,pass,Delphine Zellandine
BRW-03378,POT-0027,SHP-06,CDR-27,2025-09-03T10:03:22Z,56,116,pass,Kestrel Foxglove
BRW-03379,POT-0047,SHP-13,CDR-36,2025-10-05 06:12:31,46,115,Pass,Yarrow Ravenscroft
BRW-03380,POT-0100,SHP-07,CDR-13,2024-12-10T11:10:58Z,19,100,Pass,Dorian Glimmerstone
BRW-03381,POT-0012,SHP-10,CDR-32,2025-08-01 07:15:30,51,87,pass,Dorian Glimmerstone
BRW-03382,POT-0038,SHP-12,CDR-25,2024-09-05 06:59:09,38,69,pass,Maribel Netherfield
BRW-03383,POT-0034,SHP-05,CDR-38,2026-05-30 11:30:19,25,162,pass,Cassia Winterbourne
BRW-03384,POT-0071,SHP-10,CDR-11,2025-01-22T05:50:50Z,19,89,pass,Kestrel Foxglove
BRW-03385,POT-0013,SHP-12,CDR-21,2025-11-02 11:52:20,58,80,pass,Hesper Foxglove
BRW-03386,POT-0080,SHP-04,CDR-19,2024-06-04 10:38:14,16,131,PASS,Yarrow Ravenscroft
BRW-03387,POT-0008,SHP-11,CDR-18,2026-01-20T08:42:37Z,55,72,pass,Lyra Winterbourne
BRW-03388,POT-0004,SHP-11,CDR-25,2024-06-21T05:47:47Z,19,83,pass,Morwenna Wandwright
BRW-03389,POT-0065,SHP-14,CDR-40,2026-06-17T08:59:57Z,15,52,pass,Ambrose Fernwhistle
BRW-03390,POT-0040,SHP-04,CDR-39,2025-11-17T08:19:18Z,16,44,Pass,Oswin Wyrmwood
BRW-03391,POT-0086,SHP-03,CDR-23,2026-01-15T08:06:49Z,33,98,pass,Umbra Thistledown
BRW-03392,POT-0048,SHP-04,CDR-36,2025-11-01T05:14:43Z,33,114,pass,Cassia Winterbourne
BRW-03393,POT-0116,SHP-06,CDR-38,2025-07-06T08:05:30Z,40,106,pass,Wendeline Ashgrove
BRW-03394,POT-0038,SHP-04,CDR-27,2024-12-22T06:52:43Z,32,45,Pass,Wendeline Ashgrove
BRW-03395,POT-0031,SHP-06,CDR-10,2026-02-15T09:14:26Z,37,20,pass,Grizelda Kilnworth
BRW-03396,POT-0030,SHP-14,CDR-01,2026-03-11 06:10:31,33,63,pass,Gideon Thistledown
BRW-03397,POT-0058,SHP-14,CDR-10,2024-06-15T08:50:36Z,28,124,pass,Grizelda Kilnworth
BRW-03398,POT-0091,SHP-10,CDR-38,2024-08-10 07:53:38,58,48,pass,Maribel Netherfield
BRW-03399,POT-0077,SHP-03,CDR-23,2026-04-08T10:45:58Z,16,110,fail,Maribel Netherfield
BRW-03400,POT-0021,SHP-06,CDR-28,2024-05-13T05:16:59Z,56,111,pass,Oleander Ravenscroft
BRW-03401,POT-0014,SHP-14,CDR-16,2025-03-14 09:42:36,45,78,pass,Kestrel Foxglove
BRW-03402,POT-0115,SHP-01,CDR-25,2024-06-28T07:13:19Z,40,87,pass,Delphine Zellandine
BRW-03403,POT-0030,SHP-10,CDR-21,2025-10-03 07:43:27,52,55,Pass,Grizelda Kilnworth
BRW-03404,POT-0088,SHP-07,CDR-09,2026-05-31T10:51:36Z,43,88,pass,Morwenna Wandwright
BRW-03405,POT-0005,SHP-04,CDR-25,2025-07-13 08:51:43,55,49,pass,Grizelda Duskwater
BRW-03406,POT-0032,SHP-01,CDR-35,2026-03-20 10:58:28,52,139,pass,Yarrow Ravenscroft
BRW-03407,POT-0054,SHP-11,CDR-06,2026-01-17T05:04:54Z,20,58,pass,Morwenna Wandwright
BRW-03408,POT-0048,SHP-11,CDR-05,2025-02-08T05:25:35Z,15,104,Pass,Delphine Zellandine
BRW-03409,POT-0016,SHP-05,CDR-02,2026-05-28T08:08:56Z,43,121,pass,Kestrel Foxglove
BRW-03410,POT-0093,SHP-15,CDR-32,2024-12-05T10:17:56Z,27,94,Pass,Belladonna Jackdaw
BRW-03411,POT-0082,SHP-11,CDR-40,2025-01-22T05:11:29Z,59,27,pass,Thaddeus Frostpetal
BRW-03412,POT-0064,SHP-12,CDR-16,2025-08-03T10:49:33Z,14,93,pass,Maribel Netherfield
BRW-03413,POT-0021,SHP-11,CDR-13,2025-07-18T10:07:24Z,44,87,pass,Ambrose Fernwhistle
BRW-03414,POT-0068,SHP-05,CDR-10,2024-08-14T10:04:06Z,34,80,pass,Umbra Thistledown
BRW-03415,POT-0095,SHP-04,CDR-02,2025-07-24 11:42:39,56,126,pass,Dorian Mistlethorn
BRW-03416,POT-0113,SHP-03,CDR-30,2026-06-15 10:54:02,35,135,pass,Grizelda Kilnworth
BRW-03417,POT-0026,SHP-04,CDR-24,2025-06-03 06:10:41,58,122,Pass,Oswin Wyrmwood
BRW-03418,POT-0116,SHP-08,CDR-28,2024-10-07 07:50:17,59,110,pass,Nimbus Glimmerstone
BRW-03419,POT-0053,SHP-12,CDR-10,2026-06-09T06:30:06Z,22,93,pass,Kestrel Foxglove
BRW-03420,POT-0075,SHP-05,CDR-03,2026-01-03T07:15:33Z,48,138,pass,Grizelda Kilnworth
BRW-03421,POT-0106,SHP-12,CDR-17,2025-09-14 05:02:58,14,50,pass,Cassia Winterbourne
BRW-03422,POT-0033,SHP-06,CDR-13,2026-05-27 09:41:50,16,61,pass,Belladonna Jackdaw
BRW-03423,POT-0102,SHP-06,CDR-22,2026-05-12 11:01:03,45,32,Fail,Delphine Zellandine
BRW-03424,POT-0046,SHP-09,CDR-09,2024-12-13T08:32:47Z,51,61,pass,Oleander Ravenscroft
BRW-03425,POT-0001,SHP-03,CDR-33,2025-01-22T06:55:42Z,15,106,pass,Yarrow Ravenscroft
BRW-03426,POT-0041,SHP-05,CDR-25,2025-03-20 08:54:44,32,151,Pass,Vesper Emberwhisk
BRW-03427,POT-0090,SHP-08,CDR-37,2026-04-16T08:08:26Z,17,113,Pass,Yarrow Ravenscroft
BRW-03428,POT-0045,SHP-13,CDR-16,2025-06-15T08:34:49Z,23,27,PASS,Delphine Zellandine
BRW-03429,POT-0024,SHP-05,CDR-27,2026-01-17T08:39:28Z,28,136,Pass,Oleander Ravenscroft
BRW-03430,POT-0059,SHP-02,CDR-01,2026-04-21T11:15:39Z,23,104,pass,Thaddeus Frostpetal
BRW-03431,POT-0026,SHP-11,CDR-05,2026-02-06 09:31:35,19,131,Pass,Delphine Zellandine
BRW-03432,POT-0063,SHP-08,CDR-35,2025-09-25T07:44:52Z,26,65,pass,Ambrose Fernwhistle
BRW-03433,POT-0102,SHP-12,CDR-35,2024-12-01T10:51:06Z,39,94,pass,Ambrose Winterbourne
BRW-03434,POT-0082,SHP-12,CDR-05,2024-05-26T05:13:58Z,26,68,Pass,Thaddeus Frostpetal
BRW-03435,POT-0011,SHP-03,CDR-38,2025-10-14T06:34:12Z,24,103,pass,Dorian Glimmerstone
BRW-03436,POT-0031,SHP-10,CDR-02,2026-01-06 11:15:39,40,47,pass,Belladonna Jackdaw
BRW-03437,POT-0010,SHP-08,CDR-13,2026-05-27T08:09:50Z,39,147,pass,Vesper Emberwhisk
BRW-03438,POT-0089,SHP-11,CDR-10,2025-09-17 07:15:48,59,110,PASS,Maribel Netherfield
BRW-03439,POT-0090,SHP-12,CDR-03,2024-08-24T09:47:31Z,50,,pass,Grizelda Duskwater
BRW-03440,POT-0090,SHP-08,CDR-09,2026-03-04 07:59:28,44,77,pass,Gideon Thistledown
BRW-03441,POT-0022,SHP-07,CDR-02,2024-09-30T07:39:02Z,11,137,pass,Dorian Mistlethorn
BRW-03442,POT-0003,SHP-15,CDR-02,2025-09-02T07:16:45Z,55,32,pass,Ambrose Winterbourne
BRW-03443,POT-0027,SHP-05,CDR-19,2025-09-27 05:06:47,22,99,pass,Wendeline Ashgrove
BRW-03444,POT-0041,SHP-12,CDR-23,2025-01-18T06:13:30Z,29,141,Pass,Vesper Emberwhisk
BRW-03445,POT-0107,SHP-05,CDR-29,2026-01-06T07:56:05Z,58,54,pass,Juniper Hollowbranch
BRW-03446,POT-0042,SHP-02,CDR-11,2024-08-06 08:09:59,35,118,pass,Wendeline Ashgrove
BRW-03447,POT-0087,SHP-11,CDR-27,2026-02-06T11:09:07Z,37,58,fail,Grizelda Kilnworth
BRW-03448,POT-0008,SHP-05,CDR-33,2026-03-17T09:34:26Z,16,44,pass,Dorian Mistlethorn
BRW-03449,POT-0076,SHP-14,CDR-06,2025-11-05 11:58:46,38,34,pass,Hesper Foxglove
BRW-03450,POT-0052,SHP-06,CDR-22,2024-08-16T05:24:26Z,23,103,pass,Dorian Glimmerstone
BRW-03451,POT-0056,SHP-12,CDR-17,2025-11-24 10:11:24,12,88,pass,Caspian Thistledown
BRW-03452,POT-0113,SHP-12,CDR-29,2025-02-13 09:27:33,46,136,pass,Cassia Everbright
BRW-03453,POT-0016,SHP-01,CDR-08,2026-05-31T09:04:18Z,16,122,Pass,Kestrel Foxglove
BRW-03454,POT-0038,SHP-07,CDR-15,2024-05-13 06:11:52,12,61,pass,Belladonna Jackdaw
BRW-03455,POT-0027,SHP-15,CDR-22,2025-05-28T05:27:33Z,35,124,pass,Umbra Thistledown
BRW-03456,POT-0017,SHP-03,CDR-34,2025-05-06T11:27:58Z,12,132,pass,Kestrel Foxglove
BRW-03457,POT-0087,SHP-10,CDR-21,2026-01-01T07:13:08Z,58,63,fail,Grizelda Kilnworth
BRW-03458,POT-0079,SHP-02,CDR-20,2025-11-02T05:43:28Z,25,77,Pass,Lyra Winterbourne
BRW-03459,POT-0078,SHP-02,CDR-06,2026-06-02T08:08:40Z,49,80,Pass,Lyra Winterbourne
BRW-03460,POT-0015,SHP-07,CDR-25,2025-12-17T07:11:46Z,57,95,pass,Kestrel Foxglove
BRW-03461,POT-0046,SHP-10,CDR-20,2025-10-01 11:49:39,54,49,Pass,Dorian Glimmerstone
BRW-03462,POT-0087,SHP-10,CDR-03,2025-12-11 07:04:22,23,42,pass,Oswin Wyrmwood
BRW-03463,POT-0118,SHP-14,CDR-03,2026-02-21T07:24:33Z,56,64,pass,Nimbus Glimmerstone
BRW-03464,POT-0107,SHP-12,CDR-33,2025-07-11 11:07:53,48,45,pass,Cassia Winterbourne
BRW-03465,POT-0071,SHP-02,CDR-06,2026-01-27 07:01:33,43,84,pass,Lyra Winterbourne
BRW-03466,POT-0111,SHP-15,CDR-36,2026-02-17T05:29:56Z,47,99,PASS,Kestrel Foxglove
BRW-03467,POT-0003,SHP-01,CDR-35,2026-05-31 09:25:52,47,62,pass,Umbra Thistledown
BRW-03468,POT-0053,SHP-01,CDR-40,2025-02-18 07:02:31,16,126,pass,Dorian Glimmerstone
BRW-03469,POT-0024,SHP-07,CDR-16,2025-06-11 10:44:38,60,112,pass,Oleander Ravenscroft
BRW-03470,POT-0003,SHP-04,CDR-12,2026-02-01 05:31:24,37,65,pass,Hesper Cinderfell
BRW-03471,POT-0001,SHP-08,CDR-04,2026-06-25T08:37:45Z,21,130,fail,Ambrose Winterbourne
BRW-03472,POT-0061,SHP-02,CDR-09,2025-08-08T06:55:29Z,60,101,pass,Hesper Cinderfell
BRW-03473,POT-0006,SHP-11,CDR-15,2026-05-05T10:45:14Z,44,153,fail,Yarrow Ravenscroft
BRW-03474,POT-0030,SHP-01,CDR-21,2025-12-20 10:59:23,57,73,pass,Kestrel Foxglove
BRW-03475,POT-0082,SHP-13,CDR-07,2025-01-29T10:57:45Z,24,51,Pass,Hesper Cinderfell
BRW-03476,POT-0106,SHP-05,CDR-28,2026-06-08T10:38:16Z,26,78,PASS,Ambrose Winterbourne
BRW-03477,POT-0033,SHP-06,CDR-24,2026-01-12 05:36:49,39,91,PASS,Oleander Ravenscroft
BRW-03478,POT-0096,SHP-10,CDR-38,2025-05-17 09:20:01,32,141,pass,Umbra Thistledown
BRW-03479,POT-0044,SHP-14,CDR-10,2025-06-09 05:52:07,44,83,pass,Ambrose Winterbourne
BRW-03480,POT-0093,SHP-10,CDR-37,2025-04-05T09:44:46Z,31,83,Fail,Gideon Thistledown
BRW-03481,POT-0096,SHP-12,CDR-04,2025-07-04T09:41:20Z,47,147,pass,Grizelda Duskwater
BRW-03482,POT-0008,SHP-14,CDR-05,2026-05-22 10:06:42,27,54,fail,Yarrow Ravenscroft
BRW-03483,POT-0057,SHP-02,CDR-23,2026-05-07T06:32:39Z,56,66,pass,Umbra Thistledown
BRW-03484,POT-0107,SHP-02,CDR-17,2026-03-13T06:48:02Z,30,44,pass,Kestrel Foxglove
BRW-03485,POT-0064,SHP-14,CDR-15,2024-06-16T11:11:51Z,49,133,pass,Nimbus Glimmerstone
BRW-03486,POT-0058,SHP-09,CDR-24,2026-02-27 07:15:36,44,127,Pass,Caspian Thistledown
BRW-03487,POT-0118,SHP-12,CDR-32,2026-05-21 07:07:33,12,69,pass,Thaddeus Frostpetal
BRW-03488,POT-0071,SHP-03,CDR-16,2025-11-16T11:41:38Z,41,67,Pass,Hesper Foxglove
BRW-03489,POT-0078,SHP-01,CDR-07,2024-06-29T07:14:51Z,48,79,pass,Dorian Glimmerstone
BRW-03490,POT-0022,SHP-09,CDR-27,2024-12-12 11:21:42,17,126,pass,Umbra Thistledown
BRW-03491,POT-0057,SHP-09,CDR-39,2025-06-21T10:33:21Z,48,67,pass,Delphine Mossheart
BRW-03492,POT-0114,SHP-13,CDR-37,2026-05-28T11:26:47Z,35,81,pass,Gideon Moonbrook
BRW-03493,POT-0036,SHP-11,CDR-19,2026-06-11T05:20:38Z,31,109,pass,Juniper Hollowbranch
BRW-03494,POT-0085,SHP-09,CDR-06,2025-06-03 09:39:59,55,116,pass,Yarrow Ravenscroft
BRW-03495,POT-0003,SHP-07,CDR-40,2026-06-10T08:09:08Z,16,79,pass,Oswin Wyrmwood
BRW-03496,POT-0112,SHP-02,CDR-28,2025-07-11 08:51:16,38,59,Pass,Morwenna Wandwright
BRW-03497,POT-0031,SHP-12,CDR-37,2026-01-17T10:30:29Z,41,23,Pass,Gideon Thistledown
BRW-03498,POT-0066,SHP-04,CDR-21,2026-02-09T10:33:39Z,16,124,pass,Umbra Thistledown
BRW-03499,POT-0059,SHP-13,CDR-18,2026-03-04T05:11:32Z,15,,pass,Cassia Winterbourne
BRW-03500,POT-0031,SHP-02,CDR-35,2025-09-27T10:08:30Z,28,49,pass,Hesper Foxglove
BRW-03501,POT-0057,SHP-14,CDR-36,2025-10-29 09:13:48,43,68,PASS,Gideon Moonbrook
BRW-03502,POT-0108,SHP-04,CDR-28,2026-04-23 07:47:26,29,62,Pass,Caspian Thistledown
BRW-03503,POT-0058,SHP-07,CDR-02,2026-01-10T11:51:58Z,59,128,Pass,Grizelda Duskwater
BRW-03504,POT-0047,SHP-12,CDR-08,2025-06-20T11:23:59Z,21,78,fail,Juniper Hollowbranch
BRW-03505,POT-0007,SHP-01,CDR-30,2026-05-05 05:05:30,57,128,pass,Oswin Wyrmwood
BRW-03506,POT-0117,SHP-03,CDR-14,2025-09-04 10:50:45,39,63,pass,Delphine Mossheart
BRW-03507,POT-0002,SHP-08,CDR-01,2026-02-05T09:25:44Z,13,87,pass,Zephyrine Zellandine
BRW-03508,POT-0035,SHP-10,CDR-13,2025-10-13T08:14:30Z,44,81,Pass,Maribel Netherfield
BRW-03509,POT-0042,SHP-06,CDR-06,2024-12-27 08:30:46,37,97,pass,Vesper Emberwhisk
BRW-03510,POT-0044,SHP-05,CDR-17,2024-07-20T07:27:00Z,18,67,pass,Nimbus Glimmerstone
BRW-03511,POT-0016,SHP-09,CDR-21,2026-03-27T05:27:07Z,45,128,Fail,Nimbus Glimmerstone
BRW-03512,POT-0047,SHP-15,CDR-33,2025-09-08 10:19:17,24,128,pass,Ambrose Fernwhistle
BRW-03513,POT-0109,SHP-04,CDR-27,2025-11-07T05:30:43Z,20,146,pass,Cassia Everbright
BRW-03514,POT-0060,SHP-09,CDR-02,2026-04-22T10:45:30Z,13,169,pass,Delphine Mossheart
BRW-03515,POT-0043,SHP-05,CDR-15,2025-08-03T07:46:05Z,15,74,pass,Grizelda Duskwater
BRW-03516,POT-0045,SHP-02,CDR-04,2026-04-13T09:06:31Z,13,32,pass,Umbra Thistledown
BRW-03517,POT-0116,SHP-07,CDR-37,2024-12-23T05:35:19Z,20,100,pass,Delphine Zellandine
BRW-03518,POT-0002,SHP-03,CDR-21,2025-03-29T08:16:10Z,41,95,pass,Ambrose Winterbourne
BRW-03519,POT-0074,SHP-08,CDR-33,2026-04-15 08:23:56,33,130,pass,Hesper Foxglove
BRW-03520,POT-0107,SHP-09,CDR-01,2025-06-05 08:59:44,24,51,fail,Cassia Winterbourne
BRW-03521,POT-0090,SHP-01,CDR-10,2025-06-02 10:51:48,48,86,pass,Thaddeus Frostpetal
BRW-03522,POT-0036,SHP-14,CDR-32,2025-05-28T11:22:56Z,24,69,fail,Ambrose Winterbourne
BRW-03523,POT-0047,SHP-12,CDR-22,2025-07-29T05:28:57Z,48,89,pass,Nimbus Glimmerstone
BRW-03524,POT-0082,SHP-03,CDR-14,2026-02-28T05:16:46Z,33,47,pass,Yarrow Ravenscroft
BRW-03525,POT-0094,SHP-11,CDR-16,2025-09-27 06:48:34,39,111,pass,Zephyrine Zellandine
BRW-03526,POT-0052,SHP-12,CDR-17,2026-05-22T11:37:26Z,41,91,Pass,Cassia Everbright
BRW-03527,POT-0112,SHP-10,CDR-04,2025-06-04T06:37:57Z,46,97,pass,Grizelda Kilnworth
BRW-03528,POT-0002,SHP-03,CDR-02,2026-04-01 10:44:09,40,93,pass,Morwenna Wandwright
BRW-03529,POT-0088,SHP-09,CDR-38,2026-02-26T06:04:14Z,11,100,pass,Ambrose Winterbourne
BRW-03530,POT-0107,SHP-02,CDR-14,2025-09-21 08:25:34,33,57,pass,Nimbus Glimmerstone
BRW-03531,POT-0031,SHP-06,CDR-01,2025-11-24 11:48:08,48,43,pass,Grizelda Duskwater
BRW-03532,POT-0085,SHP-08,CDR-02,2024-08-08T07:32:35Z,54,156,pass,Thaddeus Frostpetal
BRW-03533,POT-0018,SHP-05,CDR-33,2026-01-09T10:31:07Z,24,50,pass,Cassia Winterbourne
BRW-03534,POT-0091,SHP-01,CDR-21,2024-11-09 08:00:55,36,43,pass,Wendeline Ashgrove
BRW-03535,POT-0030,SHP-01,CDR-02,2026-01-14 11:37:55,11,66,pass,Nimbus Glimmerstone
BRW-03536,POT-0033,SHP-13,CDR-32,2025-02-26 07:33:58,46,90,pass,Oswin Wyrmwood
BRW-03537,POT-0109,SHP-11,CDR-14,2025-04-25T08:22:29Z,38,136,fail,Vesper Emberwhisk
BRW-03538,POT-0100,SHP-04,CDR-07,2024-07-05 07:35:45,31,64,pass,Thaddeus Frostpetal
BRW-03539,POT-0052,SHP-10,CDR-37,2026-02-27 09:44:40,58,97,pass,Gideon Thistledown
BRW-03540,POT-0109,SHP-15,CDR-10,2026-05-20 10:07:34,56,121,pass,Oswin Wyrmwood
BRW-03541,POT-0072,SHP-11,CDR-05,2024-05-22 08:50:23,28,100,pass,Lyra Winterbourne
BRW-03542,POT-0029,SHP-12,CDR-28,2025-03-09T09:00:22Z,58,75,Pass,Belladonna Jackdaw
BRW-03543,POT-0023,SHP-12,CDR-02,2025-08-16T08:56:45Z,52,135,pass,Umbra Thistledown
BRW-03544,POT-0040,SHP-15,CDR-08,2025-11-14 11:11:43,38,27,pass,Vesper Emberwhisk
BRW-03545,POT-0087,SHP-05,CDR-07,2026-04-29T08:02:47Z,56,72,pass,Cassia Winterbourne
BRW-03546,POT-0102,SHP-08,CDR-09,2024-12-23 11:09:18,55,73,Pass,Oleander Ravenscroft
BRW-03547,POT-0103,SHP-10,CDR-22,2026-06-01T06:31:43Z,20,104,pass,Kestrel Foxglove
BRW-03548,POT-0052,SHP-08,CDR-01,2025-03-01 07:32:13,27,114,Pass,Kestrel Foxglove
BRW-03549,POT-0088,SHP-15,CDR-05,2025-07-05T07:21:39Z,11,97,Pass,Oleander Ravenscroft
BRW-03550,POT-0028,SHP-12,CDR-02,2026-04-07 10:02:05,36,71,pass,Delphine Zellandine
BRW-03551,POT-0084,SHP-08,CDR-24,2026-01-14 10:41:10,57,88,pass,Delphine Zellandine
BRW-03552,POT-0008,SHP-03,CDR-27,2025-09-09 10:44:31,17,56,Pass,Nimbus Glimmerstone
BRW-03553,POT-0044,SHP-10,CDR-19,2026-04-24 09:26:36,52,77,Pass,Yarrow Ravenscroft
BRW-03554,POT-0030,SHP-08,CDR-06,2025-12-23 08:54:51,37,65,Pass,Grizelda Duskwater
BRW-03555,POT-0055,SHP-04,CDR-22,2025-11-25T06:22:45Z,15,82,pass,Yarrow Ravenscroft
BRW-03556,POT-0065,SHP-04,CDR-28,2025-09-03 08:15:32,21,23,pass,Ambrose Winterbourne
BRW-03557,POT-0074,SHP-01,CDR-19,2026-06-23T09:06:46Z,47,98,PASS,Gideon Thistledown
BRW-03558,POT-0031,SHP-06,CDR-03,2026-02-06T07:36:33Z,39,57,pass,Wendeline Ashgrove
BRW-03559,POT-0085,SHP-03,CDR-11,2026-02-15 07:33:29,20,135,pass,Hesper Foxglove
BRW-03560,POT-0036,SHP-04,CDR-20,2025-04-05T11:33:34Z,34,95,pass,Delphine Zellandine
BRW-03561,POT-0036,SHP-02,CDR-15,2025-11-19 06:11:38,60,105,pass,Lyra Winterbourne
BRW-03562,POT-0117,SHP-03,CDR-19,2025-12-28 08:02:01,48,53,pass,Cassia Everbright
BRW-03563,POT-0092,SHP-03,CDR-25,2026-02-05 09:36:35,41,86,pass,Dorian Glimmerstone
BRW-03564,POT-0107,SHP-13,CDR-21,2026-05-03 11:23:45,51,30,pass,Kestrel Foxglove
BRW-03565,POT-0060,SHP-07,CDR-38,2026-04-10T05:43:19Z,44,171,pass,Morwenna Wandwright
BRW-03566,POT-0078,SHP-12,CDR-24,2026-02-26T09:40:25Z,43,96,PASS,Yarrow Ravenscroft
BRW-03567,POT-0109,SHP-02,CDR-24,2025-03-07T10:26:52Z,21,140,pass,Yarrow Ravenscroft
BRW-03568,POT-0030,SHP-08,CDR-40,2026-02-16 07:56:16,45,62,fail,Nimbus Glimmerstone
BRW-03569,POT-0071,SHP-09,CDR-11,2026-03-09T05:57:24Z,54,71,pass,Nimbus Glimmerstone
BRW-03570,POT-0105,SHP-07,CDR-07,2026-05-24T07:59:43Z,59,150,Fail,Ambrose Fernwhistle
BRW-03571,POT-0057,SHP-11,CDR-30,2025-06-25T05:18:28Z,60,70,pass,Delphine Zellandine
BRW-03572,POT-0102,SHP-04,CDR-29,2026-01-28 06:44:17,10,61,pass,Nimbus Glimmerstone
BRW-03573,POT-0021,SHP-09,CDR-18,2026-03-14T08:08:17Z,27,70,fail,Juniper Hollowbranch
BRW-03574,POT-0046,SHP-10,CDR-31,2026-06-29 09:25:22,32,58,pass,Dorian Mistlethorn
BRW-03575,POT-0052,SHP-10,CDR-12,2024-08-17T10:02:23Z,30,123,PASS,Dorian Glimmerstone
BRW-03576,POT-0015,SHP-10,CDR-14,2026-05-23T11:02:42Z,50,96,pass,Juniper Hollowbranch
BRW-03577,POT-0096,SHP-07,CDR-26,2026-05-01 08:47:55,55,125,fail,Delphine Zellandine
BRW-03578,POT-0001,SHP-09,CDR-13,2025-12-21T11:33:15Z,45,128,PASS,Umbra Thistledown
BRW-03579,POT-0078,SHP-04,CDR-38,2025-08-15T06:47:53Z,59,60,pass,Morwenna Wandwright
BRW-03580,POT-0070,SHP-10,CDR-22,2024-05-09T10:11:39Z,13,188,pass,Hesper Foxglove
BRW-03581,POT-0031,SHP-01,CDR-37,2025-12-07 09:53:00,20,22,PASS,Umbra Thistledown
BRW-03582,POT-0119,SHP-09,CDR-11,2025-08-27T08:32:29Z,34,87,pass,Lyra Winterbourne
BRW-03583,POT-0099,SHP-12,CDR-33,2025-12-20T06:15:59Z,11,153,pass,Oleander Ravenscroft
BRW-03584,POT-0103,SHP-04,CDR-20,2026-05-08 08:59:09,14,99,pass,Dorian Mistlethorn
BRW-03585,POT-0075,SHP-09,CDR-18,2024-12-16T09:25:53Z,25,133,pass,Delphine Zellandine
BRW-03586,POT-0058,SHP-08,CDR-16,2024-09-12 06:18:02,19,122,PASS,Ambrose Winterbourne
BRW-03587,POT-0105,SHP-04,CDR-01,2025-10-20 08:26:18,40,157,pass,Caspian Thistledown
BRW-03588,POT-0048,SHP-02,CDR-27,2025-07-31T10:03:38Z,55,102,pass,Grizelda Duskwater
BRW-03589,POT-0082,SHP-12,CDR-10,2025-02-22T08:13:41Z,38,64,pass,Belladonna Jackdaw
BRW-03590,POT-0003,SHP-07,CDR-10,2024-07-07 08:18:21,51,50,fail,Hesper Cinderfell
BRW-03591,POT-0028,SHP-10,CDR-10,2026-02-23T09:50:51Z,54,45,pass,Delphine Zellandine
BRW-03592,POT-0053,SHP-13,CDR-29,2025-10-08 09:05:32,33,123,Pass,Dorian Mistlethorn
BRW-03593,POT-0061,SHP-02,CDR-25,2026-01-16 05:36:57,43,63,Pass,Vesper Emberwhisk
BRW-03594,POT-0104,SHP-01,CDR-35,2026-06-24 06:05:27,40,142,pass,Morwenna Wandwright
BRW-03595,POT-0071,SHP-15,CDR-37,2025-12-11T07:45:42Z,57,107,pass,Grizelda Kilnworth
BRW-03596,POT-0014,SHP-06,CDR-09,2026-06-07 11:46:38,32,27,pass,Thaddeus Frostpetal
BRW-03597,POT-0070,SHP-11,CDR-08,2024-06-24 08:56:25,57,150,fail,Belladonna Jackdaw
BRW-03598,POT-0079,SHP-03,CDR-16,2024-11-08 07:01:21,26,65,pass,Gideon Thistledown
BRW-03599,POT-0111,SHP-10,CDR-19,2026-03-31 10:06:24,26,80,pass,Caspian Thistledown
BRW-03600,POT-0072,SHP-11,CDR-11,2025-08-25T08:19:22Z,35,100,Pass,Vesper Emberwhisk
BRW-03601,POT-0094,SHP-11,CDR-39,2025-08-22 06:23:42,20,99,pass,Ambrose Fernwhistle
BRW-03602,POT-0050,SHP-11,CDR-27,2026-01-18T05:45:10Z,51,164,pass,Nimbus Glimmerstone
BRW-03603,POT-0109,SHP-01,CDR-10,2025-01-20T08:39:02Z,39,137,pass,Oleander Ravenscroft
BRW-03604,POT-0113,SHP-02,CDR-24,2025-02-27T06:28:21Z,15,162,PASS,Maribel Netherfield
BRW-03605,POT-0083,SHP-14,CDR-08,2024-06-10 10:58:16,18,154,pass,Vesper Emberwhisk
BRW-03606,POT-0030,SHP-06,CDR-12,2026-05-10T10:49:21Z,48,57,pass,Gideon Thistledown
BRW-03607,POT-0033,SHP-03,CDR-06,2025-11-21 07:05:03,15,92,pass,Dorian Mistlethorn
BRW-03608,POT-0002,SHP-07,CDR-38,2025-11-01T05:07:51Z,19,82,pass,Juniper Hollowbranch
BRW-03609,POT-0008,SHP-07,CDR-33,2025-09-16T09:56:13Z,55,74,Pass,Vesper Emberwhisk
BRW-03610,POT-0008,SHP-01,CDR-17,2025-12-07T08:47:08Z,35,56,Pass,Ambrose Fernwhistle
BRW-03611,POT-0066,SHP-05,CDR-06,2026-05-23T11:06:37Z,43,101,pass,Delphine Mossheart
BRW-03612,POT-0101,SHP-15,CDR-19,2025-04-17T11:52:06Z,29,145,Pass,Maribel Netherfield
BRW-03613,POT-0024,SHP-06,CDR-03,2025-05-01T08:31:10Z,18,128,pass,Wendeline Ashgrove
BRW-03614,POT-0008,SHP-11,CDR-01,2026-04-27 10:46:09,34,59,pass,Dorian Glimmerstone
BRW-03615,POT-0049,SHP-03,CDR-20,2025-07-27T08:37:15Z,51,130,pass,Caspian Thistledown
BRW-03616,POT-0057,SHP-14,CDR-04,2025-11-26 08:29:19,35,62,fail,Kestrel Foxglove
BRW-03617,POT-0003,SHP-12,CDR-14,2025-02-20 09:04:00,26,68,pass,Juniper Hollowbranch
BRW-03618,POT-0088,SHP-01,CDR-14,2025-06-07T08:59:51Z,19,94,pass,Gideon Thistledown
BRW-03619,POT-0057,SHP-10,CDR-10,2026-04-24T11:40:20Z,56,88,pass,Gideon Moonbrook
BRW-03620,POT-0084,SHP-03,CDR-20,2025-08-15T11:08:35Z,35,110,pass,Dorian Glimmerstone
BRW-03621,POT-0024,SHP-07,CDR-15,2024-08-23 05:02:49,58,129,Pass,Nimbus Glimmerstone
BRW-03622,POT-0069,SHP-11,CDR-18,2025-12-22T09:10:36Z,17,143,PASS,Umbra Thistledown
BRW-03623,POT-0105,SHP-15,CDR-39,2024-08-14 06:41:01,54,124,pass,Hesper Cinderfell
BRW-03624,POT-0040,SHP-12,CDR-30,2026-02-18 07:30:09,32,45,pass,Cassia Winterbourne
BRW-03625,POT-0055,SHP-12,CDR-07,2025-12-20T09:52:35Z,48,110,Pass,Delphine Zellandine
BRW-03626,POT-0100,SHP-05,CDR-33,2026-06-24T06:59:50Z,60,58,PASS,Umbra Thistledown
BRW-03627,POT-0053,SHP-01,CDR-10,2026-04-09T07:54:52Z,19,81,Pass,Umbra Thistledown
BRW-03628,POT-0104,SHP-04,CDR-20,2024-09-18T07:45:23Z,18,124,pass,Nimbus Glimmerstone
BRW-03629,POT-0027,SHP-01,CDR-39,2025-06-26T09:57:22Z,46,124,pass,Zephyrine Zellandine
BRW-03630,POT-0111,SHP-04,CDR-34,2026-01-30 11:56:34,42,60,pass,Hesper Foxglove
BRW-03631,POT-0113,SHP-08,CDR-01,2025-09-09 09:22:54,19,128,Pass,Gideon Thistledown
BRW-03632,POT-0059,SHP-05,CDR-03,2026-03-02T09:08:15Z,50,90,pass,Dorian Mistlethorn
BRW-03633,POT-0040,SHP-09,CDR-19,2025-07-28T06:15:07Z,38,37,pass,Delphine Zellandine
BRW-03634,POT-0069,SHP-11,CDR-16,2024-11-08 07:30:28,14,121,pass,Juniper Hollowbranch
BRW-03635,POT-0064,SHP-14,CDR-07,2024-07-06T07:08:26Z,58,103,pass,Umbra Thistledown
BRW-03636,POT-0055,SHP-15,CDR-36,2026-03-13T05:12:32Z,35,87,fail,Caspian Thistledown
BRW-03637,POT-0049,SHP-04,CDR-18,2024-08-25T07:40:44Z,54,135,fail,Morwenna Wandwright
BRW-03638,POT-0013,SHP-13,CDR-06,2025-08-05T06:16:32Z,44,60,Pass,Nimbus Glimmerstone
BRW-03639,POT-0114,SHP-05,CDR-07,2025-09-11 09:50:59,16,103,pass,Gideon Thistledown
BRW-03640,POT-0101,SHP-05,CDR-10,2025-05-20 09:06:22,14,136,pass,Caspian Thistledown
BRW-03641,POT-0044,SHP-03,CDR-28,2024-07-31 10:53:53,54,39,pass,Lyra Winterbourne
BRW-03642,POT-0028,SHP-07,CDR-39,2026-02-21T05:54:19Z,47,62,pass,Dorian Mistlethorn
BRW-03643,POT-0102,SHP-04,CDR-23,2024-10-31T10:07:41Z,46,85,Pass,Cassia Everbright
BRW-03644,POT-0062,SHP-04,CDR-29,2024-05-08T11:01:33Z,32,148,pass,Yarrow Ravenscroft
BRW-03645,POT-0089,SHP-15,CDR-08,2026-02-08T08:17:40Z,41,99,pass,Zephyrine Zellandine
BRW-03646,POT-0028,SHP-03,CDR-26,2026-02-17T06:15:24Z,33,74,pass,Delphine Zellandine
BRW-03647,POT-0050,SHP-10,CDR-40,2026-04-29 05:48:30,20,154,Pass,Caspian Thistledown
BRW-03648,POT-0082,SHP-12,CDR-22,2025-04-28T07:20:05Z,36,69,pass,Cassia Winterbourne
BRW-03649,POT-0052,SHP-10,CDR-15,2025-09-10T08:17:40Z,36,94,Pass,Morwenna Wandwright
BRW-03650,POT-0063,SHP-15,CDR-04,2024-12-24 10:31:47,53,56,pass,Caspian Thistledown
BRW-03651,POT-0031,SHP-02,CDR-40,2025-11-12 06:32:07,17,62,pass,Umbra Thistledown
BRW-03652,POT-0005,SHP-12,CDR-14,2025-05-31T10:56:24Z,51,59,pass,Maribel Netherfield
BRW-03653,POT-0078,SHP-15,CDR-01,2024-06-03 05:07:36,29,87,Pass,Lyra Winterbourne
BRW-03654,POT-0041,SHP-04,CDR-08,2024-09-23 08:52:01,30,167,fail,Caspian Thistledown
BRW-03655,POT-0094,SHP-04,CDR-10,2025-08-25T06:48:56Z,25,119,pass,Cassia Everbright
BRW-03656,POT-0079,SHP-05,CDR-18,2025-11-11 11:35:27,47,83,pass,Grizelda Duskwater
BRW-03657,POT-0035,SHP-02,CDR-27,2025-05-03T09:39:44Z,22,77,pass,Thaddeus Frostpetal
BRW-03658,POT-0062,SHP-15,CDR-12,2026-01-22 09:26:41,57,149,pass,Hesper Foxglove
BRW-03659,POT-0048,SHP-06,CDR-35,2026-01-26 08:03:08,33,123,fail,Maribel Netherfield
BRW-03660,POT-0105,SHP-02,CDR-35,2025-04-13 08:35:17,41,152,pass,Lyra Winterbourne
BRW-03661,POT-0107,SHP-15,CDR-09,2026-02-03T05:50:50Z,23,28,pass,Zephyrine Zellandine
BRW-03662,POT-0034,SHP-10,CDR-38,2026-06-05 10:49:34,19,112,pass,Cassia Winterbourne
BRW-03663,POT-0041,SHP-06,CDR-04,2025-12-25 09:13:05,26,140,pass,Lyra Winterbourne
BRW-03664,POT-0016,SHP-05,CDR-01,2026-04-17T08:38:40Z,34,114,Pass,Cassia Winterbourne
BRW-03665,POT-0058,SHP-05,CDR-30,2024-11-22T11:32:27Z,40,148,pass,Delphine Mossheart
BRW-03666,POT-0034,SHP-07,CDR-32,2026-01-14 09:32:01,31,123,Pass,Cassia Everbright
BRW-03667,POT-0081,SHP-11,CDR-25,2025-07-07T06:50:05Z,55,95,pass,Grizelda Kilnworth
BRW-03668,POT-0069,SHP-04,CDR-23,2026-04-21T05:27:28Z,40,130,Pass,Morwenna Wandwright
BRW-03669,POT-0068,SHP-01,CDR-31,2025-02-01 08:01:30,54,77,Pass,Delphine Mossheart
BRW-03670,POT-0048,SHP-02,CDR-01,2026-03-27 10:09:24,60,99,pass,Oleander Ravenscroft
BRW-03671,POT-0095,SHP-15,CDR-09,2025-10-10T10:13:36Z,39,114,PASS,Oleander Ravenscroft
BRW-03672,POT-0098,SHP-05,CDR-29,2026-06-16T07:33:04Z,20,111,pass,Dorian Mistlethorn
BRW-03673,POT-0119,SHP-02,CDR-31,2025-02-27 09:55:13,33,73,PASS,Delphine Mossheart
BRW-03674,POT-0095,SHP-06,CDR-08,2025-12-23 06:19:52,56,133,pass,Cassia Everbright
BRW-03675,POT-0102,SHP-09,CDR-11,2025-05-06T11:54:41Z,34,43,pass,Caspian Thistledown
BRW-03676,POT-0040,SHP-05,CDR-21,2025-12-19T08:09:01Z,21,19,Pass,Delphine Zellandine
BRW-03677,POT-0005,SHP-07,CDR-20,2026-02-09 09:42:05,23,58,fail,Juniper Hollowbranch
BRW-03678,POT-0064,SHP-09,CDR-06,2025-08-30T09:55:41Z,37,93,Pass,Gideon Moonbrook
BRW-03679,POT-0010,SHP-01,CDR-31,2026-02-18 08:24:12,58,119,fail,Ambrose Fernwhistle
BRW-03680,POT-0015,SHP-15,CDR-14,2026-03-24T11:35:06Z,36,97,pass,Cassia Winterbourne
BRW-03681,POT-0116,SHP-11,CDR-17,2024-07-26T11:35:11Z,48,94,pass,Wendeline Ashgrove
BRW-03682,POT-0073,SHP-01,CDR-39,2024-06-18T11:06:41Z,37,81,PASS,Dorian Glimmerstone
BRW-03683,POT-0116,SHP-14,CDR-26,2025-07-07T08:21:30Z,20,119,pass,Caspian Thistledown
BRW-03684,POT-0060,SHP-13,CDR-28,2026-03-15T10:08:56Z,30,125,PASS,Cassia Winterbourne
BRW-03685,POT-0023,SHP-01,CDR-02,2025-08-19T05:52:45Z,44,142,Pass,Ambrose Winterbourne
BRW-03686,POT-0089,SHP-13,CDR-08,2026-05-13T11:24:20Z,39,86,Pass,Zephyrine Zellandine
BRW-03687,POT-0119,SHP-09,CDR-19,2024-06-18T10:40:23Z,39,74,pass,Wendeline Ashgrove
BRW-03688,POT-0028,SHP-15,CDR-18,2026-03-09T11:42:04Z,33,69,pass,Ambrose Fernwhistle
BRW-03689,POT-0005,SHP-01,CDR-25,2025-11-06T09:00:33Z,39,37,pass,Grizelda Duskwater
BRW-03690,POT-0001,SHP-13,CDR-38,2024-08-28 05:03:28,36,106,fail,Cassia Everbright
BRW-03691,POT-0038,SHP-07,CDR-19,2025-05-14 05:57:02,44,32,pass,Kestrel Foxglove
BRW-03692,POT-0036,SHP-03,CDR-07,2025-06-11 08:18:01,33,53,pass,Delphine Mossheart
BRW-03693,POT-0013,SHP-08,CDR-13,2025-09-29T11:40:21Z,60,99,pass,Belladonna Jackdaw
BRW-03694,POT-0095,SHP-04,CDR-29,2026-02-25 08:44:58,29,132,Pass,Cassia Winterbourne
BRW-03695,POT-0001,SHP-07,CDR-06,2025-06-01T07:00:26Z,11,137,PASS,Vesper Emberwhisk
BRW-03696,POT-0053,SHP-07,CDR-04,2025-11-23T05:40:05Z,11,109,pass,Ambrose Fernwhistle
BRW-03697,POT-0003,SHP-12,CDR-34,2025-05-20 08:11:32,37,20,pass,Thaddeus Frostpetal
BRW-03698,POT-0079,SHP-01,CDR-34,2025-11-17T10:14:11Z,43,67,pass,Lyra Winterbourne
BRW-03699,POT-0008,SHP-12,CDR-29,2025-06-09T05:36:21Z,18,75,Pass,Kestrel Foxglove
BRW-03700,POT-0023,SHP-07,CDR-34,2024-05-21T05:32:26Z,24,152,pass,Ambrose Fernwhistle
BRW-03701,POT-0047,SHP-09,CDR-11,2026-06-23T09:03:30Z,25,110,pass,Morwenna Wandwright
BRW-03702,POT-0091,SHP-02,CDR-36,2025-08-02T07:19:32Z,48,38,pass,Nimbus Glimmerstone
BRW-03703,POT-0099,SHP-09,CDR-22,2026-03-20 11:45:31,40,141,Pass,Cassia Winterbourne
BRW-03704,POT-0002,SHP-03,CDR-20,2024-06-29 10:21:00,52,121,pass,Delphine Mossheart
BRW-03705,POT-0042,SHP-11,CDR-26,2026-06-25 05:46:51,26,115,pass,Gideon Thistledown
BRW-03706,POT-0060,SHP-07,CDR-20,2026-05-20T08:28:41Z,26,175,pass,Caspian Thistledown
BRW-03707,POT-0075,SHP-13,CDR-02,2025-01-21T11:46:08Z,50,114,Pass,Zephyrine Zellandine
BRW-03708,POT-0062,SHP-10,CDR-36,2026-03-20T05:23:14Z,41,157,pass,Cassia Winterbourne
BRW-03709,POT-0093,SHP-02,CDR-12,2026-02-18T09:08:07Z,11,106,fail,Nimbus Glimmerstone
BRW-03710,POT-0039,SHP-04,CDR-34,2025-09-11 09:46:25,48,159,pass,Gideon Moonbrook
BRW-03711,POT-0107,SHP-13,CDR-07,2026-02-05 07:51:53,50,32,Pass,Wendeline Ashgrove
BRW-03712,POT-0016,SHP-11,CDR-23,2026-04-22T09:24:10Z,28,118,pass,Gideon Thistledown
BRW-03713,POT-0108,SHP-06,CDR-37,2024-08-19T09:46:10Z,40,75,Pass,Caspian Thistledown
BRW-03714,POT-0103,SHP-03,CDR-21,2025-03-29T07:38:39Z,46,92,pass,Hesper Cinderfell
BRW-03715,POT-0060,SHP-01,CDR-21,2026-04-04T11:16:08Z,46,160,pass,Gideon Moonbrook
BRW-03716,POT-0081,SHP-09,CDR-16,2024-10-13T08:06:28Z,27,117,Pass,Gideon Thistledown
BRW-03717,POT-0061,SHP-10,CDR-36,2024-06-09 07:59:08,59,80,Pass,Hesper Cinderfell
BRW-03718,POT-0030,SHP-09,CDR-30,2025-09-21T07:10:42Z,27,60,pass,Maribel Netherfield
BRW-03719,POT-0024,SHP-06,CDR-28,2025-09-17T06:32:27Z,50,99,pass,Oleander Ravenscroft
BRW-03720,POT-0018,SHP-14,CDR-40,2024-08-04T07:36:28Z,14,42,Pass,Delphine Mossheart
BRW-03721,POT-0046,SHP-13,CDR-32,2025-11-02T07:11:52Z,50,44,pass,Belladonna Jackdaw
BRW-03722,POT-0020,SHP-02,CDR-30,2025-04-03T11:37:31Z,29,109,Pass,Zephyrine Zellandine
BRW-03723,POT-0030,SHP-02,CDR-25,2026-01-21T11:21:51Z,33,53,pass,Thaddeus Frostpetal
BRW-03724,POT-0088,SHP-06,CDR-17,2026-03-26T11:17:44Z,45,82,pass,Juniper Hollowbranch
BRW-03725,POT-0013,SHP-12,CDR-27,2026-01-23 10:31:20,16,112,pass,Dorian Mistlethorn
BRW-03726,POT-0049,SHP-12,CDR-40,2025-10-16T08:04:31Z,39,108,PASS,Grizelda Kilnworth
BRW-03727,POT-0054,SHP-15,CDR-26,2026-03-27 11:24:34,56,60,pass,Juniper Hollowbranch
BRW-03728,POT-0078,SHP-07,CDR-29,2026-06-27T11:32:29Z,45,101,PASS,Yarrow Ravenscroft
BRW-03729,POT-0063,SHP-03,CDR-19,2025-05-17T11:04:19Z,38,66,PASS,Dorian Mistlethorn
BRW-03730,POT-0067,SHP-11,CDR-20,2026-02-13T08:22:37Z,45,65,Pass,Caspian Thistledown
BRW-03731,POT-0069,SHP-11,CDR-23,2026-05-26T05:14:20Z,51,103,pass,Dorian Glimmerstone
BRW-03732,POT-0055,SHP-07,CDR-05,2026-03-20T09:39:10Z,41,86,pass,Vesper Emberwhisk
BRW-03733,POT-0101,SHP-14,CDR-28,2024-06-27T10:23:03Z,19,164,Pass,Cassia Everbright
BRW-03734,POT-0086,SHP-01,CDR-38,2026-02-28T09:45:43Z,58,59,Pass,Ambrose Winterbourne
BRW-03735,POT-0005,SHP-01,CDR-06,2024-09-27 07:27:42,26,33,pass,Zephyrine Zellandine
BRW-03736,POT-0016,SHP-13,CDR-22,2026-05-23T11:11:00Z,55,119,pass,Dorian Glimmerstone
BRW-03737,POT-0115,SHP-06,CDR-32,2026-05-15T07:14:53Z,51,111,pass,Maribel Netherfield
BRW-03738,POT-0021,SHP-10,CDR-15,2025-01-23 09:30:21,40,97,Pass,Lyra Winterbourne
BRW-03739,POT-0042,SHP-03,CDR-22,2025-11-24T10:53:19Z,46,113,pass,Vesper Emberwhisk
BRW-03740,POT-0019,SHP-15,CDR-10,2025-10-06T10:07:23Z,56,95,pass,Thaddeus Frostpetal
BRW-03741,POT-0034,SHP-13,CDR-03,2025-08-10 07:56:54,24,99,pass,Wendeline Ashgrove
BRW-03742,POT-0013,SHP-02,CDR-25,2026-01-29T07:38:21Z,22,99,Pass,Kestrel Foxglove
BRW-03743,POT-0021,SHP-07,CDR-15,2025-03-30 10:41:44,29,95,fail,Ambrose Winterbourne
BRW-03744,POT-0117,SHP-14,CDR-20,2026-04-30T11:58:44Z,14,44,PASS,Yarrow Ravenscroft
BRW-03745,POT-0107,SHP-07,CDR-33,2025-06-10T10:46:28Z,15,50,pass,Umbra Thistledown
BRW-03746,POT-0022,SHP-05,CDR-21,2025-01-04 06:36:33,39,132,pass,Delphine Mossheart
BRW-03747,POT-0118,SHP-06,CDR-04,2026-03-16 06:38:57,57,75,pass,Grizelda Kilnworth
BRW-03748,POT-0009,SHP-02,CDR-20,2024-12-27T08:10:25Z,53,71,pass,Juniper Hollowbranch
BRW-03749,POT-0033,SHP-15,CDR-36,2025-04-30T06:14:18Z,13,72,pass,Lyra Winterbourne
BRW-03750,POT-0082,SHP-05,CDR-36,2026-04-25T06:33:56Z,44,35,Pass,Wendeline Ashgrove
BRW-03751,POT-0007,SHP-15,CDR-07,2026-05-01T08:10:04Z,59,129,pass,Dorian Mistlethorn
BRW-03752,POT-0102,SHP-12,CDR-32,2026-06-28 10:20:46,37,56,pass,Gideon Thistledown
BRW-03753,POT-0096,SHP-12,CDR-04,2026-02-28T09:40:20Z,13,139,pass,Caspian Thistledown
BRW-03754,POT-0046,SHP-10,CDR-03,2024-06-20T07:40:53Z,30,32,PASS,Grizelda Duskwater
BRW-03755,POT-0050,SHP-01,CDR-35,2025-04-08T08:08:03Z,26,128,pass,Dorian Glimmerstone
BRW-03756,POT-0069,SHP-10,CDR-19,2024-08-24 08:09:24,30,135,pass,Thaddeus Frostpetal
BRW-03757,POT-0116,SHP-09,CDR-40,2024-05-26T05:46:16Z,47,86,pass,Morwenna Wandwright
BRW-03758,POT-0002,SHP-15,CDR-17,2026-01-29 11:35:41,26,88,PASS,Maribel Netherfield
BRW-03759,POT-0079,SHP-12,CDR-38,2025-03-14 10:08:34,24,63,PASS,Gideon Thistledown
BRW-03760,POT-0113,SHP-04,CDR-07,2025-01-30T07:43:30Z,41,172,Pass,Lyra Winterbourne
BRW-03761,POT-0118,SHP-02,CDR-36,2026-04-22T08:59:49Z,29,67,pass,Delphine Zellandine
BRW-03762,POT-0061,SHP-01,CDR-10,2026-01-31T06:07:43Z,32,115,pass,Kestrel Foxglove
BRW-03763,POT-0044,SHP-07,CDR-23,2025-06-13 05:01:37,13,23,pass,Wendeline Ashgrove
BRW-03764,POT-0058,SHP-03,CDR-35,2024-09-14 07:00:35,57,111,Pass,Dorian Glimmerstone
BRW-03765,POT-0033,SHP-02,CDR-37,2026-04-26T10:35:27Z,20,70,pass,Belladonna Jackdaw
BRW-03766,POT-0005,SHP-06,CDR-24,2024-11-01T11:50:15Z,58,50,PASS,Lyra Winterbourne
BRW-03767,POT-0025,SHP-11,CDR-05,2024-06-08 08:53:37,57,44,pass,Umbra Thistledown
BRW-03768,POT-0094,SHP-02,CDR-16,2025-10-07 07:39:54,52,112,PASS,Maribel Netherfield
BRW-03769,POT-0041,SHP-13,CDR-40,2026-04-17T05:25:58Z,47,164,pass,Grizelda Duskwater
BRW-03770,POT-0019,SHP-01,CDR-15,2024-09-21T06:50:48Z,54,101,pass,Dorian Mistlethorn
BRW-03771,POT-0070,SHP-05,CDR-23,2024-08-25T10:59:50Z,54,158,Pass,Delphine Mossheart
BRW-03772,POT-0078,SHP-03,CDR-22,2025-01-23 09:24:02,10,84,PASS,Cassia Winterbourne
BRW-03773,POT-0030,SHP-10,CDR-37,2026-05-28 10:44:31,53,59,Pass,Ambrose Fernwhistle
BRW-03774,POT-0113,SHP-09,CDR-10,2026-06-03T10:59:00Z,59,127,pass,Oswin Wyrmwood
BRW-03775,POT-0067,SHP-09,CDR-14,2024-08-29 11:00:38,36,43,pass,Caspian Thistledown
BRW-03776,POT-0051,SHP-11,CDR-16,2025-07-08T09:17:55Z,23,34,fail,Wendeline Ashgrove
BRW-03777,POT-0009,SHP-14,CDR-36,2024-09-10T11:44:14Z,32,63,pass,Cassia Everbright
BRW-03778,POT-0102,SHP-02,CDR-12,2024-06-17T06:38:30Z,32,86,Pass,Vesper Emberwhisk
BRW-03779,POT-0116,SHP-11,CDR-27,2024-10-03 05:10:49,22,95,pass,Cassia Everbright
BRW-03780,POT-0102,SHP-04,CDR-11,2024-06-03T09:27:57Z,33,53,pass,Oleander Ravenscroft
BRW-03781,POT-0102,SHP-08,CDR-01,2026-04-06T10:12:06Z,52,77,pass,Kestrel Foxglove
BRW-03782,POT-0038,SHP-01,CDR-27,2026-06-06 11:02:36,58,15,pass,Gideon Thistledown
BRW-03783,POT-0036,SHP-13,CDR-16,2025-07-31T10:41:18Z,54,106,pass,Thaddeus Frostpetal
BRW-03784,POT-0059,SHP-01,CDR-11,2026-06-01T05:46:15Z,60,87,pass,Grizelda Duskwater
BRW-03785,POT-0104,SHP-11,CDR-36,2026-04-08 10:18:36,14,159,PASS,Ambrose Fernwhistle
BRW-03786,POT-0057,SHP-13,CDR-28,2025-08-10 10:30:40,54,71,pass,Oswin Wyrmwood
BRW-03787,POT-0021,SHP-01,CDR-07,2026-01-24 10:11:01,41,84,pass,Juniper Hollowbranch
BRW-03788,POT-0089,SHP-06,CDR-31,2026-01-23 09:44:06,12,60,pass,Delphine Mossheart
BRW-03789,POT-0094,SHP-05,CDR-17,2025-02-02T07:27:18Z,60,101,Pass,Morwenna Wandwright
BRW-03790,POT-0080,SHP-08,CDR-15,2026-06-13T07:20:21Z,33,124,pass,Hesper Cinderfell
BRW-03791,POT-0032,SHP-10,CDR-28,2026-02-19 05:41:06,17,96,pass,Grizelda Kilnworth
BRW-03792,POT-0057,SHP-04,CDR-19,2025-07-04T10:53:30Z,37,89,pass,Delphine Mossheart
BRW-03793,POT-0008,SHP-08,CDR-38,2025-07-10T09:19:24Z,43,55,pass,Delphine Zellandine
BRW-03794,POT-0012,SHP-13,CDR-02,2024-12-10 11:08:00,30,66,pass,Cassia Winterbourne
BRW-03795,POT-0015,SHP-06,CDR-28,2026-01-24T10:16:36Z,59,99,fail,Morwenna Wandwright
BRW-03796,POT-0097,SHP-02,CDR-35,2026-05-16T11:35:24Z,57,128,Pass,Juniper Hollowbranch
BRW-03797,POT-0108,SHP-08,CDR-31,2026-06-17T06:18:55Z,51,81,pass,Dorian Mistlethorn
BRW-03798,POT-0027,SHP-09,CDR-40,2025-03-15T08:55:24Z,50,98,pass,Grizelda Kilnworth
BRW-03799,POT-0045,SHP-05,CDR-37,2025-03-23 06:28:36,41,30,pass,Lyra Winterbourne
BRW-03800,POT-0048,SHP-06,CDR-22,2026-02-17 05:03:23,42,102,Pass,Grizelda Duskwater
BRW-03801,POT-0030,SHP-15,CDR-04,2026-06-12T05:51:50Z,22,61,Pass,Cassia Winterbourne
BRW-03802,POT-0024,SHP-09,CDR-03,2024-10-08T05:38:40Z,41,123,Pass,Vesper Emberwhisk
BRW-03803,POT-0070,SHP-11,CDR-02,2025-06-20 10:57:31,54,164,pass,Thaddeus Frostpetal
BRW-03804,POT-0090,SHP-14,CDR-02,2025-10-30 08:19:54,10,95,pass,Caspian Thistledown
BRW-03805,POT-0082,SHP-14,CDR-25,2024-07-03 11:43:11,57,66,pass,Umbra Thistledown
BRW-03806,POT-0102,SHP-08,CDR-39,2024-09-14 11:56:02,23,60,pass,Umbra Thistledown
BRW-03807,POT-0111,SHP-09,CDR-10,2026-01-09T05:17:11Z,54,77,pass,Caspian Thistledown
BRW-03808,POT-0062,SHP-05,CDR-29,2026-03-04T09:06:45Z,57,166,PASS,Wendeline Ashgrove
BRW-03809,POT-0113,SHP-01,CDR-29,2024-12-05T10:50:36Z,50,155,pass,Yarrow Ravenscroft
BRW-03810,POT-0064,SHP-08,CDR-40,2026-04-24 08:12:05,44,120,pass,Ambrose Winterbourne
BRW-03811,POT-0024,SHP-02,CDR-27,2025-04-12 10:43:03,41,109,pass,Gideon Thistledown
BRW-03812,POT-0058,SHP-12,CDR-33,2024-07-28 10:59:42,28,134,pass,Gideon Thistledown
BRW-03813,POT-0081,SHP-15,CDR-13,2025-02-03 06:57:20,59,105,pass,Yarrow Ravenscroft
BRW-03814,POT-0091,SHP-02,CDR-17,2025-03-19 08:25:53,51,49,pass,Lyra Winterbourne
BRW-03815,POT-0033,SHP-07,CDR-33,2025-12-20T08:02:09Z,44,69,pass,Hesper Cinderfell
BRW-03816,POT-0106,SHP-12,CDR-40,2025-05-04 06:05:05,45,62,Pass,Gideon Moonbrook
BRW-03817,POT-0102,SHP-01,CDR-07,2024-08-08T10:44:27Z,50,43,Pass,Hesper Foxglove
BRW-03818,POT-0088,SHP-01,CDR-18,2025-10-15 08:07:32,47,101,pass,Delphine Mossheart
BRW-03819,POT-0082,SHP-13,CDR-15,2024-05-16 07:06:05,25,,PASS,Dorian Glimmerstone
BRW-03820,POT-0105,SHP-11,CDR-12,2024-08-03 09:36:23,33,139,pass,Ambrose Fernwhistle
BRW-03821,POT-0095,SHP-05,CDR-32,2026-04-14 07:41:57,18,120,pass,Dorian Mistlethorn
BRW-03822,POT-0101,SHP-11,CDR-28,2026-01-05T06:27:33Z,56,157,pass,Dorian Glimmerstone
BRW-03823,POT-0067,SHP-06,CDR-34,2025-01-23 06:46:51,19,49,PASS,Umbra Thistledown
BRW-03824,POT-0059,SHP-06,CDR-19,2026-04-24T09:24:04Z,42,112,pass,Dorian Mistlethorn
BRW-03825,POT-0075,SHP-11,CDR-06,2025-07-02 07:13:46,14,144,Pass,Zephyrine Zellandine
BRW-03826,POT-0091,SHP-03,CDR-37,2025-11-09T05:16:47Z,13,52,Pass,Thaddeus Frostpetal
BRW-03827,POT-0066,SHP-10,CDR-39,2025-09-19 08:05:56,42,87,pass,Lyra Winterbourne
BRW-03828,POT-0049,SHP-08,CDR-35,2024-06-16T05:45:43Z,16,128,pass,Cassia Winterbourne
BRW-03829,POT-0023,SHP-06,CDR-05,2026-04-22 11:06:46,35,163,pass,Cassia Winterbourne
BRW-03830,POT-0092,SHP-13,CDR-16,2024-07-29T05:09:26Z,46,93,pass,Vesper Emberwhisk
BRW-03831,POT-0080,SHP-14,CDR-33,2024-07-15T09:53:08Z,29,121,Pass,Dorian Mistlethorn
BRW-03832,POT-0032,SHP-08,CDR-17,2026-05-11T09:32:40Z,51,103,Fail,Oleander Ravenscroft
BRW-03833,POT-0057,SHP-14,CDR-02,2025-02-12 07:06:58,22,75,Pass,Lyra Winterbourne
BRW-03834,POT-0005,SHP-14,CDR-10,2026-05-24T05:19:54Z,53,20,pass,Nimbus Glimmerstone
BRW-03835,POT-0014,SHP-01,CDR-37,2025-06-01T09:08:59Z,58,49,PASS,Vesper Emberwhisk
BRW-03836,POT-0053,SHP-01,CDR-08,2025-10-21T06:36:13Z,39,106,Pass,Dorian Glimmerstone
BRW-03837,POT-0111,SHP-08,CDR-06,2026-04-02 07:07:41,60,34,pass,Gideon Thistledown
BRW-03838,POT-0019,SHP-05,CDR-35,2025-02-10T09:30:43Z,41,91,PASS,Maribel Netherfield
BRW-03839,POT-0065,SHP-06,CDR-27,2026-01-23 06:05:43,19,29,PASS,Nimbus Glimmerstone
BRW-03840,POT-0049,SHP-14,CDR-31,2024-10-20T11:04:03Z,49,128,PASS,Grizelda Duskwater
BRW-03841,POT-0063,SHP-13,CDR-13,2026-04-17 09:03:34,17,40,Pass,Hesper Foxglove
BRW-03842,POT-0089,SHP-13,CDR-11,2025-08-10T09:13:57Z,45,112,pass,Kestrel Foxglove
BRW-03843,POT-0076,SHP-04,CDR-14,2026-01-28T08:12:22Z,37,21,Pass,Gideon Thistledown
BRW-03844,POT-0095,SHP-07,CDR-40,2025-07-31T07:33:48Z,54,126,pass,Hesper Cinderfell
BRW-03845,POT-0032,SHP-03,CDR-35,2025-10-10T09:04:12Z,17,126,pass,Belladonna Jackdaw
BRW-03846,POT-0082,SHP-13,CDR-28,2025-05-15 05:57:07,27,71,pass,Morwenna Wandwright
BRW-03847,POT-0114,SHP-08,CDR-12,2025-04-23T11:29:57Z,46,59,pass,Juniper Hollowbranch
BRW-03848,POT-0062,SHP-05,CDR-24,2025-11-14 09:02:11,44,157,Pass,Delphine Mossheart
BRW-03849,POT-0008,SHP-11,CDR-12,2026-02-01 09:48:52,44,54,Pass,Hesper Foxglove
BRW-03850,POT-0105,SHP-02,CDR-13,2025-07-20T10:31:31Z,37,123,pass,Hesper Cinderfell
BRW-03851,POT-0047,SHP-03,CDR-26,2025-05-30T06:14:20Z,40,126,pass,Maribel Netherfield
BRW-03852,POT-0107,SHP-03,CDR-21,2025-12-01T09:59:31Z,14,50,pass,Zephyrine Zellandine
BRW-03853,POT-0061,SHP-14,CDR-23,2026-02-07 08:12:14,40,62,Pass,Delphine Mossheart
BRW-03854,POT-0096,SHP-09,CDR-40,2026-01-22T06:01:38Z,18,131,pass,Gideon Moonbrook
BRW-03855,POT-0082,SHP-14,CDR-15,2024-08-14 05:02:12,10,33,pass,Kestrel Foxglove
BRW-03856,POT-0068,SHP-10,CDR-19,2026-01-01T08:23:24Z,56,60,PASS,Hesper Cinderfell
BRW-03857,POT-0016,SHP-09,CDR-18,2026-05-12 10:14:20,28,96,PASS,Cassia Winterbourne
BRW-03858,POT-0020,SHP-14,CDR-15,2025-05-15T05:13:41Z,45,112,pass,Dorian Mistlethorn
BRW-03859,POT-0113,SHP-04,CDR-25,2025-03-23T09:04:03Z,11,167,PASS,Yarrow Ravenscroft
BRW-03860,POT-0033,SHP-01,CDR-02,2025-03-19T08:23:36Z,20,84,fail,Caspian Thistledown
BRW-03861,POT-0092,SHP-02,CDR-26,2025-08-14T07:49:36Z,37,70,pass,Gideon Moonbrook
BRW-03862,POT-0086,SHP-03,CDR-38,2026-05-27 08:14:16,27,88,Pass,Dorian Mistlethorn
BRW-03863,POT-0035,SHP-01,CDR-14,2025-06-10T11:09:56Z,14,80,fail,Cassia Winterbourne
BRW-03864,POT-0044,SHP-11,CDR-36,2025-01-10 05:11:10,29,21,pass,Cassia Everbright
BRW-03865,POT-0079,SHP-14,CDR-19,2025-05-01T10:48:22Z,27,45,fail,Dorian Glimmerstone
BRW-03866,POT-0072,SHP-10,CDR-33,2024-09-29T07:49:33Z,31,103,PASS,Zephyrine Zellandine
BRW-03867,POT-0082,SHP-05,CDR-28,2026-02-21T10:27:35Z,46,49,pass,Cassia Winterbourne
BRW-03868,POT-0029,SHP-02,CDR-32,2026-02-11T07:44:55Z,14,80,pass,Kestrel Foxglove
BRW-03869,POT-0111,SHP-04,CDR-04,2026-01-07T08:08:01Z,56,64,pass,Grizelda Duskwater
BRW-03870,POT-0120,SHP-07,CDR-22,2024-08-31 09:36:33,31,84,fail,Delphine Mossheart
BRW-03871,POT-0010,SHP-07,CDR-04,2026-01-30 05:13:44,19,134,Pass,Lyra Winterbourne
BRW-03872,POT-0041,SHP-04,CDR-25,2025-12-31 11:10:50,15,139,pass,Delphine Mossheart
BRW-03873,POT-0089,SHP-06,CDR-20,2024-12-10T11:44:58Z,42,92,Pass,Dorian Glimmerstone
BRW-03874,POT-0084,SHP-15,CDR-06,2024-05-27T10:33:10Z,14,107,pass,Dorian Glimmerstone
BRW-03875,POT-0036,SHP-15,CDR-01,2024-06-03T10:32:07Z,44,87,pass,Thaddeus Frostpetal
BRW-03876,POT-0041,SHP-15,CDR-16,2026-05-23T06:37:55Z,33,144,pass,Umbra Thistledown
BRW-03877,POT-0116,SHP-08,CDR-03,2024-12-22T09:53:02Z,48,82,PASS,Oleander Ravenscroft
BRW-03878,POT-0038,SHP-01,CDR-29,2025-03-31T10:17:52Z,24,38,PASS,Vesper Emberwhisk
BRW-03879,POT-0090,SHP-12,CDR-02,2025-05-05T08:23:01Z,55,118,pass,Maribel Netherfield
BRW-03880,POT-0094,SHP-05,CDR-15,2025-03-31 08:14:11,37,118,Pass,Grizelda Duskwater
BRW-03881,POT-0093,SHP-08,CDR-04,2025-11-11T11:50:31Z,54,89,pass,Belladonna Jackdaw
BRW-03882,POT-0115,SHP-10,CDR-19,2025-05-15T10:26:45Z,26,129,pass,Juniper Hollowbranch
BRW-03883,POT-0064,SHP-11,CDR-06,2026-02-19 05:07:07,43,108,pass,Zephyrine Zellandine
BRW-03884,POT-0041,SHP-03,CDR-37,2024-06-13T07:12:06Z,42,115,pass,Gideon Moonbrook
BRW-03885,POT-0100,SHP-12,CDR-10,2025-05-10T07:34:11Z,31,87,Pass,Umbra Thistledown
BRW-03886,POT-0044,SHP-07,CDR-38,2026-04-10T10:33:27Z,35,74,pass,Vesper Emberwhisk
BRW-03887,POT-0024,SHP-12,CDR-08,2026-01-21T11:43:25Z,51,139,Pass,Delphine Mossheart
BRW-03888,POT-0008,SHP-15,CDR-04,2026-03-31T06:19:19Z,34,48,Pass,Ambrose Winterbourne
BRW-03889,POT-0040,SHP-08,CDR-31,2024-08-28T08:50:31Z,21,38,pass,Juniper Hollowbranch
BRW-03890,POT-0098,SHP-05,CDR-40,2026-05-31T09:23:29Z,48,85,pass,Hesper Foxglove
BRW-03891,POT-0033,SHP-13,CDR-06,2025-11-19T06:28:35Z,14,91,Pass,Belladonna Jackdaw
BRW-03892,POT-0036,SHP-12,CDR-37,2026-02-05T06:42:02Z,35,106,fail,Vesper Emberwhisk
BRW-03893,POT-0031,SHP-02,CDR-19,2025-10-26 07:21:31,30,34,pass,Nimbus Glimmerstone
BRW-03894,POT-0078,SHP-06,CDR-04,2025-03-01T06:34:33Z,35,88,PASS,Lyra Winterbourne
BRW-03895,POT-0028,SHP-03,CDR-19,2026-03-25 07:44:50,20,54,fail,Ambrose Fernwhistle
BRW-03896,POT-0079,SHP-15,CDR-40,2024-07-03 07:17:10,43,77,PASS,Juniper Hollowbranch
BRW-03897,POT-0114,SHP-01,CDR-04,2025-12-06 10:08:28,36,84,fail,Yarrow Ravenscroft
BRW-03898,POT-0063,SHP-10,CDR-03,2025-09-01 05:03:53,38,90,pass,Cassia Everbright
BRW-03899,POT-0024,SHP-01,CDR-28,2024-05-30 09:50:58,25,124,pass,Oleander Ravenscroft
BRW-03900,POT-0086,SHP-12,CDR-07,2026-05-17T09:56:21Z,46,101,Pass,Oswin Wyrmwood
BRW-03901,POT-0037,SHP-08,CDR-18,2026-03-03T06:28:00Z,36,92,Pass,Cassia Everbright
BRW-03902,POT-0021,SHP-03,CDR-02,2024-07-14T05:26:00Z,37,67,pass,Delphine Zellandine
BRW-03903,POT-0022,SHP-05,CDR-36,2026-02-21 07:31:06,59,116,Pass,Oswin Wyrmwood
BRW-03904,POT-0096,SHP-05,CDR-18,2026-06-04T09:24:47Z,50,,Pass,Cassia Winterbourne
BRW-03905,POT-0017,SHP-11,CDR-06,2024-11-16T05:41:18Z,25,157,pass,Cassia Everbright
BRW-03906,POT-0050,SHP-02,CDR-19,2025-06-23T06:56:27Z,22,169,pass,Oswin Wyrmwood
BRW-03907,POT-0095,SHP-04,CDR-24,2026-06-21T08:05:08Z,20,121,pass,Umbra Thistledown
BRW-03908,POT-0065,SHP-09,CDR-29,2024-08-10 11:26:49,58,39,pass,Gideon Thistledown
BRW-03909,POT-0038,SHP-03,CDR-14,2024-12-09 10:44:42,31,38,pass,Dorian Glimmerstone
BRW-03910,POT-0040,SHP-07,CDR-24,2025-04-29 10:05:54,18,64,pass,Maribel Netherfield
BRW-03911,POT-0020,SHP-11,CDR-13,2024-12-11 11:19:17,14,120,pass,Dorian Mistlethorn
BRW-03912,POT-0017,SHP-10,CDR-33,2025-10-29 05:27:23,29,167,pass,Gideon Moonbrook
BRW-03913,POT-0117,SHP-10,CDR-16,2026-04-15 05:06:50,28,72,pass,Delphine Zellandine
BRW-03914,POT-0118,SHP-04,CDR-07,2026-04-19 05:14:24,31,74,pass,Morwenna Wandwright
BRW-03915,POT-0091,SHP-08,CDR-15,2026-01-14 10:42:37,58,24,pass,Ambrose Winterbourne
BRW-03916,POT-0044,SHP-08,CDR-39,2025-07-07 06:34:40,14,80,pass,Grizelda Kilnworth
BRW-03917,POT-0114,SHP-13,CDR-09,2025-09-03 08:49:02,14,81,pass,Cassia Everbright
BRW-03918,POT-0015,SHP-13,CDR-24,2026-03-26 07:35:20,11,65,PASS,Wendeline Ashgrove
BRW-03919,POT-0031,SHP-03,CDR-10,2025-12-29 11:11:37,25,56,pass,Dorian Mistlethorn
BRW-03920,POT-0010,SHP-06,CDR-32,2026-06-02T05:23:14Z,30,102,pass,Juniper Hollowbranch
BRW-03921,POT-0068,SHP-07,CDR-06,2024-11-29T09:42:36Z,17,69,pass,Belladonna Jackdaw
BRW-03922,POT-0043,SHP-08,CDR-15,2025-06-07T06:11:05Z,18,54,pass,Thaddeus Frostpetal
BRW-03923,POT-0048,SHP-09,CDR-08,2025-06-04 06:24:39,56,110,pass,Umbra Thistledown
BRW-03924,POT-0009,SHP-07,CDR-26,2026-06-18 06:07:30,52,70,PASS,Maribel Netherfield
BRW-03925,POT-0002,SHP-10,CDR-39,2026-01-10T09:38:57Z,29,77,PASS,Oleander Ravenscroft
BRW-03926,POT-0007,SHP-05,CDR-08,2025-12-31T08:53:28Z,13,125,pass,Wendeline Ashgrove
BRW-03927,POT-0100,SHP-01,CDR-04,2025-09-01T08:26:28Z,48,98,pass,Dorian Mistlethorn
BRW-03928,POT-0108,SHP-03,CDR-20,2025-10-31T06:38:09Z,39,80,pass,Ambrose Fernwhistle
BRW-03929,POT-0003,SHP-07,CDR-17,2025-05-21T07:04:57Z,44,66,Pass,Oleander Ravenscroft
BRW-03930,POT-0030,SHP-15,CDR-30,2026-05-23T11:56:11Z,32,64,pass,Vesper Emberwhisk
BRW-03931,POT-0013,SHP-03,CDR-27,2026-03-07T07:46:38Z,52,80,pass,Belladonna Jackdaw
BRW-03932,POT-0011,SHP-12,CDR-14,2024-08-27 06:30:31,34,124,pass,Hesper Cinderfell
BRW-03933,POT-0026,SHP-10,CDR-05,2025-03-11T11:59:33Z,16,136,Pass,Grizelda Duskwater
BRW-03934,POT-0056,SHP-07,CDR-14,2025-10-17T11:27:50Z,17,90,pass,Oswin Wyrmwood
BRW-03935,POT-0094,SHP-05,CDR-01,2024-07-16 06:28:55,19,131,pass,Morwenna Wandwright
BRW-03936,POT-0043,SHP-07,CDR-33,2025-07-01T10:12:33Z,51,56,pass,Nimbus Glimmerstone
BRW-03937,POT-0085,SHP-11,CDR-18,2024-06-06T05:18:35Z,58,110,PASS,Ambrose Winterbourne
BRW-03938,POT-0042,SHP-05,CDR-06,2026-06-13T07:27:36Z,33,98,pass,Dorian Mistlethorn
BRW-03939,POT-0038,SHP-12,CDR-05,2024-06-20T10:34:43Z,30,36,pass,Wendeline Ashgrove
BRW-03940,POT-0040,SHP-07,CDR-19,2025-01-11 09:34:15,49,39,pass,Hesper Foxglove
BRW-03941,POT-0022,SHP-06,CDR-33,2026-03-11 10:44:30,45,115,FAIL,Lyra Winterbourne
BRW-03942,POT-0052,SHP-10,CDR-17,2025-06-10 11:59:33,35,106,pass,Caspian Thistledown
BRW-03943,POT-0084,SHP-15,CDR-03,2024-11-21 08:10:50,35,115,pass,Maribel Netherfield
BRW-03944,POT-0064,SHP-14,CDR-04,2026-01-08T07:13:09Z,24,124,pass,Cassia Everbright
BRW-03945,POT-0094,SHP-08,CDR-35,2025-02-05 11:06:48,57,118,pass,Ambrose Fernwhistle
BRW-03946,POT-0070,SHP-13,CDR-33,2024-09-27T09:36:11Z,16,160,pass,Umbra Thistledown
BRW-03947,POT-0012,SHP-07,CDR-14,2025-02-19T11:37:31Z,10,66,pass,Kestrel Foxglove
BRW-03948,POT-0061,SHP-12,CDR-34,2025-12-16 11:41:17,35,87,pass,Belladonna Jackdaw
BRW-03949,POT-0118,SHP-14,CDR-19,2026-05-25T11:21:59Z,29,97,Pass,Oleander Ravenscroft
BRW-03950,POT-0082,SHP-05,CDR-31,2025-12-25T09:25:12Z,29,44,pass,Oswin Wyrmwood
BRW-03951,POT-0034,SHP-06,CDR-40,2025-05-10T06:14:44Z,56,120,pass,Gideon Thistledown
BRW-03952,POT-0024,SHP-02,CDR-14,2024-09-07T10:38:39Z,26,111,pass,Cassia Everbright
BRW-03953,POT-0084,SHP-12,CDR-18,2025-02-20T10:33:27Z,10,122,pass,Wendeline Ashgrove
BRW-03954,POT-0005,SHP-10,CDR-18,2025-03-01 07:45:47,45,36,pass,Dorian Glimmerstone
BRW-03955,POT-0030,SHP-03,CDR-09,2026-04-17 11:39:15,32,27,pass,Delphine Mossheart
BRW-03956,POT-0023,SHP-15,CDR-12,2025-12-25T11:40:26Z,60,147,Fail,Zephyrine Zellandine
BRW-03957,POT-0085,SHP-03,CDR-26,2024-10-15 07:10:06,18,169,pass,Maribel Netherfield
BRW-03958,POT-0027,SHP-02,CDR-32,2025-10-27T05:49:36Z,32,133,pass,Wendeline Ashgrove
BRW-03959,POT-0091,SHP-10,CDR-32,2025-04-18T05:15:02Z,12,61,pass,Cassia Winterbourne
BRW-03960,POT-0068,SHP-03,CDR-35,2024-05-17 09:53:19,24,84,Pass,Umbra Thistledown
BRW-03961,POT-0052,SHP-11,CDR-09,2026-02-17 08:08:00,14,116,pass,Thaddeus Frostpetal
BRW-03962,POT-0042,SHP-08,CDR-24,2024-10-06T09:50:21Z,46,114,PASS,Dorian Glimmerstone
BRW-03963,POT-0035,SHP-04,CDR-02,2025-05-11T07:26:47Z,44,85,pass,Kestrel Foxglove
BRW-03964,POT-0009,SHP-01,CDR-08,2025-02-24 06:05:50,28,75,pass,Ambrose Winterbourne
BRW-03965,POT-0084,SHP-13,CDR-19,2025-04-21 06:10:47,15,97,pass,Umbra Thistledown
BRW-03966,POT-0093,SHP-07,CDR-08,2025-03-25T08:29:54Z,46,101,pass,Wendeline Ashgrove
BRW-03967,POT-0034,SHP-02,CDR-39,2025-07-17T07:04:47Z,58,100,PASS,Ambrose Fernwhistle
BRW-03968,POT-0002,SHP-02,CDR-20,2026-06-29T06:43:41Z,17,78,pass,Nimbus Glimmerstone
BRW-03969,POT-0032,SHP-03,CDR-02,2025-06-23T05:06:24Z,27,126,pass,Juniper Hollowbranch
BRW-03970,POT-0046,SHP-07,CDR-07,2025-07-24T06:37:19Z,14,23,pass,Wendeline Ashgrove
BRW-03971,POT-0107,SHP-13,CDR-12,2025-07-11 10:07:15,25,84,pass,Juniper Hollowbranch
BRW-03972,POT-0049,SHP-02,CDR-03,2025-01-17 11:32:12,16,122,pass,Oleander Ravenscroft
BRW-03973,POT-0078,SHP-06,CDR-03,2025-12-01T09:32:02Z,15,90,pass,Ambrose Winterbourne
BRW-03974,POT-0007,SHP-14,CDR-08,2025-09-13T07:45:17Z,15,145,pass,Umbra Thistledown
BRW-03975,POT-0043,SHP-09,CDR-35,2026-02-03T06:38:05Z,38,56,pass,Lyra Winterbourne
BRW-03976,POT-0016,SHP-09,CDR-10,2026-04-04 11:31:24,55,94,Pass,Nimbus Glimmerstone
BRW-03977,POT-0120,SHP-07,CDR-32,2025-05-31 09:49:33,50,99,pass,Oleander Ravenscroft
BRW-03978,POT-0013,SHP-10,CDR-13,2025-09-26T05:51:36Z,58,96,pass,Oswin Wyrmwood
BRW-03979,POT-0013,SHP-14,CDR-21,2026-06-12T05:04:13Z,22,62,Fail,Ambrose Winterbourne
BRW-03980,POT-0098,SHP-11,CDR-32,2025-07-12T05:01:15Z,21,91,Fail,Zephyrine Zellandine
BRW-03981,POT-0102,SHP-07,CDR-31,2026-01-04 10:48:47,17,65,Pass,Vesper Emberwhisk
BRW-03982,POT-0004,SHP-13,CDR-18,2024-10-11T10:34:45Z,15,70,pass,Grizelda Kilnworth
BRW-03983,POT-0006,SHP-09,CDR-01,2026-01-17 11:28:32,48,146,pass,Hesper Cinderfell
BRW-03984,POT-0063,SHP-02,CDR-01,2024-09-17T10:15:57Z,30,76,pass,Umbra Thistledown
BRW-03985,POT-0066,SHP-09,CDR-22,2025-04-03T05:19:47Z,11,131,pass,Caspian Thistledown
BRW-03986,POT-0084,SHP-08,CDR-33,2025-08-04T09:00:17Z,30,102,PASS,Umbra Thistledown
BRW-03987,POT-0012,SHP-01,CDR-32,2026-04-21 09:21:46,13,84,Pass,Cassia Everbright
BRW-03988,POT-0005,SHP-05,CDR-20,2024-09-02 11:31:50,28,25,pass,Vesper Emberwhisk
BRW-03989,POT-0088,SHP-10,CDR-10,2025-03-29T09:51:39Z,31,125,pass,Grizelda Duskwater
BRW-03990,POT-0009,SHP-09,CDR-08,2025-12-21T11:51:25Z,24,75,Fail,Oleander Ravenscroft
BRW-03991,POT-0091,SHP-09,CDR-18,2025-11-22T11:05:38Z,24,15,pass,Thaddeus Frostpetal
BRW-03992,POT-0050,SHP-15,CDR-23,2026-05-15T05:23:45Z,31,134,pass,Cassia Winterbourne
BRW-03993,POT-0009,SHP-01,CDR-25,2024-09-18 10:09:25,36,85,pass,Grizelda Kilnworth
BRW-03994,POT-0085,SHP-02,CDR-37,2026-06-05 07:47:46,27,109,PASS,Vesper Emberwhisk
BRW-03995,POT-0035,SHP-10,CDR-23,2025-11-16 11:39:50,16,87,pass,Thaddeus Frostpetal
BRW-03996,POT-0033,SHP-12,CDR-22,2026-04-12T06:18:49Z,26,66,Pass,Kestrel Foxglove
BRW-03997,POT-0031,SHP-12,CDR-06,2026-05-29T09:19:34Z,38,25,pass,Oswin Wyrmwood
BRW-03998,POT-0093,SHP-04,CDR-08,2024-10-27T10:34:04Z,12,69,pass,Hesper Foxglove
BRW-03999,POT-0064,SHP-02,CDR-37,2026-03-31 08:13:45,37,117,FAIL,Ambrose Winterbourne
BRW-04000,POT-0074,SHP-08,CDR-04,2026-06-07 07:08:45,31,128,pass,Maribel Netherfield
BRW-04001,POT-0045,SHP-04,CDR-14,2025-04-16 11:32:38,33,71,pass,Cassia Winterbourne
BRW-04002,POT-0088,SHP-08,CDR-21,2025-07-01 05:27:09,27,,pass,Nimbus Glimmerstone
BRW-04003,POT-0004,SHP-11,CDR-39,2025-10-24T08:00:30Z,12,112,Pass,Lyra Winterbourne
BRW-04004,POT-0040,SHP-01,CDR-28,2025-05-12T06:52:41Z,37,49,pass,Oswin Wyrmwood
BRW-04005,POT-0038,SHP-06,CDR-18,2026-04-02T09:42:53Z,60,59,Pass,Lyra Winterbourne
BRW-04006,POT-0062,SHP-05,CDR-21,2025-10-04T09:34:13Z,25,171,pass,Lyra Winterbourne
BRW-04007,POT-0106,SHP-03,CDR-36,2025-05-21T09:55:34Z,37,70,Pass,Kestrel Foxglove
BRW-04008,POT-0041,SHP-02,CDR-33,2026-05-19T10:28:58Z,28,146,pass,Morwenna Wandwright
BRW-04009,POT-0069,SHP-02,CDR-16,2026-01-30 05:43:41,60,137,pass,Gideon Moonbrook
BRW-04010,POT-0101,SHP-04,CDR-29,2025-03-07 09:30:38,58,135,pass,Thaddeus Frostpetal
BRW-04011,POT-0026,SHP-14,CDR-03,2025-02-05T05:17:57Z,55,108,Pass,Morwenna Wandwright
BRW-04012,POT-0095,SHP-06,CDR-33,2025-10-02T05:48:54Z,56,118,PASS,Zephyrine Zellandine
BRW-04013,POT-0036,SHP-09,CDR-38,2025-12-28 07:33:50,42,84,Pass,Umbra Thistledown
BRW-04014,POT-0106,SHP-07,CDR-26,2025-11-21T07:31:35Z,32,86,pass,Dorian Glimmerstone
BRW-04015,POT-0018,SHP-10,CDR-28,2026-01-07T06:29:34Z,28,47,pass,Maribel Netherfield
BRW-04016,POT-0042,SHP-09,CDR-35,2025-12-27 08:29:59,60,75,pass,Vesper Emberwhisk
BRW-04017,POT-0079,SHP-12,CDR-31,2024-06-14T08:43:52Z,43,69,pass,Umbra Thistledown
BRW-04018,POT-0040,SHP-04,CDR-11,2025-04-19T10:22:35Z,54,37,pass,Dorian Glimmerstone
BRW-04019,POT-0055,SHP-09,CDR-14,2025-11-23 11:44:20,50,82,pass,Thaddeus Frostpetal
BRW-04020,POT-0009,SHP-11,CDR-08,2025-11-14 09:04:05,29,102,Pass,Yarrow Ravenscroft
BRW-04021,POT-0073,SHP-12,CDR-01,2024-12-31T06:50:14Z,57,27,pass,Umbra Thistledown
BRW-04022,POT-0022,SHP-15,CDR-03,2025-02-21T07:01:31Z,32,105,Pass,Maribel Netherfield
BRW-04023,POT-0050,SHP-08,CDR-24,2025-05-02T11:39:46Z,29,150,pass,Dorian Mistlethorn
BRW-04024,POT-0103,SHP-05,CDR-03,2025-09-08T10:09:42Z,38,105,pass,Maribel Netherfield
BRW-04025,POT-0007,SHP-14,CDR-10,2025-11-23T06:28:35Z,35,135,pass,Hesper Cinderfell
BRW-04026,POT-0026,SHP-10,CDR-34,2025-07-29 09:44:13,50,135,pass,Thaddeus Frostpetal
BRW-04027,POT-0052,SHP-06,CDR-11,2025-01-19T06:28:47Z,46,79,pass,Hesper Cinderfell
BRW-04028,POT-0079,SHP-05,CDR-14,2025-06-13T07:07:15Z,12,71,pass,Gideon Thistledown
BRW-04029,POT-0028,SHP-08,CDR-27,2026-05-09T10:45:27Z,24,91,Pass,Lyra Winterbourne
BRW-04030,POT-0105,SHP-03,CDR-39,2024-11-18 11:13:26,18,139,Pass,Gideon Moonbrook
BRW-04031,POT-0039,SHP-12,CDR-14,2026-06-25 10:59:49,37,149,pass,Juniper Hollowbranch
BRW-04032,POT-0005,SHP-15,CDR-09,2025-08-20 08:04:49,46,46,pass,Dorian Mistlethorn
BRW-04033,POT-0092,SHP-15,CDR-22,2026-01-25T09:48:53Z,29,63,pass,Yarrow Ravenscroft
BRW-04034,POT-0104,SHP-01,CDR-29,2025-09-13T06:40:34Z,19,137,pass,Kestrel Foxglove
BRW-04035,POT-0021,SHP-03,CDR-20,2026-01-13T06:28:27Z,26,70,pass,Nimbus Glimmerstone
BRW-04036,POT-0030,SHP-06,CDR-26,2026-03-16 06:55:43,55,54,pass,Gideon Thistledown
BRW-04037,POT-0016,SHP-13,CDR-11,2026-04-23T10:15:35Z,19,120,PASS,Oleander Ravenscroft
BRW-04038,POT-0009,SHP-12,CDR-26,2024-08-11T10:55:07Z,51,69,pass,Yarrow Ravenscroft
BRW-04039,POT-0041,SHP-02,CDR-24,2024-08-16T08:30:44Z,29,158,pass,Hesper Foxglove
BRW-04040,POT-0100,SHP-06,CDR-03,2025-08-02T08:01:05Z,21,87,pass,Belladonna Jackdaw
BRW-04041,POT-0054,SHP-10,CDR-06,2026-02-21T06:41:01Z,49,43,pass,Ambrose Winterbourne
BRW-04042,POT-0041,SHP-04,CDR-07,2025-12-01T10:19:48Z,54,139,Fail,Juniper Hollowbranch
BRW-04043,POT-0073,SHP-13,CDR-24,2024-09-27T07:43:13Z,45,59,pass,Gideon Moonbrook
BRW-04044,POT-0088,SHP-12,CDR-40,2025-10-16 09:04:08,50,116,pass,Grizelda Kilnworth
BRW-04045,POT-0116,SHP-13,CDR-06,2025-03-10T05:05:41Z,52,118,pass,Hesper Foxglove
BRW-04046,POT-0082,SHP-11,CDR-09,2026-02-11 10:32:25,25,50,pass,Nimbus Glimmerstone
BRW-04047,POT-0092,SHP-14,CDR-28,2025-06-29T05:24:21Z,27,69,pass,Juniper Hollowbranch
BRW-04048,POT-0001,SHP-12,CDR-31,2025-08-10 08:10:34,14,95,pass,Cassia Winterbourne
BRW-04049,POT-0082,SHP-14,CDR-01,2025-08-20T10:37:57Z,47,37,pass,Kestrel Foxglove
BRW-04050,POT-0066,SHP-15,CDR-08,2024-05-11T09:58:08Z,11,94,fail,Wendeline Ashgrove
BRW-04051,POT-0073,SHP-13,CDR-05,2025-04-16T08:45:10Z,60,48,Pass,Grizelda Duskwater
BRW-04052,POT-0001,SHP-10,CDR-29,2026-05-21 07:48:20,33,113,fail,Vesper Emberwhisk
BRW-04053,POT-0093,SHP-14,CDR-13,2025-12-21 07:52:00,28,95,PASS,Thaddeus Frostpetal
BRW-04054,POT-0059,SHP-10,CDR-05,2026-06-28 08:00:34,13,108,pass,Umbra Thistledown
BRW-04055,POT-0085,SHP-13,CDR-27,2025-04-29 05:34:15,16,161,Pass,Wendeline Ashgrove
BRW-04056,POT-0084,SHP-03,CDR-16,2025-05-05 07:04:15,42,79,pass,Ambrose Fernwhistle
BRW-04057,POT-0089,SHP-08,CDR-02,2026-03-05T07:22:54Z,54,99,Pass,Yarrow Ravenscroft
BRW-04058,POT-0056,SHP-02,CDR-36,2025-07-29 08:17:09,54,97,Pass,Cassia Winterbourne
BRW-04059,POT-0105,SHP-11,CDR-23,2025-07-06 07:06:04,39,152,pass,Delphine Mossheart
BRW-04060,POT-0043,SHP-06,CDR-19,2025-04-20T10:37:18Z,31,55,pass,Gideon Moonbrook
BRW-04061,POT-0016,SHP-03,CDR-05,2026-05-08T05:23:47Z,47,118,pass,Nimbus Glimmerstone
BRW-04062,POT-0074,SHP-09,CDR-06,2026-05-15T06:03:45Z,21,103,pass,Oswin Wyrmwood
BRW-04063,POT-0007,SHP-09,CDR-17,2025-08-15T06:46:53Z,44,128,Pass,Hesper Foxglove
BRW-04064,POT-0044,SHP-05,CDR-04,2025-08-23 11:07:27,49,47,fail,Delphine Zellandine
BRW-04065,POT-0041,SHP-04,CDR-04,2024-09-07T06:48:11Z,60,122,pass,Cassia Everbright
BRW-04066,POT-0030,SHP-14,CDR-28,2025-12-28T07:19:26Z,59,58,pass,Grizelda Duskwater
BRW-04067,POT-0027,SHP-14,CDR-03,2025-11-26 11:42:34,32,117,pass,Grizelda Duskwater
BRW-04068,POT-0070,SHP-07,CDR-40,2025-05-18 11:06:43,44,150,pass,Delphine Zellandine
BRW-04069,POT-0094,SHP-05,CDR-03,2025-07-24T09:22:38Z,16,112,fail,Ambrose Winterbourne
BRW-04070,POT-0050,SHP-15,CDR-30,2025-09-02T11:54:56Z,52,164,fail,Wendeline Ashgrove
BRW-04071,POT-0013,SHP-04,CDR-25,2026-02-01T09:29:38Z,41,88,Pass,Gideon Moonbrook
BRW-04072,POT-0034,SHP-11,CDR-23,2026-05-31T10:03:10Z,51,126,pass,Nimbus Glimmerstone
BRW-04073,POT-0101,SHP-10,CDR-06,2025-12-29T07:51:51Z,18,132,pass,Vesper Emberwhisk
BRW-04074,POT-0039,SHP-08,CDR-10,2025-05-02T11:36:01Z,53,147,pass,Yarrow Ravenscroft
BRW-04075,POT-0030,SHP-07,CDR-23,2025-10-21 09:27:06,39,47,pass,Juniper Hollowbranch
BRW-04076,POT-0016,SHP-15,CDR-04,2026-04-01T05:57:20Z,10,128,pass,Delphine Mossheart
BRW-04077,POT-0008,SHP-12,CDR-27,2026-04-11T05:51:09Z,60,47,Pass,Gideon Thistledown
BRW-04078,POT-0020,SHP-05,CDR-31,2025-05-28 05:39:16,31,125,pass,Thaddeus Frostpetal
BRW-04079,POT-0078,SHP-08,CDR-36,2025-12-11T11:25:43Z,40,86,pass,Vesper Emberwhisk
BRW-04080,POT-0102,SHP-08,CDR-31,2025-03-21 10:56:51,32,63,Pass,Delphine Mossheart
BRW-04081,POT-0048,SHP-07,CDR-11,2025-11-02T07:35:08Z,44,87,PASS,Yarrow Ravenscroft
BRW-04082,POT-0078,SHP-13,CDR-21,2025-09-24T06:35:42Z,29,102,pass,Nimbus Glimmerstone
BRW-04083,POT-0073,SHP-13,CDR-30,2024-06-19T10:08:12Z,26,58,fail,Vesper Emberwhisk
BRW-04084,POT-0074,SHP-04,CDR-01,2026-06-09T11:21:00Z,44,100,pass,Nimbus Glimmerstone
BRW-04085,POT-0100,SHP-15,CDR-31,2026-06-15T08:30:35Z,40,,Pass,Thaddeus Frostpetal
BRW-04086,POT-0066,SHP-11,CDR-27,2025-11-28T10:34:26Z,45,97,pass,Hesper Foxglove
BRW-04087,POT-0101,SHP-05,CDR-37,2025-09-01 10:00:08,30,145,pass,Grizelda Kilnworth
BRW-04088,POT-0028,SHP-01,CDR-39,2026-05-20T10:03:36Z,55,91,pass,Wendeline Ashgrove
BRW-04089,POT-0049,SHP-12,CDR-07,2026-02-14 06:35:12,33,137,pass,Dorian Glimmerstone
BRW-04090,POT-0072,SHP-14,CDR-29,2026-04-23T11:22:34Z,50,85,pass,Kestrel Foxglove
BRW-04091,POT-0064,SHP-01,CDR-21,2026-04-27T07:34:59Z,12,127,pass,Hesper Foxglove
BRW-04092,POT-0098,SHP-01,CDR-15,2026-02-27T05:54:43Z,30,119,Pass,Thaddeus Frostpetal
BRW-04093,POT-0108,SHP-14,CDR-18,2025-12-22 11:23:14,58,43,PASS,Caspian Thistledown
BRW-04094,POT-0087,SHP-07,CDR-01,2026-05-01T11:53:16Z,20,52,fail,Grizelda Duskwater
BRW-04095,POT-0040,SHP-13,CDR-17,2025-09-20T08:51:13Z,11,48,PASS,Hesper Cinderfell
BRW-04096,POT-0049,SHP-05,CDR-04,2024-10-09T07:23:25Z,47,136,Pass,Umbra Thistledown
BRW-04097,POT-0050,SHP-07,CDR-33,2026-03-01 05:19:13,23,156,Pass,Ambrose Winterbourne
BRW-04098,POT-0002,SHP-13,CDR-34,2024-06-30T06:45:40Z,54,75,Fail,Vesper Emberwhisk
BRW-04099,POT-0006,SHP-02,CDR-25,2026-03-26T09:11:38Z,20,85,pass,Morwenna Wandwright
BRW-04100,POT-0091,SHP-13,CDR-28,2025-04-21 11:21:33,36,43,PASS,Kestrel Foxglove
BRW-04101,POT-0087,SHP-08,CDR-38,2026-06-02T05:15:26Z,29,49,pass,Dorian Mistlethorn
BRW-04102,POT-0094,SHP-13,CDR-17,2024-10-18T10:00:50Z,18,106,pass,Hesper Foxglove
BRW-04103,POT-0033,SHP-08,CDR-18,2025-10-18 08:59:35,30,57,pass,Zephyrine Zellandine
BRW-04104,POT-0095,SHP-01,CDR-04,2026-01-02T05:24:37Z,44,137,fail,Grizelda Duskwater
BRW-04105,POT-0115,SHP-08,CDR-26,2026-02-26 11:04:07,42,112,Pass,Zephyrine Zellandine
BRW-04106,POT-0033,SHP-07,CDR-02,2025-05-08 07:07:56,20,79,Pass,Oleander Ravenscroft
BRW-04107,POT-0102,SHP-12,CDR-08,2025-01-23T06:21:05Z,17,75,pass,Gideon Moonbrook
BRW-04108,POT-0010,SHP-08,CDR-04,2026-03-17T10:29:40Z,29,149,pass,Maribel Netherfield
BRW-04109,POT-0033,SHP-07,CDR-13,2025-07-21T11:23:52Z,49,63,pass,Grizelda Duskwater
BRW-04110,POT-0012,SHP-10,CDR-21,2024-05-29T07:30:27Z,42,64,Pass,Wendeline Ashgrove
BRW-04111,POT-0067,SHP-05,CDR-24,2025-04-22T07:04:10Z,30,58,pass,Grizelda Duskwater
BRW-04112,POT-0109,SHP-08,CDR-33,2025-02-17 08:59:19,34,129,Pass,Ambrose Fernwhistle
BRW-04113,POT-0005,SHP-10,CDR-10,2025-05-24T08:11:16Z,29,38,Pass,Kestrel Foxglove
BRW-04114,POT-0066,SHP-13,CDR-23,2024-08-14T08:10:03Z,58,102,pass,Umbra Thistledown
BRW-04115,POT-0094,SHP-02,CDR-09,2026-01-17 07:51:07,11,113,pass,Wendeline Ashgrove
BRW-04116,POT-0043,SHP-02,CDR-07,2025-10-23 08:47:42,50,48,Pass,Umbra Thistledown
BRW-04117,POT-0029,SHP-14,CDR-23,2024-10-05 10:44:33,30,63,Pass,Ambrose Winterbourne
BRW-04118,POT-0030,SHP-07,CDR-25,2025-09-28 08:44:21,24,109,Pass,Delphine Mossheart
BRW-04119,POT-0107,SHP-04,CDR-13,2026-05-30T05:31:52Z,40,60,Fail,Nimbus Glimmerstone
BRW-04120,POT-0068,SHP-15,CDR-15,2025-05-16 10:51:16,54,71,pass,Grizelda Duskwater
BRW-04121,POT-0066,SHP-03,CDR-17,2024-11-24 11:49:57,50,96,pass,Cassia Everbright
BRW-04122,POT-0094,SHP-02,CDR-18,2025-09-28T07:13:37Z,27,131,pass,Nimbus Glimmerstone
BRW-04123,POT-0068,SHP-15,CDR-08,2025-10-11 05:54:28,32,59,pass,Maribel Netherfield
BRW-04124,POT-0012,SHP-02,CDR-27,2026-03-23T06:21:10Z,50,102,Pass,Hesper Foxglove
BRW-04125,POT-0010,SHP-04,CDR-11,2026-03-13 05:05:09,52,122,Pass,Caspian Thistledown
BRW-04126,POT-0050,SHP-02,CDR-40,2025-09-25T07:47:11Z,22,175,pass,Delphine Mossheart
BRW-04127,POT-0088,SHP-09,CDR-36,2026-04-30T09:05:52Z,30,106,pass,Dorian Mistlethorn
BRW-04128,POT-0058,SHP-03,CDR-05,2024-12-03T05:12:35Z,44,135,pass,Delphine Mossheart
BRW-04129,POT-0041,SHP-11,CDR-03,2025-12-13T05:35:28Z,48,147,pass,Grizelda Kilnworth
BRW-04130,POT-0001,SHP-12,CDR-36,2026-04-03T07:39:57Z,46,101,fail,Grizelda Duskwater
BRW-04131,POT-0113,SHP-08,CDR-14,2026-05-21 09:17:19,55,145,pass,Ambrose Fernwhistle
BRW-04132,POT-0018,SHP-15,CDR-03,2026-06-01T06:46:45Z,16,28,Pass,Caspian Thistledown
BRW-04133,POT-0035,SHP-05,CDR-40,2025-11-16T05:26:54Z,21,93,pass,Dorian Mistlethorn
BRW-04134,POT-0097,SHP-04,CDR-29,2026-05-30T05:26:45Z,13,144,Pass,Umbra Thistledown
BRW-04135,POT-0015,SHP-11,CDR-01,2026-01-21 05:35:39,41,98,pass,Wendeline Ashgrove
BRW-04136,POT-0079,SHP-14,CDR-29,2026-06-17 05:07:01,31,81,pass,Hesper Cinderfell
BRW-04137,POT-0015,SHP-06,CDR-32,2026-01-28T06:06:48Z,16,81,pass,Hesper Cinderfell
BRW-04138,POT-0053,SHP-06,CDR-25,2026-04-21 08:40:13,10,112,pass,Dorian Glimmerstone
BRW-04139,POT-0085,SHP-09,CDR-09,2026-01-21T08:02:41Z,52,98,pass,Umbra Thistledown
BRW-04140,POT-0066,SHP-07,CDR-01,2026-06-14 07:27:50,11,90,pass,Ambrose Winterbourne
BRW-04141,POT-0054,SHP-07,CDR-33,2026-01-02 07:59:19,33,15,Pass,Zephyrine Zellandine
BRW-04142,POT-0012,SHP-13,CDR-29,2025-12-31 05:04:42,39,89,pass,Delphine Mossheart
BRW-04143,POT-0069,SHP-06,CDR-24,2025-07-29 11:53:46,20,151,pass,Umbra Thistledown
BRW-04144,POT-0064,SHP-08,CDR-40,2024-08-14 11:54:22,34,106,Pass,Nimbus Glimmerstone
BRW-04145,POT-0041,SHP-09,CDR-39,2025-07-05T11:25:24Z,34,141,pass,Oleander Ravenscroft
BRW-04146,POT-0054,SHP-08,CDR-11,2026-04-29T11:47:50Z,39,44,Pass,Grizelda Duskwater
BRW-04147,POT-0011,SHP-13,CDR-23,2025-05-20T08:59:44Z,56,140,pass,Yarrow Ravenscroft
BRW-04148,POT-0032,SHP-07,CDR-32,2025-04-07T08:46:31Z,42,104,PASS,Hesper Foxglove
BRW-04149,POT-0104,SHP-02,CDR-01,2025-02-08 11:13:25,25,158,pass,Grizelda Kilnworth
BRW-04150,POT-0020,SHP-14,CDR-13,2025-03-09T09:01:21Z,21,110,pass,Umbra Thistledown
BRW-04151,POT-0012,SHP-07,CDR-10,2025-10-01T07:39:48Z,19,81,PASS,Hesper Foxglove
BRW-04152,POT-0042,SHP-08,CDR-17,2024-12-11T08:24:25Z,33,110,pass,Juniper Hollowbranch
BRW-04153,POT-0031,SHP-03,CDR-37,2026-06-13T09:34:23Z,51,35,Pass,Hesper Cinderfell
BRW-04154,POT-0111,SHP-13,CDR-40,2026-02-20 05:15:51,53,61,Pass,Lyra Winterbourne
BRW-04155,POT-0041,SHP-12,CDR-34,2024-05-22 06:26:46,54,123,Fail,Zephyrine Zellandine
BRW-04156,POT-0063,SHP-02,CDR-33,2026-06-18T05:17:10Z,54,76,pass,Grizelda Duskwater
BRW-04157,POT-0047,SHP-04,CDR-26,2026-06-10T07:14:27Z,54,118,pass,Zephyrine Zellandine
BRW-04158,POT-0023,SHP-11,CDR-15,2024-07-19T09:32:39Z,18,143,FAIL,Hesper Foxglove
BRW-04159,POT-0114,SHP-15,CDR-01,2026-05-20T06:48:29Z,15,90,Pass,Lyra Winterbourne
BRW-04160,POT-0018,SHP-09,CDR-07,2025-12-06T09:31:49Z,33,78,pass,Grizelda Kilnworth
BRW-04161,POT-0109,SHP-01,CDR-06,2025-06-29T10:02:25Z,48,134,pass,Dorian Glimmerstone
BRW-04162,POT-0089,SHP-01,CDR-20,2026-01-19T09:20:57Z,10,113,pass,Gideon Moonbrook
BRW-04163,POT-0089,SHP-11,CDR-25,2025-07-13T07:59:01Z,47,91,pass,Caspian Thistledown
BRW-04164,POT-0063,SHP-11,CDR-28,2024-05-09T05:03:12Z,13,44,pass,Nimbus Glimmerstone
BRW-04165,POT-0023,SHP-04,CDR-27,2025-03-31 10:03:12,33,164,pass,Maribel Netherfield
BRW-04166,POT-0079,SHP-10,CDR-35,2024-06-29T09:24:49Z,13,61,pass,Oswin Wyrmwood
BRW-04167,POT-0010,SHP-14,CDR-18,2026-02-22 06:31:54,44,106,pass,Hesper Cinderfell
BRW-04168,POT-0115,SHP-03,CDR-31,2024-06-10 10:43:23,18,122,pass,Morwenna Wandwright
BRW-04169,POT-0008,SHP-01,CDR-37,2026-01-24 08:47:39,51,61,Pass,Dorian Mistlethorn
BRW-04170,POT-0015,SHP-08,CDR-24,2026-03-07 07:32:28,25,51,PASS,Zephyrine Zellandine
BRW-04171,POT-0012,SHP-11,CDR-05,2025-11-20 08:31:58,52,74,FAIL,Vesper Emberwhisk
BRW-04172,POT-0010,SHP-01,CDR-39,2026-03-16T07:30:54Z,17,149,pass,Juniper Hollowbranch
BRW-04173,POT-0052,SHP-14,CDR-03,2024-09-09 08:54:05,38,125,Pass,Cassia Everbright
BRW-04174,POT-0065,SHP-10,CDR-37,2024-05-19T07:58:58Z,56,61,pass,Gideon Moonbrook
BRW-04175,POT-0005,SHP-12,CDR-06,2025-06-18 08:06:21,28,35,Pass,Kestrel Foxglove
BRW-04176,POT-0103,SHP-03,CDR-12,2024-07-17 06:58:31,20,98,pass,Kestrel Foxglove
BRW-04177,POT-0026,SHP-14,CDR-28,2026-02-18 05:14:05,54,116,pass,Gideon Thistledown
BRW-04178,POT-0071,SHP-14,CDR-14,2025-04-05T06:19:15Z,20,92,pass,Cassia Everbright
BRW-04179,POT-0041,SHP-07,CDR-40,2025-03-01 08:01:44,12,145,pass,Morwenna Wandwright
BRW-04180,POT-0093,SHP-03,CDR-30,2025-07-24 11:54:20,31,100,pass,Delphine Zellandine
BRW-04181,POT-0063,SHP-01,CDR-28,2025-11-20 11:22:07,11,43,PASS,Delphine Mossheart
BRW-04182,POT-0063,SHP-05,CDR-20,2026-05-06T10:32:19Z,29,81,fail,Ambrose Fernwhistle
BRW-04183,POT-0015,SHP-07,CDR-30,2026-01-18 06:07:01,56,102,pass,Morwenna Wandwright
BRW-04184,POT-0087,SHP-04,CDR-16,2026-03-05T06:03:38Z,32,42,pass,Gideon Thistledown
BRW-04185,POT-0026,SHP-09,CDR-24,2025-01-06T10:07:58Z,26,137,pass,Lyra Winterbourne
BRW-04186,POT-0048,SHP-12,CDR-19,2025-03-10T08:02:18Z,46,121,pass,Dorian Glimmerstone
BRW-04187,POT-0102,SHP-05,CDR-29,2025-01-05 07:00:47,51,63,PASS,Delphine Mossheart
BRW-04188,POT-0052,SHP-01,CDR-36,2024-07-31T07:35:28Z,45,108,pass,Grizelda Kilnworth
BRW-04189,POT-0088,SHP-13,CDR-23,2025-06-17 06:01:23,39,107,pass,Maribel Netherfield
BRW-04190,POT-0079,SHP-05,CDR-39,2025-11-20T07:34:49Z,16,59,Pass,Gideon Moonbrook
BRW-04191,POT-0041,SHP-15,CDR-33,2025-06-02T10:42:11Z,28,180,fail,Dorian Glimmerstone
BRW-04192,POT-0107,SHP-13,CDR-31,2025-06-11 05:19:27,54,24,pass,Hesper Cinderfell
BRW-04193,POT-0066,SHP-03,CDR-06,2025-03-28 07:24:36,34,115,pass,Lyra Winterbourne
BRW-04194,POT-0098,SHP-10,CDR-27,2026-03-22T11:26:51Z,26,77,pass,Ambrose Winterbourne
BRW-04195,POT-0046,SHP-13,CDR-26,2025-06-20T08:03:18Z,39,59,pass,Vesper Emberwhisk
BRW-04196,POT-0030,SHP-15,CDR-21,2025-08-01 09:47:03,58,64,pass,Hesper Cinderfell
BRW-04197,POT-0111,SHP-15,CDR-15,2026-01-17T05:42:11Z,29,62,pass,Lyra Winterbourne
BRW-04198,POT-0047,SHP-01,CDR-40,2024-06-02T10:58:13Z,29,108,Pass,Gideon Thistledown
BRW-04199,POT-0082,SHP-02,CDR-02,2024-11-01 10:54:04,13,50,pass,Belladonna Jackdaw
BRW-04200,POT-0114,SHP-01,CDR-29,2025-03-29T05:49:25Z,34,71,pass,Nimbus Glimmerstone
BRW-04201,POT-0036,SHP-08,CDR-26,2024-08-10T09:46:41Z,42,78,Pass,Grizelda Duskwater
BRW-04202,POT-0017,SHP-10,CDR-32,2024-08-03T06:07:21Z,34,130,pass,Grizelda Duskwater
BRW-04203,POT-0004,SHP-08,CDR-11,2025-08-09T06:21:26Z,19,101,pass,Juniper Hollowbranch
BRW-04204,POT-0104,SHP-15,CDR-01,2025-09-24T05:25:13Z,57,144,pass,Lyra Winterbourne
BRW-04205,POT-0027,SHP-09,CDR-05,2026-06-19T06:57:27Z,10,105,pass,Dorian Glimmerstone
BRW-04206,POT-0032,SHP-02,CDR-37,2026-01-12T10:12:51Z,31,116,pass,Vesper Emberwhisk
BRW-04207,POT-0024,SHP-03,CDR-32,2024-09-24 10:44:23,19,130,pass,Zephyrine Zellandine
BRW-04208,POT-0030,SHP-09,CDR-03,2025-12-12T07:08:34Z,44,33,pass,Gideon Thistledown
BRW-04209,POT-0095,SHP-13,CDR-29,2026-04-17 07:32:37,14,135,pass,Belladonna Jackdaw
BRW-04210,POT-0054,SHP-03,CDR-28,2026-03-25T06:02:36Z,16,59,PASS,Umbra Thistledown
BRW-04211,POT-0031,SHP-15,CDR-04,2026-01-07T06:52:26Z,23,28,pass,Yarrow Ravenscroft
BRW-04212,POT-0117,SHP-13,CDR-12,2025-03-11T11:15:22Z,24,63,pass,Caspian Thistledown
BRW-04213,POT-0012,SHP-15,CDR-25,2026-03-24T07:50:42Z,51,36,pass,Morwenna Wandwright
BRW-04214,POT-0035,SHP-04,CDR-37,2026-05-16T05:05:47Z,16,60,pass,Vesper Emberwhisk
BRW-04215,POT-0098,SHP-05,CDR-06,2025-10-28 06:53:23,14,101,pass,Gideon Thistledown
BRW-04216,POT-0045,SHP-12,CDR-33,2026-01-14T07:58:00Z,40,53,PASS,Umbra Thistledown
BRW-04217,POT-0119,SHP-13,CDR-25,2026-04-06T08:11:43Z,21,101,pass,Grizelda Kilnworth
BRW-04218,POT-0006,SHP-07,CDR-09,2025-10-31T07:44:14Z,24,121,pass,Dorian Mistlethorn
BRW-04219,POT-0048,SHP-08,CDR-11,2025-05-05 09:43:51,43,59,pass,Gideon Moonbrook
BRW-04220,POT-0119,SHP-04,CDR-24,2026-02-28T05:15:37Z,22,46,pass,Morwenna Wandwright
BRW-04221,POT-0024,SHP-06,CDR-29,2024-06-19 07:31:00,12,149,Pass,Maribel Netherfield
BRW-04222,POT-0008,SHP-03,CDR-11,2026-03-11 10:46:01,14,39,pass,Ambrose Winterbourne
BRW-04223,POT-0101,SHP-08,CDR-03,2024-11-17 09:09:38,53,162,pass,Ambrose Winterbourne
BRW-04224,POT-0092,SHP-04,CDR-25,2025-06-18T08:17:20Z,27,82,PASS,Delphine Zellandine
BRW-04225,POT-0016,SHP-10,CDR-11,2026-02-25T09:58:01Z,46,107,PASS,Dorian Mistlethorn
BRW-04226,POT-0026,SHP-05,CDR-16,2024-05-31 09:33:15,50,126,PASS,Delphine Mossheart
BRW-04227,POT-0003,SHP-06,CDR-40,2024-10-19T07:33:57Z,32,54,PASS,Caspian Thistledown
BRW-04228,POT-0089,SHP-11,CDR-17,2025-12-05T07:12:47Z,46,100,pass,Caspian Thistledown
BRW-04229,POT-0070,SHP-02,CDR-33,2025-11-24T08:49:36Z,21,136,pass,Gideon Thistledown
BRW-04230,POT-0040,SHP-01,CDR-05,2025-09-14T10:25:19Z,18,27,pass,Grizelda Kilnworth
BRW-04231,POT-0090,SHP-01,CDR-38,2026-03-13T07:14:54Z,48,91,pass,Wendeline Ashgrove
BRW-04232,POT-0118,SHP-09,CDR-33,2026-06-23T11:22:58Z,26,72,pass,Oswin Wyrmwood
BRW-04233,POT-0042,SHP-03,CDR-10,2025-12-01T09:54:03Z,26,117,pass,Belladonna Jackdaw
BRW-04234,POT-0033,SHP-13,CDR-04,2025-05-27 08:27:06,34,75,PASS,Dorian Mistlethorn
BRW-04235,POT-0031,SHP-05,CDR-36,2026-04-08 06:44:35,52,42,pass,Maribel Netherfield
BRW-04236,POT-0050,SHP-14,CDR-16,2026-04-04 09:50:30,12,133,PASS,Ambrose Fernwhistle
BRW-04237,POT-0113,SHP-06,CDR-35,2024-12-16 06:16:30,29,157,Pass,Thaddeus Frostpetal
BRW-04238,POT-0103,SHP-15,CDR-02,2025-07-26 09:08:42,14,118,pass,Delphine Mossheart
BRW-04239,POT-0106,SHP-08,CDR-26,2025-07-26T10:13:57Z,50,77,pass,Dorian Glimmerstone
BRW-04240,POT-0033,SHP-14,CDR-19,2025-11-29T08:32:28Z,27,64,PASS,Yarrow Ravenscroft
BRW-04241,POT-0065,SHP-11,CDR-28,2024-12-08T07:43:23Z,40,29,pass,Yarrow Ravenscroft
BRW-04242,POT-0003,SHP-06,CDR-30,2024-09-03T08:24:11Z,49,67,pass,Maribel Netherfield
BRW-04243,POT-0082,SHP-04,CDR-15,2024-11-03T06:56:15Z,28,53,Pass,Thaddeus Frostpetal
BRW-04244,POT-0021,SHP-10,CDR-13,2026-02-12 07:06:55,52,90,Pass,Kestrel Foxglove
BRW-04245,POT-0001,SHP-08,CDR-37,2025-08-30T05:03:38Z,12,139,pass,Morwenna Wandwright
BRW-04246,POT-0064,SHP-01,CDR-15,2024-07-23 06:59:29,53,108,pass,Juniper Hollowbranch
BRW-04247,POT-0089,SHP-02,CDR-01,2026-02-09T06:54:03Z,25,107,pass,Maribel Netherfield
BRW-04248,POT-0008,SHP-04,CDR-13,2026-03-31 05:33:51,35,65,Pass,Vesper Emberwhisk
BRW-04249,POT-0094,SHP-14,CDR-21,2025-03-19T05:54:11Z,27,105,pass,Zephyrine Zellandine
BRW-04250,POT-0034,SHP-05,CDR-09,2024-06-24T08:36:40Z,15,103,pass,Juniper Hollowbranch
BRW-04251,POT-0032,SHP-04,CDR-18,2026-05-17 09:58:42,60,143,Pass,Dorian Mistlethorn
BRW-04252,POT-0110,SHP-08,CDR-24,2024-11-26T10:08:08Z,42,143,pass,Gideon Moonbrook
BRW-04253,POT-0049,SHP-09,CDR-05,2025-07-25T08:43:05Z,19,128,Pass,Ambrose Fernwhistle
BRW-04254,POT-0111,SHP-02,CDR-19,2026-04-02 10:54:51,41,96,Pass,Ambrose Fernwhistle
BRW-04255,POT-0018,SHP-08,CDR-25,2024-06-02T07:52:54Z,20,46,pass,Ambrose Winterbourne
BRW-04256,POT-0044,SHP-11,CDR-37,2025-06-23T09:29:26Z,34,107,pass,Cassia Everbright
BRW-04257,POT-0058,SHP-09,CDR-33,2025-04-12T09:46:58Z,43,166,Pass,Thaddeus Frostpetal
BRW-04258,POT-0107,SHP-03,CDR-07,2025-12-08 05:32:22,47,62,Pass,Juniper Hollowbranch
BRW-04259,POT-0104,SHP-10,CDR-35,2026-01-12T07:53:49Z,28,126,Pass,Ambrose Fernwhistle
BRW-04260,POT-0064,SHP-06,CDR-25,2026-02-23T06:56:26Z,47,136,pass,Wendeline Ashgrove
BRW-04261,POT-0059,SHP-15,CDR-13,2026-04-27T06:44:33Z,29,116,pass,Kestrel Foxglove
BRW-04262,POT-0064,SHP-02,CDR-19,2025-01-01 10:47:37,31,105,pass,Morwenna Wandwright
BRW-04263,POT-0033,SHP-06,CDR-35,2025-07-29T09:29:57Z,54,78,Pass,Gideon Thistledown
BRW-04264,POT-0046,SHP-10,CDR-29,2026-01-22 10:23:58,44,53,pass,Zephyrine Zellandine
BRW-04265,POT-0006,SHP-11,CDR-36,2026-02-05 06:23:37,20,147,Pass,Delphine Mossheart
BRW-04266,POT-0033,SHP-04,CDR-36,2025-06-17 11:10:53,47,83,Pass,Umbra Thistledown
BRW-04267,POT-0120,SHP-05,CDR-22,2024-10-17T08:07:19Z,60,87,pass,Umbra Thistledown
BRW-04268,POT-0061,SHP-11,CDR-22,2024-09-26 11:33:41,48,88,pass,Gideon Thistledown
BRW-04269,POT-0003,SHP-08,CDR-26,2025-03-31T08:22:55Z,55,52,Pass,Juniper Hollowbranch
BRW-04270,POT-0030,SHP-08,CDR-17,2025-11-09T11:10:53Z,55,59,pass,Oleander Ravenscroft
BRW-04271,POT-0027,SHP-02,CDR-31,2025-04-24T10:40:50Z,36,106,pass,Dorian Mistlethorn
BRW-04272,POT-0086,SHP-13,CDR-33,2026-04-29T10:49:56Z,23,83,Pass,Cassia Everbright
BRW-04273,POT-0028,SHP-11,CDR-24,2026-06-05 11:20:03,37,69,pass,Gideon Thistledown
BRW-04274,POT-0019,SHP-01,CDR-06,2025-12-26 05:38:07,26,78,fail,Caspian Thistledown
BRW-04275,POT-0034,SHP-01,CDR-16,2026-04-20T06:12:47Z,26,107,pass,Hesper Cinderfell
BRW-04276,POT-0069,SHP-09,CDR-14,2025-04-26T10:40:13Z,49,137,fail,Thaddeus Frostpetal
BRW-04277,POT-0101,SHP-15,CDR-03,2026-04-23T08:53:48Z,29,126,pass,Hesper Foxglove
BRW-04278,POT-0049,SHP-02,CDR-16,2025-06-14T08:13:34Z,21,127,pass,Hesper Cinderfell
BRW-04279,POT-0096,SHP-12,CDR-25,2026-02-05T09:33:15Z,45,121,pass,Juniper Hollowbranch
BRW-04280,POT-0110,SHP-12,CDR-34,2025-07-04T11:34:19Z,23,158,pass,Oswin Wyrmwood
BRW-04281,POT-0066,SHP-15,CDR-15,2025-12-04T08:51:54Z,15,105,pass,Morwenna Wandwright
BRW-04282,POT-0093,SHP-06,CDR-24,2026-04-12T07:12:45Z,15,105,pass,Delphine Zellandine
BRW-04283,POT-0111,SHP-05,CDR-14,2026-04-28 07:39:55,38,18,pass,Gideon Moonbrook
BRW-04284,POT-0008,SHP-02,CDR-21,2025-07-10T10:30:11Z,50,65,Pass,Oleander Ravenscroft
BRW-04285,POT-0088,SHP-14,CDR-34,2025-05-08T09:14:33Z,48,104,pass,Gideon Thistledown
BRW-04286,POT-0012,SHP-10,CDR-39,2024-06-22 08:52:32,40,79,Pass,Gideon Thistledown
BRW-04287,POT-0104,SHP-15,CDR-16,2024-08-21T08:29:40Z,45,165,PASS,Yarrow Ravenscroft
BRW-04288,POT-0008,SHP-15,CDR-09,2025-08-30 08:27:04,50,78,pass,Juniper Hollowbranch
BRW-04289,POT-0080,SHP-04,CDR-14,2025-03-08T05:37:24Z,49,157,pass,Gideon Moonbrook
BRW-04290,POT-0089,SHP-08,CDR-18,2025-03-23T11:07:02Z,46,70,pass,Oswin Wyrmwood
BRW-04291,POT-0057,SHP-01,CDR-27,2025-06-26 07:08:44,40,61,pass,Gideon Moonbrook
BRW-04292,POT-0107,SHP-15,CDR-24,2025-12-30T07:08:59Z,44,62,pass,Vesper Emberwhisk
BRW-04293,POT-0028,SHP-03,CDR-02,2026-03-24T08:55:23Z,28,77,Pass,Delphine Mossheart
BRW-04294,POT-0058,SHP-03,CDR-20,2026-03-29 07:31:31,22,151,pass,Lyra Winterbourne
BRW-04295,POT-0110,SHP-13,CDR-16,2025-11-24 11:48:12,22,140,Pass,Ambrose Fernwhistle
BRW-04296,POT-0026,SHP-06,CDR-22,2024-05-04T09:35:39Z,18,116,Pass,Delphine Zellandine
BRW-04297,POT-0031,SHP-06,CDR-31,2026-03-10T05:55:34Z,27,30,Pass,Gideon Thistledown
BRW-04298,POT-0033,SHP-10,CDR-21,2025-12-12 07:51:40,20,61,pass,Vesper Emberwhisk
BRW-04299,POT-0028,SHP-11,CDR-37,2026-04-18T08:41:16Z,59,35,pass,Gideon Moonbrook
BRW-04300,POT-0077,SHP-06,CDR-28,2026-06-03 10:11:40,50,103,pass,Oleander Ravenscroft
BRW-04301,POT-0041,SHP-09,CDR-40,2026-05-03 05:56:50,57,134,Pass,Ambrose Winterbourne
BRW-04302,POT-0042,SHP-07,CDR-11,2026-02-02 08:34:29,35,89,Pass,Grizelda Kilnworth
BRW-04303,POT-0001,SHP-03,CDR-06,2024-06-02 06:38:28,24,116,pass,Delphine Mossheart
BRW-04304,POT-0107,SHP-02,CDR-24,2026-05-02T08:40:12Z,52,64,Pass,Nimbus Glimmerstone
BRW-04305,POT-0028,SHP-04,CDR-23,2026-03-01T07:17:35Z,25,77,pass,Hesper Cinderfell
BRW-04306,POT-0118,SHP-01,CDR-34,2026-05-08 11:16:37,32,68,pass,Juniper Hollowbranch
BRW-04307,POT-0012,SHP-11,CDR-07,2025-03-29 06:16:57,13,77,Pass,Juniper Hollowbranch
BRW-04308,POT-0042,SHP-09,CDR-12,2026-03-09T10:54:53Z,50,93,pass,Lyra Winterbourne
BRW-04309,POT-0113,SHP-14,CDR-08,2024-12-30T09:08:30Z,51,159,pass,Cassia Winterbourne
BRW-04310,POT-0085,SHP-06,CDR-26,2026-05-07 06:27:25,43,138,Pass,Belladonna Jackdaw
BRW-04311,POT-0115,SHP-09,CDR-17,2026-01-06 05:28:59,34,111,pass,Hesper Cinderfell
BRW-04312,POT-0036,SHP-03,CDR-16,2024-10-14T06:08:33Z,44,88,fail,Yarrow Ravenscroft
BRW-04313,POT-0065,SHP-01,CDR-18,2024-07-08T10:52:04Z,26,35,PASS,Belladonna Jackdaw
BRW-04314,POT-0082,SHP-15,CDR-27,2025-06-30T11:57:59Z,10,29,pass,Nimbus Glimmerstone
BRW-04315,POT-0101,SHP-10,CDR-17,2025-10-15 10:59:05,26,132,pass,Ambrose Winterbourne
BRW-04316,POT-0100,SHP-05,CDR-24,2025-11-21 11:34:32,34,103,PASS,Nimbus Glimmerstone
BRW-04317,POT-0051,SHP-02,CDR-33,2026-05-31T05:58:36Z,30,59,pass,Kestrel Foxglove
BRW-04318,POT-0008,SHP-09,CDR-18,2025-06-18 05:23:16,51,73,PASS,Yarrow Ravenscroft
BRW-04319,POT-0066,SHP-06,CDR-28,2026-04-29T09:14:31Z,23,130,pass,Belladonna Jackdaw
BRW-04320,POT-0001,SHP-12,CDR-18,2025-10-24T06:55:25Z,20,109,pass,Delphine Mossheart
BRW-04321,POT-0044,SHP-05,CDR-25,2024-06-25T10:33:14Z,23,43,Pass,Morwenna Wandwright
BRW-04322,POT-0119,SHP-15,CDR-29,2026-05-24T08:42:07Z,10,75,Fail,Juniper Hollowbranch
BRW-04323,POT-0038,SHP-11,CDR-04,2024-07-12T05:51:53Z,25,15,pass,Hesper Foxglove
BRW-04324,POT-0042,SHP-04,CDR-19,2024-06-24T07:49:28Z,28,122,PASS,Grizelda Duskwater
BRW-04325,POT-0030,SHP-11,CDR-35,2025-11-13T07:51:19Z,12,48,pass,Lyra Winterbourne
BRW-04326,POT-0078,SHP-04,CDR-16,2024-06-26T11:08:12Z,44,93,pass,Delphine Zellandine
BRW-04327,POT-0019,SHP-03,CDR-12,2025-02-17 05:06:23,12,77,pass,Umbra Thistledown
BRW-04328,POT-0110,SHP-14,CDR-06,2025-10-08T07:48:16Z,14,105,pass,Ambrose Fernwhistle
BRW-04329,POT-0007,SHP-15,CDR-08,2026-05-10T06:23:48Z,45,150,pass,Yarrow Ravenscroft
BRW-04330,POT-0040,SHP-10,CDR-17,2026-05-04T11:20:07Z,51,70,pass,Wendeline Ashgrove
BRW-04331,POT-0031,SHP-09,CDR-13,2026-05-26T11:07:22Z,44,35,Pass,Umbra Thistledown
BRW-04332,POT-0079,SHP-15,CDR-01,2026-04-19T06:41:46Z,59,65,pass,Morwenna Wandwright
BRW-04333,POT-0036,SHP-04,CDR-27,2026-06-15 10:39:49,43,85,pass,Nimbus Glimmerstone
BRW-04334,POT-0043,SHP-08,CDR-26,2024-12-26 11:29:54,11,53,pass,Wendeline Ashgrove
BRW-04335,POT-0086,SHP-01,CDR-39,2025-12-05T06:59:28Z,10,76,pass,Dorian Mistlethorn
BRW-04336,POT-0109,SHP-02,CDR-22,2025-03-11 07:00:39,50,112,PASS,Oswin Wyrmwood
BRW-04337,POT-0021,SHP-11,CDR-27,2025-10-03T07:26:25Z,53,85,Pass,Gideon Moonbrook
BRW-04338,POT-0005,SHP-02,CDR-22,2024-12-03T10:17:30Z,29,46,PASS,Thaddeus Frostpetal
BRW-04339,POT-0084,SHP-15,CDR-32,2025-01-22 08:01:46,45,90,PASS,Ambrose Winterbourne
BRW-04340,POT-0046,SHP-06,CDR-36,2024-06-13T06:41:00Z,35,57,pass,Nimbus Glimmerstone
BRW-04341,POT-0046,SHP-09,CDR-28,2025-11-20 07:39:59,42,42,pass,Delphine Mossheart
BRW-04342,POT-0020,SHP-14,CDR-28,2024-10-17T07:18:02Z,30,111,pass,Dorian Glimmerstone
BRW-04343,POT-0108,SHP-10,CDR-06,2024-08-28T11:07:09Z,34,63,pass,Gideon Thistledown
BRW-04344,POT-0095,SHP-04,CDR-13,2026-04-13T05:24:29Z,34,120,Pass,Hesper Cinderfell
BRW-04345,POT-0016,SHP-06,CDR-27,2026-06-03 05:04:24,20,125,pass,Grizelda Kilnworth
BRW-04346,POT-0081,SHP-10,CDR-19,2024-12-04T07:05:19Z,14,106,Pass,Cassia Winterbourne
BRW-04347,POT-0043,SHP-07,CDR-13,2024-10-15T11:02:00Z,48,40,pass,Ambrose Fernwhistle
BRW-04348,POT-0073,SHP-01,CDR-04,2025-12-20 11:37:15,46,46,pass,Wendeline Ashgrove
BRW-04349,POT-0037,SHP-03,CDR-38,2026-04-29 07:06:03,23,78,pass,Juniper Hollowbranch
BRW-04350,POT-0033,SHP-07,CDR-14,2025-07-28T09:56:36Z,49,64,pass,Oswin Wyrmwood
BRW-04351,POT-0059,SHP-03,CDR-33,2026-03-11 07:37:00,50,104,fail,Nimbus Glimmerstone
BRW-04352,POT-0114,SHP-01,CDR-06,2024-11-25 05:20:21,35,78,Pass,Grizelda Kilnworth
BRW-04353,POT-0002,SHP-06,CDR-40,2025-08-31T05:51:46Z,26,73,pass,Cassia Winterbourne
BRW-04354,POT-0116,SHP-01,CDR-32,2025-11-18T05:56:44Z,35,79,pass,Thaddeus Frostpetal
BRW-04355,POT-0104,SHP-04,CDR-02,2025-03-31T11:37:58Z,25,146,pass,Lyra Winterbourne
BRW-04356,POT-0093,SHP-09,CDR-16,2025-04-30T11:12:06Z,35,109,pass,Belladonna Jackdaw
BRW-04357,POT-0026,SHP-15,CDR-13,2025-04-09T05:51:25Z,43,124,pass,Kestrel Foxglove
BRW-04358,POT-0046,SHP-13,CDR-12,2025-01-06 10:45:50,35,15,pass,Grizelda Duskwater
BRW-04359,POT-0005,SHP-14,CDR-12,2024-09-03 10:47:11,23,15,pass,Delphine Zellandine
BRW-04360,POT-0011,SHP-06,CDR-19,2024-09-27 09:35:22,60,133,pass,Hesper Foxglove
BRW-04361,POT-0109,SHP-12,CDR-08,2024-12-26T08:12:24Z,60,121,Pass,Belladonna Jackdaw
BRW-04362,POT-0060,SHP-06,CDR-14,2026-04-26T09:55:56Z,42,177,pass,Caspian Thistledown
BRW-04363,POT-0003,SHP-14,CDR-17,2025-11-03 06:44:58,39,66,pass,Thaddeus Frostpetal
BRW-04364,POT-0109,SHP-06,CDR-03,2025-04-06T11:12:23Z,49,136,pass,Dorian Mistlethorn
BRW-04365,POT-0021,SHP-03,CDR-07,2025-09-13T06:49:30Z,26,100,pass,Gideon Moonbrook
BRW-04366,POT-0084,SHP-15,CDR-01,2024-07-22 08:45:54,60,105,pass,Hesper Cinderfell
BRW-04367,POT-0009,SHP-08,CDR-05,2025-10-17T06:12:14Z,30,61,PASS,Dorian Mistlethorn
BRW-04368,POT-0090,SHP-02,CDR-07,2024-08-31T11:35:51Z,56,114,pass,Kestrel Foxglove
BRW-04369,POT-0076,SHP-06,CDR-21,2025-09-18T06:35:24Z,25,17,pass,Maribel Netherfield
BRW-04370,POT-0073,SHP-14,CDR-11,2024-05-25 07:58:27,57,49,pass,Gideon Thistledown
BRW-04371,POT-0049,SHP-11,CDR-11,2026-06-28T11:43:25Z,28,121,pass,Lyra Winterbourne
BRW-04372,POT-0118,SHP-05,CDR-16,2026-03-04T10:51:11Z,60,78,fail,Maribel Netherfield
BRW-04373,POT-0008,SHP-09,CDR-39,2026-04-12T09:22:13Z,13,83,Pass,Juniper Hollowbranch
BRW-04374,POT-0030,SHP-07,CDR-34,2026-03-26T11:01:52Z,19,53,pass,Delphine Zellandine
BRW-04375,POT-0100,SHP-14,CDR-23,2025-02-05T05:26:08Z,60,91,PASS,Oswin Wyrmwood
BRW-04376,POT-0022,SHP-03,CDR-21,2025-05-26T09:36:12Z,40,130,pass,Cassia Winterbourne
BRW-04377,POT-0115,SHP-11,CDR-20,2025-02-20 05:28:36,15,136,pass,Lyra Winterbourne
BRW-04378,POT-0075,SHP-13,CDR-01,2026-03-27 05:37:12,31,140,Pass,Dorian Glimmerstone
BRW-04379,POT-0078,SHP-14,CDR-09,2026-06-16T08:12:55Z,57,104,pass,Dorian Mistlethorn
BRW-04380,POT-0059,SHP-03,CDR-28,2026-06-18 07:50:32,44,100,pass,Yarrow Ravenscroft
BRW-04381,POT-0105,SHP-04,CDR-38,2025-11-22T11:18:51Z,60,151,Pass,Grizelda Duskwater
BRW-04382,POT-0089,SHP-07,CDR-18,2024-06-20T10:58:29Z,46,112,pass,Grizelda Duskwater
BRW-04383,POT-0006,SHP-04,CDR-09,2026-03-04T09:52:43Z,58,113,pass,Dorian Glimmerstone
BRW-04384,POT-0016,SHP-07,CDR-22,2026-03-28T09:58:42Z,50,113,Pass,Thaddeus Frostpetal
BRW-04385,POT-0089,SHP-15,CDR-20,2024-10-07T10:53:09Z,40,117,Pass,Oswin Wyrmwood
BRW-04386,POT-0099,SHP-07,CDR-09,2026-01-12T09:12:43Z,11,162,pass,Delphine Zellandine
BRW-04387,POT-0066,SHP-05,CDR-07,2026-01-15 05:00:35,27,137,pass,Delphine Mossheart
BRW-04388,POT-0102,SHP-06,CDR-06,2024-08-12T09:23:14Z,11,62,pass,Dorian Glimmerstone
BRW-04389,POT-0051,SHP-10,CDR-13,2025-06-05 09:53:41,26,,pass,Wendeline Ashgrove
BRW-04390,POT-0030,SHP-08,CDR-23,2026-02-25 05:44:38,49,72,Pass,Ambrose Winterbourne
BRW-04391,POT-0014,SHP-11,CDR-26,2025-12-18 05:31:02,35,48,Pass,Dorian Mistlethorn
BRW-04392,POT-0022,SHP-06,CDR-10,2025-05-09 09:49:37,58,129,pass,Hesper Cinderfell
BRW-04393,POT-0058,SHP-05,CDR-22,2025-03-02 10:17:52,21,111,Pass,Caspian Thistledown
BRW-04394,POT-0026,SHP-06,CDR-29,2024-11-04T05:41:15Z,35,142,PASS,Dorian Mistlethorn
BRW-04395,POT-0042,SHP-02,CDR-08,2026-03-30 11:07:55,48,92,pass,Delphine Zellandine
BRW-04396,POT-0033,SHP-06,CDR-18,2025-06-06 05:40:38,29,84,PASS,Ambrose Winterbourne
BRW-04397,POT-0100,SHP-06,CDR-19,2026-02-01T10:48:30Z,55,99,pass,Thaddeus Frostpetal
BRW-04398,POT-0074,SHP-08,CDR-35,2026-05-17 08:18:58,29,85,pass,Zephyrine Zellandine
BRW-04399,POT-0060,SHP-10,CDR-37,2026-06-03T07:22:06Z,15,126,pass,Umbra Thistledown
BRW-04400,POT-0105,SHP-02,CDR-17,2026-01-13 06:25:15,20,145,pass,Belladonna Jackdaw
BRW-04401,POT-0033,SHP-11,CDR-10,2026-02-12T05:26:08Z,43,63,pass,Dorian Glimmerstone
BRW-04402,POT-0063,SHP-14,CDR-01,2026-05-25 11:05:46,27,71,pass,Delphine Zellandine
BRW-04403,POT-0098,SHP-03,CDR-17,2026-03-22T11:40:30Z,10,97,Pass,Yarrow Ravenscroft
BRW-04404,POT-0004,SHP-08,CDR-35,2026-01-08T09:56:50Z,26,101,PASS,Grizelda Kilnworth
BRW-04405,POT-0102,SHP-09,CDR-28,2024-07-25 08:48:55,35,67,pass,Cassia Winterbourne
BRW-04406,POT-0087,SHP-08,CDR-24,2026-01-19 10:56:37,37,47,pass,Lyra Winterbourne
BRW-04407,POT-0024,SHP-07,CDR-06,2024-11-06 05:41:31,48,107,pass,Delphine Zellandine
BRW-04408,POT-0083,SHP-03,CDR-06,2025-05-19T11:47:01Z,26,160,pass,Gideon Moonbrook
BRW-04409,POT-0109,SHP-04,CDR-39,2025-01-10 11:20:43,13,133,pass,Caspian Thistledown
BRW-04410,POT-0024,SHP-07,CDR-17,2025-07-22T09:16:40Z,26,139,pass,Umbra Thistledown
BRW-04411,POT-0041,SHP-10,CDR-38,2025-03-16 09:32:47,55,141,pass,Morwenna Wandwright
BRW-04412,POT-0113,SHP-12,CDR-16,2025-08-08T06:39:30Z,22,157,pass,Thaddeus Frostpetal
BRW-04413,POT-0023,SHP-05,CDR-38,2024-06-13T10:41:50Z,10,163,Pass,Cassia Winterbourne
BRW-04414,POT-0115,SHP-07,CDR-26,2025-01-15 06:43:06,57,133,pass,Maribel Netherfield
BRW-04415,POT-0094,SHP-09,CDR-14,2026-01-10T07:05:56Z,52,155,Pass,Cassia Everbright
BRW-04416,POT-0041,SHP-04,CDR-25,2024-08-30 09:24:31,18,128,pass,Delphine Zellandine
BRW-04417,POT-0084,SHP-12,CDR-24,2025-04-30T11:38:37Z,26,98,PASS,Gideon Moonbrook
BRW-04418,POT-0086,SHP-07,CDR-33,2026-06-17T11:15:52Z,30,77,pass,Hesper Cinderfell
BRW-04419,POT-0102,SHP-05,CDR-06,2025-03-06T05:46:48Z,19,71,pass,Yarrow Ravenscroft
BRW-04420,POT-0108,SHP-07,CDR-25,2024-09-15T09:38:48Z,47,72,pass,Gideon Moonbrook
BRW-04421,POT-0094,SHP-05,CDR-06,2024-05-06 07:28:00,18,115,Pass,Hesper Foxglove
BRW-04422,POT-0055,SHP-13,CDR-29,2026-04-04T06:05:09Z,37,89,pass,Dorian Glimmerstone
BRW-04423,POT-0113,SHP-03,CDR-11,2025-08-17 09:47:29,23,140,pass,Belladonna Jackdaw
BRW-04424,POT-0009,SHP-09,CDR-20,2026-05-03T06:20:07Z,49,55,pass,Morwenna Wandwright
BRW-04425,POT-0079,SHP-05,CDR-03,2024-06-01T05:12:10Z,21,81,PASS,Kestrel Foxglove
BRW-04426,POT-0054,SHP-12,CDR-20,2026-05-25T08:38:42Z,20,36,PASS,Cassia Everbright
BRW-04427,POT-0085,SHP-03,CDR-26,2024-06-30T11:10:28Z,38,94,Pass,Hesper Cinderfell
BRW-04428,POT-0002,SHP-04,CDR-17,2024-12-27T05:55:27Z,23,78,pass,Zephyrine Zellandine
BRW-04429,POT-0061,SHP-03,CDR-33,2024-07-28 11:07:36,20,52,PASS,Dorian Glimmerstone
BRW-04430,POT-0031,SHP-01,CDR-27,2026-02-23T10:12:38Z,27,48,pass,Caspian Thistledown
BRW-04431,POT-0073,SHP-01,CDR-14,2025-10-09T08:28:02Z,31,62,Pass,Morwenna Wandwright
BRW-04432,POT-0040,SHP-03,CDR-13,2024-09-10 10:03:26,45,56,pass,Hesper Cinderfell
BRW-04433,POT-0119,SHP-07,CDR-14,2024-12-28T07:56:13Z,49,68,pass,Kestrel Foxglove
BRW-04434,POT-0029,SHP-10,CDR-20,2025-03-15T08:27:13Z,39,,pass,Grizelda Kilnworth
BRW-04435,POT-0101,SHP-12,CDR-19,2024-12-13T10:14:38Z,24,136,pass,Maribel Netherfield
BRW-04436,POT-0058,SHP-09,CDR-20,2025-10-15T09:06:58Z,46,106,PASS,Hesper Foxglove
BRW-04437,POT-0049,SHP-07,CDR-01,2025-11-23T06:30:35Z,54,144,pass,Hesper Foxglove
BRW-04438,POT-0073,SHP-10,CDR-27,2025-08-18T09:38:47Z,46,87,pass,Caspian Thistledown
BRW-04439,POT-0107,SHP-12,CDR-14,2026-05-09 11:12:58,22,55,pass,Nimbus Glimmerstone
BRW-04440,POT-0028,SHP-01,CDR-07,2026-02-26T07:47:23Z,12,88,PASS,Maribel Netherfield
BRW-04441,POT-0080,SHP-09,CDR-19,2025-09-23 07:07:28,33,135,pass,Caspian Thistledown
BRW-04442,POT-0082,SHP-10,CDR-24,2025-01-21 11:09:26,34,27,pass,Grizelda Duskwater
BRW-04443,POT-0117,SHP-15,CDR-01,2025-12-23T05:09:29Z,22,41,PASS,Juniper Hollowbranch
BRW-04444,POT-0068,SHP-03,CDR-16,2025-07-24T08:15:57Z,59,63,pass,Ambrose Fernwhistle
BRW-04445,POT-0056,SHP-11,CDR-16,2026-02-01T07:04:34Z,37,95,pass,Zephyrine Zellandine
BRW-04446,POT-0024,SHP-14,CDR-07,2024-06-06 06:00:24,46,117,Fail,Cassia Everbright
BRW-04447,POT-0089,SHP-06,CDR-03,2025-07-07 08:36:16,16,128,PASS,Umbra Thistledown
BRW-04448,POT-0048,SHP-03,CDR-07,2026-05-07T06:43:27Z,59,89,pass,Kestrel Foxglove
BRW-04449,POT-0113,SHP-14,CDR-19,2026-03-21 06:19:56,42,177,pass,Lyra Winterbourne
BRW-04450,POT-0103,SHP-09,CDR-21,2026-05-18T07:46:41Z,41,93,PASS,Wendeline Ashgrove
BRW-04451,POT-0064,SHP-05,CDR-04,2024-07-11T07:10:55Z,41,107,Pass,Juniper Hollowbranch
BRW-04452,POT-0095,SHP-15,CDR-23,2026-03-21T05:46:50Z,31,136,PASS,Ambrose Winterbourne
BRW-04453,POT-0113,SHP-01,CDR-08,2026-01-29 08:02:01,27,153,pass,Cassia Winterbourne
BRW-04454,POT-0068,SHP-07,CDR-31,2025-02-09 10:10:02,18,84,PASS,Hesper Cinderfell
BRW-04455,POT-0028,SHP-11,CDR-16,2026-06-08 05:32:34,38,57,pass,Oswin Wyrmwood
BRW-04456,POT-0085,SHP-12,CDR-38,2025-03-27T10:41:45Z,53,104,pass,Nimbus Glimmerstone
BRW-04457,POT-0041,SHP-04,CDR-17,2024-07-27 11:48:47,28,159,pass,Gideon Thistledown
BRW-04458,POT-0113,SHP-01,CDR-07,2024-12-30T05:28:58Z,48,140,pass,Zephyrine Zellandine
BRW-04459,POT-0072,SHP-01,CDR-22,2024-09-09T11:18:26Z,40,102,pass,Belladonna Jackdaw
BRW-04460,POT-0006,SHP-05,CDR-01,2026-05-10T11:11:30Z,38,99,pass,Delphine Zellandine
BRW-04461,POT-0003,SHP-13,CDR-14,2026-05-15T07:32:55Z,11,37,pass,Zephyrine Zellandine
BRW-04462,POT-0083,SHP-13,CDR-26,2026-01-10 11:49:35,40,108,PASS,Gideon Moonbrook
BRW-04463,POT-0034,SHP-04,CDR-14,2025-08-30 09:04:11,41,109,pass,Grizelda Duskwater
BRW-04464,POT-0027,SHP-01,CDR-28,2026-06-13T06:10:22Z,56,106,pass,Dorian Mistlethorn
BRW-04465,POT-0013,SHP-08,CDR-11,2025-12-26T05:50:39Z,46,,pass,Delphine Mossheart
BRW-04466,POT-0113,SHP-01,CDR-06,2026-04-13 07:47:23,17,148,pass,Dorian Glimmerstone
BRW-04467,POT-0098,SHP-05,CDR-02,2025-07-05 07:10:44,24,107,pass,Ambrose Winterbourne
BRW-04468,POT-0028,SHP-11,CDR-35,2026-06-21T05:59:03Z,48,37,Fail,Hesper Foxglove
BRW-04469,POT-0111,SHP-04,CDR-28,2026-01-05 06:22:55,12,49,pass,Wendeline Ashgrove
BRW-04470,POT-0109,SHP-11,CDR-09,2025-06-23T10:02:30Z,17,102,Pass,Belladonna Jackdaw
BRW-04471,POT-0082,SHP-04,CDR-06,2025-12-25T07:52:50Z,36,65,fail,Hesper Cinderfell
BRW-04472,POT-0092,SHP-06,CDR-04,2025-01-31T08:09:41Z,52,50,Pass,Vesper Emberwhisk
BRW-04473,POT-0030,SHP-02,CDR-29,2025-09-28T10:46:39Z,23,90,pass,Vesper Emberwhisk
BRW-04474,POT-0111,SHP-06,CDR-32,2026-03-11T09:22:11Z,51,75,pass,Oswin Wyrmwood
BRW-04475,POT-0017,SHP-06,CDR-04,2025-06-04T07:05:26Z,15,160,Pass,Morwenna Wandwright
BRW-04476,POT-0092,SHP-06,CDR-29,2024-08-30T06:51:21Z,32,73,pass,Hesper Foxglove
BRW-04477,POT-0082,SHP-02,CDR-11,2025-06-18T06:35:03Z,55,44,pass,Zephyrine Zellandine
BRW-04478,POT-0043,SHP-01,CDR-12,2024-11-24 08:15:44,18,59,pass,Gideon Thistledown
BRW-04479,POT-0119,SHP-09,CDR-13,2024-12-04 06:11:02,47,87,pass,Oswin Wyrmwood
BRW-04480,POT-0107,SHP-06,CDR-26,2026-01-25T07:14:31Z,45,64,PASS,Yarrow Ravenscroft
BRW-04481,POT-0094,SHP-10,CDR-27,2025-08-10T11:27:23Z,51,108,Pass,Cassia Winterbourne
BRW-04482,POT-0041,SHP-04,CDR-18,2025-08-01 07:43:48,60,124,pass,Yarrow Ravenscroft
BRW-04483,POT-0064,SHP-03,CDR-06,2025-07-19T09:39:32Z,55,112,Pass,Gideon Thistledown
BRW-04484,POT-0012,SHP-03,CDR-35,2025-11-03T06:41:24Z,60,62,pass,Kestrel Foxglove
BRW-04485,POT-0019,SHP-03,CDR-04,2026-01-16T05:47:59Z,28,100,Pass,Dorian Mistlethorn
BRW-04486,POT-0027,SHP-05,CDR-34,2025-08-16T07:52:10Z,51,102,Pass,Oleander Ravenscroft
BRW-04487,POT-0019,SHP-04,CDR-22,2025-02-14 10:37:58,24,98,pass,Dorian Mistlethorn
BRW-04488,POT-0043,SHP-08,CDR-39,2025-02-09 06:33:17,27,56,pass,Lyra Winterbourne
BRW-04489,POT-0093,SHP-03,CDR-20,2025-02-26 07:34:06,27,84,pass,Oswin Wyrmwood
BRW-04490,POT-0003,SHP-04,CDR-31,2025-11-23 05:18:08,43,71,pass,Oleander Ravenscroft
BRW-04491,POT-0006,SHP-09,CDR-29,2025-11-28 05:58:39,22,132,pass,Caspian Thistledown
BRW-04492,POT-0031,SHP-12,CDR-37,2025-11-07 08:14:21,19,56,fail,Lyra Winterbourne
BRW-04493,POT-0117,SHP-10,CDR-34,2025-10-28T07:52:28Z,41,63,fail,Grizelda Duskwater
BRW-04494,POT-0052,SHP-10,CDR-25,2025-09-20 06:01:00,47,111,fail,Gideon Moonbrook
BRW-04495,POT-0036,SHP-07,CDR-13,2026-03-07T11:03:20Z,59,108,pass,Morwenna Wandwright
BRW-04496,POT-0052,SHP-04,CDR-38,2024-10-05 10:13:35,42,112,pass,Gideon Thistledown
BRW-04497,POT-0075,SHP-15,CDR-37,2026-02-09 11:53:19,36,131,pass,Gideon Moonbrook
BRW-04498,POT-0030,SHP-09,CDR-05,2026-06-12 05:58:03,56,87,fail,Kestrel Foxglove
BRW-04499,POT-0055,SHP-03,CDR-16,2026-01-31 05:52:59,18,92,PASS,Grizelda Kilnworth
BRW-04500,POT-0119,SHP-06,CDR-21,2026-02-04 10:35:29,15,74,PASS,Zephyrine Zellandine
BRW-04501,POT-0085,SHP-11,CDR-19,2026-04-05 05:07:46,45,122,pass,Hesper Cinderfell
BRW-04502,POT-0048,SHP-02,CDR-18,2025-05-10 07:25:34,37,84,pass,Yarrow Ravenscroft
BRW-04503,POT-0089,SHP-04,CDR-14,2024-06-26T06:12:39Z,54,120,Pass,Belladonna Jackdaw
BRW-04504,POT-0059,SHP-05,CDR-26,2026-05-03T06:07:28Z,44,113,pass,Grizelda Duskwater
BRW-04505,POT-0093,SHP-10,CDR-06,2025-01-07 09:27:48,56,106,fail,Dorian Glimmerstone
BRW-04506,POT-0108,SHP-05,CDR-11,2025-07-27T08:11:59Z,31,85,Pass,Yarrow Ravenscroft
BRW-04507,POT-0069,SHP-01,CDR-25,2025-02-12T05:29:22Z,43,101,Pass,Oswin Wyrmwood
BRW-04508,POT-0090,SHP-04,CDR-21,2024-11-21T10:19:26Z,56,104,pass,Kestrel Foxglove
BRW-04509,POT-0022,SHP-01,CDR-12,2025-06-16T06:13:55Z,22,115,pass,Juniper Hollowbranch
BRW-04510,POT-0016,SHP-04,CDR-35,2026-03-01T07:55:13Z,27,127,pass,Dorian Mistlethorn
BRW-04511,POT-0010,SHP-04,CDR-37,2026-03-29T10:54:37Z,36,143,Pass,Dorian Mistlethorn
BRW-04512,POT-0013,SHP-10,CDR-29,2025-10-13 09:21:30,41,89,fail,Hesper Foxglove
BRW-04513,POT-0084,SHP-13,CDR-19,2024-09-08T07:57:00Z,35,87,pass,Belladonna Jackdaw
BRW-04514,POT-0093,SHP-15,CDR-14,2025-09-03T09:21:19Z,24,95,pass,Caspian Thistledown
BRW-04515,POT-0109,SHP-08,CDR-31,2025-07-04T11:07:32Z,36,110,pass,Grizelda Duskwater
BRW-04516,POT-0084,SHP-05,CDR-39,2024-10-06T10:05:48Z,58,92,Pass,Umbra Thistledown
BRW-04517,POT-0020,SHP-08,CDR-23,2025-01-25T08:48:11Z,56,111,pass,Ambrose Fernwhistle
BRW-04518,POT-0082,SHP-14,CDR-20,2025-11-29 05:07:28,42,47,pass,Nimbus Glimmerstone
BRW-04519,POT-0005,SHP-08,CDR-14,2026-02-02T10:17:33Z,34,48,Fail,Thaddeus Frostpetal
BRW-04520,POT-0071,SHP-04,CDR-09,2025-03-30T09:14:29Z,20,93,pass,Gideon Moonbrook
BRW-04521,POT-0080,SHP-01,CDR-37,2025-03-04 06:42:09,37,136,pass,Dorian Mistlethorn
BRW-04522,POT-0078,SHP-12,CDR-28,2025-05-09T07:47:27Z,38,93,pass,Morwenna Wandwright
BRW-04523,POT-0106,SHP-15,CDR-25,2025-08-03T06:14:34Z,59,95,pass,Grizelda Kilnworth
BRW-04524,POT-0016,SHP-06,CDR-20,2026-03-11T09:01:55Z,47,118,Pass,Nimbus Glimmerstone
BRW-04525,POT-0049,SHP-14,CDR-34,2025-05-15 07:12:49,42,147,Pass,Zephyrine Zellandine
BRW-04526,POT-0041,SHP-08,CDR-15,2025-11-23T06:23:57Z,26,135,pass,Yarrow Ravenscroft
BRW-04527,POT-0069,SHP-03,CDR-09,2025-04-23T09:28:57Z,37,110,pass,Hesper Foxglove
BRW-04528,POT-0065,SHP-04,CDR-02,2025-03-06T05:01:50Z,17,51,pass,Juniper Hollowbranch
BRW-04529,POT-0068,SHP-07,CDR-16,2025-09-19T07:27:10Z,21,54,pass,Cassia Winterbourne
BRW-04530,POT-0079,SHP-02,CDR-16,2026-05-21T09:20:36Z,22,91,pass,Lyra Winterbourne
BRW-04531,POT-0081,SHP-14,CDR-12,2025-05-12T10:47:09Z,27,115,pass,Umbra Thistledown
BRW-04532,POT-0063,SHP-11,CDR-35,2024-12-24T08:07:18Z,15,76,pass,Grizelda Duskwater
BRW-04533,POT-0013,SHP-08,CDR-24,2025-11-11T11:00:17Z,46,90,pass,Belladonna Jackdaw
BRW-04534,POT-0007,SHP-02,CDR-12,2026-05-25T10:35:51Z,26,122,Pass,Oleander Ravenscroft
BRW-04535,POT-0059,SHP-02,CDR-30,2026-04-09T08:24:02Z,12,120,pass,Delphine Zellandine
BRW-04536,POT-0093,SHP-11,CDR-18,2024-05-17 09:25:40,58,111,pass,Wendeline Ashgrove
BRW-04537,POT-0031,SHP-15,CDR-24,2026-04-26 07:32:46,48,15,fail,Maribel Netherfield
BRW-04538,POT-0046,SHP-08,CDR-40,2026-03-03T06:25:31Z,44,58,pass,Belladonna Jackdaw
BRW-04539,POT-0041,SHP-05,CDR-31,2025-05-17T09:38:44Z,31,123,pass,Dorian Glimmerstone
BRW-04540,POT-0058,SHP-02,CDR-19,2025-01-01T11:49:06Z,27,136,pass,Delphine Mossheart
BRW-04541,POT-0114,SHP-12,CDR-17,2024-10-16T05:40:04Z,29,88,pass,Cassia Winterbourne
BRW-04542,POT-0054,SHP-13,CDR-36,2026-04-15T05:02:58Z,12,47,pass,Dorian Glimmerstone
BRW-04543,POT-0107,SHP-12,CDR-25,2025-07-08T11:51:31Z,22,56,pass,Cassia Winterbourne
BRW-04544,POT-0100,SHP-02,CDR-27,2024-08-29 11:53:17,53,89,pass,Dorian Glimmerstone
BRW-04545,POT-0105,SHP-08,CDR-26,2024-07-22T11:14:10Z,57,141,pass,Cassia Everbright
BRW-04546,POT-0091,SHP-01,CDR-24,2025-02-27T08:55:36Z,35,39,PASS,Caspian Thistledown
BRW-04547,POT-0099,SHP-15,CDR-40,2026-02-02T09:36:58Z,27,148,pass,Delphine Mossheart
BRW-04548,POT-0063,SHP-14,CDR-19,2025-10-23 11:27:30,60,37,pass,Juniper Hollowbranch
BRW-04549,POT-0118,SHP-12,CDR-21,2026-05-24T11:06:43Z,60,52,pass,Yarrow Ravenscroft
BRW-04550,POT-0092,SHP-09,CDR-29,2026-03-12T10:04:44Z,19,84,Pass,Cassia Winterbourne
BRW-04551,POT-0037,SHP-11,CDR-21,2025-10-31 11:32:09,29,78,pass,Hesper Cinderfell
BRW-04552,POT-0026,SHP-10,CDR-02,2024-08-30 08:12:27,46,145,fail,Morwenna Wandwright
BRW-04553,POT-0018,SHP-01,CDR-15,2025-04-28T10:08:57Z,48,29,pass,Cassia Everbright
BRW-04554,POT-0086,SHP-04,CDR-15,2026-06-13T06:06:02Z,19,85,pass,Caspian Thistledown
BRW-04555,POT-0098,SHP-10,CDR-24,2025-09-07 11:59:03,33,87,Pass,Kestrel Foxglove
BRW-04556,POT-0107,SHP-02,CDR-06,2026-05-17T08:19:00Z,36,60,pass,Morwenna Wandwright
BRW-04557,POT-0073,SHP-09,CDR-38,2025-06-01 11:21:41,41,55,pass,Zephyrine Zellandine
BRW-04558,POT-0092,SHP-12,CDR-28,2025-04-11T08:22:35Z,27,90,PASS,Thaddeus Frostpetal
BRW-04559,POT-0054,SHP-02,CDR-17,2026-04-08 09:29:16,19,46,pass,Gideon Thistledown
BRW-04560,POT-0106,SHP-09,CDR-34,2026-01-08 09:19:22,11,77,pass,Umbra Thistledown
BRW-04561,POT-0109,SHP-15,CDR-03,2025-07-13T11:35:39Z,15,139,Pass,Zephyrine Zellandine
BRW-04562,POT-0075,SHP-14,CDR-20,2024-09-22 05:39:54,40,122,pass,Dorian Mistlethorn
BRW-04563,POT-0082,SHP-13,CDR-02,2026-04-04 11:46:52,22,55,pass,Umbra Thistledown
BRW-04564,POT-0109,SHP-14,CDR-39,2025-12-14 05:46:51,21,124,Pass,Morwenna Wandwright
BRW-04565,POT-0035,SHP-04,CDR-33,2025-04-29T07:21:19Z,37,52,pass,Belladonna Jackdaw
BRW-04566,POT-0090,SHP-03,CDR-18,2026-02-18T08:28:15Z,28,68,pass,Belladonna Jackdaw
BRW-04567,POT-0066,SHP-04,CDR-37,2024-07-03T10:27:01Z,22,115,fail,Ambrose Winterbourne
BRW-04568,POT-0066,SHP-07,CDR-02,2024-08-14T05:28:17Z,23,127,Pass,Grizelda Duskwater
BRW-04569,POT-0119,SHP-09,CDR-24,2024-11-27T08:49:33Z,39,79,pass,Vesper Emberwhisk
BRW-04570,POT-0007,SHP-10,CDR-10,2026-06-09 07:36:50,57,128,pass,Hesper Cinderfell
BRW-04571,POT-0110,SHP-09,CDR-26,2025-12-26 05:12:46,25,160,pass,Dorian Glimmerstone
BRW-04572,POT-0036,SHP-04,CDR-24,2024-12-06 10:03:43,10,95,Pass,Morwenna Wandwright
BRW-04573,POT-0040,SHP-06,CDR-01,2025-12-31T10:12:50Z,57,33,Pass,Gideon Moonbrook
BRW-04574,POT-0072,SHP-08,CDR-08,2025-07-30 06:12:15,56,106,pass,Oleander Ravenscroft
BRW-04575,POT-0015,SHP-02,CDR-18,2026-02-03T09:56:16Z,37,,pass,Caspian Thistledown
BRW-04576,POT-0066,SHP-05,CDR-04,2025-03-09 06:13:25,13,120,pass,Lyra Winterbourne
BRW-04577,POT-0047,SHP-10,CDR-05,2026-01-21 08:42:38,18,125,pass,Gideon Moonbrook
BRW-04578,POT-0076,SHP-12,CDR-03,2026-04-22 07:40:25,31,25,Pass,Grizelda Kilnworth
BRW-04579,POT-0045,SHP-03,CDR-04,2025-05-18 06:39:15,20,17,pass,Ambrose Fernwhistle
BRW-04580,POT-0117,SHP-07,CDR-35,2026-02-17T05:18:26Z,39,50,PASS,Juniper Hollowbranch
BRW-04581,POT-0029,SHP-12,CDR-19,2025-03-18T10:04:13Z,30,91,pass,Oswin Wyrmwood
BRW-04582,POT-0115,SHP-08,CDR-03,2026-06-30T06:44:25Z,13,104,Pass,Belladonna Jackdaw
BRW-04583,POT-0118,SHP-05,CDR-23,2026-05-03T09:04:50Z,43,99,pass,Morwenna Wandwright
BRW-04584,POT-0109,SHP-12,CDR-19,2025-11-19 06:12:03,19,134,Pass,Vesper Emberwhisk
BRW-04585,POT-0024,SHP-08,CDR-26,2024-06-29T10:20:41Z,20,115,pass,Hesper Cinderfell
BRW-04586,POT-0036,SHP-12,CDR-36,2025-06-19 07:16:28,57,101,pass,Grizelda Kilnworth
BRW-04587,POT-0071,SHP-04,CDR-36,2025-08-31T08:47:26Z,55,86,pass,Oswin Wyrmwood
BRW-04588,POT-0022,SHP-05,CDR-22,2025-01-01T09:57:35Z,44,104,pass,Delphine Mossheart
BRW-04589,POT-0030,SHP-02,CDR-13,2025-10-26T09:45:20Z,50,61,pass,Kestrel Foxglove
BRW-04590,POT-0119,SHP-05,CDR-18,2025-01-17T07:21:22Z,33,93,pass,Maribel Netherfield
BRW-04591,POT-0071,SHP-04,CDR-06,2026-05-10T11:08:45Z,27,86,Pass,Delphine Mossheart
BRW-04592,POT-0052,SHP-11,CDR-17,2026-01-16 09:19:09,59,109,pass,Oswin Wyrmwood
BRW-04593,POT-0029,SHP-12,CDR-24,2024-10-24 07:46:27,30,98,Pass,Cassia Winterbourne
BRW-04594,POT-0022,SHP-07,CDR-04,2026-03-27 07:49:26,42,,Pass,Oswin Wyrmwood
BRW-04595,POT-0101,SHP-11,CDR-11,2025-10-31 10:36:51,41,125,pass,Cassia Winterbourne
BRW-04596,POT-0072,SHP-15,CDR-15,2024-08-25 07:10:20,33,77,pass,Delphine Mossheart
BRW-04597,POT-0020,SHP-13,CDR-07,2025-06-01T11:25:35Z,24,124,pass,Oleander Ravenscroft
BRW-04598,POT-0046,SHP-01,CDR-15,2026-05-27 07:54:01,48,52,pass,Wendeline Ashgrove
BRW-04599,POT-0065,SHP-03,CDR-23,2026-04-11 11:56:16,60,43,pass,Wendeline Ashgrove
BRW-04600,POT-0071,SHP-11,CDR-15,2025-02-02T05:09:17Z,41,97,pass,Gideon Moonbrook
BRW-04601,POT-0081,SHP-02,CDR-11,2025-11-28T05:10:51Z,56,102,PASS,Lyra Winterbourne
BRW-04602,POT-0112,SHP-02,CDR-34,2025-07-18T08:27:21Z,13,93,pass,Kestrel Foxglove
BRW-04603,POT-0062,SHP-01,CDR-02,2026-05-11 09:28:02,57,165,pass,Hesper Foxglove
BRW-04604,POT-0022,SHP-09,CDR-17,2024-09-11 06:55:00,25,123,pass,Oswin Wyrmwood
BRW-04605,POT-0036,SHP-13,CDR-06,2025-11-30T08:13:28Z,38,104,pass,Umbra Thistledown
BRW-04606,POT-0098,SHP-06,CDR-38,2026-04-29 10:32:46,23,93,pass,Grizelda Duskwater
BRW-04607,POT-0019,SHP-08,CDR-25,2024-10-30 06:29:08,28,96,PASS,Yarrow Ravenscroft
BRW-04608,POT-0069,SHP-15,CDR-22,2025-03-23T07:37:23Z,50,132,PASS,Juniper Hollowbranch
BRW-04609,POT-0106,SHP-08,CDR-09,2025-12-04 06:12:07,36,90,PASS,Cassia Everbright
BRW-04610,POT-0040,SHP-12,CDR-07,2024-08-14T11:14:15Z,17,59,pass,Thaddeus Frostpetal
BRW-04611,POT-0023,SHP-07,CDR-27,2024-12-17 09:00:51,27,134,pass,Belladonna Jackdaw
BRW-04612,POT-0113,SHP-08,CDR-15,2024-12-20T08:31:53Z,33,152,Pass,Kestrel Foxglove
BRW-04613,POT-0079,SHP-03,CDR-19,2024-07-26T10:12:09Z,39,91,pass,Morwenna Wandwright
BRW-04614,POT-0085,SHP-08,CDR-24,2024-10-23 07:26:59,32,137,pass,Wendeline Ashgrove
BRW-04615,POT-0089,SHP-04,CDR-15,2024-06-02 05:15:34,59,104,pass,Oswin Wyrmwood
BRW-04616,POT-0050,SHP-06,CDR-28,2026-05-26 10:35:50,11,142,fail,Vesper Emberwhisk
BRW-04617,POT-0027,SHP-09,CDR-01,2025-10-28T05:59:38Z,16,120,PASS,Gideon Moonbrook
BRW-04618,POT-0104,SHP-08,CDR-25,2024-06-14 10:06:25,60,144,PASS,Cassia Winterbourne
BRW-04619,POT-0048,SHP-13,CDR-02,2025-11-15T06:06:20Z,60,78,Pass,Wendeline Ashgrove
BRW-04620,POT-0105,SHP-08,CDR-29,2025-01-08T08:51:39Z,38,126,pass,Dorian Glimmerstone
BRW-04621,POT-0052,SHP-01,CDR-06,2026-06-14T07:06:36Z,36,109,pass,Cassia Everbright
BRW-04622,POT-0048,SHP-04,CDR-01,2025-07-23T10:23:09Z,53,108,pass,Cassia Winterbourne
BRW-04623,POT-0107,SHP-12,CDR-15,2025-08-18T08:33:11Z,57,43,pass,Grizelda Duskwater
BRW-04624,POT-0079,SHP-09,CDR-06,2024-12-26T06:47:02Z,44,57,pass,Gideon Thistledown
BRW-04625,POT-0009,SHP-06,CDR-23,2025-05-31T06:00:13Z,10,78,fail,Grizelda Duskwater
BRW-04626,POT-0059,SHP-07,CDR-23,2026-05-20T06:29:36Z,17,130,pass,Dorian Glimmerstone
BRW-04627,POT-0035,SHP-02,CDR-14,2024-10-23T08:44:13Z,60,63,fail,Yarrow Ravenscroft
BRW-04628,POT-0005,SHP-08,CDR-06,2024-11-25T10:11:15Z,53,63,pass,Ambrose Fernwhistle
BRW-04629,POT-0021,SHP-10,CDR-31,2025-06-30T10:04:40Z,35,102,pass,Morwenna Wandwright
BRW-04630,POT-0033,SHP-12,CDR-14,2025-08-22T07:17:58Z,58,94,pass,Nimbus Glimmerstone
BRW-04631,POT-0036,SHP-15,CDR-35,2026-02-20T10:21:36Z,38,88,pass,Maribel Netherfield
BRW-04632,POT-0118,SHP-07,CDR-30,2026-05-09T11:22:42Z,40,73,pass,Caspian Thistledown
BRW-04633,POT-0051,SHP-08,CDR-22,2026-02-02 09:45:46,25,48,pass,Cassia Everbright
BRW-04634,POT-0085,SHP-04,CDR-16,2024-06-28T08:14:56Z,60,148,pass,Grizelda Kilnworth
BRW-04635,POT-0120,SHP-14,CDR-12,2025-07-08 09:20:45,17,111,pass,Ambrose Winterbourne
BRW-04636,POT-0110,SHP-13,CDR-04,2025-09-11 05:39:51,36,100,pass,Morwenna Wandwright
BRW-04637,POT-0098,SHP-08,CDR-25,2025-11-18T06:12:46Z,32,92,pass,Lyra Winterbourne
BRW-04638,POT-0067,SHP-04,CDR-24,2025-02-26T11:26:43Z,34,74,pass,Grizelda Kilnworth
BRW-04639,POT-0094,SHP-13,CDR-06,2024-10-15 05:53:31,18,103,pass,Hesper Foxglove
BRW-04640,POT-0098,SHP-09,CDR-15,2026-05-30T08:14:59Z,54,97,Pass,Oleander Ravenscroft
BRW-04641,POT-0005,SHP-05,CDR-40,2026-06-12 10:12:49,36,35,pass,Dorian Mistlethorn
BRW-04642,POT-0085,SHP-03,CDR-40,2026-03-21 08:14:13,11,115,pass,Cassia Everbright
BRW-04643,POT-0097,SHP-06,CDR-29,2025-12-22 07:37:04,20,129,pass,Delphine Zellandine
BRW-04644,POT-0006,SHP-03,CDR-14,2025-11-16 05:29:52,47,111,pass,Delphine Zellandine
BRW-04645,POT-0066,SHP-11,CDR-12,2024-06-08T08:34:27Z,23,90,PASS,Lyra Winterbourne
BRW-04646,POT-0082,SHP-15,CDR-04,2026-02-19 11:04:05,27,57,pass,Delphine Zellandine
BRW-04647,POT-0034,SHP-15,CDR-08,2026-06-04T06:16:43Z,35,115,Pass,Belladonna Jackdaw
BRW-04648,POT-0055,SHP-10,CDR-19,2026-05-15T05:22:37Z,27,100,pass,Grizelda Kilnworth
BRW-04649,POT-0054,SHP-15,CDR-03,2025-12-27T10:59:01Z,57,48,pass,Kestrel Foxglove
BRW-04650,POT-0018,SHP-08,CDR-01,2024-05-05T10:45:25Z,45,46,pass,Vesper Emberwhisk
BRW-04651,POT-0044,SHP-11,CDR-23,2024-07-03T06:01:13Z,58,31,Pass,Cassia Everbright
BRW-04652,POT-0040,SHP-14,CDR-02,2025-04-12T10:20:16Z,10,49,pass,Maribel Netherfield
BRW-04653,POT-0100,SHP-10,CDR-19,2024-09-07 09:51:17,34,110,pass,Hesper Cinderfell
BRW-04654,POT-0090,SHP-06,CDR-35,2024-08-21 10:20:03,60,86,pass,Grizelda Duskwater
BRW-04655,POT-0040,SHP-05,CDR-39,2024-09-17 05:36:16,46,64,pass,Yarrow Ravenscroft
BRW-04656,POT-0051,SHP-02,CDR-24,2024-12-13T10:11:58Z,48,35,pass,Thaddeus Frostpetal
BRW-04657,POT-0111,SHP-05,CDR-03,2025-12-26T05:22:36Z,55,81,pass,Yarrow Ravenscroft
BRW-04658,POT-0060,SHP-11,CDR-17,2026-06-18T08:10:37Z,28,143,fail,Vesper Emberwhisk
BRW-04659,POT-0029,SHP-11,CDR-10,2024-08-03T06:03:20Z,28,,pass,Vesper Emberwhisk
BRW-04660,POT-0031,SHP-11,CDR-30,2026-04-16T11:48:52Z,21,61,PASS,Dorian Glimmerstone
BRW-04661,POT-0017,SHP-14,CDR-35,2025-06-09 11:16:02,51,183,pass,Ambrose Fernwhistle
BRW-04662,POT-0107,SHP-08,CDR-18,2026-04-27 09:12:24,49,68,pass,Oswin Wyrmwood
BRW-04663,POT-0002,SHP-09,CDR-30,2025-12-29T09:53:22Z,19,74,fail,Belladonna Jackdaw
BRW-04664,POT-0025,SHP-04,CDR-07,2025-11-02T06:33:57Z,27,59,pass,Caspian Thistledown
BRW-04665,POT-0052,SHP-07,CDR-19,2025-04-09T10:34:16Z,26,110,pass,Thaddeus Frostpetal
BRW-04666,POT-0023,SHP-07,CDR-21,2026-05-15T08:39:21Z,49,143,pass,Morwenna Wandwright
BRW-04667,POT-0036,SHP-10,CDR-18,2026-05-04T08:16:01Z,34,106,PASS,Ambrose Winterbourne
BRW-04668,POT-0053,SHP-09,CDR-33,2025-11-13T07:19:07Z,58,110,pass,Gideon Moonbrook
BRW-04669,POT-0001,SHP-11,CDR-24,2024-06-02T11:24:20Z,16,112,pass,Grizelda Kilnworth
BRW-04670,POT-0013,SHP-03,CDR-07,2026-03-21T10:51:34Z,13,73,Fail,Zephyrine Zellandine
BRW-04671,POT-0116,SHP-01,CDR-24,2025-01-06T08:12:10Z,46,99,pass,Hesper Foxglove
BRW-04672,POT-0082,SHP-03,CDR-38,2025-02-18 07:42:03,39,63,pass,Wendeline Ashgrove
BRW-04673,POT-0042,SHP-11,CDR-27,2025-03-24 07:39:54,24,96,PASS,Grizelda Duskwater
BRW-04674,POT-0022,SHP-14,CDR-38,2025-02-13T08:35:16Z,53,101,pass,Morwenna Wandwright
BRW-04675,POT-0024,SHP-03,CDR-06,2026-06-14T07:32:10Z,25,169,PASS,Cassia Everbright
BRW-04676,POT-0057,SHP-06,CDR-02,2025-02-27T08:14:12Z,56,66,pass,Cassia Everbright
BRW-04677,POT-0061,SHP-06,CDR-32,2024-07-03T06:04:30Z,49,96,fail,Ambrose Winterbourne
BRW-04678,POT-0119,SHP-13,CDR-21,2024-05-04T11:44:16Z,22,85,Fail,Oleander Ravenscroft
BRW-04679,POT-0081,SHP-11,CDR-06,2025-08-23T06:27:57Z,21,90,pass,Grizelda Duskwater
BRW-04680,POT-0012,SHP-11,CDR-09,2025-03-06T05:30:16Z,53,81,pass,Ambrose Fernwhistle
BRW-04681,POT-0098,SHP-04,CDR-14,2026-01-19T09:28:10Z,24,81,pass,Morwenna Wandwright
BRW-04682,POT-0033,SHP-01,CDR-34,2026-05-08T06:16:37Z,39,85,pass,Lyra Winterbourne
BRW-04683,POT-0072,SHP-07,CDR-05,2025-05-23T10:19:22Z,29,61,pass,Thaddeus Frostpetal
BRW-04684,POT-0084,SHP-08,CDR-19,2025-06-29T10:40:44Z,47,104,fail,Grizelda Kilnworth
BRW-04685,POT-0030,SHP-12,CDR-40,2025-09-25 11:51:09,21,47,pass,Maribel Netherfield
BRW-04686,POT-0054,SHP-11,CDR-06,2026-03-18T11:31:21Z,38,27,Pass,Oswin Wyrmwood
BRW-04687,POT-0045,SHP-05,CDR-16,2024-07-07T06:04:06Z,38,62,pass,Cassia Winterbourne
BRW-04688,POT-0052,SHP-02,CDR-19,2026-03-03 08:01:22,35,89,PASS,Nimbus Glimmerstone
BRW-04689,POT-0015,SHP-08,CDR-34,2026-01-16T07:01:50Z,31,90,pass,Grizelda Duskwater
BRW-04690,POT-0103,SHP-11,CDR-25,2024-05-29T06:42:33Z,30,102,pass,Grizelda Kilnworth
BRW-04691,POT-0008,SHP-09,CDR-10,2025-06-21T10:50:35Z,15,44,pass,Thaddeus Frostpetal
BRW-04692,POT-0005,SHP-08,CDR-16,2025-11-01 10:59:23,19,33,pass,Grizelda Duskwater
BRW-04693,POT-0020,SHP-06,CDR-22,2026-04-30T10:08:30Z,57,114,pass,Grizelda Kilnworth
BRW-04694,POT-0110,SHP-06,CDR-34,2025-03-19T07:24:55Z,16,153,pass,Vesper Emberwhisk
BRW-04695,POT-0003,SHP-06,CDR-07,2024-12-01T08:06:58Z,35,61,pass,Kestrel Foxglove
BRW-04696,POT-0103,SHP-04,CDR-16,2025-09-29 09:53:38,17,87,PASS,Cassia Winterbourne
BRW-04697,POT-0103,SHP-13,CDR-34,2024-07-25 10:35:42,41,91,pass,Delphine Mossheart
BRW-04698,POT-0043,SHP-08,CDR-17,2026-03-17 09:25:32,41,60,pass,Grizelda Kilnworth
BRW-04699,POT-0063,SHP-03,CDR-24,2024-09-25 10:04:06,36,60,Pass,Morwenna Wandwright
BRW-04700,POT-0061,SHP-12,CDR-13,2026-04-14T10:56:52Z,30,93,Pass,Juniper Hollowbranch
BRW-04701,POT-0098,SHP-13,CDR-02,2025-11-20 06:44:57,21,74,Pass,Delphine Mossheart
BRW-04702,POT-0030,SHP-08,CDR-12,2025-11-18 06:11:35,38,68,pass,Yarrow Ravenscroft
BRW-04703,POT-0118,SHP-09,CDR-18,2026-06-26T05:33:42Z,32,85,pass,Cassia Winterbourne
BRW-04704,POT-0105,SHP-01,CDR-13,2025-10-26T11:04:05Z,55,140,pass,Caspian Thistledown
BRW-04705,POT-0079,SHP-13,CDR-20,2025-02-19 05:44:47,39,77,Pass,Caspian Thistledown
BRW-04706,POT-0061,SHP-06,CDR-38,2024-07-10T05:12:17Z,48,93,pass,Lyra Winterbourne
BRW-04707,POT-0006,SHP-01,CDR-04,2026-04-25T09:49:22Z,13,125,pass,Morwenna Wandwright
BRW-04708,POT-0006,SHP-02,CDR-09,2026-03-15 07:18:03,55,124,PASS,Grizelda Kilnworth
BRW-04709,POT-0113,SHP-07,CDR-01,2025-04-12 08:53:21,43,152,PASS,Kestrel Foxglove
BRW-04710,POT-0107,SHP-15,CDR-15,2026-06-05 05:05:22,26,43,pass,Cassia Everbright
BRW-04711,POT-0049,SHP-10,CDR-23,2025-12-26T10:10:34Z,48,134,pass,Vesper Emberwhisk
BRW-04712,POT-0001,SHP-04,CDR-30,2026-05-08T10:55:36Z,45,89,pass,Zephyrine Zellandine
BRW-04713,POT-0078,SHP-08,CDR-36,2025-10-07 08:18:13,60,85,pass,Delphine Zellandine
BRW-04714,POT-0004,SHP-06,CDR-09,2024-07-30 10:34:32,37,116,PASS,Maribel Netherfield
BRW-04715,POT-0065,SHP-10,CDR-28,2025-06-15T08:16:07Z,50,58,pass,Hesper Foxglove
BRW-04716,POT-0042,SHP-11,CDR-27,2025-03-30 08:14:33,49,130,PASS,Gideon Moonbrook
BRW-04717,POT-0082,SHP-12,CDR-03,2025-06-18T06:05:38Z,28,39,pass,Vesper Emberwhisk
BRW-04718,POT-0057,SHP-13,CDR-29,2025-05-14 08:32:59,54,63,fail,Umbra Thistledown
BRW-04719,POT-0109,SHP-07,CDR-34,2026-04-02T08:29:06Z,57,118,pass,Ambrose Winterbourne
BRW-04720,POT-0031,SHP-04,CDR-37,2026-05-19 07:21:02,49,55,pass,Grizelda Kilnworth
BRW-04721,POT-0105,SHP-07,CDR-15,2024-09-29 07:00:01,27,132,pass,Yarrow Ravenscroft
BRW-04722,POT-0025,SHP-13,CDR-23,2025-05-22 10:16:50,18,83,pass,Thaddeus Frostpetal
BRW-04723,POT-0062,SHP-09,CDR-22,2025-11-12T10:19:24Z,29,172,pass,Morwenna Wandwright
BRW-04724,POT-0058,SHP-15,CDR-21,2026-05-10T06:10:12Z,52,122,PASS,Caspian Thistledown
BRW-04725,POT-0107,SHP-06,CDR-35,2025-07-08T09:04:50Z,11,59,pass,Nimbus Glimmerstone
BRW-04726,POT-0101,SHP-01,CDR-25,2025-10-03T05:08:33Z,25,130,Pass,Wendeline Ashgrove
BRW-04727,POT-0085,SHP-07,CDR-33,2025-03-27T05:49:03Z,54,119,pass,Gideon Thistledown
BRW-04728,POT-0104,SHP-04,CDR-28,2025-03-01T05:03:54Z,59,111,pass,Dorian Glimmerstone
BRW-04729,POT-0010,SHP-03,CDR-31,2026-05-12 05:19:37,12,130,fail,Belladonna Jackdaw
BRW-04730,POT-0113,SHP-13,CDR-12,2025-12-27T10:12:57Z,28,166,Pass,Cassia Winterbourne
BRW-04731,POT-0105,SHP-15,CDR-23,2026-05-11T05:18:57Z,13,130,Pass,Gideon Moonbrook
BRW-04732,POT-0013,SHP-06,CDR-30,2026-01-15T09:06:41Z,40,56,pass,Ambrose Winterbourne
BRW-04733,POT-0101,SHP-08,CDR-05,2024-08-14 10:39:33,32,164,pass,Maribel Netherfield
BRW-04734,POT-0073,SHP-12,CDR-23,2024-06-26 06:02:36,13,54,pass,Vesper Emberwhisk
BRW-04735,POT-0099,SHP-05,CDR-02,2026-05-22T06:25:33Z,57,124,pass,Thaddeus Frostpetal
BRW-04736,POT-0065,SHP-10,CDR-19,2025-12-15T05:45:43Z,39,46,pass,Dorian Glimmerstone
BRW-04737,POT-0073,SHP-12,CDR-28,2026-02-08T07:03:30Z,40,53,Pass,Ambrose Fernwhistle
BRW-04738,POT-0013,SHP-08,CDR-31,2026-02-06T07:14:10Z,30,67,Pass,Dorian Mistlethorn
BRW-04739,POT-0101,SHP-08,CDR-13,2025-12-05T11:55:11Z,10,136,pass,Ambrose Fernwhistle
BRW-04740,POT-0024,SHP-13,CDR-24,2025-04-14T06:18:36Z,45,116,pass,Delphine Zellandine
BRW-04741,POT-0112,SHP-06,CDR-40,2025-06-10 08:49:27,24,71,PASS,Lyra Winterbourne
BRW-04742,POT-0058,SHP-15,CDR-12,2026-04-18T10:38:38Z,41,124,pass,Grizelda Duskwater
BRW-04743,POT-0006,SHP-14,CDR-23,2025-12-04T07:45:35Z,53,158,pass,Yarrow Ravenscroft
BRW-04744,POT-0107,SHP-05,CDR-31,2025-12-08T09:54:16Z,15,50,Pass,Oleander Ravenscroft
BRW-04745,POT-0038,SHP-13,CDR-13,2026-06-18T10:06:49Z,18,55,pass,Dorian Glimmerstone
BRW-04746,POT-0074,SHP-10,CDR-22,2026-04-01T07:05:49Z,20,94,FAIL,Thaddeus Frostpetal
BRW-04747,POT-0081,SHP-14,CDR-08,2025-05-24T06:48:16Z,14,105,Pass,Delphine Mossheart
BRW-04748,POT-0024,SHP-11,CDR-21,2024-12-04T08:28:14Z,28,111,pass,Grizelda Kilnworth
BRW-04749,POT-0036,SHP-07,CDR-05,2025-05-01T11:15:48Z,26,77,pass,Umbra Thistledown
BRW-04750,POT-0104,SHP-05,CDR-19,2025-01-04T08:09:54Z,28,144,fail,Wendeline Ashgrove
BRW-04751,POT-0108,SHP-02,CDR-09,2025-02-16T08:29:01Z,16,94,pass,Yarrow Ravenscroft
BRW-04752,POT-0084,SHP-09,CDR-15,2024-11-25 06:42:06,23,139,pass,Vesper Emberwhisk
BRW-04753,POT-0109,SHP-04,CDR-15,2026-03-26 08:10:54,54,134,pass,Zephyrine Zellandine
BRW-04754,POT-0095,SHP-11,CDR-07,2025-06-30 06:41:26,32,139,pass,Ambrose Fernwhistle
BRW-04755,POT-0100,SHP-13,CDR-03,2025-04-13 07:34:53,50,84,fail,Grizelda Kilnworth
BRW-04756,POT-0023,SHP-05,CDR-14,2024-06-09T08:39:53Z,28,143,pass,Grizelda Duskwater
BRW-04757,POT-0034,SHP-11,CDR-03,2025-11-11 07:45:22,40,119,pass,Grizelda Kilnworth
BRW-04758,POT-0009,SHP-04,CDR-02,2024-06-20 05:59:22,19,123,pass,Grizelda Kilnworth
BRW-04759,POT-0045,SHP-10,CDR-15,2024-12-26T11:39:18Z,33,33,pass,Cassia Winterbourne
BRW-04760,POT-0012,SHP-01,CDR-19,2026-04-13T10:50:53Z,33,52,pass,Morwenna Wandwright
BRW-04761,POT-0039,SHP-11,CDR-34,2025-05-31T11:03:31Z,11,172,Pass,Nimbus Glimmerstone
BRW-04762,POT-0002,SHP-13,CDR-21,2024-06-19T07:51:27Z,22,104,pass,Grizelda Duskwater
BRW-04763,POT-0025,SHP-07,CDR-15,2025-10-16T10:08:48Z,22,42,pass,Zephyrine Zellandine
BRW-04764,POT-0022,SHP-01,CDR-06,2025-02-04T10:21:14Z,15,107,pass,Dorian Mistlethorn
BRW-04765,POT-0107,SHP-05,CDR-01,2025-10-12 08:10:49,29,54,pass,Dorian Glimmerstone
BRW-04766,POT-0030,SHP-04,CDR-40,2026-05-24T07:20:01Z,15,52,pass,Dorian Glimmerstone
BRW-04767,POT-0015,SHP-11,CDR-35,2025-11-12 08:38:58,27,119,pass,Morwenna Wandwright
BRW-04768,POT-0006,SHP-12,CDR-11,2025-11-01 09:10:13,52,150,pass,Caspian Thistledown
BRW-04769,POT-0097,SHP-02,CDR-37,2026-02-14T05:53:07Z,12,124,pass,Lyra Winterbourne
BRW-04770,POT-0036,SHP-12,CDR-38,2025-06-13T08:49:30Z,27,110,Pass,Wendeline Ashgrove
BRW-04771,POT-0002,SHP-02,CDR-26,2025-03-15T10:22:46Z,48,99,pass,Gideon Thistledown
BRW-04772,POT-0027,SHP-03,CDR-03,2025-11-22T09:48:41Z,15,116,PASS,Yarrow Ravenscroft
BRW-04773,POT-0090,SHP-01,CDR-04,2024-12-24T10:53:08Z,17,97,Pass,Ambrose Fernwhistle
BRW-04774,POT-0094,SHP-05,CDR-34,2024-07-29 09:01:53,19,103,pass,Belladonna Jackdaw
BRW-04775,POT-0116,SHP-14,CDR-22,2025-04-22T10:37:38Z,32,92,pass,Wendeline Ashgrove
BRW-04776,POT-0095,SHP-13,CDR-36,2025-06-19 08:53:03,35,119,pass,Delphine Mossheart
BRW-04777,POT-0031,SHP-15,CDR-26,2026-02-21T11:19:49Z,40,54,pass,Grizelda Duskwater
BRW-04778,POT-0086,SHP-13,CDR-39,2026-05-31T09:30:09Z,18,75,Pass,Hesper Cinderfell
BRW-04779,POT-0095,SHP-12,CDR-18,2026-06-05T05:18:24Z,51,124,PASS,Thaddeus Frostpetal
BRW-04780,POT-0091,SHP-06,CDR-28,2026-05-13 09:08:59,40,55,pass,Belladonna Jackdaw
BRW-04781,POT-0040,SHP-05,CDR-22,2025-11-27 07:34:39,43,58,pass,Oswin Wyrmwood
BRW-04782,POT-0109,SHP-09,CDR-04,2025-02-25 05:33:46,19,151,pass,Hesper Cinderfell
BRW-04783,POT-0120,SHP-14,CDR-27,2026-03-05 09:31:34,34,88,Pass,Gideon Thistledown
BRW-04784,POT-0064,SHP-14,CDR-30,2025-06-28T09:10:23Z,29,120,FAIL,Morwenna Wandwright
BRW-04785,POT-0019,SHP-07,CDR-01,2025-12-06T10:47:47Z,22,84,fail,Wendeline Ashgrove
BRW-04786,POT-0027,SHP-03,CDR-37,2025-02-25T09:34:28Z,47,98,pass,Lyra Winterbourne
BRW-04787,POT-0044,SHP-02,CDR-34,2025-05-22T08:56:08Z,45,45,pass,Morwenna Wandwright
BRW-04788,POT-0055,SHP-08,CDR-28,2026-04-09 11:00:51,38,77,pass,Cassia Everbright
BRW-04789,POT-0101,SHP-13,CDR-31,2026-01-06T07:44:00Z,37,134,pass,Grizelda Duskwater
BRW-04790,POT-0087,SHP-10,CDR-19,2026-03-25T05:30:15Z,49,68,pass,Oswin Wyrmwood
BRW-04791,POT-0086,SHP-10,CDR-18,2026-05-31 10:01:01,56,51,pass,Gideon Moonbrook
BRW-04792,POT-0085,SHP-12,CDR-15,2026-02-27T06:31:33Z,41,100,pass,Kestrel Foxglove
BRW-04793,POT-0011,SHP-02,CDR-20,2024-05-14T11:50:07Z,37,138,Pass,Morwenna Wandwright
BRW-04794,POT-0078,SHP-03,CDR-07,2026-01-19T07:33:38Z,45,104,pass,Ambrose Fernwhistle
BRW-04795,POT-0065,SHP-10,CDR-11,2026-05-23T08:51:15Z,40,51,Pass,Cassia Winterbourne
BRW-04796,POT-0108,SHP-02,CDR-16,2026-05-10 06:59:00,35,53,pass,Nimbus Glimmerstone
BRW-04797,POT-0041,SHP-05,CDR-23,2025-07-16 07:57:53,40,131,pass,Morwenna Wandwright
BRW-04798,POT-0028,SHP-07,CDR-20,2026-04-17T05:30:16Z,54,68,pass,Oleander Ravenscroft
BRW-04799,POT-0047,SHP-01,CDR-07,2025-02-06T11:58:37Z,18,131,PASS,Ambrose Winterbourne
BRW-04800,POT-0085,SHP-10,CDR-24,2025-08-04 10:19:23,52,140,Fail,Wendeline Ashgrove
BRW-04801,POT-0093,SHP-12,CDR-06,2025-04-10T08:05:42Z,26,104,Pass,Umbra Thistledown
BRW-04802,POT-0119,SHP-12,CDR-18,2025-05-21 09:34:59,44,69,pass,Umbra Thistledown
BRW-04803,POT-0005,SHP-01,CDR-06,2025-01-30T09:14:29Z,33,38,Pass,Delphine Zellandine
BRW-04804,POT-0100,SHP-10,CDR-05,2025-08-18T09:01:03Z,20,92,pass,Oswin Wyrmwood
BRW-04805,POT-0023,SHP-01,CDR-32,2024-05-24T08:18:02Z,40,123,pass,Ambrose Winterbourne
BRW-04806,POT-0022,SHP-13,CDR-25,2024-11-01T08:50:16Z,31,112,Pass,Maribel Netherfield
BRW-04807,POT-0119,SHP-08,CDR-20,2026-04-20T07:48:04Z,15,73,PASS,Wendeline Ashgrove
BRW-04808,POT-0003,SHP-08,CDR-36,2024-07-09T07:04:56Z,11,55,Pass,Juniper Hollowbranch
BRW-04809,POT-0098,SHP-10,CDR-28,2025-06-29T10:46:25Z,46,91,pass,Hesper Cinderfell
BRW-04810,POT-0007,SHP-06,CDR-30,2026-06-07 09:24:31,14,126,Pass,Dorian Glimmerstone
BRW-04811,POT-0098,SHP-13,CDR-23,2026-05-25 06:04:52,35,96,pass,Cassia Everbright
BRW-04812,POT-0111,SHP-02,CDR-35,2025-12-30 05:36:14,11,62,Pass,Ambrose Winterbourne
BRW-04813,POT-0082,SHP-09,CDR-29,2024-07-12T11:42:29Z,30,54,pass,Wendeline Ashgrove
BRW-04814,POT-0088,SHP-10,CDR-31,2026-01-02T06:39:07Z,26,111,PASS,Oleander Ravenscroft
BRW-04815,POT-0022,SHP-02,CDR-32,2026-02-21T06:40:52Z,11,116,fail,Dorian Mistlethorn
BRW-04816,POT-0095,SHP-14,CDR-32,2025-08-09T07:58:08Z,39,142,pass,Hesper Foxglove
BRW-04817,POT-0106,SHP-02,CDR-24,2026-05-11T10:24:03Z,12,76,pass,Grizelda Kilnworth
BRW-04818,POT-0016,SHP-04,CDR-01,2026-04-19 07:53:18,55,126,Pass,Ambrose Fernwhistle
BRW-04819,POT-0020,SHP-05,CDR-02,2025-12-24 07:23:01,30,98,FAIL,Maribel Netherfield
BRW-04820,POT-0111,SHP-04,CDR-21,2026-05-26T09:56:50Z,43,37,pass,Belladonna Jackdaw
BRW-04821,POT-0034,SHP-13,CDR-31,2025-02-12T08:23:57Z,15,132,pass,Morwenna Wandwright
BRW-04822,POT-0072,SHP-12,CDR-03,2025-10-13T09:56:32Z,53,111,pass,Delphine Zellandine
BRW-04823,POT-0093,SHP-13,CDR-10,2024-12-22 09:37:56,55,106,Pass,Belladonna Jackdaw
BRW-04824,POT-0069,SHP-08,CDR-27,2026-01-31T05:57:22Z,16,112,Pass,Cassia Winterbourne
BRW-04825,POT-0054,SHP-14,CDR-13,2026-06-01T05:55:24Z,10,23,Pass,Caspian Thistledown
BRW-04826,POT-0094,SHP-02,CDR-12,2026-01-16 07:31:19,20,105,Pass,Grizelda Kilnworth
BRW-04827,POT-0016,SHP-11,CDR-18,2026-04-18T09:20:36Z,44,133,pass,Caspian Thistledown
BRW-04828,POT-0032,SHP-09,CDR-23,2026-05-03 07:02:39,36,95,Pass,Oleander Ravenscroft
BRW-04829,POT-0104,SHP-12,CDR-15,2024-08-14T05:11:37Z,60,157,PASS,Ambrose Fernwhistle
BRW-04830,POT-0017,SHP-03,CDR-11,2024-06-24T10:25:08Z,27,115,pass,Cassia Winterbourne
BRW-04831,POT-0084,SHP-12,CDR-12,2025-01-30T11:09:30Z,59,100,PASS,Lyra Winterbourne
BRW-04832,POT-0089,SHP-06,CDR-40,2025-01-09T10:16:45Z,47,93,pass,Delphine Zellandine
BRW-04833,POT-0061,SHP-03,CDR-12,2026-03-25T05:38:55Z,53,90,PASS,Belladonna Jackdaw
BRW-04834,POT-0105,SHP-12,CDR-07,2026-06-25 07:20:56,55,148,pass,Yarrow Ravenscroft
BRW-04835,POT-0038,SHP-03,CDR-02,2025-03-30 08:31:58,57,27,PASS,Morwenna Wandwright
BRW-04836,POT-0077,SHP-03,CDR-38,2025-10-26 10:40:22,43,82,pass,Kestrel Foxglove
BRW-04837,POT-0007,SHP-10,CDR-05,2026-04-10T08:54:20Z,37,153,pass,Oleander Ravenscroft
BRW-04838,POT-0084,SHP-03,CDR-35,2025-01-23 08:43:53,39,74,pass,Kestrel Foxglove
BRW-04839,POT-0097,SHP-14,CDR-11,2026-03-28 07:32:01,43,131,pass,Hesper Foxglove
BRW-04840,POT-0094,SHP-07,CDR-15,2026-05-18 10:04:57,54,108,pass,Vesper Emberwhisk
BRW-04841,POT-0065,SHP-03,CDR-01,2025-07-10T10:54:43Z,18,53,Fail,Dorian Glimmerstone
BRW-04842,POT-0015,SHP-13,CDR-34,2026-03-14 08:04:18,14,113,pass,Zephyrine Zellandine
BRW-04843,POT-0009,SHP-01,CDR-22,2024-07-14T06:18:08Z,37,67,pass,Grizelda Kilnworth
BRW-04844,POT-0108,SHP-14,CDR-07,2025-06-09T11:35:08Z,50,69,pass,Oswin Wyrmwood
BRW-04845,POT-0120,SHP-14,CDR-31,2024-12-26T05:01:52Z,29,77,Pass,Gideon Thistledown
BRW-04846,POT-0085,SHP-14,CDR-36,2025-12-18T10:20:29Z,33,107,pass,Grizelda Kilnworth
BRW-04847,POT-0077,SHP-10,CDR-08,2026-03-08T10:25:34Z,15,121,pass,Gideon Moonbrook
BRW-04848,POT-0029,SHP-02,CDR-09,2025-09-06 06:29:26,43,90,pass,Morwenna Wandwright
BRW-04849,POT-0079,SHP-02,CDR-26,2026-03-28 09:25:29,46,73,pass,Belladonna Jackdaw
BRW-04850,POT-0010,SHP-14,CDR-11,2026-04-11 07:38:59,13,138,pass,Vesper Emberwhisk
BRW-04851,POT-0037,SHP-15,CDR-19,2025-10-02 10:40:27,21,57,pass,Belladonna Jackdaw
BRW-04852,POT-0062,SHP-01,CDR-02,2025-11-20T11:29:02Z,54,,pass,Yarrow Ravenscroft
BRW-04853,POT-0046,SHP-04,CDR-04,2026-02-27T11:12:45Z,59,38,PASS,Umbra Thistledown
BRW-04854,POT-0009,SHP-12,CDR-08,2024-06-23 11:44:42,51,53,pass,Cassia Everbright
BRW-04855,POT-0068,SHP-10,CDR-11,2026-06-22T07:51:50Z,42,57,Pass,Kestrel Foxglove
BRW-04856,POT-0065,SHP-02,CDR-31,2025-09-09T07:31:30Z,31,59,pass,Cassia Winterbourne
BRW-04857,POT-0027,SHP-02,CDR-36,2025-10-28 09:21:18,32,151,pass,Umbra Thistledown
BRW-04858,POT-0079,SHP-09,CDR-19,2024-10-22T05:50:34Z,52,45,pass,Gideon Thistledown
BRW-04859,POT-0097,SHP-12,CDR-40,2026-01-06T08:53:42Z,16,144,PASS,Morwenna Wandwright
BRW-04860,POT-0039,SHP-14,CDR-33,2025-08-30T08:08:36Z,57,131,pass,Lyra Winterbourne
BRW-04861,POT-0118,SHP-05,CDR-07,2026-04-29T05:25:51Z,42,68,pass,Nimbus Glimmerstone
BRW-04862,POT-0100,SHP-03,CDR-16,2024-11-21 07:02:45,55,106,pass,Cassia Winterbourne
BRW-04863,POT-0046,SHP-13,CDR-30,2026-03-01T06:22:59Z,19,74,pass,Grizelda Duskwater
BRW-04864,POT-0018,SHP-01,CDR-06,2025-04-11T10:35:13Z,37,45,pass,Oleander Ravenscroft
BRW-04865,POT-0104,SHP-15,CDR-08,2025-04-28 06:03:22,45,144,pass,Oleander Ravenscroft
BRW-04866,POT-0053,SHP-02,CDR-18,2024-06-23T07:03:03Z,39,102,pass,Wendeline Ashgrove
BRW-04867,POT-0079,SHP-13,CDR-38,2026-01-13 05:06:44,29,71,PASS,Dorian Mistlethorn
BRW-04868,POT-0066,SHP-08,CDR-05,2025-10-28T07:09:19Z,53,120,Pass,Cassia Everbright
BRW-04869,POT-0006,SHP-07,CDR-08,2025-12-23T09:25:46Z,27,132,Pass,Grizelda Duskwater
BRW-04870,POT-0047,SHP-11,CDR-10,2025-08-27T05:26:51Z,30,125,pass,Morwenna Wandwright
BRW-04871,POT-0103,SHP-06,CDR-19,2024-05-30T11:18:00Z,22,98,pass,Thaddeus Frostpetal
BRW-04872,POT-0056,SHP-08,CDR-23,2026-04-21T09:19:28Z,10,86,pass,Ambrose Winterbourne
BRW-04873,POT-0018,SHP-10,CDR-25,2025-12-01 10:29:04,48,47,FAIL,Lyra Winterbourne
BRW-04874,POT-0007,SHP-12,CDR-08,2026-04-12T11:47:14Z,15,147,pass,Lyra Winterbourne
BRW-04875,POT-0059,SHP-04,CDR-32,2026-05-03T05:29:52Z,57,103,pass,Nimbus Glimmerstone
BRW-04876,POT-0074,SHP-02,CDR-15,2026-04-12T08:32:55Z,25,115,PASS,Belladonna Jackdaw
BRW-04877,POT-0085,SHP-06,CDR-12,2026-05-14 06:59:21,50,83,pass,Caspian Thistledown
BRW-04878,POT-0068,SHP-06,CDR-26,2024-09-27 11:36:37,58,71,pass,Gideon Moonbrook
BRW-04879,POT-0071,SHP-11,CDR-13,2025-04-19T09:52:01Z,55,82,Fail,Ambrose Winterbourne
BRW-04880,POT-0043,SHP-05,CDR-09,2025-08-16 11:30:41,39,36,pass,Umbra Thistledown
BRW-04881,POT-0013,SHP-15,CDR-18,2026-03-10 06:20:42,39,92,pass,Yarrow Ravenscroft
BRW-04882,POT-0029,SHP-15,CDR-28,2024-05-14T10:12:58Z,17,67,pass,Yarrow Ravenscroft
BRW-04883,POT-0106,SHP-12,CDR-19,2026-04-23 10:42:49,15,90,pass,Umbra Thistledown
BRW-04884,POT-0042,SHP-09,CDR-19,2024-07-29T06:41:24Z,13,119,pass,Oleander Ravenscroft
BRW-04885,POT-0111,SHP-03,CDR-05,2025-12-29T07:57:38Z,35,47,pass,Maribel Netherfield
BRW-04886,POT-0112,SHP-07,CDR-39,2025-05-14 10:21:31,50,72,Pass,Kestrel Foxglove
BRW-04887,POT-0120,SHP-15,CDR-24,2026-04-19 09:52:24,28,94,pass,Juniper Hollowbranch
BRW-04888,POT-0046,SHP-15,CDR-22,2025-06-17 06:31:50,54,64,PASS,Vesper Emberwhisk
BRW-04889,POT-0037,SHP-03,CDR-25,2025-10-20 10:54:57,50,80,pass,Lyra Winterbourne
BRW-04890,POT-0039,SHP-08,CDR-18,2026-02-28T07:15:27Z,30,128,Pass,Juniper Hollowbranch
BRW-04891,POT-0106,SHP-13,CDR-35,2025-09-02 09:23:54,11,,Pass,Lyra Winterbourne
BRW-04892,POT-0069,SHP-04,CDR-29,2025-10-01T05:07:21Z,56,131,pass,Lyra Winterbourne
BRW-04893,POT-0024,SHP-08,CDR-23,2026-03-13 06:39:09,30,122,pass,Hesper Cinderfell
BRW-04894,POT-0107,SHP-13,CDR-13,2026-01-05T05:06:49Z,26,37,pass,Delphine Zellandine
BRW-04895,POT-0066,SHP-06,CDR-34,2025-05-11T05:28:12Z,29,110,pass,Juniper Hollowbranch
BRW-04896,POT-0105,SHP-08,CDR-04,2025-02-20T10:47:18Z,18,120,pass,Thaddeus Frostpetal
BRW-04897,POT-0107,SHP-15,CDR-11,2026-01-27 11:36:41,15,63,Fail,Ambrose Winterbourne
BRW-04898,POT-0097,SHP-08,CDR-29,2026-03-06T06:28:37Z,18,116,pass,Delphine Zellandine
BRW-04899,POT-0070,SHP-11,CDR-39,2025-10-05T05:48:45Z,16,118,pass,Nimbus Glimmerstone
BRW-04900,POT-0042,SHP-04,CDR-23,2025-04-23 08:21:13,57,107,pass,Morwenna Wandwright
BRW-04901,POT-0091,SHP-01,CDR-40,2025-10-28T05:10:40Z,25,58,Pass,Umbra Thistledown
BRW-04902,POT-0061,SHP-12,CDR-20,2026-02-11T11:44:50Z,11,61,Pass,Maribel Netherfield
BRW-04903,POT-0027,SHP-10,CDR-24,2026-02-01 08:26:54,11,123,pass,Dorian Mistlethorn
BRW-04904,POT-0038,SHP-07,CDR-11,2024-11-11 09:15:30,55,,pass,Dorian Mistlethorn
BRW-04905,POT-0038,SHP-08,CDR-05,2024-08-09 06:23:03,10,44,pass,Oleander Ravenscroft
BRW-04906,POT-0048,SHP-02,CDR-32,2026-06-22 09:26:47,48,119,pass,Morwenna Wandwright
BRW-04907,POT-0008,SHP-14,CDR-25,2026-01-20T11:26:16Z,16,57,Pass,Ambrose Winterbourne
BRW-04908,POT-0119,SHP-06,CDR-06,2024-12-14T05:06:55Z,19,80,pass,Grizelda Duskwater
BRW-04909,POT-0092,SHP-01,CDR-16,2024-11-12 05:45:08,38,50,fail,Oswin Wyrmwood
BRW-04910,POT-0021,SHP-14,CDR-12,2026-01-17 11:54:13,59,83,pass,Delphine Mossheart
BRW-04911,POT-0066,SHP-14,CDR-30,2024-05-15T07:17:53Z,46,124,pass,Morwenna Wandwright
BRW-04912,POT-0102,SHP-07,CDR-18,2024-07-24T05:13:52Z,36,53,Fail,Zephyrine Zellandine
BRW-04913,POT-0054,SHP-04,CDR-03,2026-01-23 11:57:11,17,55,pass,Grizelda Kilnworth
BRW-04914,POT-0103,SHP-05,CDR-04,2024-07-24 05:09:56,52,85,pass,Ambrose Winterbourne
BRW-04915,POT-0037,SHP-05,CDR-15,2025-12-04T11:31:50Z,48,113,PASS,Wendeline Ashgrove
BRW-04916,POT-0116,SHP-07,CDR-07,2025-04-04 11:47:27,58,117,pass,Zephyrine Zellandine
BRW-04917,POT-0040,SHP-13,CDR-03,2025-09-03 08:36:34,26,34,pass,Belladonna Jackdaw
BRW-04918,POT-0116,SHP-12,CDR-07,2025-07-30 09:44:56,48,109,pass,Maribel Netherfield
BRW-04919,POT-0038,SHP-07,CDR-35,2025-03-30 08:30:10,15,35,Pass,Ambrose Fernwhistle
BRW-04920,POT-0111,SHP-15,CDR-08,2026-03-15T08:34:35Z,19,60,Pass,Delphine Zellandine
BRW-04921,POT-0036,SHP-12,CDR-23,2025-03-07T06:14:37Z,56,100,pass,Grizelda Kilnworth
BRW-04922,POT-0093,SHP-10,CDR-07,2026-02-14 08:18:51,33,101,pass,Gideon Moonbrook
BRW-04923,POT-0098,SHP-13,CDR-17,2025-12-26 05:21:27,44,75,pass,Gideon Moonbrook
BRW-04924,POT-0022,SHP-09,CDR-09,2026-03-06T09:01:17Z,46,129,pass,Gideon Moonbrook
BRW-04925,POT-0108,SHP-09,CDR-11,2025-05-30T07:04:23Z,56,76,PASS,Wendeline Ashgrove
BRW-04926,POT-0052,SHP-11,CDR-18,2024-09-15 05:49:20,38,112,PASS,Grizelda Kilnworth
BRW-04927,POT-0044,SHP-11,CDR-30,2025-01-14T09:17:31Z,53,34,pass,Belladonna Jackdaw
BRW-04928,POT-0047,SHP-04,CDR-35,2026-06-26T05:11:13Z,36,86,pass,Morwenna Wandwright
BRW-04929,POT-0070,SHP-12,CDR-23,2025-10-01T07:40:06Z,52,157,Pass,Zephyrine Zellandine
BRW-04930,POT-0089,SHP-09,CDR-31,2025-09-17T07:26:40Z,13,129,Pass,Dorian Glimmerstone
BRW-04931,POT-0120,SHP-12,CDR-06,2025-09-04 10:12:29,44,91,Pass,Juniper Hollowbranch
BRW-04932,POT-0042,SHP-14,CDR-11,2024-12-05 06:31:00,25,74,pass,Gideon Moonbrook
BRW-04933,POT-0093,SHP-14,CDR-14,2024-09-29T09:14:09Z,54,85,PASS,Cassia Winterbourne
BRW-04934,POT-0076,SHP-14,CDR-22,2026-02-26T08:22:15Z,34,37,pass,Gideon Thistledown
BRW-04935,POT-0082,SHP-14,CDR-08,2025-10-23T09:12:50Z,22,58,pass,Ambrose Winterbourne
BRW-04936,POT-0090,SHP-07,CDR-18,2025-08-18T09:57:35Z,58,75,pass,Hesper Cinderfell
BRW-04937,POT-0042,SHP-05,CDR-39,2025-02-02T06:26:51Z,43,127,pass,Wendeline Ashgrove
BRW-04938,POT-0063,SHP-02,CDR-01,2026-05-18T07:24:23Z,30,81,pass,Hesper Cinderfell
BRW-04939,POT-0113,SHP-09,CDR-40,2026-06-06T11:31:12Z,44,130,fail,Grizelda Duskwater
BRW-04940,POT-0030,SHP-13,CDR-19,2026-01-10T06:35:45Z,43,90,pass,Vesper Emberwhisk
BRW-04941,POT-0094,SHP-15,CDR-07,2024-08-02T10:35:25Z,35,101,pass,Thaddeus Frostpetal
BRW-04942,POT-0055,SHP-06,CDR-28,2026-05-21T11:05:57Z,25,96,pass,Cassia Everbright
BRW-04943,POT-0102,SHP-04,CDR-21,2025-04-07 05:24:09,19,84,pass,Cassia Winterbourne
BRW-04944,POT-0057,SHP-04,CDR-23,2025-03-28T07:05:18Z,43,56,pass,Delphine Mossheart
BRW-04945,POT-0105,SHP-14,CDR-32,2024-10-15T07:27:41Z,54,160,pass,Hesper Cinderfell
BRW-04946,POT-0054,SHP-01,CDR-02,2026-01-01 11:33:51,14,42,pass,Lyra Winterbourne
BRW-04947,POT-0114,SHP-03,CDR-01,2024-05-03 11:11:38,57,58,pass,Wendeline Ashgrove
BRW-04948,POT-0049,SHP-03,CDR-11,2026-06-11T08:47:46Z,49,136,pass,Cassia Winterbourne
BRW-04949,POT-0055,SHP-07,CDR-15,2025-11-11T07:02:22Z,50,104,Pass,Cassia Winterbourne
BRW-04950,POT-0006,SHP-15,CDR-39,2026-05-22T09:36:21Z,21,125,pass,Oleander Ravenscroft
BRW-04951,POT-0016,SHP-15,CDR-38,2026-03-24T09:52:26Z,51,108,pass,Dorian Mistlethorn
BRW-04952,POT-0004,SHP-05,CDR-31,2026-04-30T07:16:22Z,41,93,fail,Vesper Emberwhisk
BRW-04953,POT-0040,SHP-01,CDR-31,2025-05-26 08:59:29,31,50,pass,Vesper Emberwhisk
BRW-04954,POT-0109,SHP-15,CDR-08,2025-11-06 08:12:21,17,137,PASS,Dorian Mistlethorn
BRW-04955,POT-0100,SHP-15,CDR-16,2026-05-12T05:48:28Z,54,88,pass,Delphine Mossheart
BRW-04956,POT-0043,SHP-12,CDR-20,2026-03-03T05:03:12Z,24,62,Pass,Umbra Thistledown
BRW-04957,POT-0069,SHP-14,CDR-19,2024-09-13 11:54:20,22,130,Pass,Nimbus Glimmerstone
BRW-04958,POT-0113,SHP-14,CDR-15,2026-02-26T10:28:46Z,46,134,Pass,Morwenna Wandwright
BRW-04959,POT-0019,SHP-10,CDR-38,2025-11-14T10:07:49Z,17,99,pass,Cassia Everbright
BRW-04960,POT-0119,SHP-04,CDR-12,2026-03-21 09:01:54,44,57,pass,Lyra Winterbourne
BRW-04961,POT-0097,SHP-03,CDR-35,2026-03-01T05:09:36Z,26,145,pass,Grizelda Duskwater
BRW-04962,POT-0031,SHP-07,CDR-25,2026-02-14T06:34:38Z,39,32,pass,Dorian Glimmerstone
BRW-04963,POT-0024,SHP-08,CDR-25,2024-05-19 05:24:19,58,156,Pass,Dorian Mistlethorn
BRW-04964,POT-0094,SHP-01,CDR-22,2024-11-16T09:55:48Z,24,92,pass,Dorian Glimmerstone
BRW-04965,POT-0050,SHP-10,CDR-09,2026-03-10 07:22:02,16,150,pass,Caspian Thistledown
BRW-04966,POT-0059,SHP-09,CDR-27,2026-03-11 06:49:53,13,117,pass,Ambrose Winterbourne
BRW-04967,POT-0061,SHP-04,CDR-25,2025-06-21 10:24:48,26,86,pass,Delphine Mossheart
BRW-04968,POT-0118,SHP-06,CDR-29,2026-03-15T10:37:47Z,46,79,PASS,Delphine Mossheart
BRW-04969,POT-0117,SHP-12,CDR-12,2026-03-22T05:47:22Z,37,37,Pass,Zephyrine Zellandine
BRW-04970,POT-0072,SHP-01,CDR-04,2025-11-03 05:28:45,55,125,Pass,Umbra Thistledown
BRW-04971,POT-0114,SHP-02,CDR-08,2025-07-03 05:38:49,50,63,pass,Grizelda Duskwater
BRW-04972,POT-0071,SHP-06,CDR-19,2025-07-12 09:42:33,39,77,pass,Thaddeus Frostpetal
BRW-04973,POT-0085,SHP-10,CDR-36,2026-01-13 08:57:42,30,118,pass,Belladonna Jackdaw
BRW-04974,POT-0103,SHP-06,CDR-16,2025-04-07 09:01:36,39,79,pass,Gideon Moonbrook
BRW-04975,POT-0028,SHP-02,CDR-02,2026-04-09 10:27:19,35,83,PASS,Thaddeus Frostpetal
BRW-04976,POT-0063,SHP-05,CDR-24,2025-06-14 10:52:42,14,58,pass,Juniper Hollowbranch
BRW-04977,POT-0101,SHP-12,CDR-19,2026-03-28 07:57:47,18,140,PASS,Gideon Thistledown
BRW-04978,POT-0028,SHP-04,CDR-25,2026-03-16T10:10:11Z,10,34,pass,Hesper Cinderfell
BRW-04979,POT-0045,SHP-08,CDR-36,2026-02-28 08:32:51,40,69,pass,Cassia Everbright
BRW-04980,POT-0032,SHP-14,CDR-34,2025-12-18T08:08:10Z,26,107,pass,Belladonna Jackdaw
BRW-04981,POT-0065,SHP-04,CDR-11,2025-12-12 05:45:08,45,73,pass,Cassia Winterbourne
BRW-04982,POT-0049,SHP-13,CDR-32,2025-07-02T08:43:10Z,43,153,pass,Lyra Winterbourne
BRW-04983,POT-0063,SHP-12,CDR-18,2025-10-26 11:26:00,43,64,pass,Zephyrine Zellandine
BRW-04984,POT-0024,SHP-01,CDR-16,2025-04-26 05:26:36,50,,pass,Vesper Emberwhisk
BRW-04985,POT-0021,SHP-13,CDR-27,2026-02-02T11:21:30Z,22,90,Pass,Yarrow Ravenscroft
BRW-04986,POT-0031,SHP-06,CDR-30,2026-04-27 06:21:34,18,52,pass,Cassia Winterbourne
BRW-04987,POT-0103,SHP-14,CDR-08,2026-05-02 11:08:57,34,93,pass,Ambrose Fernwhistle
BRW-04988,POT-0032,SHP-01,CDR-12,2025-05-08 05:22:03,32,115,Pass,Belladonna Jackdaw
BRW-04989,POT-0023,SHP-04,CDR-01,2024-07-02 08:26:13,15,146,Pass,Morwenna Wandwright
BRW-04990,POT-0022,SHP-12,CDR-14,2024-05-18T09:19:58Z,55,145,pass,Delphine Zellandine
BRW-04991,POT-0117,SHP-11,CDR-07,2026-01-21 08:09:29,10,86,pass,Delphine Zellandine
BRW-04992,POT-0083,SHP-08,CDR-30,2025-10-08T10:49:07Z,20,158,Pass,Maribel Netherfield
BRW-04993,POT-0113,SHP-07,CDR-16,2025-04-12T08:32:35Z,10,201,pass,Grizelda Duskwater
BRW-04994,POT-0104,SHP-02,CDR-21,2026-05-25 11:56:54,31,158,Pass,Lyra Winterbourne
BRW-04995,POT-0038,SHP-05,CDR-38,2024-07-09 09:37:20,12,49,PASS,Oleander Ravenscroft
BRW-04996,POT-0001,SHP-06,CDR-25,2025-03-21T06:17:18Z,55,99,pass,Gideon Moonbrook
BRW-04997,POT-0057,SHP-07,CDR-24,2026-03-05T06:42:38Z,46,95,Pass,Gideon Thistledown
BRW-04998,POT-0008,SHP-14,CDR-31,2025-07-06 11:30:05,29,57,pass,Dorian Mistlethorn
BRW-04999,POT-0002,SHP-05,CDR-20,2025-02-21 08:48:30,35,61,PASS,Cassia Everbright
BRW-05000,POT-0114,SHP-11,CDR-17,2025-03-20T09:46:57Z,11,77,PASS,Gideon Thistledown
BRW-05001,POT-0095,SHP-01,CDR-29,2025-11-19T07:08:42Z,53,144,pass,Gideon Thistledown
BRW-05002,POT-0041,SHP-10,CDR-24,2024-10-09 08:04:50,24,145,fail,Hesper Foxglove
BRW-05003,POT-0029,SHP-05,CDR-24,2024-09-18 11:42:21,60,86,pass,Belladonna Jackdaw
BRW-05004,POT-0011,SHP-05,CDR-05,2025-02-26T06:15:54Z,50,119,PASS,Kestrel Foxglove
BRW-05005,POT-0089,SHP-03,CDR-27,2024-09-04T09:26:29Z,16,90,pass,Hesper Foxglove
BRW-05006,POT-0059,SHP-12,CDR-39,2026-06-28T09:01:39Z,33,97,Pass,Oswin Wyrmwood
BRW-05007,POT-0085,SHP-13,CDR-17,2024-10-18 09:18:24,11,139,pass,Lyra Winterbourne
BRW-05008,POT-0044,SHP-04,CDR-15,2025-03-26T11:22:33Z,36,66,pass,Morwenna Wandwright
BRW-05009,POT-0114,SHP-02,CDR-33,2025-08-25T09:50:38Z,56,79,Pass,Belladonna Jackdaw
BRW-05010,POT-0092,SHP-08,CDR-33,2026-03-16 09:00:19,18,60,Pass,Thaddeus Frostpetal
BRW-05011,POT-0034,SHP-10,CDR-19,2026-06-30T07:00:12Z,35,119,pass,Cassia Everbright
BRW-05012,POT-0097,SHP-08,CDR-19,2026-05-10 08:33:27,46,166,pass,Belladonna Jackdaw
BRW-05013,POT-0102,SHP-12,CDR-36,2024-08-07 05:09:43,14,67,pass,Ambrose Winterbourne
BRW-05014,POT-0102,SHP-07,CDR-34,2025-10-27 05:53:50,15,86,pass,Hesper Cinderfell
BRW-05015,POT-0085,SHP-10,CDR-23,2025-06-24T09:34:57Z,20,114,pass,Lyra Winterbourne
BRW-05016,POT-0098,SHP-14,CDR-29,2026-05-19 07:00:10,44,93,pass,Ambrose Fernwhistle
BRW-05017,POT-0005,SHP-14,CDR-01,2024-05-22 07:30:09,47,19,pass,Gideon Thistledown
BRW-05018,POT-0095,SHP-13,CDR-14,2026-04-30T11:34:47Z,32,108,Pass,Lyra Winterbourne
BRW-05019,POT-0061,SHP-11,CDR-20,2024-10-23 11:03:06,50,78,Fail,Lyra Winterbourne
BRW-05020,POT-0087,SHP-14,CDR-07,2026-05-13 08:38:49,53,45,pass,Maribel Netherfield
BRW-05021,POT-0028,SHP-08,CDR-27,2026-02-27T05:34:41Z,21,66,pass,Grizelda Kilnworth
BRW-05022,POT-0078,SHP-14,CDR-09,2025-04-01 07:36:55,27,84,pass,Thaddeus Frostpetal
BRW-05023,POT-0103,SHP-07,CDR-35,2026-02-27T10:48:34Z,45,100,pass,Zephyrine Zellandine
BRW-05024,POT-0094,SHP-12,CDR-08,2025-03-28T08:40:29Z,14,152,pass,Oswin Wyrmwood
BRW-05025,POT-0055,SHP-10,CDR-22,2026-04-04T06:20:58Z,25,112,Pass,Wendeline Ashgrove
BRW-05026,POT-0113,SHP-09,CDR-35,2025-02-20T05:32:22Z,41,169,pass,Oleander Ravenscroft
BRW-05027,POT-0051,SHP-08,CDR-12,2024-08-07 05:00:25,37,38,Pass,Oswin Wyrmwood
BRW-05028,POT-0038,SHP-08,CDR-38,2025-08-16T05:51:39Z,54,31,pass,Lyra Winterbourne
BRW-05029,POT-0068,SHP-12,CDR-09,2026-01-25 08:35:24,54,77,pass,Yarrow Ravenscroft
BRW-05030,POT-0115,SHP-05,CDR-13,2025-09-19T09:59:37Z,24,126,pass,Gideon Moonbrook
BRW-05031,POT-0091,SHP-01,CDR-16,2025-08-27T10:26:14Z,20,22,Pass,Nimbus Glimmerstone
BRW-05032,POT-0104,SHP-12,CDR-20,2024-07-24 09:15:02,48,151,pass,Gideon Thistledown
BRW-05033,POT-0105,SHP-07,CDR-35,2026-06-02 08:42:14,34,144,pass,Ambrose Fernwhistle
BRW-05034,POT-0075,SHP-11,CDR-38,2026-04-23T05:45:56Z,33,123,pass,Thaddeus Frostpetal
BRW-05035,POT-0107,SHP-07,CDR-32,2025-08-26T11:18:11Z,45,57,PASS,Oswin Wyrmwood
BRW-05036,POT-0067,SHP-05,CDR-27,2024-09-15T08:54:02Z,20,15,pass,Dorian Mistlethorn
BRW-05037,POT-0088,SHP-10,CDR-02,2026-05-30T06:18:42Z,58,98,pass,Grizelda Kilnworth
BRW-05038,POT-0098,SHP-08,CDR-36,2026-02-08T06:57:22Z,14,116,fail,Juniper Hollowbranch
BRW-05039,POT-0086,SHP-08,CDR-26,2026-04-17T06:07:28Z,14,92,Fail,Oswin Wyrmwood
BRW-05040,POT-0029,SHP-13,CDR-32,2024-08-24 06:51:52,32,92,PASS,Wendeline Ashgrove
BRW-05041,POT-0067,SHP-10,CDR-35,2025-12-29 09:03:18,15,28,pass,Hesper Cinderfell
BRW-05042,POT-0011,SHP-04,CDR-30,2026-06-20 11:30:21,32,119,pass,Belladonna Jackdaw
BRW-05043,POT-0087,SHP-05,CDR-08,2026-02-14T07:14:18Z,40,62,pass,Delphine Mossheart
BRW-05044,POT-0098,SHP-11,CDR-33,2026-02-22 08:37:51,38,103,pass,Nimbus Glimmerstone
BRW-05045,POT-0024,SHP-08,CDR-19,2026-06-14T06:03:39Z,42,156,pass,Lyra Winterbourne
BRW-05046,POT-0042,SHP-02,CDR-15,2026-01-18T11:43:56Z,24,125,fail,Oswin Wyrmwood
BRW-05047,POT-0081,SHP-15,CDR-38,2024-06-13 08:04:26,31,91,Pass,Ambrose Fernwhistle
BRW-05048,POT-0009,SHP-11,CDR-01,2026-02-28 10:04:14,15,69,pass,Cassia Everbright
BRW-05049,POT-0098,SHP-05,CDR-31,2026-05-06 07:54:45,55,78,pass,Zephyrine Zellandine
BRW-05050,POT-0098,SHP-01,CDR-39,2025-10-27T10:58:43Z,20,110,pass,Morwenna Wandwright
BRW-05051,POT-0044,SHP-07,CDR-11,2025-02-07T08:35:06Z,47,61,pass,Hesper Cinderfell
BRW-05052,POT-0001,SHP-15,CDR-28,2026-02-26T09:26:17Z,25,121,pass,Oleander Ravenscroft
BRW-05053,POT-0041,SHP-06,CDR-15,2024-07-27T08:18:33Z,22,142,pass,Cassia Everbright
BRW-05054,POT-0013,SHP-04,CDR-08,2025-08-05T06:20:24Z,27,58,PASS,Morwenna Wandwright
BRW-05055,POT-0114,SHP-08,CDR-20,2024-08-19T05:57:57Z,49,71,PASS,Belladonna Jackdaw
BRW-05056,POT-0059,SHP-04,CDR-39,2026-03-01 05:02:34,36,95,Pass,Grizelda Kilnworth
BRW-05057,POT-0037,SHP-02,CDR-19,2026-04-01T07:35:58Z,17,93,pass,Maribel Netherfield
BRW-05058,POT-0107,SHP-09,CDR-23,2026-01-09T06:39:38Z,12,64,pass,Delphine Zellandine
BRW-05059,POT-0030,SHP-15,CDR-37,2025-08-04T07:19:23Z,16,109,pass,Maribel Netherfield
BRW-05060,POT-0021,SHP-09,CDR-11,2024-05-16T10:40:50Z,27,107,Pass,Vesper Emberwhisk
BRW-05061,POT-0117,SHP-04,CDR-33,2024-09-18T05:02:52Z,54,41,fail,Delphine Zellandine
BRW-05062,POT-0101,SHP-10,CDR-20,2024-08-27T06:51:50Z,15,166,pass,Wendeline Ashgrove
BRW-05063,POT-0048,SHP-03,CDR-39,2026-06-06 09:56:19,26,77,pass,Delphine Zellandine
BRW-05064,POT-0114,SHP-04,CDR-28,2025-04-07T05:48:11Z,55,82,pass,Juniper Hollowbranch
BRW-05065,POT-0049,SHP-12,CDR-34,2024-11-06T08:05:55Z,55,109,Pass,Ambrose Winterbourne
BRW-05066,POT-0113,SHP-01,CDR-13,2025-01-25 08:11:25,44,152,Pass,Lyra Winterbourne
BRW-05067,POT-0068,SHP-02,CDR-15,2025-11-05T11:44:43Z,24,80,pass,Vesper Emberwhisk
BRW-05068,POT-0001,SHP-02,CDR-18,2026-01-18 06:51:31,50,134,pass,Zephyrine Zellandine
BRW-05069,POT-0031,SHP-15,CDR-12,2025-12-24T09:10:59Z,50,27,pass,Belladonna Jackdaw
BRW-05070,POT-0081,SHP-04,CDR-21,2025-09-08T09:11:20Z,24,94,pass,Nimbus Glimmerstone
BRW-05071,POT-0087,SHP-02,CDR-29,2026-02-10T05:10:00Z,57,44,pass,Dorian Mistlethorn
BRW-05072,POT-0047,SHP-13,CDR-16,2026-02-04T06:44:52Z,48,90,pass,Thaddeus Frostpetal
BRW-05073,POT-0105,SHP-15,CDR-04,2024-07-14T11:49:49Z,39,134,Pass,Caspian Thistledown
BRW-05074,POT-0090,SHP-02,CDR-12,2026-03-23T10:15:50Z,11,92,pass,Delphine Mossheart
BRW-05075,POT-0008,SHP-12,CDR-39,2025-06-09 08:41:23,59,65,pass,Juniper Hollowbranch
BRW-05076,POT-0024,SHP-10,CDR-19,2025-10-27T10:54:03Z,18,132,pass,Delphine Mossheart
BRW-05077,POT-0088,SHP-08,CDR-27,2025-03-06T06:59:34Z,54,102,Pass,Juniper Hollowbranch
BRW-05078,POT-0057,SHP-10,CDR-02,2026-05-12T11:42:14Z,59,73,pass,Cassia Winterbourne
BRW-05079,POT-0073,SHP-10,CDR-16,2024-08-20T07:06:31Z,26,59,pass,Caspian Thistledown
BRW-05080,POT-0074,SHP-06,CDR-21,2026-04-17 08:00:54,35,112,PASS,Vesper Emberwhisk
BRW-05081,POT-0111,SHP-05,CDR-08,2026-04-22 09:21:17,60,63,Pass,Delphine Zellandine
BRW-05082,POT-0013,SHP-11,CDR-15,2026-06-12T11:36:17Z,54,101,pass,Wendeline Ashgrove
BRW-05083,POT-0081,SHP-15,CDR-28,2026-05-03T07:49:53Z,16,103,Pass,Oswin Wyrmwood
BRW-05084,POT-0008,SHP-05,CDR-07,2025-07-20 10:55:52,45,78,pass,Kestrel Foxglove
BRW-05085,POT-0082,SHP-10,CDR-18,2026-05-20T11:05:25Z,15,55,PASS,Maribel Netherfield
BRW-05086,POT-0027,SHP-01,CDR-22,2025-07-13T09:59:39Z,60,86,pass,Oleander Ravenscroft
BRW-05087,POT-0116,SHP-04,CDR-39,2026-02-27T07:30:44Z,42,105,pass,Delphine Zellandine
BRW-05088,POT-0104,SHP-15,CDR-20,2025-10-14 11:11:09,54,140,Pass,Hesper Foxglove
BRW-05089,POT-0107,SHP-02,CDR-38,2026-01-10 10:05:42,40,41,Pass,Gideon Moonbrook
BRW-05090,POT-0045,SHP-05,CDR-01,2025-02-26T08:41:02Z,44,38,PASS,Hesper Foxglove
BRW-05091,POT-0094,SHP-13,CDR-25,2026-01-25T06:32:41Z,21,70,pass,Dorian Mistlethorn
BRW-05092,POT-0033,SHP-04,CDR-06,2026-04-25T05:31:32Z,48,82,Pass,Cassia Winterbourne
BRW-05093,POT-0046,SHP-08,CDR-37,2026-06-07 09:27:23,27,71,pass,Hesper Foxglove
BRW-05094,POT-0046,SHP-02,CDR-05,2026-02-16 08:07:27,20,71,fail,Kestrel Foxglove
BRW-05095,POT-0068,SHP-06,CDR-25,2024-06-13T07:08:30Z,49,49,pass,Zephyrine Zellandine
BRW-05096,POT-0083,SHP-06,CDR-34,2026-04-05 06:06:06,22,139,pass,Belladonna Jackdaw
BRW-05097,POT-0062,SHP-01,CDR-21,2025-01-14T10:17:38Z,36,143,pass,Caspian Thistledown
BRW-05098,POT-0043,SHP-04,CDR-09,2026-05-12T06:08:45Z,22,54,pass,Gideon Moonbrook
BRW-05099,POT-0079,SHP-01,CDR-32,2025-06-27T06:28:28Z,58,90,FAIL,Oswin Wyrmwood
BRW-05100,POT-0099,SHP-08,CDR-11,2026-05-16T09:59:36Z,57,121,fail,Vesper Emberwhisk
BRW-05101,POT-0097,SHP-11,CDR-10,2026-01-04T07:20:34Z,18,121,pass,Kestrel Foxglove
BRW-05102,POT-0119,SHP-04,CDR-06,2025-09-16 11:02:42,10,99,Pass,Dorian Mistlethorn
BRW-05103,POT-0032,SHP-02,CDR-25,2026-04-22T06:34:49Z,14,109,fail,Hesper Foxglove
BRW-05104,POT-0079,SHP-02,CDR-40,2024-08-17T06:50:54Z,13,84,fail,Kestrel Foxglove
BRW-05105,POT-0059,SHP-06,CDR-38,2026-03-14T09:45:06Z,55,113,pass,Delphine Mossheart
BRW-05106,POT-0010,SHP-14,CDR-39,2026-02-22 08:55:43,52,149,pass,Yarrow Ravenscroft
BRW-05107,POT-0119,SHP-10,CDR-02,2024-11-28T11:19:41Z,10,74,pass,Cassia Everbright
BRW-05108,POT-0061,SHP-09,CDR-12,2026-05-28T05:53:36Z,31,83,PASS,Kestrel Foxglove
BRW-05109,POT-0095,SHP-14,CDR-30,2026-06-21T07:57:15Z,12,131,pass,Thaddeus Frostpetal
BRW-05110,POT-0087,SHP-11,CDR-04,2026-06-06 10:31:54,54,33,pass,Gideon Thistledown
BRW-05111,POT-0013,SHP-10,CDR-03,2026-04-20T06:13:08Z,50,85,pass,Umbra Thistledown
BRW-05112,POT-0045,SHP-05,CDR-09,2024-11-16 11:59:23,16,68,pass,Grizelda Duskwater
BRW-05113,POT-0010,SHP-14,CDR-38,2026-04-18T09:23:59Z,52,120,pass,Dorian Mistlethorn
BRW-05114,POT-0101,SHP-01,CDR-26,2026-06-28 09:11:01,11,157,Pass,Gideon Moonbrook
BRW-05115,POT-0030,SHP-11,CDR-35,2025-10-12T10:42:07Z,54,60,pass,Ambrose Fernwhistle
BRW-05116,POT-0026,SHP-14,CDR-06,2025-05-20T07:01:53Z,53,141,Fail,Caspian Thistledown
BRW-05117,POT-0089,SHP-15,CDR-34,2025-06-21 11:27:00,56,123,pass,Dorian Glimmerstone
BRW-05118,POT-0013,SHP-02,CDR-30,2026-03-08 07:02:41,26,90,Pass,Belladonna Jackdaw
BRW-05119,POT-0061,SHP-11,CDR-28,2026-05-23 08:09:31,30,113,pass,Kestrel Foxglove
BRW-05120,POT-0109,SHP-14,CDR-34,2024-11-01 07:21:59,32,150,PASS,Oswin Wyrmwood
BRW-05121,POT-0032,SHP-01,CDR-19,2026-03-24T10:54:28Z,29,128,pass,Delphine Mossheart
BRW-05122,POT-0034,SHP-10,CDR-40,2025-06-08T07:26:45Z,15,122,Pass,Zephyrine Zellandine
BRW-05123,POT-0016,SHP-15,CDR-06,2026-06-21T05:56:23Z,44,99,pass,Delphine Zellandine
BRW-05124,POT-0056,SHP-06,CDR-35,2026-01-15T11:58:28Z,42,66,pass,Gideon Thistledown
BRW-05125,POT-0082,SHP-12,CDR-16,2024-08-04T07:16:48Z,17,44,Pass,Cassia Winterbourne
BRW-05126,POT-0106,SHP-15,CDR-21,2026-03-30T05:33:52Z,32,72,pass,Nimbus Glimmerstone
BRW-05127,POT-0036,SHP-08,CDR-26,2025-04-22T10:58:24Z,20,78,pass,Gideon Thistledown
BRW-05128,POT-0034,SHP-03,CDR-26,2025-04-28T08:21:11Z,43,114,PASS,Cassia Everbright
BRW-05129,POT-0108,SHP-01,CDR-12,2024-08-07T08:56:38Z,11,87,pass,Morwenna Wandwright
BRW-05130,POT-0025,SHP-12,CDR-06,2025-01-09 07:21:36,30,57,PASS,Dorian Mistlethorn
BRW-05131,POT-0073,SHP-05,CDR-15,2026-02-13T07:07:43Z,31,76,pass,Dorian Mistlethorn
BRW-05132,POT-0001,SHP-03,CDR-29,2025-12-28T10:07:55Z,55,108,pass,Dorian Mistlethorn
BRW-05133,POT-0082,SHP-07,CDR-14,2025-12-24T07:21:49Z,37,54,pass,Belladonna Jackdaw
BRW-05134,POT-0111,SHP-02,CDR-26,2026-06-07 10:49:46,54,52,Pass,Nimbus Glimmerstone
BRW-05135,POT-0074,SHP-01,CDR-40,2026-05-27 07:38:19,31,96,pass,Zephyrine Zellandine
BRW-05136,POT-0114,SHP-09,CDR-26,2024-09-02T10:42:25Z,33,57,pass,Ambrose Fernwhistle
BRW-05137,POT-0101,SHP-11,CDR-08,2024-07-18T06:42:20Z,10,151,PASS,Morwenna Wandwright
BRW-05138,POT-0047,SHP-07,CDR-36,2024-11-05 06:02:06,49,108,Pass,Zephyrine Zellandine
BRW-05139,POT-0021,SHP-08,CDR-03,2024-10-08 06:42:18,41,84,pass,Belladonna Jackdaw
BRW-05140,POT-0102,SHP-09,CDR-20,2025-06-16 07:04:20,53,47,Pass,Cassia Winterbourne
BRW-05141,POT-0044,SHP-09,CDR-18,2025-07-31T11:38:00Z,33,50,PASS,Delphine Zellandine
BRW-05142,POT-0028,SHP-04,CDR-39,2026-05-09 10:52:38,41,63,pass,Vesper Emberwhisk
BRW-05143,POT-0072,SHP-03,CDR-03,2024-10-12 05:55:31,26,95,Pass,Dorian Glimmerstone
BRW-05144,POT-0009,SHP-02,CDR-28,2024-10-28T08:59:45Z,50,98,pass,Nimbus Glimmerstone
BRW-05145,POT-0063,SHP-10,CDR-25,2025-12-10T07:27:08Z,39,63,pass,Kestrel Foxglove
BRW-05146,POT-0092,SHP-13,CDR-14,2026-02-13T10:03:50Z,10,64,FAIL,Gideon Moonbrook
BRW-05147,POT-0107,SHP-05,CDR-25,2025-11-23 09:24:04,35,26,pass,Oleander Ravenscroft
BRW-05148,POT-0027,SHP-03,CDR-27,2024-11-22 07:08:55,46,139,pass,Oswin Wyrmwood
BRW-05149,POT-0012,SHP-12,CDR-09,2025-03-19T07:32:30Z,51,83,pass,Yarrow Ravenscroft
BRW-05150,POT-0012,SHP-07,CDR-19,2025-11-21T08:26:17Z,37,90,pass,Maribel Netherfield
BRW-05151,POT-0026,SHP-06,CDR-32,2024-10-22T08:46:38Z,32,150,pass,Kestrel Foxglove
BRW-05152,POT-0105,SHP-02,CDR-07,2024-06-06T10:04:19Z,20,157,pass,Wendeline Ashgrove
BRW-05153,POT-0033,SHP-10,CDR-22,2025-11-03 10:50:05,13,69,pass,Yarrow Ravenscroft
BRW-05154,POT-0076,SHP-11,CDR-05,2026-06-25T10:56:04Z,12,38,pass,Cassia Everbright
BRW-05155,POT-0056,SHP-14,CDR-30,2026-03-11T10:54:01Z,42,81,pass,Zephyrine Zellandine
BRW-05156,POT-0070,SHP-08,CDR-39,2025-12-25 09:21:54,42,166,pass,Gideon Thistledown
BRW-05157,POT-0020,SHP-07,CDR-09,2025-12-09T09:27:59Z,39,99,Pass,Delphine Zellandine
BRW-05158,POT-0058,SHP-14,CDR-28,2025-01-18T05:35:26Z,15,117,fail,Belladonna Jackdaw
BRW-05159,POT-0035,SHP-02,CDR-28,2025-05-08 05:11:53,25,65,pass,Wendeline Ashgrove
BRW-05160,POT-0041,SHP-09,CDR-27,2025-04-28T10:58:35Z,35,151,pass,Yarrow Ravenscroft
BRW-05161,POT-0041,SHP-10,CDR-22,2024-07-15T11:39:14Z,29,120,pass,Caspian Thistledown
BRW-05162,POT-0098,SHP-04,CDR-28,2026-05-20T05:59:50Z,35,66,fail,Ambrose Winterbourne
BRW-05163,POT-0070,SHP-01,CDR-18,2026-05-04T10:01:27Z,28,160,pass,Gideon Thistledown
BRW-05164,POT-0119,SHP-01,CDR-14,2024-09-11T08:44:51Z,39,91,pass,Cassia Everbright
BRW-05165,POT-0047,SHP-01,CDR-18,2024-05-07 11:05:30,42,90,pass,Kestrel Foxglove
BRW-05166,POT-0018,SHP-08,CDR-10,2025-05-12T09:14:50Z,46,57,pass,Hesper Cinderfell
BRW-05167,POT-0097,SHP-01,CDR-07,2026-06-14 06:08:54,43,144,pass,Gideon Moonbrook
BRW-05168,POT-0085,SHP-04,CDR-24,2025-07-01T08:47:23Z,28,151,pass,Oswin Wyrmwood
BRW-05169,POT-0022,SHP-11,CDR-37,2025-11-06T09:43:43Z,44,121,pass,Kestrel Foxglove
BRW-05170,POT-0054,SHP-13,CDR-37,2026-06-10T10:38:58Z,52,17,Pass,Gideon Thistledown
BRW-05171,POT-0081,SHP-12,CDR-14,2024-07-09T09:32:19Z,39,116,pass,Delphine Zellandine
BRW-05172,POT-0101,SHP-15,CDR-38,2025-03-09 09:28:28,50,116,Pass,Hesper Cinderfell
BRW-05173,POT-0098,SHP-05,CDR-11,2026-03-28 09:41:09,32,86,pass,Vesper Emberwhisk
BRW-05174,POT-0107,SHP-06,CDR-15,2026-03-27T09:00:25Z,30,51,pass,Ambrose Fernwhistle
BRW-05175,POT-0059,SHP-12,CDR-40,2026-05-06 07:04:42,60,100,pass,Vesper Emberwhisk
BRW-05176,POT-0038,SHP-05,CDR-05,2026-04-06T06:35:07Z,20,41,pass,Delphine Zellandine
BRW-05177,POT-0032,SHP-10,CDR-03,2026-04-02T07:36:05Z,56,128,pass,Hesper Cinderfell
BRW-05178,POT-0104,SHP-08,CDR-25,2025-11-16 05:03:36,46,146,pass,Cassia Everbright
BRW-05179,POT-0062,SHP-03,CDR-18,2025-03-08T06:45:31Z,45,148,pass,Lyra Winterbourne
BRW-05180,POT-0038,SHP-14,CDR-14,2024-10-24T05:24:04Z,35,43,pass,Cassia Everbright
BRW-05181,POT-0095,SHP-11,CDR-04,2026-02-10T05:17:31Z,54,122,pass,Oswin Wyrmwood
BRW-05182,POT-0016,SHP-13,CDR-20,2026-05-26 07:21:23,48,110,PASS,Nimbus Glimmerstone
BRW-05183,POT-0082,SHP-14,CDR-12,2026-02-04T06:01:42Z,46,66,Pass,Grizelda Kilnworth
BRW-05184,POT-0054,SHP-08,CDR-23,2026-06-29 09:41:59,13,18,pass,Cassia Winterbourne
BRW-05185,POT-0001,SHP-11,CDR-02,2024-12-04 07:42:43,22,111,pass,Kestrel Foxglove
BRW-05186,POT-0021,SHP-13,CDR-16,2024-10-20T07:59:15Z,56,72,pass,Zephyrine Zellandine
BRW-05187,POT-0093,SHP-01,CDR-16,2024-07-14T06:42:42Z,11,102,pass,Gideon Moonbrook
BRW-05188,POT-0098,SHP-04,CDR-01,2025-09-04T10:42:32Z,12,108,pass,Cassia Winterbourne
BRW-05189,POT-0073,SHP-08,CDR-13,2025-01-23T06:36:54Z,34,46,pass,Cassia Everbright
BRW-05190,POT-0111,SHP-08,CDR-33,2026-01-17T06:43:04Z,30,65,Pass,Umbra Thistledown
BRW-05191,POT-0025,SHP-14,CDR-04,2025-06-17T10:40:28Z,10,62,Pass,Hesper Foxglove
BRW-05192,POT-0084,SHP-02,CDR-36,2025-07-09T07:02:28Z,49,96,pass,Grizelda Duskwater
BRW-05193,POT-0106,SHP-08,CDR-25,2026-06-22T11:02:59Z,33,83,PASS,Morwenna Wandwright
BRW-05194,POT-0078,SHP-06,CDR-30,2024-11-26T06:02:34Z,52,94,Fail,Juniper Hollowbranch
BRW-05195,POT-0029,SHP-10,CDR-04,2025-12-03T08:22:50Z,30,67,pass,Gideon Moonbrook
BRW-05196,POT-0035,SHP-03,CDR-07,2024-08-12T05:53:48Z,16,81,pass,Nimbus Glimmerstone
BRW-05197,POT-0033,SHP-02,CDR-10,2025-04-02T06:52:49Z,49,82,pass,Nimbus Glimmerstone
BRW-05198,POT-0053,SHP-15,CDR-34,2026-05-22T10:00:19Z,14,89,Pass,Yarrow Ravenscroft
BRW-05199,POT-0054,SHP-06,CDR-14,2026-01-09 09:57:40,33,37,Pass,Caspian Thistledown
BRW-05200,POT-0016,SHP-13,CDR-39,2026-04-18 07:35:21,11,118,pass,Nimbus Glimmerstone
BRW-05201,POT-0053,SHP-03,CDR-01,2026-02-22 11:29:03,15,112,pass,Oswin Wyrmwood
BRW-05202,POT-0113,SHP-11,CDR-23,2025-10-14 10:51:43,15,140,pass,Ambrose Fernwhistle
BRW-05203,POT-0016,SHP-06,CDR-19,2026-03-13 07:07:29,46,120,Pass,Hesper Cinderfell
BRW-05204,POT-0114,SHP-14,CDR-37,2025-06-12 11:54:23,34,82,pass,Oleander Ravenscroft
BRW-05205,POT-0006,SHP-13,CDR-12,2026-02-05 11:39:17,54,120,pass,Belladonna Jackdaw
BRW-05206,POT-0005,SHP-14,CDR-06,2026-04-25T06:46:20Z,26,30,Pass,Caspian Thistledown
BRW-05207,POT-0033,SHP-03,CDR-17,2025-10-28T06:55:35Z,56,64,pass,Dorian Glimmerstone
BRW-05208,POT-0050,SHP-10,CDR-20,2025-11-28T11:30:46Z,58,146,PASS,Zephyrine Zellandine
BRW-05209,POT-0079,SHP-04,CDR-08,2025-10-03T10:33:59Z,44,73,pass,Cassia Winterbourne
BRW-05210,POT-0083,SHP-02,CDR-16,2025-05-28T09:05:53Z,53,141,pass,Oswin Wyrmwood
BRW-05211,POT-0048,SHP-15,CDR-39,2025-04-26 06:58:18,47,95,pass,Juniper Hollowbranch
BRW-05212,POT-0041,SHP-13,CDR-36,2024-08-31T05:20:19Z,37,160,PASS,Juniper Hollowbranch
BRW-05213,POT-0004,SHP-01,CDR-40,2024-12-10T07:23:35Z,39,110,pass,Umbra Thistledown
BRW-05214,POT-0012,SHP-13,CDR-23,2024-05-14 07:28:30,15,94,Pass,Wendeline Ashgrove
BRW-05215,POT-0076,SHP-01,CDR-39,2025-08-10T11:44:50Z,39,48,pass,Vesper Emberwhisk
BRW-05216,POT-0026,SHP-01,CDR-17,2024-08-20T08:31:32Z,49,107,pass,Grizelda Duskwater
BRW-05217,POT-0109,SHP-08,CDR-28,2024-12-15 05:55:43,47,121,pass,Hesper Cinderfell
BRW-05218,POT-0063,SHP-10,CDR-07,2024-05-28T08:35:03Z,57,85,Pass,Oleander Ravenscroft
BRW-05219,POT-0118,SHP-07,CDR-21,2026-03-11 09:36:44,29,79,pass,Hesper Cinderfell
BRW-05220,POT-0003,SHP-06,CDR-40,2025-12-09T09:45:38Z,30,71,pass,Yarrow Ravenscroft
BRW-05221,POT-0035,SHP-06,CDR-13,2024-10-14 06:36:37,48,82,FAIL,Vesper Emberwhisk
BRW-05222,POT-0111,SHP-10,CDR-02,2026-02-16 09:12:44,14,66,pass,Nimbus Glimmerstone
BRW-05223,POT-0101,SHP-12,CDR-13,2024-05-30T05:03:57Z,13,153,pass,Nimbus Glimmerstone
BRW-05224,POT-0047,SHP-05,CDR-18,2025-09-28 09:41:54,54,100,pass,Hesper Cinderfell
BRW-05225,POT-0077,SHP-13,CDR-01,2025-11-16 05:00:57,53,86,pass,Dorian Mistlethorn
BRW-05226,POT-0001,SHP-03,CDR-01,2025-11-15T10:36:17Z,19,90,Pass,Lyra Winterbourne
BRW-05227,POT-0021,SHP-09,CDR-05,2025-10-14T07:15:02Z,19,105,pass,Gideon Thistledown
BRW-05228,POT-0036,SHP-04,CDR-06,2025-08-16T05:17:00Z,39,87,pass,Lyra Winterbourne
BRW-05229,POT-0016,SHP-12,CDR-40,2026-06-29T07:20:47Z,39,77,pass,Cassia Winterbourne
BRW-05230,POT-0034,SHP-13,CDR-26,2025-07-06T05:12:23Z,13,110,pass,Lyra Winterbourne
BRW-05231,POT-0060,SHP-02,CDR-01,2026-05-02 06:57:21,12,162,PASS,Cassia Everbright
BRW-05232,POT-0041,SHP-12,CDR-38,2025-07-29T10:33:51Z,53,141,pass,Caspian Thistledown
BRW-05233,POT-0103,SHP-04,CDR-21,2025-05-02T08:23:45Z,57,104,pass,Belladonna Jackdaw
BRW-05234,POT-0008,SHP-03,CDR-05,2025-08-07 08:52:15,41,62,pass,Grizelda Kilnworth
BRW-05235,POT-0005,SHP-02,CDR-38,2024-08-08T11:23:55Z,57,50,pass,Hesper Cinderfell
BRW-05236,POT-0089,SHP-13,CDR-07,2024-10-29T11:48:38Z,58,88,pass,Vesper Emberwhisk
BRW-05237,POT-0046,SHP-10,CDR-09,2024-07-18 06:10:54,24,79,pass,Lyra Winterbourne
BRW-05238,POT-0081,SHP-05,CDR-39,2024-11-26T06:10:41Z,56,108,PASS,Juniper Hollowbranch
BRW-05239,POT-0033,SHP-03,CDR-28,2025-07-18T09:02:39Z,27,73,pass,Grizelda Duskwater
BRW-05240,POT-0064,SHP-07,CDR-17,2026-06-17 11:17:20,11,106,fail,Cassia Everbright
BRW-05241,POT-0027,SHP-05,CDR-27,2025-03-06 11:18:01,26,111,pass,Nimbus Glimmerstone
BRW-05242,POT-0068,SHP-01,CDR-38,2024-09-21T07:35:04Z,14,67,Pass,Hesper Cinderfell
BRW-05243,POT-0085,SHP-15,CDR-06,2024-09-14T11:33:22Z,51,128,pass,Grizelda Duskwater
BRW-05244,POT-0019,SHP-14,CDR-04,2025-08-17T11:54:20Z,34,69,PASS,Belladonna Jackdaw
BRW-05245,POT-0037,SHP-02,CDR-39,2026-02-22T08:23:52Z,12,99,pass,Thaddeus Frostpetal
BRW-05246,POT-0089,SHP-08,CDR-05,2025-02-24T07:56:51Z,49,122,pass,Zephyrine Zellandine
BRW-05247,POT-0027,SHP-02,CDR-11,2025-01-01 07:49:22,52,96,pass,Lyra Winterbourne
BRW-05248,POT-0005,SHP-01,CDR-36,2025-10-01T07:39:47Z,37,37,pass,Lyra Winterbourne
BRW-05249,POT-0059,SHP-09,CDR-38,2026-06-21T08:12:14Z,41,103,pass,Morwenna Wandwright
BRW-05250,POT-0101,SHP-12,CDR-07,2026-06-05T05:53:20Z,34,169,pass,Dorian Mistlethorn
BRW-05251,POT-0102,SHP-15,CDR-11,2024-05-09 11:29:21,30,94,pass,Cassia Winterbourne
BRW-05252,POT-0116,SHP-07,CDR-20,2026-05-08 10:10:05,30,76,PASS,Delphine Zellandine
BRW-05253,POT-0105,SHP-13,CDR-20,2025-12-05T11:13:44Z,37,129,pass,Umbra Thistledown
BRW-05254,POT-0053,SHP-12,CDR-29,2025-07-30T06:37:34Z,50,89,Pass,Caspian Thistledown
BRW-05255,POT-0022,SHP-10,CDR-20,2026-06-12 05:32:44,43,135,pass,Oswin Wyrmwood
BRW-05256,POT-0080,SHP-09,CDR-33,2025-05-04T09:43:53Z,53,146,fail,Nimbus Glimmerstone
BRW-05257,POT-0086,SHP-05,CDR-39,2026-01-02T09:08:27Z,16,81,Pass,Dorian Glimmerstone
BRW-05258,POT-0041,SHP-12,CDR-34,2025-06-20 05:19:38,44,145,Pass,Dorian Glimmerstone
BRW-05259,POT-0117,SHP-11,CDR-29,2025-03-14 07:37:31,14,60,pass,Belladonna Jackdaw
BRW-05260,POT-0066,SHP-04,CDR-34,2024-08-15T09:43:07Z,42,111,pass,Nimbus Glimmerstone
BRW-05261,POT-0082,SHP-04,CDR-03,2026-06-15 08:08:41,44,28,pass,Delphine Mossheart
BRW-05262,POT-0113,SHP-14,CDR-34,2025-09-15T10:22:58Z,24,149,pass,Oleander Ravenscroft
BRW-05263,POT-0059,SHP-10,CDR-35,2026-05-31 05:19:05,44,144,pass,Gideon Thistledown
BRW-05264,POT-0091,SHP-12,CDR-08,2026-05-30T06:32:57Z,57,40,pass,Nimbus Glimmerstone
BRW-05265,POT-0100,SHP-01,CDR-23,2025-03-06T11:02:49Z,16,79,PASS,Umbra Thistledown
BRW-05266,POT-0041,SHP-07,CDR-19,2025-10-09 10:04:53,26,140,pass,Oswin Wyrmwood
BRW-05267,POT-0116,SHP-10,CDR-26,2024-06-20 07:31:42,18,101,PASS,Lyra Winterbourne
BRW-05268,POT-0011,SHP-13,CDR-18,2024-10-02 05:47:29,13,129,fail,Hesper Foxglove
BRW-05269,POT-0119,SHP-12,CDR-15,2025-03-23 11:49:59,12,66,pass,Hesper Cinderfell
BRW-05270,POT-0052,SHP-01,CDR-02,2025-02-23 07:28:23,47,117,pass,Caspian Thistledown
BRW-05271,POT-0088,SHP-14,CDR-17,2025-12-05T07:46:27Z,26,112,fail,Yarrow Ravenscroft
BRW-05272,POT-0113,SHP-08,CDR-13,2025-01-24T06:37:25Z,14,151,pass,Wendeline Ashgrove
BRW-05273,POT-0074,SHP-12,CDR-38,2026-06-20 09:25:31,10,116,PASS,Juniper Hollowbranch
BRW-05274,POT-0060,SHP-07,CDR-22,2026-03-26 07:50:44,44,153,pass,Hesper Foxglove
BRW-05275,POT-0064,SHP-10,CDR-14,2025-02-14T07:43:17Z,10,122,pass,Thaddeus Frostpetal
BRW-05276,POT-0063,SHP-14,CDR-05,2026-06-03T06:14:39Z,31,53,pass,Grizelda Duskwater
BRW-05277,POT-0031,SHP-15,CDR-24,2025-10-09 10:27:39,33,24,PASS,Grizelda Duskwater
BRW-05278,POT-0109,SHP-06,CDR-37,2026-06-08T05:22:06Z,12,119,pass,Juniper Hollowbranch
BRW-05279,POT-0079,SHP-06,CDR-31,2025-07-16T08:16:54Z,15,54,Pass,Ambrose Winterbourne
BRW-05280,POT-0069,SHP-05,CDR-25,2025-07-18 11:57:31,38,132,PASS,Dorian Glimmerstone
BRW-05281,POT-0084,SHP-01,CDR-31,2025-03-18 07:35:34,60,94,pass,Hesper Cinderfell
BRW-05282,POT-0086,SHP-12,CDR-21,2026-06-04T09:41:23Z,49,48,pass,Yarrow Ravenscroft
BRW-05283,POT-0056,SHP-11,CDR-22,2026-04-14 11:14:15,21,80,pass,Cassia Everbright
BRW-05284,POT-0106,SHP-04,CDR-39,2025-04-30 08:00:59,36,66,pass,Kestrel Foxglove
BRW-05285,POT-0040,SHP-04,CDR-16,2025-09-04T07:21:48Z,35,38,pass,Grizelda Kilnworth
BRW-05286,POT-0096,SHP-13,CDR-14,2025-08-19T09:07:23Z,25,110,pass,Delphine Zellandine
BRW-05287,POT-0052,SHP-13,CDR-13,2024-11-11 11:45:08,57,99,pass,Dorian Mistlethorn
BRW-05288,POT-0096,SHP-07,CDR-17,2026-06-26T11:46:37Z,49,112,Pass,Juniper Hollowbranch
BRW-05289,POT-0012,SHP-05,CDR-07,2025-08-31T07:49:56Z,49,74,pass,Umbra Thistledown
BRW-05290,POT-0108,SHP-05,CDR-05,2026-06-17T06:27:15Z,31,68,Pass,Thaddeus Frostpetal
BRW-05291,POT-0027,SHP-03,CDR-14,2024-12-06 09:20:30,18,89,pass,Wendeline Ashgrove
BRW-05292,POT-0107,SHP-15,CDR-40,2025-07-18 11:07:19,58,65,pass,Ambrose Fernwhistle
BRW-05293,POT-0029,SHP-10,CDR-13,2025-03-18T08:12:55Z,34,77,Pass,Oswin Wyrmwood
BRW-05294,POT-0049,SHP-05,CDR-32,2026-01-17T09:29:16Z,37,119,pass,Cassia Everbright
BRW-05295,POT-0040,SHP-11,CDR-20,2025-07-04T07:39:30Z,45,34,pass,Juniper Hollowbranch
BRW-05296,POT-0059,SHP-04,CDR-31,2026-06-23 07:51:44,36,65,pass,Ambrose Fernwhistle
BRW-05297,POT-0001,SHP-03,CDR-30,2024-12-08 06:37:56,53,83,pass,Cassia Winterbourne
BRW-05298,POT-0042,SHP-08,CDR-23,2025-02-18T07:39:33Z,30,126,Fail,Delphine Zellandine
BRW-05299,POT-0112,SHP-06,CDR-28,2026-05-29T06:13:32Z,47,74,pass,Ambrose Winterbourne
BRW-05300,POT-0022,SHP-15,CDR-05,2026-06-25T05:51:41Z,22,132,Pass,Ambrose Winterbourne
BRW-05301,POT-0090,SHP-01,CDR-04,2025-08-31T07:52:52Z,60,86,PASS,Lyra Winterbourne
BRW-05302,POT-0040,SHP-12,CDR-24,2025-06-22 11:58:06,18,42,Pass,Delphine Zellandine
BRW-05303,POT-0038,SHP-14,CDR-22,2025-05-10 09:38:48,26,62,pass,Ambrose Winterbourne
BRW-05304,POT-0012,SHP-08,CDR-14,2024-11-28T05:53:20Z,44,74,pass,Maribel Netherfield
BRW-05305,POT-0075,SHP-10,CDR-38,2025-07-27T05:02:56Z,35,78,pass,Thaddeus Frostpetal
BRW-05306,POT-0094,SHP-07,CDR-29,2025-01-31T10:29:25Z,17,119,pass,Grizelda Duskwater
BRW-05307,POT-0070,SHP-07,CDR-06,2024-06-20 10:53:59,43,152,pass,Dorian Mistlethorn
BRW-05308,POT-0064,SHP-09,CDR-08,2025-01-13 11:58:51,28,138,pass,Thaddeus Frostpetal
BRW-05309,POT-0112,SHP-01,CDR-32,2026-01-30T06:02:14Z,32,101,pass,Yarrow Ravenscroft
BRW-05310,POT-0041,SHP-09,CDR-23,2025-12-28T05:46:40Z,27,137,fail,Oleander Ravenscroft
BRW-05311,POT-0084,SHP-11,CDR-24,2026-05-16T09:45:48Z,48,103,pass,Dorian Glimmerstone
BRW-05312,POT-0044,SHP-07,CDR-32,2026-04-07T11:56:41Z,46,70,pass,Umbra Thistledown
BRW-05313,POT-0063,SHP-08,CDR-38,2024-08-14 05:24:20,14,94,pass,Thaddeus Frostpetal
BRW-05314,POT-0028,SHP-03,CDR-27,2026-04-03T05:21:57Z,40,70,pass,Cassia Everbright
BRW-05315,POT-0058,SHP-09,CDR-34,2026-06-16 08:16:30,59,126,pass,Cassia Everbright
BRW-05316,POT-0030,SHP-02,CDR-14,2025-12-19T09:12:46Z,37,43,pass,Grizelda Kilnworth
BRW-05317,POT-0119,SHP-07,CDR-36,2024-06-20T05:57:56Z,42,90,pass,Vesper Emberwhisk
BRW-05318,POT-0021,SHP-05,CDR-12,2024-09-01 09:08:46,11,71,fail,Belladonna Jackdaw
BRW-05319,POT-0079,SHP-10,CDR-12,2024-11-14 11:05:19,52,75,Pass,Hesper Foxglove
BRW-05320,POT-0085,SHP-01,CDR-13,2024-07-13 05:22:29,31,124,pass,Grizelda Kilnworth
BRW-05321,POT-0119,SHP-10,CDR-31,2025-10-28 07:22:30,55,85,pass,Gideon Moonbrook
BRW-05322,POT-0016,SHP-08,CDR-03,2026-06-24T08:53:47Z,10,96,pass,Nimbus Glimmerstone
BRW-05323,POT-0001,SHP-03,CDR-08,2024-12-03T06:40:49Z,40,103,Pass,Grizelda Duskwater
BRW-05324,POT-0072,SHP-06,CDR-02,2025-09-10T06:54:51Z,43,,pass,Yarrow Ravenscroft
BRW-05325,POT-0097,SHP-12,CDR-20,2026-05-17 07:10:15,33,109,PASS,Zephyrine Zellandine
BRW-05326,POT-0082,SHP-09,CDR-02,2024-07-17T10:14:23Z,57,26,Pass,Belladonna Jackdaw
BRW-05327,POT-0064,SHP-04,CDR-12,2024-12-16 08:32:05,22,121,pass,Hesper Cinderfell
BRW-05328,POT-0086,SHP-10,CDR-19,2026-02-13 10:59:34,50,68,pass,Grizelda Kilnworth
BRW-05329,POT-0079,SHP-06,CDR-11,2024-07-06T09:53:56Z,14,44,Pass,Gideon Moonbrook
BRW-05330,POT-0049,SHP-02,CDR-04,2026-04-18 08:59:18,48,145,pass,Nimbus Glimmerstone
BRW-05331,POT-0040,SHP-09,CDR-28,2025-01-18T08:19:19Z,43,28,pass,Delphine Zellandine
BRW-05332,POT-0100,SHP-10,CDR-12,2026-01-21 09:43:17,40,65,Pass,Ambrose Fernwhistle
BRW-05333,POT-0008,SHP-07,CDR-32,2025-07-27 10:30:31,17,77,fail,Wendeline Ashgrove
BRW-05334,POT-0107,SHP-08,CDR-03,2025-11-21 07:15:07,31,79,pass,Ambrose Winterbourne
BRW-05335,POT-0002,SHP-14,CDR-09,2025-03-18T05:25:06Z,31,106,pass,Kestrel Foxglove
BRW-05336,POT-0086,SHP-05,CDR-21,2026-06-24T09:39:31Z,50,88,pass,Dorian Glimmerstone
BRW-05337,POT-0057,SHP-09,CDR-32,2025-04-11 10:45:10,21,79,Fail,Caspian Thistledown
BRW-05338,POT-0012,SHP-12,CDR-12,2025-11-16T10:59:32Z,12,82,pass,Ambrose Fernwhistle
BRW-05339,POT-0029,SHP-09,CDR-17,2025-04-14T08:41:18Z,13,82,Pass,Morwenna Wandwright
BRW-05340,POT-0119,SHP-14,CDR-24,2025-08-24T06:56:23Z,48,86,pass,Ambrose Fernwhistle
BRW-05341,POT-0109,SHP-04,CDR-12,2025-01-05 07:39:40,26,133,PASS,Lyra Winterbourne
BRW-05342,POT-0072,SHP-01,CDR-31,2025-01-05T06:48:08Z,24,82,pass,Dorian Mistlethorn
BRW-05343,POT-0042,SHP-10,CDR-38,2025-05-18T10:40:50Z,48,125,pass,Morwenna Wandwright
BRW-05344,POT-0018,SHP-07,CDR-35,2024-11-04T09:09:14Z,32,17,PASS,Grizelda Duskwater
BRW-05345,POT-0026,SHP-02,CDR-14,2025-02-23T06:19:51Z,26,138,pass,Dorian Mistlethorn
BRW-05346,POT-0054,SHP-10,CDR-35,2026-05-13T10:04:34Z,57,61,PASS,Delphine Zellandine
BRW-05347,POT-0006,SHP-13,CDR-38,2026-04-22 06:24:14,59,125,pass,Grizelda Duskwater
BRW-05348,POT-0098,SHP-09,CDR-37,2026-01-01 11:53:58,33,100,Pass,Hesper Foxglove
BRW-05349,POT-0066,SHP-15,CDR-34,2025-07-02T07:11:21Z,44,93,PASS,Thaddeus Frostpetal
BRW-05350,POT-0086,SHP-10,CDR-28,2026-05-18T07:01:32Z,15,70,Pass,Caspian Thistledown
BRW-05351,POT-0031,SHP-04,CDR-29,2026-01-12 05:34:18,45,68,pass,Hesper Cinderfell
BRW-05352,POT-0011,SHP-01,CDR-38,2024-09-29 07:37:53,44,132,pass,Dorian Mistlethorn
BRW-05353,POT-0077,SHP-14,CDR-36,2026-02-11T08:23:59Z,51,130,Pass,Ambrose Fernwhistle
BRW-05354,POT-0021,SHP-03,CDR-16,2025-07-02T07:45:48Z,10,115,pass,Hesper Cinderfell
BRW-05355,POT-0043,SHP-08,CDR-32,2025-03-28T06:26:10Z,44,52,Fail,Yarrow Ravenscroft
BRW-05356,POT-0085,SHP-10,CDR-35,2025-07-17 07:19:14,51,114,pass,Kestrel Foxglove
BRW-05357,POT-0098,SHP-05,CDR-12,2026-04-04T10:30:40Z,32,114,pass,Yarrow Ravenscroft
BRW-05358,POT-0045,SHP-08,CDR-19,2025-04-13 08:51:14,54,50,pass,Grizelda Duskwater
BRW-05359,POT-0016,SHP-06,CDR-10,2026-05-26T09:04:39Z,56,114,pass,Cassia Everbright
BRW-05360,POT-0017,SHP-07,CDR-07,2024-12-04 08:47:13,18,155,Pass,Caspian Thistledown
BRW-05361,POT-0030,SHP-02,CDR-10,2026-04-28T09:40:12Z,48,79,pass,Caspian Thistledown
BRW-05362,POT-0043,SHP-09,CDR-26,2025-12-26T06:17:02Z,47,60,fail,Morwenna Wandwright
BRW-05363,POT-0113,SHP-14,CDR-27,2025-10-24T08:07:20Z,22,143,pass,Juniper Hollowbranch
BRW-05364,POT-0073,SHP-08,CDR-10,2026-05-25T08:20:19Z,48,53,pass,Morwenna Wandwright
BRW-05365,POT-0044,SHP-14,CDR-06,2024-11-14 07:08:58,39,58,pass,Hesper Cinderfell
BRW-05366,POT-0106,SHP-11,CDR-13,2025-12-20 07:52:20,34,66,pass,Oleander Ravenscroft
BRW-05367,POT-0044,SHP-10,CDR-27,2025-06-04 06:01:12,16,60,pass,Grizelda Kilnworth
BRW-05368,POT-0013,SHP-13,CDR-12,2025-08-16T10:41:36Z,46,79,pass,Cassia Everbright
BRW-05369,POT-0039,SHP-08,CDR-37,2025-12-17T11:46:43Z,41,169,fail,Vesper Emberwhisk
BRW-05370,POT-0074,SHP-14,CDR-33,2026-06-30 09:01:08,26,102,pass,Ambrose Winterbourne
BRW-05371,POT-0013,SHP-14,CDR-38,2026-01-25T11:15:24Z,54,,pass,Yarrow Ravenscroft
BRW-05372,POT-0097,SHP-06,CDR-03,2026-06-26T05:24:12Z,54,114,pass,Ambrose Winterbourne
BRW-05373,POT-0092,SHP-10,CDR-24,2026-04-01 09:12:58,26,73,pass,Dorian Mistlethorn
BRW-05374,POT-0019,SHP-12,CDR-29,2026-01-04T06:44:56Z,31,74,pass,Delphine Mossheart
BRW-05375,POT-0002,SHP-15,CDR-34,2025-05-18T10:04:49Z,25,98,PASS,Grizelda Duskwater
BRW-05376,POT-0057,SHP-09,CDR-29,2026-06-20 06:31:31,15,76,pass,Cassia Winterbourne
BRW-05377,POT-0048,SHP-13,CDR-11,2025-02-20T05:17:55Z,30,106,Pass,Belladonna Jackdaw
BRW-05378,POT-0094,SHP-03,CDR-22,2026-02-19T05:50:22Z,27,106,pass,Grizelda Kilnworth
BRW-05379,POT-0056,SHP-13,CDR-37,2026-02-27 05:41:21,54,,pass,Delphine Zellandine
BRW-05380,POT-0045,SHP-07,CDR-32,2025-01-07 09:12:44,60,24,pass,Juniper Hollowbranch
BRW-05381,POT-0003,SHP-13,CDR-17,2026-05-15T10:21:48Z,11,50,pass,Belladonna Jackdaw
BRW-05382,POT-0091,SHP-02,CDR-30,2026-02-01 11:32:59,44,20,pass,Gideon Moonbrook
BRW-05383,POT-0078,SHP-15,CDR-09,2024-07-17 07:01:27,56,77,Pass,Oleander Ravenscroft
BRW-05384,POT-0062,SHP-12,CDR-34,2025-11-18T05:34:26Z,18,150,FAIL,Nimbus Glimmerstone
BRW-05385,POT-0111,SHP-02,CDR-25,2026-01-15 11:48:14,17,100,PASS,Ambrose Fernwhistle
BRW-05386,POT-0041,SHP-08,CDR-29,2025-07-01 09:01:55,38,155,fail,Lyra Winterbourne
BRW-05387,POT-0078,SHP-07,CDR-40,2024-11-27 10:04:16,35,99,pass,Oswin Wyrmwood
BRW-05388,POT-0016,SHP-12,CDR-09,2026-04-04T10:01:04Z,30,127,fail,Gideon Thistledown
BRW-05389,POT-0050,SHP-01,CDR-30,2026-01-30T10:45:08Z,22,179,pass,Ambrose Winterbourne
BRW-05390,POT-0069,SHP-15,CDR-27,2025-10-13 11:07:45,10,104,pass,Zephyrine Zellandine
BRW-05391,POT-0058,SHP-06,CDR-20,2025-11-29T10:01:22Z,48,126,pass,Morwenna Wandwright
BRW-05392,POT-0027,SHP-02,CDR-33,2025-06-04T06:46:04Z,31,108,Pass,Maribel Netherfield
BRW-05393,POT-0010,SHP-02,CDR-39,2026-03-05 10:49:56,15,128,pass,Delphine Zellandine
BRW-05394,POT-0021,SHP-04,CDR-40,2026-04-30 10:18:27,16,96,Fail,Umbra Thistledown
BRW-05395,POT-0108,SHP-09,CDR-26,2025-02-06T05:55:16Z,47,72,fail,Dorian Mistlethorn
BRW-05396,POT-0031,SHP-09,CDR-29,2025-11-19T11:19:06Z,27,24,pass,Cassia Winterbourne
BRW-05397,POT-0014,SHP-01,CDR-24,2026-04-07 06:05:51,17,77,pass,Delphine Zellandine
BRW-05398,POT-0004,SHP-13,CDR-18,2024-06-03T09:12:22Z,51,104,Fail,Belladonna Jackdaw
BRW-05399,POT-0082,SHP-01,CDR-16,2024-06-13 10:09:33,58,81,PASS,Gideon Thistledown
BRW-05400,POT-0035,SHP-05,CDR-09,2024-05-23 09:38:26,48,106,pass,Belladonna Jackdaw
BRW-05401,POT-0019,SHP-07,CDR-13,2025-06-02 09:21:46,36,87,pass,Dorian Glimmerstone
BRW-05402,POT-0104,SHP-05,CDR-33,2024-06-09T06:16:44Z,32,165,pass,Lyra Winterbourne
BRW-05403,POT-0059,SHP-03,CDR-05,2026-05-02 05:22:24,38,121,pass,Juniper Hollowbranch
BRW-05404,POT-0075,SHP-15,CDR-07,2024-11-30T11:44:25Z,18,136,pass,Gideon Thistledown
BRW-05405,POT-0013,SHP-10,CDR-01,2026-04-21 10:06:49,32,92,PASS,Gideon Moonbrook
BRW-05406,POT-0016,SHP-13,CDR-18,2026-04-26T10:11:16Z,35,128,Pass,Hesper Cinderfell
BRW-05407,POT-0019,SHP-13,CDR-35,2026-01-15T07:04:43Z,13,97,pass,Dorian Mistlethorn
BRW-05408,POT-0004,SHP-11,CDR-20,2025-03-19 09:35:40,55,113,pass,Umbra Thistledown
BRW-05409,POT-0022,SHP-05,CDR-01,2024-08-29 06:39:30,60,106,pass,Kestrel Foxglove
BRW-05410,POT-0028,SHP-12,CDR-38,2026-03-26T05:47:52Z,33,81,pass,Ambrose Winterbourne
BRW-05411,POT-0028,SHP-02,CDR-11,2026-03-16 07:44:11,24,75,fail,Oswin Wyrmwood
BRW-05412,POT-0028,SHP-14,CDR-21,2026-05-06 11:59:19,54,47,pass,Cassia Everbright
BRW-05413,POT-0082,SHP-12,CDR-35,2025-03-21 08:23:51,58,50,pass,Gideon Thistledown
BRW-05414,POT-0053,SHP-11,CDR-10,2025-12-08T11:48:39Z,32,90,pass,Wendeline Ashgrove
BRW-05415,POT-0047,SHP-13,CDR-07,2025-02-06 10:29:56,57,150,Pass,Maribel Netherfield
BRW-05416,POT-0038,SHP-02,CDR-12,2024-05-11T08:29:53Z,22,52,pass,Gideon Thistledown
BRW-05417,POT-0013,SHP-04,CDR-31,2026-06-28T08:41:19Z,35,103,pass,Hesper Cinderfell
BRW-05418,POT-0098,SHP-02,CDR-25,2026-02-21T07:22:27Z,33,106,PASS,Hesper Cinderfell
BRW-05419,POT-0004,SHP-05,CDR-04,2025-06-18T11:05:10Z,42,88,pass,Gideon Thistledown
BRW-05420,POT-0019,SHP-02,CDR-37,2025-02-17T05:12:42Z,48,71,PASS,Caspian Thistledown
BRW-05421,POT-0005,SHP-06,CDR-32,2025-01-19 05:09:48,17,42,pass,Caspian Thistledown
BRW-05422,POT-0042,SHP-07,CDR-33,2025-01-16T05:21:16Z,31,99,pass,Grizelda Kilnworth
BRW-05423,POT-0032,SHP-11,CDR-29,2026-02-21 06:33:20,27,135,pass,Ambrose Winterbourne
BRW-05424,POT-0116,SHP-11,CDR-29,2024-08-18 08:54:20,60,98,pass,Hesper Foxglove
BRW-05425,POT-0046,SHP-06,CDR-27,2025-11-14T11:40:38Z,50,52,pass,Cassia Winterbourne
BRW-05426,POT-0101,SHP-03,CDR-36,2026-05-22 08:32:13,55,159,pass,Cassia Everbright
BRW-05427,POT-0060,SHP-06,CDR-20,2026-04-10 09:43:37,15,144,PASS,Caspian Thistledown
BRW-05428,POT-0042,SHP-01,CDR-04,2025-10-24T10:37:44Z,24,109,pass,Ambrose Winterbourne
BRW-05429,POT-0031,SHP-08,CDR-22,2025-10-06 10:41:06,46,55,pass,Maribel Netherfield
BRW-05430,POT-0008,SHP-05,CDR-08,2026-01-07T08:16:08Z,10,78,Fail,Grizelda Kilnworth
BRW-05431,POT-0013,SHP-07,CDR-40,2025-10-27T09:00:07Z,58,94,pass,Wendeline Ashgrove
BRW-05432,POT-0101,SHP-01,CDR-28,2024-12-07 06:48:37,36,114,Pass,Juniper Hollowbranch
BRW-05433,POT-0085,SHP-02,CDR-14,2025-04-09T09:03:39Z,17,,PASS,Lyra Winterbourne
BRW-05434,POT-0013,SHP-15,CDR-13,2025-12-23T05:27:32Z,11,91,FAIL,Caspian Thistledown
BRW-05435,POT-0108,SHP-07,CDR-12,2025-04-23T08:53:05Z,36,64,fail,Gideon Moonbrook
BRW-05436,POT-0070,SHP-12,CDR-18,2024-05-25T11:41:46Z,42,156,pass,Ambrose Fernwhistle
BRW-05437,POT-0028,SHP-01,CDR-23,2026-03-26T09:26:34Z,47,92,pass,Gideon Thistledown
BRW-05438,POT-0089,SHP-15,CDR-02,2025-01-03T09:20:35Z,33,116,pass,Maribel Netherfield
BRW-05439,POT-0115,SHP-02,CDR-16,2025-09-08T09:37:39Z,50,133,pass,Cassia Everbright
BRW-05440,POT-0069,SHP-08,CDR-04,2024-06-29T10:40:34Z,42,130,PASS,Lyra Winterbourne
BRW-05441,POT-0057,SHP-15,CDR-21,2025-12-13T11:32:27Z,22,83,pass,Ambrose Fernwhistle
BRW-05442,POT-0106,SHP-11,CDR-15,2026-02-14 11:42:53,40,85,PASS,Umbra Thistledown
BRW-05443,POT-0029,SHP-07,CDR-06,2025-04-13T09:15:57Z,14,78,Pass,Delphine Mossheart
BRW-05444,POT-0097,SHP-04,CDR-26,2026-04-06T08:07:13Z,44,147,pass,Oswin Wyrmwood
BRW-05445,POT-0031,SHP-04,CDR-11,2025-09-25T07:01:14Z,13,36,Pass,Juniper Hollowbranch
BRW-05446,POT-0036,SHP-07,CDR-19,2026-04-27T08:19:05Z,15,83,pass,Hesper Foxglove
BRW-05447,POT-0001,SHP-06,CDR-36,2025-05-31T11:55:41Z,38,143,Pass,Belladonna Jackdaw
BRW-05448,POT-0031,SHP-06,CDR-19,2026-06-21T08:13:48Z,50,58,pass,Oleander Ravenscroft
BRW-05449,POT-0041,SHP-05,CDR-35,2025-08-19T08:59:23Z,10,131,Pass,Nimbus Glimmerstone
BRW-05450,POT-0025,SHP-11,CDR-31,2026-06-08T11:46:37Z,54,53,pass,Grizelda Kilnworth
BRW-05451,POT-0095,SHP-12,CDR-14,2025-08-06T10:52:16Z,52,145,pass,Ambrose Fernwhistle
BRW-05452,POT-0105,SHP-05,CDR-34,2025-01-29 07:42:32,36,163,pass,Umbra Thistledown
BRW-05453,POT-0022,SHP-05,CDR-29,2026-06-04 09:03:11,22,105,PASS,Lyra Winterbourne
BRW-05454,POT-0098,SHP-11,CDR-02,2025-12-03T07:01:18Z,53,97,pass,Dorian Mistlethorn
BRW-05455,POT-0029,SHP-09,CDR-24,2025-09-02 10:09:16,32,53,Pass,Dorian Glimmerstone
BRW-05456,POT-0074,SHP-09,CDR-28,2026-06-11T08:11:06Z,42,126,pass,Vesper Emberwhisk
BRW-05457,POT-0065,SHP-04,CDR-12,2026-03-17T11:43:53Z,30,39,pass,Thaddeus Frostpetal
BRW-05458,POT-0098,SHP-10,CDR-03,2025-07-19 08:16:06,55,95,Pass,Gideon Thistledown
BRW-05459,POT-0067,SHP-08,CDR-16,2025-09-12T09:09:41Z,24,16,pass,Morwenna Wandwright
BRW-05460,POT-0022,SHP-06,CDR-25,2026-06-23T05:48:36Z,54,125,pass,Ambrose Winterbourne
BRW-05461,POT-0071,SHP-11,CDR-18,2025-10-29T11:17:59Z,24,91,pass,Wendeline Ashgrove
BRW-05462,POT-0105,SHP-11,CDR-09,2024-12-23 07:35:49,30,134,pass,Hesper Foxglove
BRW-05463,POT-0042,SHP-03,CDR-10,2024-07-01 11:27:23,26,99,pass,Juniper Hollowbranch
BRW-05464,POT-0058,SHP-04,CDR-20,2025-02-12T08:34:02Z,30,129,pass,Kestrel Foxglove
BRW-05465,POT-0113,SHP-04,CDR-35,2025-04-03T07:09:08Z,14,131,pass,Hesper Cinderfell
BRW-05466,POT-0049,SHP-15,CDR-26,2026-01-03T11:32:18Z,46,146,pass,Wendeline Ashgrove
BRW-05467,POT-0107,SHP-11,CDR-26,2025-11-15 09:19:53,32,43,Pass,Gideon Thistledown
BRW-05468,POT-0099,SHP-06,CDR-36,2025-12-11T06:21:18Z,59,130,pass,Vesper Emberwhisk
BRW-05469,POT-0047,SHP-09,CDR-12,2025-12-19T11:33:33Z,26,152,pass,Dorian Glimmerstone
BRW-05470,POT-0019,SHP-11,CDR-33,2025-12-06T11:58:24Z,33,73,pass,Belladonna Jackdaw
BRW-05471,POT-0090,SHP-07,CDR-27,2025-01-06T10:04:56Z,26,112,pass,Yarrow Ravenscroft
BRW-05472,POT-0005,SHP-02,CDR-26,2024-12-02 09:37:18,40,63,pass,Umbra Thistledown
BRW-05473,POT-0093,SHP-14,CDR-26,2025-03-23T11:36:52Z,17,116,Pass,Hesper Foxglove
BRW-05474,POT-0033,SHP-12,CDR-34,2025-09-01T06:04:04Z,10,73,pass,Gideon Moonbrook
BRW-05475,POT-0039,SHP-03,CDR-18,2026-02-01 11:00:51,24,167,pass,Dorian Glimmerstone
BRW-05476,POT-0086,SHP-13,CDR-06,2026-05-30T11:07:02Z,57,93,Pass,Thaddeus Frostpetal
BRW-05477,POT-0079,SHP-13,CDR-01,2025-03-09 08:18:00,24,87,Pass,Ambrose Fernwhistle
BRW-05478,POT-0005,SHP-15,CDR-01,2026-04-23 09:03:44,25,56,pass,Wendeline Ashgrove
BRW-05479,POT-0064,SHP-15,CDR-22,2025-01-26T11:29:01Z,21,87,pass,Ambrose Fernwhistle
BRW-05480,POT-0104,SHP-10,CDR-16,2025-09-15T11:16:04Z,29,164,pass,Zephyrine Zellandine
BRW-05481,POT-0082,SHP-14,CDR-20,2025-04-21T07:53:34Z,30,40,pass,Oleander Ravenscroft
BRW-05482,POT-0098,SHP-09,CDR-32,2026-01-27 07:54:06,38,102,pass,Maribel Netherfield
BRW-05483,POT-0065,SHP-08,CDR-16,2024-10-31 07:57:50,54,52,pass,Vesper Emberwhisk
BRW-05484,POT-0013,SHP-02,CDR-12,2025-11-10T09:04:56Z,39,88,pass,Kestrel Foxglove
BRW-05485,POT-0039,SHP-04,CDR-18,2026-02-19 07:46:25,46,148,fail,Cassia Everbright
BRW-05486,POT-0093,SHP-07,CDR-10,2025-03-16T09:15:48Z,11,103,pass,Umbra Thistledown
BRW-05487,POT-0089,SHP-03,CDR-22,2024-12-17T08:43:07Z,27,101,pass,Vesper Emberwhisk
BRW-05488,POT-0047,SHP-09,CDR-12,2025-05-04T05:21:07Z,35,113,pass,Morwenna Wandwright
BRW-05489,POT-0041,SHP-01,CDR-15,2025-11-03T11:04:19Z,20,150,Pass,Dorian Mistlethorn
BRW-05490,POT-0031,SHP-07,CDR-01,2026-06-26 09:34:46,23,15,pass,Cassia Winterbourne
BRW-05491,POT-0084,SHP-12,CDR-02,2025-08-04T06:37:36Z,47,96,Fail,Delphine Mossheart
BRW-05492,POT-0042,SHP-02,CDR-18,2025-05-14T05:40:58Z,35,81,Pass,Oswin Wyrmwood
BRW-05493,POT-0103,SHP-09,CDR-05,2025-10-04T11:20:07Z,49,97,PASS,Zephyrine Zellandine
BRW-05494,POT-0068,SHP-08,CDR-13,2026-01-25 08:57:44,10,41,PASS,Grizelda Duskwater
BRW-05495,POT-0030,SHP-10,CDR-15,2025-09-07 06:16:52,43,63,pass,Delphine Mossheart
BRW-05496,POT-0084,SHP-09,CDR-01,2025-08-02 05:38:29,49,109,pass,Thaddeus Frostpetal
BRW-05497,POT-0056,SHP-02,CDR-32,2025-11-30T08:43:07Z,55,77,fail,Dorian Mistlethorn
BRW-05498,POT-0039,SHP-05,CDR-24,2026-05-24T11:37:57Z,60,130,pass,Grizelda Duskwater
BRW-05499,POT-0106,SHP-08,CDR-37,2025-09-11 07:33:07,41,94,pass,Dorian Mistlethorn
BRW-05500,POT-0071,SHP-06,CDR-08,2026-04-22T06:08:40Z,50,86,pass,Ambrose Winterbourne
BRW-05501,POT-0080,SHP-01,CDR-23,2024-11-25 07:50:59,41,140,pass,Oswin Wyrmwood
BRW-05502,POT-0049,SHP-11,CDR-04,2024-08-08T07:50:45Z,22,117,pass,Dorian Mistlethorn
BRW-05503,POT-0098,SHP-15,CDR-10,2026-01-08T09:18:13Z,41,110,pass,Yarrow Ravenscroft
BRW-05504,POT-0101,SHP-06,CDR-29,2024-08-10T07:09:58Z,58,124,pass,Dorian Glimmerstone
BRW-05505,POT-0020,SHP-11,CDR-36,2024-10-13T09:55:31Z,38,109,PASS,Wendeline Ashgrove
BRW-05506,POT-0031,SHP-02,CDR-17,2025-11-24T11:18:51Z,55,57,pass,Dorian Glimmerstone
BRW-05507,POT-0084,SHP-06,CDR-04,2025-03-29T11:58:56Z,50,117,pass,Morwenna Wandwright
BRW-05508,POT-0086,SHP-15,CDR-14,2026-06-27T11:46:19Z,15,61,PASS,Hesper Cinderfell
BRW-05509,POT-0089,SHP-03,CDR-01,2025-05-10T05:02:47Z,10,93,pass,Maribel Netherfield
BRW-05510,POT-0025,SHP-08,CDR-18,2026-03-17 09:41:04,11,90,pass,Oleander Ravenscroft
BRW-05511,POT-0079,SHP-05,CDR-29,2024-06-19T05:28:40Z,33,60,pass,Caspian Thistledown
BRW-05512,POT-0105,SHP-11,CDR-04,2025-10-16T07:39:30Z,35,151,pass,Ambrose Winterbourne
BRW-05513,POT-0099,SHP-06,CDR-05,2026-01-01T06:35:15Z,41,128,PASS,Lyra Winterbourne
BRW-05514,POT-0098,SHP-04,CDR-38,2025-06-22T08:07:48Z,22,91,Pass,Juniper Hollowbranch
BRW-05515,POT-0040,SHP-05,CDR-11,2026-05-20 06:00:27,28,31,Pass,Juniper Hollowbranch
BRW-05516,POT-0102,SHP-05,CDR-07,2024-10-06 06:05:47,50,69,pass,Morwenna Wandwright
BRW-05517,POT-0029,SHP-15,CDR-22,2026-06-27T06:37:41Z,41,96,pass,Yarrow Ravenscroft
BRW-05518,POT-0090,SHP-08,CDR-20,2026-06-03 08:07:18,34,79,PASS,Nimbus Glimmerstone
BRW-05519,POT-0068,SHP-03,CDR-03,2024-12-29T08:03:57Z,32,51,PASS,Ambrose Winterbourne
BRW-05520,POT-0118,SHP-03,CDR-04,2026-03-24 09:55:15,37,62,pass,Morwenna Wandwright
BRW-05521,POT-0074,SHP-11,CDR-18,2026-05-14 08:28:20,32,121,fail,Nimbus Glimmerstone
BRW-05522,POT-0090,SHP-04,CDR-05,2026-01-29T09:29:44Z,57,94,pass,Ambrose Winterbourne
BRW-05523,POT-0100,SHP-10,CDR-21,2024-11-15T05:32:24Z,22,102,Pass,Delphine Mossheart
BRW-05524,POT-0054,SHP-06,CDR-01,2026-01-17 05:02:24,24,44,pass,Kestrel Foxglove
BRW-05525,POT-0117,SHP-07,CDR-14,2024-09-25T10:59:06Z,16,67,pass,Belladonna Jackdaw
BRW-05526,POT-0041,SHP-04,CDR-08,2024-12-11 05:04:07,44,117,pass,Oswin Wyrmwood
BRW-05527,POT-0058,SHP-13,CDR-16,2025-10-07T05:18:27Z,33,134,Pass,Gideon Thistledown
BRW-05528,POT-0085,SHP-05,CDR-16,2025-07-26T08:47:02Z,38,144,pass,Ambrose Fernwhistle
BRW-05529,POT-0086,SHP-11,CDR-23,2026-04-24T10:08:30Z,37,69,pass,Gideon Thistledown
BRW-05530,POT-0038,SHP-12,CDR-22,2025-02-08 10:59:26,35,48,pass,Juniper Hollowbranch
BRW-05531,POT-0013,SHP-09,CDR-16,2026-02-20 11:33:03,38,57,pass,Delphine Zellandine
BRW-05532,POT-0054,SHP-12,CDR-14,2026-06-19 09:59:41,58,61,Pass,Kestrel Foxglove
BRW-05533,POT-0003,SHP-15,CDR-35,2025-12-26 09:11:22,19,80,pass,Yarrow Ravenscroft
BRW-05534,POT-0009,SHP-11,CDR-36,2025-04-13T10:36:54Z,56,71,Pass,Nimbus Glimmerstone
BRW-05535,POT-0003,SHP-01,CDR-21,2024-10-16 09:05:27,42,39,fail,Zephyrine Zellandine
BRW-05536,POT-0112,SHP-10,CDR-17,2026-06-06T05:32:49Z,37,109,pass,Lyra Winterbourne
BRW-05537,POT-0006,SHP-11,CDR-34,2025-12-15 06:17:06,12,125,pass,Belladonna Jackdaw
BRW-05538,POT-0030,SHP-14,CDR-36,2026-05-24T11:15:15Z,30,45,Fail,Maribel Netherfield
BRW-05539,POT-0020,SHP-05,CDR-12,2025-02-11T07:05:09Z,10,123,Pass,Nimbus Glimmerstone
BRW-05540,POT-0063,SHP-05,CDR-36,2026-03-11 09:28:03,15,61,pass,Gideon Thistledown
BRW-05541,POT-0063,SHP-08,CDR-13,2025-01-01T05:32:02Z,46,62,pass,Delphine Mossheart
BRW-05542,POT-0027,SHP-10,CDR-34,2026-02-09T05:22:19Z,44,127,Pass,Nimbus Glimmerstone
BRW-05543,POT-0013,SHP-08,CDR-40,2026-06-14 08:35:07,27,96,PASS,Hesper Foxglove
BRW-05544,POT-0117,SHP-12,CDR-33,2025-04-18T10:03:10Z,56,49,pass,Morwenna Wandwright
BRW-05545,POT-0036,SHP-10,CDR-05,2025-06-16T05:39:01Z,17,79,pass,Dorian Mistlethorn
BRW-05546,POT-0113,SHP-09,CDR-40,2025-05-22T05:26:07Z,15,148,pass,Zephyrine Zellandine
BRW-05547,POT-0108,SHP-08,CDR-01,2026-04-29 07:11:37,39,47,pass,Umbra Thistledown
BRW-05548,POT-0071,SHP-08,CDR-18,2025-01-27 06:30:19,34,83,pass,Oswin Wyrmwood
BRW-05549,POT-0094,SHP-07,CDR-28,2024-06-03T10:27:14Z,30,114,pass,Delphine Zellandine
BRW-05550,POT-0031,SHP-05,CDR-09,2025-10-21T06:48:05Z,48,28,pass,Morwenna Wandwright
BRW-05551,POT-0025,SHP-05,CDR-25,2024-12-14 06:52:25,28,44,pass,Oswin Wyrmwood
BRW-05552,POT-0053,SHP-14,CDR-20,2026-03-15T08:29:08Z,46,114,PASS,Thaddeus Frostpetal
BRW-05553,POT-0061,SHP-12,CDR-18,2025-08-02T11:26:32Z,36,67,PASS,Gideon Moonbrook
BRW-05554,POT-0043,SHP-02,CDR-34,2026-02-18T08:37:57Z,58,69,pass,Gideon Thistledown
BRW-05555,POT-0021,SHP-01,CDR-17,2025-12-30 10:41:10,32,75,pass,Delphine Mossheart
BRW-05556,POT-0057,SHP-07,CDR-21,2025-04-20T06:59:42Z,45,79,Fail,Oswin Wyrmwood
BRW-05557,POT-0116,SHP-11,CDR-22,2025-04-21T09:10:12Z,18,106,PASS,Gideon Moonbrook
BRW-05558,POT-0046,SHP-10,CDR-33,2024-11-06T10:44:52Z,27,30,pass,Belladonna Jackdaw
BRW-05559,POT-0038,SHP-09,CDR-15,2025-10-04T08:13:53Z,39,85,pass,Dorian Mistlethorn
BRW-05560,POT-0044,SHP-04,CDR-11,2026-04-28 09:45:10,11,29,pass,Vesper Emberwhisk
BRW-05561,POT-0115,SHP-07,CDR-01,2025-08-07 11:27:22,35,169,Pass,Oswin Wyrmwood
BRW-05562,POT-0117,SHP-01,CDR-21,2024-12-13T05:26:06Z,20,60,pass,Nimbus Glimmerstone
BRW-05563,POT-0097,SHP-15,CDR-26,2026-04-20T05:58:11Z,50,137,pass,Gideon Moonbrook
BRW-05564,POT-0102,SHP-02,CDR-29,2025-05-28 10:37:18,43,82,fail,Yarrow Ravenscroft
BRW-05565,POT-0098,SHP-05,CDR-19,2026-01-27 10:55:44,20,111,pass,Gideon Moonbrook
BRW-05566,POT-0056,SHP-04,CDR-32,2026-05-30 10:29:52,48,73,pass,Dorian Mistlethorn
BRW-05567,POT-0049,SHP-12,CDR-37,2026-03-21T05:11:24Z,15,149,pass,Hesper Cinderfell
BRW-05568,POT-0059,SHP-14,CDR-32,2026-03-11T09:00:53Z,56,87,Pass,Grizelda Kilnworth
BRW-05569,POT-0049,SHP-09,CDR-06,2024-07-21T11:22:57Z,37,87,fail,Umbra Thistledown
BRW-05570,POT-0079,SHP-01,CDR-11,2025-04-18T05:38:48Z,50,79,pass,Cassia Everbright
BRW-05571,POT-0029,SHP-10,CDR-23,2025-09-01T07:58:53Z,20,48,fail,Grizelda Duskwater
BRW-05572,POT-0116,SHP-12,CDR-28,2026-03-22T06:34:30Z,60,93,pass,Thaddeus Frostpetal
BRW-05573,POT-0111,SHP-15,CDR-26,2026-04-10T11:01:47Z,24,22,pass,Morwenna Wandwright
BRW-05574,POT-0067,SHP-05,CDR-19,2026-02-01T10:21:52Z,57,32,pass,Cassia Everbright
BRW-05575,POT-0017,SHP-11,CDR-29,2026-05-20T11:54:05Z,19,112,Pass,Belladonna Jackdaw
BRW-05576,POT-0022,SHP-11,CDR-18,2026-02-09 05:44:41,34,103,pass,Hesper Cinderfell
BRW-05577,POT-0016,SHP-12,CDR-05,2026-06-27T07:22:45Z,41,96,Pass,Ambrose Winterbourne
BRW-05578,POT-0055,SHP-04,CDR-03,2026-02-07T08:00:14Z,57,92,Pass,Juniper Hollowbranch
BRW-05579,POT-0071,SHP-08,CDR-16,2025-08-16T06:17:29Z,55,100,Pass,Cassia Winterbourne
BRW-05580,POT-0005,SHP-02,CDR-34,2024-12-15T11:10:04Z,26,46,pass,Cassia Winterbourne
BRW-05581,POT-0061,SHP-11,CDR-14,2026-02-17 09:10:17,17,81,pass,Gideon Moonbrook
BRW-05582,POT-0030,SHP-11,CDR-14,2025-11-22 05:45:55,12,64,pass,Umbra Thistledown
BRW-05583,POT-0120,SHP-14,CDR-40,2025-12-17 06:48:38,21,77,Pass,Oleander Ravenscroft
BRW-05584,POT-0003,SHP-09,CDR-21,2025-02-19T09:22:22Z,31,48,PASS,Ambrose Fernwhistle
BRW-05585,POT-0102,SHP-15,CDR-12,2026-04-14T05:21:17Z,25,,PASS,Cassia Winterbourne
BRW-05586,POT-0064,SHP-03,CDR-17,2025-03-13 06:45:05,17,105,pass,Dorian Mistlethorn
BRW-05587,POT-0035,SHP-01,CDR-15,2025-01-06T07:59:33Z,20,76,pass,Umbra Thistledown
BRW-05588,POT-0056,SHP-04,CDR-04,2025-10-24T06:08:30Z,29,64,pass,Gideon Moonbrook
BRW-05589,POT-0038,SHP-10,CDR-25,2025-12-09T09:27:03Z,18,50,pass,Lyra Winterbourne
BRW-05590,POT-0025,SHP-07,CDR-03,2025-09-18 09:57:13,18,49,PASS,Dorian Mistlethorn
BRW-05591,POT-0033,SHP-09,CDR-21,2026-04-14T08:12:11Z,22,75,Pass,Belladonna Jackdaw
BRW-05592,POT-0016,SHP-01,CDR-40,2026-04-14 08:21:58,24,128,pass,Nimbus Glimmerstone
BRW-05593,POT-0041,SHP-14,CDR-11,2025-11-01 06:52:55,43,120,PASS,Dorian Mistlethorn
BRW-05594,POT-0082,SHP-05,CDR-38,2024-10-23 11:45:26,58,33,pass,Delphine Mossheart
BRW-05595,POT-0078,SHP-11,CDR-30,2024-12-24 10:19:10,13,98,pass,Dorian Mistlethorn
BRW-05596,POT-0016,SHP-08,CDR-22,2026-06-10T10:49:49Z,41,128,Pass,Yarrow Ravenscroft
BRW-05597,POT-0112,SHP-15,CDR-14,2025-06-04T09:39:53Z,37,54,pass,Grizelda Duskwater
BRW-05598,POT-0050,SHP-01,CDR-39,2026-03-04 05:51:00,49,144,Pass,Juniper Hollowbranch
BRW-05599,POT-0061,SHP-15,CDR-16,2024-05-20T09:47:34Z,37,81,pass,Hesper Cinderfell
BRW-05600,POT-0078,SHP-06,CDR-25,2024-07-30 07:13:31,12,85,pass,Gideon Moonbrook
BRW-05601,POT-0029,SHP-15,CDR-28,2026-06-24T05:36:15Z,46,93,PASS,Wendeline Ashgrove
BRW-05602,POT-0030,SHP-01,CDR-03,2026-03-20T06:34:25Z,26,81,pass,Thaddeus Frostpetal
BRW-05603,POT-0012,SHP-02,CDR-40,2026-06-29T09:18:46Z,28,79,PASS,Cassia Everbright
BRW-05604,POT-0058,SHP-14,CDR-26,2025-06-27 09:42:09,43,137,pass,Gideon Moonbrook
BRW-05605,POT-0069,SHP-13,CDR-33,2024-12-26T09:46:46Z,32,138,pass,Caspian Thistledown
BRW-05606,POT-0085,SHP-11,CDR-20,2026-06-25T05:05:04Z,43,149,pass,Oleander Ravenscroft
BRW-05607,POT-0003,SHP-09,CDR-13,2025-08-13 06:45:43,19,66,Pass,Cassia Winterbourne
BRW-05608,POT-0071,SHP-12,CDR-26,2026-01-10T05:13:16Z,42,93,pass,Delphine Mossheart
BRW-05609,POT-0036,SHP-03,CDR-25,2025-12-11 10:09:21,17,66,pass,Cassia Everbright
BRW-05610,POT-0117,SHP-05,CDR-12,2026-02-14T07:37:50Z,27,59,pass,Maribel Netherfield
BRW-05611,POT-0061,SHP-07,CDR-11,2026-05-14T07:38:29Z,58,101,pass,Ambrose Winterbourne
BRW-05612,POT-0075,SHP-08,CDR-25,2026-04-16T09:29:59Z,18,80,pass,Vesper Emberwhisk
BRW-05613,POT-0102,SHP-04,CDR-05,2025-01-26 07:08:36,11,69,pass,Cassia Winterbourne
BRW-05614,POT-0031,SHP-10,CDR-09,2026-06-09 11:53:50,18,32,pass,Gideon Thistledown
BRW-05615,POT-0058,SHP-05,CDR-33,2024-09-01 07:11:41,37,135,pass,Nimbus Glimmerstone
BRW-05616,POT-0068,SHP-14,CDR-13,2026-01-30T05:43:05Z,38,45,pass,Ambrose Winterbourne
BRW-05617,POT-0029,SHP-03,CDR-30,2024-12-22 08:53:18,41,83,pass,Gideon Moonbrook
BRW-05618,POT-0071,SHP-07,CDR-03,2024-07-25T09:53:25Z,51,116,pass,Ambrose Winterbourne
BRW-05619,POT-0118,SHP-09,CDR-37,2026-05-20T11:55:11Z,47,71,Pass,Dorian Glimmerstone
BRW-05620,POT-0006,SHP-14,CDR-01,2025-12-18T07:54:01Z,27,120,PASS,Ambrose Winterbourne
BRW-05621,POT-0018,SHP-14,CDR-10,2024-08-26 11:32:46,31,49,pass,Dorian Glimmerstone
BRW-05622,POT-0041,SHP-15,CDR-37,2025-12-03 05:33:29,20,145,pass,Delphine Zellandine
BRW-05623,POT-0068,SHP-05,CDR-24,2026-04-19 10:33:29,19,77,fail,Zephyrine Zellandine
BRW-05624,POT-0095,SHP-13,CDR-37,2025-08-29T11:16:29Z,14,133,Pass,Vesper Emberwhisk
BRW-05625,POT-0079,SHP-04,CDR-27,2026-02-22T11:14:12Z,22,84,Pass,Morwenna Wandwright
BRW-05626,POT-0048,SHP-15,CDR-06,2025-06-20 08:17:09,59,106,pass,Gideon Moonbrook
BRW-05627,POT-0054,SHP-01,CDR-20,2026-05-28T11:33:54Z,33,67,pass,Delphine Zellandine
BRW-05628,POT-0057,SHP-01,CDR-32,2025-12-05 05:01:26,50,82,Pass,Oleander Ravenscroft
BRW-05629,POT-0082,SHP-13,CDR-36,2024-05-21T11:46:30Z,39,38,pass,Dorian Mistlethorn
BRW-05630,POT-0108,SHP-09,CDR-20,2025-12-28 08:44:12,47,88,Pass,Lyra Winterbourne
BRW-05631,POT-0061,SHP-11,CDR-21,2025-02-04T09:26:57Z,49,90,Pass,Dorian Glimmerstone
BRW-05632,POT-0048,SHP-08,CDR-20,2025-05-26T06:52:26Z,33,96,pass,Hesper Foxglove
BRW-05633,POT-0034,SHP-14,CDR-11,2024-11-13 05:20:03,53,111,Pass,Grizelda Duskwater
BRW-05634,POT-0111,SHP-07,CDR-09,2026-05-16T11:10:44Z,34,40,pass,Juniper Hollowbranch
BRW-05635,POT-0086,SHP-09,CDR-12,2026-06-30 09:59:25,50,82,pass,Ambrose Winterbourne
BRW-05636,POT-0012,SHP-11,CDR-32,2025-10-16T07:47:12Z,10,78,Pass,Ambrose Fernwhistle
BRW-05637,POT-0044,SHP-14,CDR-18,2024-09-09T07:54:13Z,37,49,pass,Delphine Mossheart
BRW-05638,POT-0050,SHP-07,CDR-36,2026-06-03T06:04:31Z,19,153,pass,Ambrose Winterbourne
BRW-05639,POT-0068,SHP-12,CDR-21,2024-06-05T07:00:16Z,17,39,Pass,Vesper Emberwhisk
BRW-05640,POT-0079,SHP-08,CDR-30,2026-03-18T05:43:45Z,23,67,fail,Kestrel Foxglove
BRW-05641,POT-0115,SHP-08,CDR-13,2025-09-23 07:02:56,20,114,pass,Oswin Wyrmwood
BRW-05642,POT-0059,SHP-11,CDR-30,2026-05-10 09:12:18,27,89,pass,Kestrel Foxglove
BRW-05643,POT-0034,SHP-14,CDR-27,2026-04-05 11:05:52,54,109,pass,Gideon Moonbrook
BRW-05644,POT-0087,SHP-09,CDR-04,2026-01-18T08:35:28Z,56,15,pass,Grizelda Kilnworth
BRW-05645,POT-0063,SHP-12,CDR-05,2024-11-14T07:36:01Z,28,51,pass,Zephyrine Zellandine
BRW-05646,POT-0040,SHP-14,CDR-08,2024-11-13T09:46:10Z,18,36,pass,Dorian Mistlethorn
BRW-05647,POT-0055,SHP-06,CDR-35,2025-12-05T09:52:47Z,60,107,pass,Zephyrine Zellandine
BRW-05648,POT-0043,SHP-08,CDR-28,2026-04-24T11:28:26Z,17,56,pass,Belladonna Jackdaw
BRW-05649,POT-0062,SHP-05,CDR-36,2025-12-05T06:49:19Z,50,146,pass,Wendeline Ashgrove
BRW-05650,POT-0107,SHP-05,CDR-25,2026-05-20 05:50:31,28,66,pass,Vesper Emberwhisk
BRW-05651,POT-0042,SHP-06,CDR-36,2026-03-31 05:09:42,22,114,pass,Ambrose Fernwhistle
BRW-05652,POT-0114,SHP-05,CDR-33,2024-10-09T08:10:21Z,18,60,pass,Delphine Mossheart
BRW-05653,POT-0082,SHP-01,CDR-33,2025-06-17 10:23:08,11,50,pass,Gideon Moonbrook
BRW-05654,POT-0102,SHP-01,CDR-01,2026-04-19T11:40:46Z,14,56,pass,Cassia Winterbourne
BRW-05655,POT-0075,SHP-11,CDR-17,2025-09-30T11:11:26Z,47,146,pass,Vesper Emberwhisk
BRW-05656,POT-0048,SHP-05,CDR-09,2025-10-31 07:18:23,59,106,Pass,Gideon Moonbrook
BRW-05657,POT-0016,SHP-12,CDR-21,2026-02-26 06:01:29,13,108,pass,Grizelda Duskwater
BRW-05658,POT-0113,SHP-10,CDR-07,2026-05-11 06:58:25,49,172,pass,Dorian Glimmerstone
BRW-05659,POT-0025,SHP-12,CDR-31,2025-11-06T08:21:06Z,12,64,pass,Zephyrine Zellandine
BRW-05660,POT-0036,SHP-15,CDR-38,2026-06-22 10:14:33,60,83,pass,Morwenna Wandwright
BRW-05661,POT-0062,SHP-04,CDR-39,2026-01-30 10:59:32,58,155,pass,Grizelda Kilnworth
BRW-05662,POT-0105,SHP-04,CDR-33,2025-12-11 06:25:31,19,146,pass,Cassia Everbright
BRW-05663,POT-0108,SHP-09,CDR-03,2024-08-31 05:08:00,13,90,PASS,Hesper Cinderfell
BRW-05664,POT-0046,SHP-10,CDR-21,2025-04-27 11:49:13,42,29,pass,Ambrose Winterbourne
BRW-05665,POT-0019,SHP-10,CDR-24,2025-08-20 10:21:09,32,118,PASS,Juniper Hollowbranch
BRW-05666,POT-0051,SHP-12,CDR-16,2026-05-13T05:13:22Z,44,36,Pass,Belladonna Jackdaw
BRW-05667,POT-0048,SHP-07,CDR-39,2025-05-31 11:54:36,33,114,pass,Oleander Ravenscroft
BRW-05668,POT-0107,SHP-11,CDR-30,2026-03-10T09:52:08Z,26,83,PASS,Caspian Thistledown
BRW-05669,POT-0009,SHP-01,CDR-38,2024-05-19T06:29:06Z,52,48,PASS,Oleander Ravenscroft
BRW-05670,POT-0104,SHP-13,CDR-28,2025-05-15T09:29:20Z,33,165,PASS,Thaddeus Frostpetal
BRW-05671,POT-0057,SHP-09,CDR-12,2025-05-05T05:12:26Z,37,52,PASS,Belladonna Jackdaw
BRW-05672,POT-0034,SHP-10,CDR-28,2024-11-03 09:41:06,26,108,pass,Cassia Winterbourne
BRW-05673,POT-0083,SHP-05,CDR-29,2026-04-15 11:48:20,57,144,fail,Kestrel Foxglove
BRW-05674,POT-0021,SHP-06,CDR-25,2026-05-22 08:58:24,23,68,Pass,Cassia Everbright
BRW-05675,POT-0086,SHP-11,CDR-04,2025-12-06 06:36:44,14,,pass,Zephyrine Zellandine
BRW-05676,POT-0074,SHP-04,CDR-24,2026-05-18T08:54:06Z,10,77,Pass,Ambrose Winterbourne
BRW-05677,POT-0006,SHP-01,CDR-22,2026-03-16 08:35:30,19,122,PASS,Caspian Thistledown
BRW-05678,POT-0022,SHP-14,CDR-01,2024-06-11T05:37:07Z,25,130,Pass,Lyra Winterbourne
BRW-05679,POT-0117,SHP-02,CDR-17,2024-06-24 07:32:28,49,38,pass,Oswin Wyrmwood
BRW-05680,POT-0096,SHP-09,CDR-25,2025-01-18 10:53:22,46,125,pass,Vesper Emberwhisk
BRW-05681,POT-0032,SHP-13,CDR-17,2026-02-11T07:21:21Z,13,116,Pass,Ambrose Winterbourne
BRW-05682,POT-0007,SHP-06,CDR-26,2025-11-24T08:50:31Z,37,133,pass,Gideon Thistledown
BRW-05683,POT-0098,SHP-01,CDR-33,2025-10-14 07:58:31,29,115,Pass,Hesper Foxglove
BRW-05684,POT-0090,SHP-02,CDR-08,2026-02-14T09:57:03Z,24,69,pass,Grizelda Kilnworth
BRW-05685,POT-0049,SHP-05,CDR-02,2026-05-19 05:36:41,40,123,fail,Hesper Foxglove
BRW-05686,POT-0039,SHP-03,CDR-38,2025-05-17T05:12:39Z,39,153,pass,Cassia Everbright
BRW-05687,POT-0020,SHP-15,CDR-22,2025-03-19T10:56:13Z,54,124,pass,Dorian Glimmerstone
BRW-05688,POT-0083,SHP-10,CDR-39,2025-04-01T07:09:25Z,59,143,pass,Hesper Cinderfell
BRW-05689,POT-0073,SHP-05,CDR-35,2025-07-26 06:17:31,45,68,pass,Cassia Winterbourne
BRW-05690,POT-0084,SHP-02,CDR-40,2026-06-10T06:09:01Z,51,81,pass,Gideon Thistledown
BRW-05691,POT-0050,SHP-10,CDR-12,2026-02-01 11:35:00,50,156,pass,Dorian Glimmerstone
BRW-05692,POT-0090,SHP-04,CDR-27,2025-03-17 08:49:06,16,101,Pass,Ambrose Winterbourne
BRW-05693,POT-0019,SHP-06,CDR-34,2025-11-06T07:57:57Z,50,75,Pass,Cassia Winterbourne
BRW-05694,POT-0031,SHP-06,CDR-22,2026-05-18T07:35:37Z,32,16,pass,Delphine Mossheart
BRW-05695,POT-0016,SHP-04,CDR-38,2026-05-09T06:04:20Z,52,125,pass,Cassia Everbright
BRW-05696,POT-0098,SHP-05,CDR-17,2025-09-26 09:33:11,36,90,pass,Vesper Emberwhisk
BRW-05697,POT-0049,SHP-12,CDR-37,2024-10-15 08:35:02,40,147,pass,Morwenna Wandwright
BRW-05698,POT-0092,SHP-03,CDR-30,2026-01-24T10:49:34Z,35,90,pass,Vesper Emberwhisk
BRW-05699,POT-0063,SHP-04,CDR-07,2024-09-17T11:34:33Z,55,28,pass,Dorian Mistlethorn
BRW-05700,POT-0048,SHP-01,CDR-07,2026-03-19 09:05:43,58,108,pass,Umbra Thistledown
BRW-05701,POT-0107,SHP-04,CDR-36,2025-06-26T11:26:59Z,48,61,PASS,Gideon Moonbrook
BRW-05702,POT-0103,SHP-03,CDR-22,2024-07-13T06:09:21Z,28,127,pass,Dorian Glimmerstone
BRW-05703,POT-0095,SHP-02,CDR-19,2026-03-11T10:03:05Z,52,124,pass,Nimbus Glimmerstone
BRW-05704,POT-0092,SHP-15,CDR-34,2024-09-06 08:28:41,50,64,PASS,Thaddeus Frostpetal
BRW-05705,POT-0111,SHP-04,CDR-38,2026-02-05 10:05:11,60,59,pass,Thaddeus Frostpetal
BRW-05706,POT-0085,SHP-15,CDR-26,2025-10-09 07:19:12,40,114,pass,Yarrow Ravenscroft
BRW-05707,POT-0089,SHP-06,CDR-35,2025-03-31 06:48:28,45,83,PASS,Ambrose Winterbourne
BRW-05708,POT-0116,SHP-14,CDR-13,2025-08-05 07:05:27,27,94,Pass,Juniper Hollowbranch
BRW-05709,POT-0104,SHP-05,CDR-25,2026-05-26T10:47:03Z,20,,pass,Caspian Thistledown
BRW-05710,POT-0063,SHP-01,CDR-34,2025-08-02T10:08:07Z,25,61,pass,Hesper Foxglove
BRW-05711,POT-0062,SHP-01,CDR-40,2025-01-10T07:53:38Z,48,145,pass,Kestrel Foxglove
BRW-05712,POT-0057,SHP-06,CDR-10,2025-12-29T06:31:58Z,56,,pass,Maribel Netherfield
BRW-05713,POT-0098,SHP-05,CDR-16,2025-12-11T11:45:05Z,44,99,Pass,Juniper Hollowbranch
BRW-05714,POT-0098,SHP-11,CDR-22,2025-08-25T06:51:36Z,57,76,Pass,Morwenna Wandwright
BRW-05715,POT-0047,SHP-12,CDR-17,2025-01-12 07:30:47,23,114,pass,Vesper Emberwhisk
BRW-05716,POT-0052,SHP-15,CDR-05,2025-08-19 06:15:06,25,126,pass,Gideon Moonbrook
BRW-05717,POT-0076,SHP-15,CDR-17,2025-08-07 08:31:38,19,39,pass,Zephyrine Zellandine
BRW-05718,POT-0022,SHP-01,CDR-38,2025-12-16T06:44:37Z,59,109,Fail,Juniper Hollowbranch
BRW-05719,POT-0059,SHP-01,CDR-18,2026-04-25T05:06:04Z,50,102,pass,Ambrose Fernwhistle
BRW-05720,POT-0065,SHP-04,CDR-26,2026-06-19 07:03:53,17,60,pass,Grizelda Kilnworth
BRW-05721,POT-0032,SHP-10,CDR-33,2025-08-10T11:33:53Z,22,128,FAIL,Grizelda Kilnworth
BRW-05722,POT-0034,SHP-02,CDR-38,2024-06-13T07:02:51Z,57,137,Pass,Delphine Zellandine
BRW-05723,POT-0066,SHP-02,CDR-30,2024-12-18 06:24:18,48,107,fail,Juniper Hollowbranch
BRW-05724,POT-0062,SHP-07,CDR-27,2026-03-10 11:25:34,16,148,pass,Cassia Winterbourne
BRW-05725,POT-0022,SHP-03,CDR-14,2025-10-29T11:42:35Z,10,128,pass,Grizelda Kilnworth
BRW-05726,POT-0093,SHP-13,CDR-15,2025-01-10 09:59:00,49,90,pass,Ambrose Winterbourne
BRW-05727,POT-0072,SHP-01,CDR-10,2026-01-12 05:46:16,34,112,Pass,Cassia Winterbourne
BRW-05728,POT-0001,SHP-04,CDR-40,2026-03-03 07:27:56,16,115,PASS,Dorian Glimmerstone
BRW-05729,POT-0028,SHP-07,CDR-31,2026-06-14 08:57:57,28,54,pass,Gideon Thistledown
BRW-05730,POT-0102,SHP-05,CDR-40,2025-07-05T07:13:07Z,47,45,pass,Cassia Winterbourne
BRW-05731,POT-0103,SHP-06,CDR-18,2026-05-14T09:09:20Z,18,105,pass,Delphine Zellandine
BRW-05732,POT-0118,SHP-04,CDR-08,2026-02-25T05:56:22Z,27,96,pass,Delphine Mossheart
BRW-05733,POT-0118,SHP-13,CDR-01,2026-06-30 10:21:56,22,70,PASS,Morwenna Wandwright
BRW-05734,POT-0080,SHP-11,CDR-25,2025-06-13 11:59:41,35,143,Pass,Kestrel Foxglove
BRW-05735,POT-0099,SHP-14,CDR-18,2026-02-26T05:30:08Z,26,161,fail,Grizelda Kilnworth
BRW-05736,POT-0036,SHP-06,CDR-05,2025-11-16 11:54:22,40,76,pass,Lyra Winterbourne
BRW-05737,POT-0117,SHP-13,CDR-08,2024-07-16 05:03:35,39,52,pass,Wendeline Ashgrove
BRW-05738,POT-0075,SHP-07,CDR-06,2025-12-08T10:27:42Z,50,115,Pass,Cassia Everbright
BRW-05739,POT-0100,SHP-09,CDR-19,2026-01-24 06:31:20,45,106,pass,Gideon Moonbrook
BRW-05740,POT-0071,SHP-13,CDR-30,2026-02-07T10:05:33Z,51,92,pass,Oswin Wyrmwood
BRW-05741,POT-0102,SHP-02,CDR-10,2024-11-18 10:00:39,30,50,pass,Gideon Thistledown
BRW-05742,POT-0038,SHP-13,CDR-33,2025-05-08 11:04:10,47,40,pass,Juniper Hollowbranch
BRW-05743,POT-0064,SHP-03,CDR-09,2025-04-26T09:01:56Z,59,102,pass,Zephyrine Zellandine
BRW-05744,POT-0081,SHP-05,CDR-13,2025-09-09T11:29:08Z,10,104,Pass,Oswin Wyrmwood
BRW-05745,POT-0115,SHP-02,CDR-13,2025-01-15 10:53:46,38,136,pass,Hesper Foxglove
BRW-05746,POT-0066,SHP-11,CDR-29,2024-08-26T08:44:05Z,19,98,Pass,Belladonna Jackdaw
BRW-05747,POT-0117,SHP-07,CDR-25,2025-03-05T11:48:40Z,22,44,fail,Hesper Foxglove
BRW-05748,POT-0060,SHP-07,CDR-24,2026-04-19T06:15:22Z,11,148,pass,Wendeline Ashgrove
BRW-05749,POT-0055,SHP-10,CDR-12,2025-12-16T06:29:13Z,20,118,pass,Juniper Hollowbranch
BRW-05750,POT-0114,SHP-05,CDR-03,2026-02-27 07:57:09,51,89,Pass,Yarrow Ravenscroft
BRW-05751,POT-0030,SHP-11,CDR-19,2026-06-15T06:14:02Z,44,86,pass,Maribel Netherfield
BRW-05752,POT-0035,SHP-15,CDR-15,2025-11-01 08:23:07,43,64,pass,Dorian Glimmerstone
BRW-05753,POT-0115,SHP-13,CDR-23,2025-02-23 11:40:43,35,144,pass,Delphine Mossheart
BRW-05754,POT-0034,SHP-04,CDR-04,2025-07-06T08:12:47Z,10,144,pass,Belladonna Jackdaw
BRW-05755,POT-0089,SHP-03,CDR-02,2025-02-14 10:18:40,59,78,Pass,Grizelda Duskwater
BRW-05756,POT-0061,SHP-06,CDR-02,2025-05-21 06:12:19,48,94,pass,Grizelda Kilnworth
BRW-05757,POT-0027,SHP-15,CDR-11,2025-07-08 05:26:16,23,115,fail,Morwenna Wandwright
BRW-05758,POT-0118,SHP-11,CDR-35,2026-04-03T09:59:02Z,60,86,Pass,Umbra Thistledown
BRW-05759,POT-0101,SHP-12,CDR-07,2026-04-26 07:05:28,39,128,fail,Delphine Zellandine
BRW-05760,POT-0104,SHP-15,CDR-05,2026-03-07 06:04:54,26,151,pass,Dorian Mistlethorn
BRW-05761,POT-0046,SHP-05,CDR-19,2026-03-03 06:06:20,17,28,pass,Wendeline Ashgrove
BRW-05762,POT-0024,SHP-02,CDR-10,2025-04-01 07:51:03,30,134,PASS,Caspian Thistledown
BRW-05763,POT-0118,SHP-03,CDR-33,2026-04-04T06:29:27Z,36,62,pass,Delphine Zellandine
BRW-05764,POT-0014,SHP-12,CDR-11,2025-04-26T09:33:57Z,57,45,pass,Gideon Moonbrook
BRW-05765,POT-0119,SHP-04,CDR-33,2025-11-15T06:12:27Z,27,82,pass,Grizelda Duskwater
BRW-05766,POT-0094,SHP-13,CDR-21,2025-07-04T05:33:09Z,14,111,Pass,Grizelda Kilnworth
BRW-05767,POT-0063,SHP-13,CDR-31,2025-06-02T09:35:40Z,55,58,FAIL,Ambrose Fernwhistle
BRW-05768,POT-0086,SHP-03,CDR-30,2026-06-07T08:29:14Z,23,43,PASS,Oswin Wyrmwood
BRW-05769,POT-0119,SHP-02,CDR-25,2025-05-18T07:02:47Z,21,102,FAIL,Delphine Zellandine
BRW-05770,POT-0101,SHP-06,CDR-35,2025-10-18T11:02:51Z,34,170,pass,Ambrose Fernwhistle
BRW-05771,POT-0077,SHP-15,CDR-35,2026-03-25T05:03:06Z,60,112,pass,Cassia Everbright
BRW-05772,POT-0118,SHP-11,CDR-29,2026-06-04T06:00:52Z,16,70,pass,Wendeline Ashgrove
BRW-05773,POT-0098,SHP-09,CDR-22,2025-07-17 11:43:22,55,96,Pass,Juniper Hollowbranch
BRW-05774,POT-0077,SHP-01,CDR-13,2026-04-01T08:14:16Z,44,122,pass,Morwenna Wandwright
BRW-05775,POT-0086,SHP-15,CDR-19,2026-04-16T05:21:32Z,58,76,pass,Lyra Winterbourne
BRW-05776,POT-0112,SHP-15,CDR-16,2025-10-03T11:48:20Z,58,74,pass,Vesper Emberwhisk
BRW-05777,POT-0036,SHP-07,CDR-32,2025-09-01T07:25:43Z,32,121,Pass,Grizelda Kilnworth
BRW-05778,POT-0104,SHP-08,CDR-23,2025-07-04 11:27:51,41,161,pass,Yarrow Ravenscroft
BRW-05779,POT-0028,SHP-03,CDR-15,2026-05-02 11:05:49,54,60,pass,Cassia Everbright
BRW-05780,POT-0066,SHP-03,CDR-06,2025-12-15T09:39:24Z,46,119,Pass,Lyra Winterbourne
BRW-05781,POT-0090,SHP-02,CDR-34,2024-07-12T10:31:32Z,28,75,pass,Oswin Wyrmwood
BRW-05782,POT-0111,SHP-14,CDR-30,2026-05-20 09:25:19,34,,Fail,Belladonna Jackdaw
BRW-05783,POT-0081,SHP-05,CDR-32,2024-08-27 05:07:51,36,101,Pass,Ambrose Winterbourne
BRW-05784,POT-0006,SHP-09,CDR-18,2026-04-28 06:40:48,53,104,pass,Cassia Everbright
BRW-05785,POT-0061,SHP-14,CDR-23,2025-11-19 07:41:10,45,98,pass,Gideon Thistledown
BRW-05786,POT-0085,SHP-11,CDR-33,2024-09-16 08:19:38,53,126,pass,Zephyrine Zellandine
BRW-05787,POT-0036,SHP-08,CDR-04,2025-09-02T09:06:24Z,42,68,pass,Ambrose Fernwhistle
BRW-05788,POT-0008,SHP-05,CDR-05,2026-04-29 09:28:06,57,56,pass,Oswin Wyrmwood
BRW-05789,POT-0084,SHP-08,CDR-33,2024-05-12 11:47:43,28,82,PASS,Caspian Thistledown
BRW-05790,POT-0041,SHP-10,CDR-19,2025-05-06 08:04:43,49,143,pass,Lyra Winterbourne
BRW-05791,POT-0119,SHP-08,CDR-18,2026-01-18 07:28:36,42,74,Pass,Delphine Zellandine
BRW-05792,POT-0045,SHP-04,CDR-23,2024-08-02T10:04:09Z,46,42,pass,Morwenna Wandwright
BRW-05793,POT-0078,SHP-14,CDR-37,2026-03-21 08:40:18,40,85,pass,Ambrose Winterbourne
BRW-05794,POT-0074,SHP-13,CDR-10,2026-04-01T05:35:52Z,20,105,pass,Oleander Ravenscroft
BRW-05795,POT-0101,SHP-09,CDR-33,2026-02-07T09:11:28Z,12,144,pass,Nimbus Glimmerstone
BRW-05796,POT-0041,SHP-04,CDR-33,2026-01-28T06:45:29Z,48,133,pass,Ambrose Fernwhistle
BRW-05797,POT-0044,SHP-09,CDR-13,2026-06-16T06:47:44Z,45,31,pass,Ambrose Fernwhistle
BRW-05798,POT-0040,SHP-11,CDR-04,2026-04-02 08:42:44,57,34,PASS,Grizelda Kilnworth
BRW-05799,POT-0013,SHP-14,CDR-20,2026-06-21 05:11:40,24,63,Pass,Zephyrine Zellandine
BRW-05800,POT-0101,SHP-12,CDR-10,2024-07-07 10:58:08,27,163,Pass,Thaddeus Frostpetal
BRW-05801,POT-0091,SHP-05,CDR-37,2026-01-31T09:22:06Z,46,36,pass,Cassia Everbright
BRW-05802,POT-0086,SHP-03,CDR-04,2025-12-25 05:06:39,43,89,pass,Maribel Netherfield
BRW-05803,POT-0111,SHP-05,CDR-36,2026-02-24T10:47:06Z,29,59,pass,Maribel Netherfield
BRW-05804,POT-0044,SHP-10,CDR-28,2025-11-14 11:34:09,51,58,pass,Cassia Everbright
BRW-05805,POT-0108,SHP-14,CDR-14,2025-08-29 06:22:40,16,85,Pass,Wendeline Ashgrove
BRW-05806,POT-0028,SHP-03,CDR-30,2026-05-25 09:48:34,52,47,pass,Ambrose Winterbourne
BRW-05807,POT-0037,SHP-05,CDR-35,2026-01-24T11:21:31Z,44,81,Pass,Zephyrine Zellandine
BRW-05808,POT-0025,SHP-13,CDR-20,2025-02-05 06:50:12,31,48,pass,Hesper Cinderfell
BRW-05809,POT-0022,SHP-09,CDR-31,2024-10-28T09:07:40Z,16,139,pass,Yarrow Ravenscroft
BRW-05810,POT-0111,SHP-10,CDR-34,2026-02-03T07:19:30Z,26,73,pass,Caspian Thistledown
BRW-05811,POT-0027,SHP-05,CDR-24,2026-03-24 05:54:33,55,102,pass,Dorian Glimmerstone
BRW-05812,POT-0083,SHP-13,CDR-07,2024-09-28 11:55:15,49,149,pass,Dorian Mistlethorn
BRW-05813,POT-0097,SHP-10,CDR-22,2026-02-17T11:18:06Z,18,152,PASS,Ambrose Winterbourne
BRW-05814,POT-0009,SHP-12,CDR-10,2025-04-29T08:51:27Z,60,84,fail,Wendeline Ashgrove
BRW-05815,POT-0043,SHP-11,CDR-22,2025-04-07 06:34:20,59,43,fail,Grizelda Duskwater
BRW-05816,POT-0033,SHP-13,CDR-17,2026-05-05T09:45:16Z,38,63,pass,Grizelda Duskwater
BRW-05817,POT-0010,SHP-13,CDR-12,2026-04-09 09:08:53,37,130,pass,Delphine Zellandine
BRW-05818,POT-0102,SHP-15,CDR-25,2026-04-05 10:02:10,60,68,pass,Gideon Thistledown
BRW-05819,POT-0065,SHP-06,CDR-30,2024-06-09T05:06:36Z,41,44,pass,Oleander Ravenscroft
BRW-05820,POT-0075,SHP-04,CDR-39,2026-04-26 10:57:43,11,130,pass,Oleander Ravenscroft
BRW-05821,POT-0117,SHP-01,CDR-24,2026-06-03T11:48:47Z,51,60,pass,Cassia Winterbourne
BRW-05822,POT-0051,SHP-06,CDR-36,2025-08-14T05:35:07Z,20,29,pass,Gideon Moonbrook
BRW-05823,POT-0102,SHP-06,CDR-13,2026-02-10T10:46:27Z,32,41,pass,Zephyrine Zellandine
BRW-05824,POT-0064,SHP-07,CDR-19,2025-01-29 10:47:59,17,106,pass,Vesper Emberwhisk
BRW-05825,POT-0013,SHP-12,CDR-05,2025-07-27T08:06:30Z,33,80,pass,Cassia Winterbourne
BRW-05826,POT-0117,SHP-01,CDR-37,2025-01-19 05:25:13,12,73,pass,Morwenna Wandwright
BRW-05827,POT-0017,SHP-11,CDR-03,2025-11-30T09:10:13Z,10,127,pass,Morwenna Wandwright
BRW-05828,POT-0105,SHP-04,CDR-28,2024-07-01T06:24:49Z,60,133,pass,Hesper Cinderfell
BRW-05829,POT-0008,SHP-07,CDR-39,2026-03-09T08:17:45Z,43,54,Pass,Oleander Ravenscroft
BRW-05830,POT-0102,SHP-14,CDR-28,2025-01-01 09:35:04,19,70,Pass,Grizelda Kilnworth
BRW-05831,POT-0070,SHP-07,CDR-31,2025-01-18T08:29:19Z,21,142,pass,Grizelda Kilnworth
BRW-05832,POT-0106,SHP-10,CDR-39,2025-08-14T05:07:51Z,54,78,pass,Cassia Everbright
BRW-05833,POT-0098,SHP-12,CDR-05,2025-07-12 09:13:56,40,119,pass,Nimbus Glimmerstone
BRW-05834,POT-0021,SHP-05,CDR-15,2024-09-06T05:32:42Z,45,,pass,Grizelda Duskwater
BRW-05835,POT-0027,SHP-01,CDR-14,2026-01-30 05:22:41,10,88,pass,Lyra Winterbourne
BRW-05836,POT-0005,SHP-02,CDR-13,2025-07-05T05:54:29Z,31,52,pass,Delphine Zellandine
BRW-05837,POT-0061,SHP-10,CDR-31,2025-06-10T05:08:56Z,12,78,pass,Cassia Everbright
BRW-05838,POT-0077,SHP-07,CDR-19,2026-04-20 11:06:08,23,103,Pass,Hesper Foxglove
BRW-05839,POT-0031,SHP-12,CDR-17,2026-04-08T08:38:58Z,34,50,pass,Maribel Netherfield
BRW-05840,POT-0117,SHP-12,CDR-40,2025-09-17T11:36:01Z,18,50,PASS,Dorian Glimmerstone
BRW-05841,POT-0084,SHP-02,CDR-21,2026-06-24 06:31:15,38,85,pass,Vesper Emberwhisk
BRW-05842,POT-0029,SHP-14,CDR-36,2025-02-04 11:21:19,36,59,pass,Ambrose Winterbourne
BRW-05843,POT-0029,SHP-01,CDR-28,2025-12-15 09:49:10,12,71,pass,Oleander Ravenscroft
BRW-05844,POT-0025,SHP-02,CDR-30,2026-01-07 08:21:09,12,51,pass,Lyra Winterbourne
BRW-05845,POT-0011,SHP-14,CDR-20,2026-03-28 09:22:38,29,151,Pass,Maribel Netherfield
BRW-05846,POT-0091,SHP-14,CDR-25,2026-04-14T10:52:59Z,54,56,pass,Gideon Moonbrook
BRW-05847,POT-0036,SHP-12,CDR-39,2025-02-14T07:07:47Z,43,97,pass,Delphine Zellandine
BRW-05848,POT-0046,SHP-14,CDR-03,2024-10-29T08:16:31Z,41,54,pass,Morwenna Wandwright
BRW-05849,POT-0022,SHP-07,CDR-33,2025-10-01T09:05:07Z,46,117,fail,Grizelda Kilnworth
BRW-05850,POT-0038,SHP-05,CDR-25,2025-11-18T07:39:34Z,40,58,pass,Gideon Thistledown
BRW-05851,POT-0045,SHP-06,CDR-08,2025-03-09 09:57:58,36,48,Pass,Ambrose Fernwhistle
BRW-05852,POT-0104,SHP-11,CDR-34,2025-10-05T09:31:34Z,41,165,pass,Nimbus Glimmerstone
BRW-05853,POT-0063,SHP-07,CDR-24,2026-04-17T06:10:49Z,56,70,pass,Oleander Ravenscroft
BRW-05854,POT-0066,SHP-12,CDR-32,2025-06-14T06:42:34Z,53,86,Pass,Cassia Everbright
BRW-05855,POT-0089,SHP-07,CDR-01,2026-02-02T11:20:09Z,40,103,Pass,Thaddeus Frostpetal
BRW-05856,POT-0111,SHP-10,CDR-01,2026-01-05T10:43:14Z,52,73,pass,Grizelda Duskwater
BRW-05857,POT-0024,SHP-06,CDR-05,2026-06-28T09:41:36Z,10,123,pass,Cassia Winterbourne
BRW-05858,POT-0033,SHP-03,CDR-39,2025-08-16T07:21:38Z,42,63,pass,Umbra Thistledown
BRW-05859,POT-0034,SHP-14,CDR-39,2024-09-30 08:59:35,56,104,pass,Wendeline Ashgrove
BRW-05860,POT-0098,SHP-15,CDR-08,2025-07-12 08:31:34,51,109,pass,Juniper Hollowbranch
BRW-05861,POT-0020,SHP-13,CDR-30,2025-12-15 05:17:47,38,134,Pass,Wendeline Ashgrove
BRW-05862,POT-0061,SHP-11,CDR-37,2024-10-28T08:05:39Z,39,98,pass,Morwenna Wandwright
BRW-05863,POT-0041,SHP-13,CDR-07,2025-03-08T06:49:34Z,31,133,pass,Juniper Hollowbranch
BRW-05864,POT-0015,SHP-09,CDR-24,2026-02-21T06:31:39Z,30,87,Pass,Belladonna Jackdaw
BRW-05865,POT-0066,SHP-02,CDR-09,2025-11-12T11:52:32Z,24,86,pass,Hesper Foxglove
BRW-05866,POT-0059,SHP-03,CDR-19,2026-05-04 10:55:05,45,90,pass,Vesper Emberwhisk
BRW-05867,POT-0066,SHP-08,CDR-01,2026-03-03 11:26:47,19,117,pass,Wendeline Ashgrove
BRW-05868,POT-0079,SHP-06,CDR-39,2025-03-23T10:04:33Z,43,44,pass,Hesper Foxglove
BRW-05869,POT-0079,SHP-03,CDR-37,2026-06-28 11:55:01,38,69,pass,Gideon Moonbrook
BRW-05870,POT-0106,SHP-08,CDR-28,2025-10-10T07:26:08Z,13,76,PASS,Zephyrine Zellandine
BRW-05871,POT-0029,SHP-11,CDR-37,2025-11-12 08:10:31,20,63,pass,Kestrel Foxglove
BRW-05872,POT-0019,SHP-07,CDR-39,2025-11-01 10:23:47,56,97,Fail,Morwenna Wandwright
BRW-05873,POT-0019,SHP-12,CDR-14,2026-02-01T09:39:40Z,54,69,pass,Grizelda Kilnworth
BRW-05874,POT-0017,SHP-11,CDR-13,2024-06-01T06:04:06Z,11,149,pass,Oswin Wyrmwood
BRW-05875,POT-0118,SHP-03,CDR-27,2026-05-08T09:12:30Z,33,89,pass,Hesper Foxglove
BRW-05876,POT-0083,SHP-14,CDR-14,2026-05-29T06:15:45Z,40,131,pass,Maribel Netherfield
BRW-05877,POT-0039,SHP-08,CDR-17,2026-05-03T06:49:21Z,32,147,pass,Maribel Netherfield
BRW-05878,POT-0094,SHP-09,CDR-21,2025-06-19 10:42:49,26,112,pass,Cassia Everbright
BRW-05879,POT-0081,SHP-10,CDR-07,2025-11-22 10:22:31,13,117,pass,Vesper Emberwhisk
BRW-05880,POT-0113,SHP-02,CDR-04,2026-05-12T06:35:59Z,17,119,pass,Cassia Everbright
BRW-05881,POT-0111,SHP-14,CDR-26,2026-01-02T10:42:03Z,19,63,pass,Cassia Everbright
BRW-05882,POT-0029,SHP-06,CDR-13,2026-04-21 06:40:16,16,82,pass,Kestrel Foxglove
BRW-05883,POT-0050,SHP-04,CDR-31,2025-09-27 05:22:10,48,158,pass,Dorian Mistlethorn
BRW-05884,POT-0022,SHP-06,CDR-32,2025-01-19T10:29:18Z,14,122,fail,Wendeline Ashgrove
BRW-05885,POT-0082,SHP-01,CDR-33,2024-08-10T09:45:20Z,49,35,PASS,Maribel Netherfield
BRW-05886,POT-0019,SHP-12,CDR-10,2024-10-06 10:41:38,30,65,pass,Gideon Moonbrook
BRW-05887,POT-0019,SHP-04,CDR-07,2025-09-22T08:21:20Z,15,81,pass,Gideon Moonbrook
BRW-05888,POT-0045,SHP-01,CDR-29,2026-02-25T06:07:49Z,59,43,pass,Delphine Mossheart
BRW-05889,POT-0061,SHP-05,CDR-29,2024-11-06T05:00:38Z,20,82,pass,Delphine Zellandine
BRW-05890,POT-0107,SHP-06,CDR-10,2026-01-18 10:17:27,33,49,Pass,Ambrose Winterbourne
BRW-05891,POT-0056,SHP-04,CDR-32,2025-08-09T11:47:27Z,60,83,pass,Gideon Thistledown
BRW-05892,POT-0021,SHP-11,CDR-22,2024-11-10 06:15:28,32,99,pass,Thaddeus Frostpetal
BRW-05893,POT-0063,SHP-07,CDR-04,2025-12-02 08:37:10,32,59,pass,Zephyrine Zellandine
BRW-05894,POT-0045,SHP-12,CDR-38,2025-01-03T09:35:59Z,21,39,PASS,Gideon Thistledown
BRW-05895,POT-0109,SHP-11,CDR-28,2026-02-23T10:08:06Z,27,135,Pass,Hesper Cinderfell
BRW-05896,POT-0098,SHP-10,CDR-10,2025-08-30T11:11:39Z,28,132,pass,Lyra Winterbourne
BRW-05897,POT-0053,SHP-06,CDR-01,2025-11-03 07:52:54,47,124,pass,Belladonna Jackdaw
BRW-05898,POT-0063,SHP-08,CDR-39,2026-02-02 09:28:02,51,30,pass,Dorian Glimmerstone
BRW-05899,POT-0052,SHP-15,CDR-28,2026-05-16T08:36:06Z,59,97,fail,Dorian Glimmerstone
BRW-05900,POT-0079,SHP-07,CDR-38,2026-05-14 11:13:42,50,67,pass,Lyra Winterbourne
BRW-05901,POT-0024,SHP-11,CDR-22,2024-08-27 06:26:28,43,114,pass,Grizelda Kilnworth
BRW-05902,POT-0056,SHP-07,CDR-22,2026-06-23 08:01:59,27,96,pass,Grizelda Kilnworth
BRW-05903,POT-0082,SHP-14,CDR-39,2025-09-05T11:07:55Z,44,64,pass,Morwenna Wandwright
BRW-05904,POT-0034,SHP-01,CDR-09,2025-07-03 09:54:02,29,95,pass,Umbra Thistledown
BRW-05905,POT-0085,SHP-04,CDR-36,2024-05-19T09:09:54Z,36,103,PASS,Belladonna Jackdaw
BRW-05906,POT-0030,SHP-06,CDR-39,2025-08-21T06:54:14Z,10,70,pass,Cassia Everbright
BRW-05907,POT-0031,SHP-05,CDR-31,2025-11-24T07:25:03Z,15,43,Pass,Cassia Winterbourne
BRW-05908,POT-0068,SHP-13,CDR-19,2024-07-13 07:21:27,16,89,Pass,Umbra Thistledown
BRW-05909,POT-0100,SHP-05,CDR-31,2025-02-11 07:40:06,23,79,Pass,Ambrose Winterbourne
BRW-05910,POT-0118,SHP-11,CDR-19,2026-06-11T07:38:07Z,34,56,pass,Morwenna Wandwright
BRW-05911,POT-0088,SHP-05,CDR-14,2025-07-31T06:44:32Z,27,100,pass,Gideon Thistledown
BRW-05912,POT-0099,SHP-05,CDR-37,2026-03-05 10:41:53,46,165,pass,Grizelda Kilnworth
BRW-05913,POT-0056,SHP-15,CDR-32,2026-05-29T10:39:00Z,32,76,pass,Vesper Emberwhisk
BRW-05914,POT-0007,SHP-08,CDR-25,2026-06-28 05:21:13,27,159,pass,Yarrow Ravenscroft
BRW-05915,POT-0088,SHP-09,CDR-38,2025-08-22T05:38:37Z,23,121,Pass,Caspian Thistledown
BRW-05916,POT-0015,SHP-01,CDR-23,2026-01-09T11:49:40Z,43,74,Pass,Oswin Wyrmwood
BRW-05917,POT-0104,SHP-08,CDR-01,2025-12-09 05:43:20,24,145,pass,Morwenna Wandwright
BRW-05918,POT-0101,SHP-14,CDR-04,2025-03-06T05:39:25Z,20,144,pass,Wendeline Ashgrove
BRW-05919,POT-0006,SHP-10,CDR-21,2026-01-12 09:03:19,36,112,pass,Morwenna Wandwright
BRW-05920,POT-0008,SHP-06,CDR-14,2026-05-26T08:50:28Z,24,67,pass,Kestrel Foxglove
BRW-05921,POT-0041,SHP-05,CDR-01,2026-03-20T10:40:50Z,48,155,pass,Vesper Emberwhisk
BRW-05922,POT-0004,SHP-05,CDR-36,2025-01-17T10:55:07Z,46,124,FAIL,Grizelda Duskwater
BRW-05923,POT-0028,SHP-01,CDR-30,2026-06-18 09:24:04,16,71,Pass,Maribel Netherfield
BRW-05924,POT-0085,SHP-04,CDR-16,2025-10-27 06:43:39,11,112,pass,Nimbus Glimmerstone
BRW-05925,POT-0069,SHP-11,CDR-01,2024-09-21T11:28:09Z,50,112,pass,Gideon Moonbrook
BRW-05926,POT-0074,SHP-04,CDR-01,2026-06-27 06:59:52,13,109,pass,Zephyrine Zellandine
BRW-05927,POT-0032,SHP-02,CDR-09,2026-03-12T10:35:58Z,31,109,pass,Belladonna Jackdaw
BRW-05928,POT-0072,SHP-09,CDR-29,2024-10-03T10:45:19Z,33,105,Pass,Caspian Thistledown
BRW-05929,POT-0068,SHP-06,CDR-39,2026-04-07T09:13:00Z,34,73,Pass,Ambrose Fernwhistle
BRW-05930,POT-0114,SHP-14,CDR-33,2025-09-02 08:08:33,12,75,Pass,Caspian Thistledown
BRW-05931,POT-0017,SHP-13,CDR-14,2024-12-02 06:13:56,42,159,pass,Delphine Mossheart
BRW-05932,POT-0101,SHP-10,CDR-16,2024-07-25T10:35:48Z,59,139,pass,Oswin Wyrmwood
BRW-05933,POT-0060,SHP-12,CDR-05,2026-06-23 10:28:56,27,146,pass,Thaddeus Frostpetal
BRW-05934,POT-0016,SHP-05,CDR-05,2026-04-30 11:43:35,10,139,PASS,Dorian Mistlethorn
BRW-05935,POT-0033,SHP-04,CDR-40,2025-05-02T06:50:16Z,18,72,Pass,Wendeline Ashgrove
BRW-05936,POT-0056,SHP-06,CDR-23,2026-06-09T10:52:09Z,42,76,pass,Morwenna Wandwright
BRW-05937,POT-0074,SHP-02,CDR-11,2026-04-09T05:03:06Z,34,113,pass,Dorian Glimmerstone
BRW-05938,POT-0046,SHP-10,CDR-33,2025-10-25 08:53:47,34,64,PASS,Grizelda Duskwater
BRW-05939,POT-0084,SHP-09,CDR-39,2025-12-09T05:44:01Z,34,97,pass,Lyra Winterbourne
BRW-05940,POT-0017,SHP-12,CDR-11,2024-07-30T10:10:22Z,30,149,pass,Thaddeus Frostpetal
BRW-05941,POT-0118,SHP-12,CDR-24,2026-03-23T06:58:37Z,46,69,pass,Gideon Moonbrook
BRW-05942,POT-0001,SHP-13,CDR-25,2025-04-27T09:20:44Z,15,130,Pass,Delphine Mossheart
BRW-05943,POT-0105,SHP-08,CDR-09,2024-11-08T08:57:45Z,10,137,pass,Gideon Moonbrook
BRW-05944,POT-0089,SHP-05,CDR-15,2025-05-01T07:24:57Z,21,66,PASS,Cassia Winterbourne
BRW-05945,POT-0100,SHP-03,CDR-40,2026-06-18T08:28:00Z,50,109,fail,Delphine Zellandine
BRW-05946,POT-0107,SHP-02,CDR-17,2025-11-01T08:29:50Z,43,59,pass,Cassia Winterbourne
BRW-05947,POT-0032,SHP-13,CDR-24,2025-04-25T10:42:39Z,46,116,pass,Caspian Thistledown
BRW-05948,POT-0114,SHP-06,CDR-09,2024-10-02 07:42:30,59,60,pass,Kestrel Foxglove
BRW-05949,POT-0014,SHP-12,CDR-35,2026-04-28T05:38:22Z,50,53,pass,Yarrow Ravenscroft
BRW-05950,POT-0003,SHP-10,CDR-03,2024-07-12T08:48:59Z,22,47,PASS,Gideon Thistledown
BRW-05951,POT-0033,SHP-01,CDR-38,2025-11-04 06:53:56,59,61,PASS,Dorian Mistlethorn
BRW-05952,POT-0037,SHP-08,CDR-34,2026-03-17 05:55:17,60,102,Pass,Yarrow Ravenscroft
BRW-05953,POT-0049,SHP-09,CDR-40,2024-06-29T07:47:53Z,17,121,pass,Oleander Ravenscroft
BRW-05954,POT-0118,SHP-01,CDR-14,2026-05-06T08:47:05Z,15,57,pass,Lyra Winterbourne
BRW-05955,POT-0008,SHP-05,CDR-40,2026-02-24T08:54:50Z,11,56,pass,Maribel Netherfield
BRW-05956,POT-0018,SHP-12,CDR-20,2024-11-06 05:46:02,32,23,PASS,Oswin Wyrmwood
BRW-05957,POT-0037,SHP-06,CDR-10,2026-05-18 06:28:53,46,95,pass,Oswin Wyrmwood
BRW-05958,POT-0110,SHP-03,CDR-02,2026-05-30T10:03:22Z,48,134,pass,Yarrow Ravenscroft
BRW-05959,POT-0066,SHP-13,CDR-10,2025-11-04T06:48:08Z,14,111,Pass,Oleander Ravenscroft
BRW-05960,POT-0103,SHP-07,CDR-30,2024-09-19 06:11:40,33,72,pass,Kestrel Foxglove
BRW-05961,POT-0044,SHP-15,CDR-25,2025-09-02 11:01:25,53,33,pass,Dorian Glimmerstone
BRW-05962,POT-0100,SHP-14,CDR-35,2025-01-09T08:13:01Z,37,74,pass,Ambrose Fernwhistle
BRW-05963,POT-0025,SHP-08,CDR-24,2025-02-08T07:40:25Z,21,47,Pass,Lyra Winterbourne
BRW-05964,POT-0113,SHP-05,CDR-32,2026-03-30T06:45:20Z,36,140,pass,Nimbus Glimmerstone
BRW-05965,POT-0102,SHP-15,CDR-20,2024-12-24 11:53:24,60,75,Pass,Grizelda Kilnworth
BRW-05966,POT-0056,SHP-02,CDR-35,2025-10-28T10:13:53Z,47,86,pass,Thaddeus Frostpetal
BRW-05967,POT-0078,SHP-12,CDR-22,2026-03-15 07:09:45,31,81,pass,Juniper Hollowbranch
BRW-05968,POT-0048,SHP-03,CDR-16,2025-08-22 05:37:14,15,77,Fail,Juniper Hollowbranch
BRW-05969,POT-0025,SHP-07,CDR-14,2026-06-23 10:33:39,16,49,Pass,Juniper Hollowbranch
BRW-05970,POT-0012,SHP-07,CDR-19,2026-02-21 05:11:44,14,71,pass,Yarrow Ravenscroft
BRW-05971,POT-0030,SHP-09,CDR-23,2025-08-25T05:49:41Z,21,59,fail,Hesper Foxglove
BRW-05972,POT-0107,SHP-13,CDR-26,2026-01-15T10:30:37Z,23,50,pass,Zephyrine Zellandine
BRW-05973,POT-0070,SHP-06,CDR-04,2025-05-02 08:11:19,47,152,pass,Juniper Hollowbranch
BRW-05974,POT-0023,SHP-09,CDR-35,2024-12-09T06:47:45Z,48,147,FAIL,Thaddeus Frostpetal
BRW-05975,POT-0119,SHP-14,CDR-15,2024-11-26T06:25:19Z,57,70,pass,Gideon Thistledown
BRW-05976,POT-0085,SHP-13,CDR-07,2024-11-14 10:14:31,44,140,Pass,Umbra Thistledown
BRW-05977,POT-0094,SHP-03,CDR-28,2024-08-05 06:51:40,20,105,Pass,Delphine Mossheart
BRW-05978,POT-0054,SHP-08,CDR-17,2026-05-10T07:44:25Z,37,31,Pass,Dorian Glimmerstone
BRW-05979,POT-0081,SHP-08,CDR-08,2024-07-26 11:28:49,38,104,pass,Cassia Winterbourne
BRW-05980,POT-0105,SHP-01,CDR-02,2026-06-17T10:55:11Z,30,115,pass,Nimbus Glimmerstone
BRW-05981,POT-0028,SHP-12,CDR-36,2026-05-12 09:56:06,12,64,pass,Delphine Mossheart
BRW-05982,POT-0041,SHP-10,CDR-05,2025-06-20 11:47:06,17,143,pass,Hesper Foxglove
BRW-05983,POT-0037,SHP-01,CDR-25,2026-06-10T09:30:33Z,17,74,pass,Lyra Winterbourne
BRW-05984,POT-0082,SHP-11,CDR-32,2026-04-03T09:24:36Z,60,52,pass,Lyra Winterbourne
BRW-05985,POT-0007,SHP-08,CDR-38,2025-08-07T09:17:48Z,35,136,PASS,Hesper Cinderfell
BRW-05986,POT-0060,SHP-01,CDR-13,2026-04-08T05:21:43Z,60,173,pass,Grizelda Duskwater
BRW-05987,POT-0022,SHP-05,CDR-04,2026-03-18T06:33:47Z,54,119,Pass,Gideon Thistledown
BRW-05988,POT-0030,SHP-13,CDR-22,2026-01-27T06:07:39Z,21,67,pass,Dorian Glimmerstone
BRW-05989,POT-0111,SHP-09,CDR-31,2026-05-28T11:08:37Z,24,76,pass,Belladonna Jackdaw
BRW-05990,POT-0034,SHP-14,CDR-09,2025-01-05T05:32:33Z,31,114,pass,Belladonna Jackdaw
BRW-05991,POT-0078,SHP-14,CDR-39,2025-08-18T05:26:46Z,11,106,Pass,Grizelda Kilnworth
BRW-05992,POT-0045,SHP-14,CDR-17,2024-09-15 09:49:02,18,63,Pass,Thaddeus Frostpetal
BRW-05993,POT-0084,SHP-07,CDR-05,2026-01-15 10:57:39,36,95,Pass,Juniper Hollowbranch
BRW-05994,POT-0104,SHP-14,CDR-09,2024-07-13T07:41:25Z,43,166,Pass,Umbra Thistledown
BRW-05995,POT-0065,SHP-05,CDR-19,2025-04-08T07:41:56Z,32,56,pass,Caspian Thistledown
BRW-05996,POT-0100,SHP-11,CDR-09,2024-12-26T06:22:00Z,57,75,Pass,Wendeline Ashgrove
BRW-05997,POT-0104,SHP-02,CDR-07,2025-02-12 06:56:57,22,134,pass,Hesper Cinderfell
BRW-05998,POT-0002,SHP-14,CDR-18,2025-01-30 05:42:17,37,98,pass,Cassia Winterbourne
BRW-05999,POT-0027,SHP-03,CDR-38,2026-05-12T11:02:55Z,53,116,pass,Umbra Thistledown
BRW-06000,POT-0006,SHP-04,CDR-21,2026-06-14T05:16:47Z,49,169,Pass,Morwenna Wandwright
BRW-06001,POT-0005,SHP-11,CDR-10,2025-07-29T05:43:14Z,33,40,pass,Hesper Foxglove
BRW-06002,POT-0031,SHP-14,CDR-18,2025-12-25 05:06:42,34,75,pass,Dorian Mistlethorn
BRW-06003,POT-0118,SHP-02,CDR-29,2026-05-24T08:07:48Z,55,69,pass,Caspian Thistledown
BRW-06004,POT-0049,SHP-07,CDR-02,2024-06-12 10:58:16,25,155,Pass,Caspian Thistledown
BRW-06005,POT-0009,SHP-13,CDR-13,2025-10-06 05:53:02,56,77,pass,Thaddeus Frostpetal
BRW-06006,POT-0030,SHP-13,CDR-18,2025-11-27 11:56:13,39,67,Pass,Grizelda Duskwater
BRW-06007,POT-0027,SHP-01,CDR-40,2026-04-26 11:28:04,53,109,PASS,Zephyrine Zellandine
BRW-06008,POT-0024,SHP-04,CDR-07,2026-04-05T05:21:49Z,25,141,pass,Lyra Winterbourne
BRW-06009,POT-0074,SHP-11,CDR-21,2026-04-06 11:01:24,49,106,PASS,Morwenna Wandwright
BRW-06010,POT-0063,SHP-02,CDR-08,2025-05-11T05:05:57Z,53,84,Pass,Cassia Everbright
BRW-06011,POT-0079,SHP-06,CDR-40,2024-05-12 10:35:46,50,49,pass,Zephyrine Zellandine
BRW-06012,POT-0049,SHP-07,CDR-18,2024-10-15T08:06:21Z,35,125,pass,Gideon Moonbrook
BRW-06013,POT-0030,SHP-13,CDR-15,2026-02-07T10:37:26Z,16,49,pass,Delphine Zellandine
BRW-06014,POT-0002,SHP-04,CDR-23,2024-11-07T07:07:12Z,39,99,fail,Umbra Thistledown
BRW-06015,POT-0017,SHP-03,CDR-13,2026-03-07 06:18:07,10,154,pass,Ambrose Winterbourne
BRW-06016,POT-0101,SHP-06,CDR-38,2024-07-02T07:10:47Z,11,151,Pass,Belladonna Jackdaw
BRW-06017,POT-0028,SHP-07,CDR-08,2026-03-29 05:36:07,38,39,pass,Delphine Zellandine
BRW-06018,POT-0031,SHP-01,CDR-09,2025-12-08T07:49:22Z,21,31,Pass,Nimbus Glimmerstone
BRW-06019,POT-0019,SHP-09,CDR-01,2026-03-18 10:27:30,36,100,pass,Juniper Hollowbranch
BRW-06020,POT-0082,SHP-01,CDR-29,2025-10-08T07:27:27Z,18,53,pass,Oswin Wyrmwood
BRW-06021,POT-0053,SHP-04,CDR-35,2026-01-24 07:48:35,17,74,pass,Gideon Moonbrook
BRW-06022,POT-0052,SHP-02,CDR-27,2025-04-01T10:30:59Z,18,110,fail,Gideon Moonbrook
BRW-06023,POT-0081,SHP-01,CDR-37,2024-06-17T05:16:52Z,34,93,pass,Yarrow Ravenscroft
BRW-06024,POT-0016,SHP-09,CDR-37,2026-03-27T10:40:09Z,10,117,Pass,Cassia Winterbourne
BRW-06025,POT-0076,SHP-08,CDR-04,2026-05-14T05:02:32Z,55,44,pass,Kestrel Foxglove
BRW-06026,POT-0089,SHP-13,CDR-20,2025-12-02T09:48:44Z,57,96,pass,Wendeline Ashgrove
BRW-06027,POT-0024,SHP-12,CDR-15,2026-02-04 09:56:44,28,124,pass,Delphine Zellandine
BRW-06028,POT-0096,SHP-12,CDR-18,2025-03-10T08:08:10Z,12,114,pass,Belladonna Jackdaw
BRW-06029,POT-0095,SHP-03,CDR-01,2025-10-10 07:39:51,13,134,fail,Yarrow Ravenscroft
BRW-06030,POT-0001,SHP-06,CDR-21,2024-08-19 05:54:56,34,91,pass,Nimbus Glimmerstone
BRW-06031,POT-0065,SHP-11,CDR-10,2024-06-20T08:12:27Z,12,40,pass,Hesper Cinderfell
BRW-06032,POT-0009,SHP-15,CDR-02,2025-04-30T09:34:24Z,19,63,fail,Delphine Mossheart
BRW-06033,POT-0007,SHP-05,CDR-07,2025-11-22T10:56:27Z,53,132,Pass,Dorian Mistlethorn
BRW-06034,POT-0065,SHP-13,CDR-08,2025-12-26T08:51:48Z,24,15,pass,Zephyrine Zellandine
BRW-06035,POT-0086,SHP-08,CDR-39,2026-05-04T08:35:09Z,45,76,pass,Gideon Moonbrook
BRW-06036,POT-0097,SHP-15,CDR-13,2026-06-04 05:43:48,44,114,Pass,Oleander Ravenscroft
BRW-06037,POT-0007,SHP-09,CDR-25,2025-09-13 11:51:50,21,134,pass,Wendeline Ashgrove
BRW-06038,POT-0102,SHP-03,CDR-23,2025-04-23T07:08:41Z,42,64,Pass,Hesper Foxglove
BRW-06039,POT-0042,SHP-03,CDR-19,2024-07-07 06:18:22,48,106,Fail,Dorian Mistlethorn
BRW-06040,POT-0024,SHP-06,CDR-34,2026-02-02 07:10:28,50,137,pass,Cassia Everbright
BRW-06041,POT-0082,SHP-09,CDR-17,2025-01-24T05:20:55Z,58,44,Pass,Dorian Glimmerstone
BRW-06042,POT-0103,SHP-07,CDR-39,2025-02-12T05:06:35Z,25,105,Pass,Thaddeus Frostpetal
BRW-06043,POT-0119,SHP-08,CDR-14,2025-07-20 11:04:57,20,75,pass,Zephyrine Zellandine
BRW-06044,POT-0072,SHP-13,CDR-20,2024-08-15 08:33:56,60,81,pass,Grizelda Duskwater
BRW-06045,POT-0018,SHP-08,CDR-32,2026-02-02 08:54:36,30,15,pass,Gideon Thistledown
BRW-06046,POT-0071,SHP-10,CDR-06,2025-08-17 06:47:40,57,53,pass,Lyra Winterbourne
BRW-06047,POT-0008,SHP-06,CDR-14,2025-06-14 09:56:11,26,85,PASS,Maribel Netherfield
BRW-06048,POT-0078,SHP-07,CDR-26,2026-02-18T09:01:26Z,15,81,pass,Cassia Winterbourne
BRW-06049,POT-0085,SHP-13,CDR-31,2025-07-06T09:14:41Z,28,117,Pass,Cassia Everbright
BRW-06050,POT-0033,SHP-03,CDR-32,2026-06-10 05:02:57,37,73,pass,Dorian Glimmerstone
BRW-06051,POT-0095,SHP-06,CDR-11,2025-09-06T05:48:55Z,13,133,pass,Dorian Mistlethorn
BRW-06052,POT-0055,SHP-11,CDR-15,2026-04-12 11:22:45,10,74,pass,Delphine Mossheart
BRW-06053,POT-0096,SHP-07,CDR-01,2026-04-07T07:15:25Z,51,144,pass,Ambrose Fernwhistle
BRW-06054,POT-0010,SHP-01,CDR-21,2026-04-21T09:32:30Z,24,141,PASS,Delphine Zellandine
BRW-06055,POT-0026,SHP-03,CDR-22,2025-07-02T05:19:49Z,31,153,pass,Belladonna Jackdaw
BRW-06056,POT-0113,SHP-09,CDR-04,2025-12-13 07:07:47,48,138,Pass,Hesper Cinderfell
BRW-06057,POT-0093,SHP-13,CDR-38,2024-06-21 11:08:14,35,106,pass,Gideon Thistledown
BRW-06058,POT-0022,SHP-08,CDR-09,2026-02-28T07:27:02Z,48,115,Pass,Delphine Mossheart
BRW-06059,POT-0040,SHP-01,CDR-05,2025-09-19 10:38:26,13,44,pass,Wendeline Ashgrove
BRW-06060,POT-0117,SHP-12,CDR-33,2024-12-12T07:44:51Z,10,72,Pass,Dorian Glimmerstone
BRW-06061,POT-0080,SHP-02,CDR-38,2025-02-10 07:13:54,13,131,pass,Dorian Glimmerstone
BRW-06062,POT-0010,SHP-10,CDR-21,2026-06-01T11:25:16Z,58,141,PASS,Thaddeus Frostpetal
BRW-06063,POT-0074,SHP-06,CDR-33,2026-04-27T09:11:25Z,24,111,Pass,Dorian Glimmerstone
BRW-06064,POT-0044,SHP-13,CDR-11,2025-06-25 07:54:52,44,40,fail,Nimbus Glimmerstone
BRW-06065,POT-0102,SHP-04,CDR-04,2025-04-23 08:04:10,56,91,pass,Dorian Glimmerstone
BRW-06066,POT-0104,SHP-02,CDR-33,2025-04-23 11:48:43,18,143,pass,Cassia Everbright
BRW-06067,POT-0074,SHP-10,CDR-14,2026-05-09T06:29:17Z,48,97,Pass,Morwenna Wandwright
BRW-06068,POT-0093,SHP-11,CDR-28,2024-10-07T06:46:25Z,42,111,pass,Oswin Wyrmwood
BRW-06069,POT-0044,SHP-02,CDR-28,2025-11-12T09:55:37Z,44,58,pass,Delphine Zellandine
BRW-06070,POT-0036,SHP-01,CDR-22,2024-08-28T10:27:25Z,56,50,pass,Ambrose Fernwhistle
BRW-06071,POT-0094,SHP-05,CDR-05,2026-04-09T10:13:25Z,41,106,pass,Juniper Hollowbranch
BRW-06072,POT-0035,SHP-08,CDR-36,2024-12-30T06:19:19Z,34,62,PASS,Cassia Everbright
BRW-06073,POT-0050,SHP-15,CDR-20,2026-03-28 09:22:22,16,133,pass,Ambrose Fernwhistle
BRW-06074,POT-0056,SHP-10,CDR-32,2026-04-07T09:10:48Z,49,108,pass,Gideon Thistledown
BRW-06075,POT-0042,SHP-12,CDR-05,2024-11-06T10:55:35Z,49,100,pass,Oswin Wyrmwood
BRW-06076,POT-0063,SHP-13,CDR-17,2025-12-29 11:36:34,35,81,pass,Thaddeus Frostpetal
BRW-06077,POT-0021,SHP-08,CDR-25,2024-12-19T05:10:10Z,40,82,pass,Ambrose Winterbourne
BRW-06078,POT-0055,SHP-15,CDR-03,2026-05-28 10:22:58,34,79,pass,Dorian Mistlethorn
BRW-06079,POT-0089,SHP-02,CDR-40,2026-03-13 06:51:28,33,100,pass,Thaddeus Frostpetal
BRW-06080,POT-0112,SHP-07,CDR-23,2025-05-29T07:41:50Z,47,59,pass,Ambrose Fernwhistle
BRW-06081,POT-0010,SHP-04,CDR-05,2026-05-16T07:39:07Z,55,127,PASS,Ambrose Winterbourne
BRW-06082,POT-0081,SHP-03,CDR-10,2024-06-15T07:49:53Z,56,77,pass,Vesper Emberwhisk
BRW-06083,POT-0088,SHP-05,CDR-06,2025-03-01 07:15:32,30,138,pass,Oleander Ravenscroft
BRW-06084,POT-0024,SHP-06,CDR-12,2024-06-28T06:33:34Z,26,136,pass,Hesper Cinderfell
BRW-06085,POT-0056,SHP-13,CDR-06,2026-04-22 11:45:32,38,85,pass,Nimbus Glimmerstone
BRW-06086,POT-0102,SHP-11,CDR-17,2026-05-29T06:19:47Z,35,95,pass,Maribel Netherfield
BRW-06087,POT-0111,SHP-12,CDR-07,2026-06-17T08:08:31Z,57,89,Pass,Hesper Cinderfell
BRW-06088,POT-0016,SHP-02,CDR-08,2026-06-08T05:40:14Z,10,131,pass,Gideon Thistledown
BRW-06089,POT-0089,SHP-04,CDR-11,2024-07-10T06:03:39Z,45,129,pass,Vesper Emberwhisk
BRW-06090,POT-0113,SHP-01,CDR-23,2026-05-19 08:42:44,39,151,pass,Belladonna Jackdaw
BRW-06091,POT-0019,SHP-10,CDR-33,2024-09-24 05:05:20,19,95,pass,Delphine Mossheart
BRW-06092,POT-0093,SHP-10,CDR-36,2026-04-17 06:34:16,48,86,pass,Cassia Winterbourne
BRW-06093,POT-0085,SHP-10,CDR-04,2024-09-20T09:22:22Z,54,137,pass,Yarrow Ravenscroft
BRW-06094,POT-0028,SHP-05,CDR-16,2026-02-25 07:49:11,16,68,pass,Lyra Winterbourne
BRW-06095,POT-0061,SHP-10,CDR-39,2025-10-05 07:53:01,45,71,pass,Ambrose Winterbourne
BRW-06096,POT-0061,SHP-08,CDR-26,2024-06-21T10:30:35Z,22,111,pass,Maribel Netherfield
BRW-06097,POT-0096,SHP-08,CDR-22,2025-08-14 08:52:22,23,115,pass,Hesper Cinderfell
BRW-06098,POT-0044,SHP-01,CDR-34,2026-06-15 09:41:37,42,67,pass,Cassia Winterbourne
BRW-06099,POT-0079,SHP-11,CDR-34,2025-06-20T05:31:44Z,58,79,pass,Delphine Zellandine
BRW-06100,POT-0040,SHP-09,CDR-30,2024-11-16 09:53:56,42,46,pass,Lyra Winterbourne
BRW-06101,POT-0071,SHP-02,CDR-19,2026-05-12T10:54:40Z,47,80,pass,Kestrel Foxglove
BRW-06102,POT-0106,SHP-06,CDR-38,2025-05-02T07:06:29Z,45,75,PASS,Grizelda Kilnworth
BRW-06103,POT-0013,SHP-11,CDR-23,2025-10-03T09:28:20Z,31,74,pass,Delphine Mossheart
BRW-06104,POT-0034,SHP-02,CDR-25,2025-03-12T07:31:28Z,10,105,Pass,Juniper Hollowbranch
BRW-06105,POT-0114,SHP-04,CDR-01,2025-05-07T09:37:08Z,16,71,pass,Delphine Mossheart
BRW-06106,POT-0036,SHP-09,CDR-09,2024-07-23 07:40:10,26,83,pass,Caspian Thistledown
BRW-06107,POT-0103,SHP-03,CDR-14,2024-08-30 10:02:41,36,124,Fail,Lyra Winterbourne
BRW-06108,POT-0027,SHP-03,CDR-39,2025-09-09 06:16:46,34,105,PASS,Gideon Thistledown
BRW-06109,POT-0066,SHP-01,CDR-20,2025-06-10T09:25:48Z,26,108,pass,Hesper Foxglove
BRW-06110,POT-0006,SHP-15,CDR-26,2026-02-22 10:58:56,44,116,pass,Umbra Thistledown
BRW-06111,POT-0063,SHP-11,CDR-06,2025-09-30 05:14:51,58,69,pass,Dorian Glimmerstone
BRW-06112,POT-0025,SHP-06,CDR-39,2025-03-11 10:50:27,58,49,fail,Delphine Zellandine
BRW-06113,POT-0095,SHP-08,CDR-27,2025-11-07T06:06:17Z,54,130,pass,Umbra Thistledown
BRW-06114,POT-0114,SHP-07,CDR-23,2024-09-02T11:57:43Z,30,66,Pass,Hesper Cinderfell
BRW-06115,POT-0058,SHP-14,CDR-27,2025-06-15T10:33:57Z,24,102,Pass,Belladonna Jackdaw
BRW-06116,POT-0025,SHP-04,CDR-28,2025-03-29T07:45:46Z,18,57,pass,Hesper Foxglove
BRW-06117,POT-0112,SHP-10,CDR-10,2026-01-15 10:53:50,31,114,pass,Lyra Winterbourne
BRW-06118,POT-0025,SHP-01,CDR-09,2025-08-05 07:59:23,17,57,Pass,Kestrel Foxglove
BRW-06119,POT-0073,SHP-13,CDR-12,2026-04-04T09:30:22Z,30,52,pass,Dorian Glimmerstone
BRW-06120,POT-0030,SHP-08,CDR-28,2025-09-30 07:12:38,15,58,pass,Oleander Ravenscroft
BRW-06121,POT-0022,SHP-07,CDR-26,2025-10-16T09:57:04Z,18,101,pass,Belladonna Jackdaw
BRW-06122,POT-0068,SHP-08,CDR-33,2024-12-23T07:43:07Z,33,87,Pass,Cassia Everbright
BRW-06123,POT-0085,SHP-08,CDR-40,2024-09-12T09:16:39Z,43,132,pass,Ambrose Fernwhistle
BRW-06124,POT-0105,SHP-08,CDR-12,2024-06-10T05:32:52Z,21,149,pass,Morwenna Wandwright
BRW-06125,POT-0093,SHP-04,CDR-22,2025-02-17T05:18:34Z,26,105,pass,Umbra Thistledown
BRW-06126,POT-0020,SHP-13,CDR-32,2024-10-13T05:38:44Z,51,133,pass,Juniper Hollowbranch
BRW-06127,POT-0059,SHP-11,CDR-07,2026-05-21 08:56:26,18,122,pass,Ambrose Fernwhistle
BRW-06128,POT-0092,SHP-11,CDR-22,2026-03-04 09:12:11,24,73,pass,Grizelda Kilnworth
BRW-06129,POT-0102,SHP-13,CDR-06,2025-06-29 05:13:27,16,69,pass,Wendeline Ashgrove
BRW-06130,POT-0059,SHP-15,CDR-20,2026-06-10T10:40:56Z,33,89,pass,Delphine Zellandine
BRW-06131,POT-0118,SHP-02,CDR-22,2026-03-22T11:31:40Z,25,49,pass,Grizelda Kilnworth
BRW-06132,POT-0045,SHP-15,CDR-19,2024-05-23 08:32:12,42,15,pass,Oswin Wyrmwood
BRW-06133,POT-0028,SHP-13,CDR-10,2026-03-12 05:24:05,35,48,pass,Oswin Wyrmwood
BRW-06134,POT-0085,SHP-13,CDR-05,2025-08-20 10:41:23,46,124,pass,Belladonna Jackdaw
BRW-06135,POT-0056,SHP-08,CDR-30,2025-09-06T05:54:22Z,53,108,pass,Grizelda Kilnworth
BRW-06136,POT-0094,SHP-03,CDR-35,2025-02-23T10:28:23Z,12,92,PASS,Umbra Thistledown
BRW-06137,POT-0047,SHP-06,CDR-21,2025-12-24T06:44:47Z,53,104,pass,Lyra Winterbourne
BRW-06138,POT-0004,SHP-15,CDR-26,2024-11-07 05:38:19,52,113,pass,Hesper Cinderfell
BRW-06139,POT-0052,SHP-13,CDR-23,2025-12-01T06:51:23Z,32,113,pass,Delphine Zellandine
BRW-06140,POT-0113,SHP-02,CDR-12,2025-09-17T07:58:17Z,46,157,pass,Thaddeus Frostpetal
BRW-06141,POT-0026,SHP-10,CDR-13,2026-04-01 11:30:59,30,123,PASS,Dorian Mistlethorn
BRW-06142,POT-0098,SHP-07,CDR-20,2026-03-17T07:13:00Z,49,120,pass,Juniper Hollowbranch
BRW-06143,POT-0118,SHP-11,CDR-21,2026-02-21T11:23:05Z,44,63,pass,Juniper Hollowbranch
BRW-06144,POT-0001,SHP-06,CDR-40,2024-08-07 05:54:29,22,118,Pass,Wendeline Ashgrove
BRW-06145,POT-0062,SHP-13,CDR-10,2025-04-24 09:09:40,44,153,Pass,Vesper Emberwhisk
BRW-06146,POT-0083,SHP-13,CDR-26,2024-06-12T09:00:19Z,53,168,PASS,Maribel Netherfield
BRW-06147,POT-0082,SHP-04,CDR-08,2025-05-12T06:49:08Z,20,75,Pass,Dorian Mistlethorn
BRW-06148,POT-0030,SHP-13,CDR-08,2026-05-07 08:34:22,30,37,Pass,Cassia Winterbourne
BRW-06149,POT-0009,SHP-01,CDR-10,2026-04-07T09:37:04Z,60,74,fail,Belladonna Jackdaw
BRW-06150,POT-0103,SHP-12,CDR-34,2025-11-21T08:20:02Z,27,123,pass,Juniper Hollowbranch
BRW-06151,POT-0034,SHP-08,CDR-19,2025-08-25T10:17:43Z,44,105,pass,Gideon Thistledown
BRW-06152,POT-0096,SHP-08,CDR-08,2025-04-11 07:35:16,35,143,Pass,Morwenna Wandwright
BRW-06153,POT-0038,SHP-09,CDR-39,2026-03-05T09:50:46Z,43,53,pass,Umbra Thistledown
BRW-06154,POT-0100,SHP-11,CDR-17,2024-05-02T05:22:23Z,49,81,Pass,Ambrose Fernwhistle
BRW-06155,POT-0029,SHP-09,CDR-35,2024-09-27 10:50:18,51,89,Pass,Juniper Hollowbranch
BRW-06156,POT-0014,SHP-12,CDR-26,2026-02-26T07:07:32Z,32,62,PASS,Thaddeus Frostpetal
BRW-06157,POT-0083,SHP-14,CDR-28,2025-07-03 05:45:40,48,135,pass,Lyra Winterbourne
BRW-06158,POT-0106,SHP-03,CDR-16,2026-04-28 06:28:18,47,68,pass,Cassia Winterbourne
BRW-06159,POT-0016,SHP-03,CDR-13,2026-05-19 07:02:41,39,95,pass,Cassia Winterbourne
BRW-06160,POT-0089,SHP-05,CDR-28,2025-09-05T08:10:00Z,57,99,pass,Caspian Thistledown
BRW-06161,POT-0028,SHP-13,CDR-35,2026-03-13 11:57:51,43,69,Pass,Hesper Cinderfell
BRW-06162,POT-0034,SHP-15,CDR-11,2025-10-15T09:18:42Z,14,131,pass,Thaddeus Frostpetal
BRW-06163,POT-0032,SHP-06,CDR-25,2026-06-01T07:18:28Z,29,115,pass,Juniper Hollowbranch
BRW-06164,POT-0032,SHP-10,CDR-34,2025-07-11T07:18:27Z,23,115,pass,Belladonna Jackdaw
BRW-06165,POT-0013,SHP-13,CDR-14,2026-02-02 10:15:07,45,94,FAIL,Kestrel Foxglove
BRW-06166,POT-0101,SHP-09,CDR-22,2026-04-26T11:02:15Z,17,147,pass,Maribel Netherfield
BRW-06167,POT-0079,SHP-14,CDR-23,2025-05-05T08:34:25Z,39,46,pass,Maribel Netherfield
BRW-06168,POT-0012,SHP-12,CDR-25,2024-09-02T07:10:16Z,32,86,Fail,Dorian Glimmerstone
BRW-06169,POT-0018,SHP-13,CDR-29,2025-01-06T08:39:01Z,60,38,pass,Oleander Ravenscroft
BRW-06170,POT-0045,SHP-10,CDR-33,2026-03-13T11:33:10Z,23,53,Pass,Caspian Thistledown
BRW-06171,POT-0021,SHP-06,CDR-25,2026-06-14 07:30:44,56,107,pass,Belladonna Jackdaw
BRW-06172,POT-0094,SHP-04,CDR-36,2024-07-01T05:41:16Z,29,110,Pass,Ambrose Fernwhistle
BRW-06173,POT-0040,SHP-07,CDR-18,2025-11-06T09:45:54Z,42,34,Pass,Dorian Mistlethorn
BRW-06174,POT-0024,SHP-02,CDR-22,2024-12-05T10:11:52Z,14,112,fail,Morwenna Wandwright
BRW-06175,POT-0068,SHP-11,CDR-26,2025-06-02 09:40:39,49,47,Pass,Wendeline Ashgrove
BRW-06176,POT-0043,SHP-08,CDR-04,2026-06-05 10:36:07,16,56,pass,Nimbus Glimmerstone
BRW-06177,POT-0024,SHP-11,CDR-32,2024-05-20T09:53:38Z,14,127,fail,Belladonna Jackdaw
BRW-06178,POT-0011,SHP-14,CDR-31,2025-03-10 09:07:57,30,118,pass,Yarrow Ravenscroft
BRW-06179,POT-0049,SHP-15,CDR-32,2026-03-07T11:33:58Z,59,142,Pass,Wendeline Ashgrove
BRW-06180,POT-0063,SHP-11,CDR-17,2025-10-22 05:02:24,32,80,Pass,Delphine Zellandine
BRW-06181,POT-0046,SHP-13,CDR-06,2025-04-23 07:54:52,52,56,pass,Gideon Moonbrook
BRW-06182,POT-0111,SHP-05,CDR-20,2026-01-08 05:30:32,58,91,Pass,Hesper Cinderfell
BRW-06183,POT-0102,SHP-15,CDR-29,2024-07-25T07:53:44Z,46,52,pass,Vesper Emberwhisk
BRW-06184,POT-0030,SHP-06,CDR-29,2026-05-19T11:22:01Z,18,78,pass,Dorian Glimmerstone
BRW-06185,POT-0014,SHP-13,CDR-39,2025-08-06T08:19:11Z,51,33,PASS,Gideon Moonbrook
BRW-06186,POT-0041,SHP-10,CDR-29,2025-08-29 06:56:25,38,115,Pass,Oswin Wyrmwood
BRW-06187,POT-0095,SHP-07,CDR-12,2025-11-22T06:22:36Z,33,117,fail,Dorian Glimmerstone
BRW-06188,POT-0108,SHP-12,CDR-30,2024-11-21 06:53:08,58,70,pass,Delphine Mossheart
BRW-06189,POT-0084,SHP-09,CDR-07,2026-06-21T08:38:39Z,26,133,Pass,Hesper Foxglove
BRW-06190,POT-0094,SHP-10,CDR-26,2026-06-07 11:27:10,22,128,pass,Dorian Mistlethorn
BRW-06191,POT-0041,SHP-05,CDR-09,2024-09-12T08:52:34Z,39,137,PASS,Dorian Glimmerstone
BRW-06192,POT-0102,SHP-01,CDR-11,2025-04-05T11:33:36Z,51,54,pass,Wendeline Ashgrove
BRW-06193,POT-0024,SHP-10,CDR-20,2025-08-15T10:58:02Z,41,135,pass,Caspian Thistledown
BRW-06194,POT-0058,SHP-12,CDR-03,2025-07-30 05:12:23,15,128,pass,Caspian Thistledown
BRW-06195,POT-0097,SHP-03,CDR-19,2026-04-15T05:06:46Z,17,123,PASS,Vesper Emberwhisk
BRW-06196,POT-0036,SHP-11,CDR-40,2025-02-07T11:49:20Z,21,98,pass,Yarrow Ravenscroft
BRW-06197,POT-0013,SHP-08,CDR-13,2025-08-01T10:09:54Z,24,106,pass,Hesper Cinderfell
BRW-06198,POT-0094,SHP-06,CDR-06,2026-03-28 11:28:11,20,122,pass,Juniper Hollowbranch
BRW-06199,POT-0016,SHP-11,CDR-27,2026-05-19T05:08:12Z,44,120,PASS,Belladonna Jackdaw
BRW-06200,POT-0103,SHP-15,CDR-30,2025-12-09T07:01:09Z,49,103,Pass,Dorian Glimmerstone
BRW-06201,POT-0117,SHP-04,CDR-38,2025-08-05 08:52:26,60,46,pass,Grizelda Duskwater
BRW-06202,POT-0052,SHP-11,CDR-03,2026-03-16 06:16:43,18,87,pass,Cassia Winterbourne
BRW-06203,POT-0006,SHP-10,CDR-30,2025-12-12T05:08:27Z,12,153,pass,Cassia Everbright
BRW-06204,POT-0091,SHP-04,CDR-07,2026-04-01T11:49:53Z,58,40,pass,Dorian Mistlethorn
BRW-06205,POT-0061,SHP-04,CDR-01,2025-01-26 09:06:50,48,105,pass,Delphine Mossheart
BRW-06206,POT-0071,SHP-13,CDR-07,2024-05-31T06:48:30Z,10,66,pass,Wendeline Ashgrove
BRW-06207,POT-0085,SHP-03,CDR-37,2025-11-20T07:07:10Z,37,,pass,Gideon Thistledown
BRW-06208,POT-0093,SHP-11,CDR-38,2024-07-16 07:54:47,54,127,fail,Yarrow Ravenscroft
BRW-06209,POT-0052,SHP-11,CDR-19,2025-03-25T08:00:03Z,50,71,pass,Umbra Thistledown
BRW-06210,POT-0084,SHP-11,CDR-23,2024-09-02 07:14:11,39,97,pass,Nimbus Glimmerstone
BRW-06211,POT-0105,SHP-02,CDR-37,2026-03-11T07:10:07Z,38,140,Pass,Gideon Thistledown
BRW-06212,POT-0068,SHP-09,CDR-30,2024-07-20 11:12:42,34,80,fail,Yarrow Ravenscroft
BRW-06213,POT-0047,SHP-05,CDR-19,2024-06-03T10:59:20Z,24,99,pass,Cassia Winterbourne
BRW-06214,POT-0010,SHP-14,CDR-32,2026-01-18 10:51:58,20,153,Pass,Delphine Zellandine
BRW-06215,POT-0005,SHP-15,CDR-27,2024-08-13T08:10:51Z,43,25,pass,Hesper Cinderfell
BRW-06216,POT-0081,SHP-09,CDR-21,2024-09-20T11:51:21Z,31,119,fail,Maribel Netherfield
BRW-06217,POT-0045,SHP-12,CDR-02,2025-12-31 09:33:05,49,69,pass,Caspian Thistledown
BRW-06218,POT-0040,SHP-11,CDR-08,2025-12-06T07:04:41Z,45,69,PASS,Caspian Thistledown
BRW-06219,POT-0081,SHP-10,CDR-40,2025-03-08 06:41:26,55,75,pass,Cassia Everbright
BRW-06220,POT-0044,SHP-09,CDR-17,2026-05-30T11:15:05Z,17,35,Pass,Dorian Glimmerstone
BRW-06221,POT-0120,SHP-11,CDR-20,2025-11-20T08:02:30Z,53,67,pass,Umbra Thistledown
BRW-06222,POT-0046,SHP-12,CDR-13,2025-07-22T11:55:25Z,58,,Pass,Maribel Netherfield
BRW-06223,POT-0019,SHP-10,CDR-23,2025-11-08T09:35:12Z,16,91,pass,Dorian Mistlethorn
BRW-06224,POT-0074,SHP-10,CDR-06,2026-04-23 05:42:53,58,125,pass,Cassia Winterbourne
BRW-06225,POT-0041,SHP-08,CDR-07,2024-06-30 10:04:20,26,138,fail,Cassia Winterbourne
BRW-06226,POT-0072,SHP-12,CDR-04,2024-12-30 10:08:34,30,98,pass,Gideon Moonbrook
BRW-06227,POT-0010,SHP-09,CDR-03,2026-05-23T07:41:30Z,25,136,Pass,Kestrel Foxglove
BRW-06228,POT-0082,SHP-03,CDR-10,2026-01-15T07:06:35Z,30,57,pass,Lyra Winterbourne
BRW-06229,POT-0027,SHP-07,CDR-32,2026-02-07T06:31:11Z,24,104,pass,Delphine Mossheart
BRW-06230,POT-0093,SHP-14,CDR-11,2025-12-18 10:53:57,40,113,Pass,Ambrose Winterbourne
BRW-06231,POT-0037,SHP-03,CDR-16,2025-11-24T09:10:54Z,54,99,pass,Caspian Thistledown
BRW-06232,POT-0107,SHP-07,CDR-10,2026-06-28T10:27:15Z,12,55,Pass,Gideon Thistledown
BRW-06233,POT-0091,SHP-06,CDR-13,2026-05-26T11:53:42Z,46,17,Pass,Delphine Mossheart
BRW-06234,POT-0011,SHP-04,CDR-24,2024-10-06T06:16:28Z,24,126,PASS,Cassia Winterbourne
BRW-06235,POT-0039,SHP-08,CDR-38,2026-04-22 11:27:22,10,121,pass,Grizelda Kilnworth
BRW-06236,POT-0087,SHP-01,CDR-13,2026-05-24 05:13:39,45,49,pass,Delphine Mossheart
BRW-06237,POT-0016,SHP-12,CDR-33,2026-04-03T11:52:45Z,60,120,PASS,Zephyrine Zellandine
BRW-06238,POT-0075,SHP-06,CDR-07,2026-04-24T06:16:45Z,43,123,pass,Kestrel Foxglove
BRW-06239,POT-0103,SHP-12,CDR-09,2024-06-13T10:52:50Z,40,99,pass,Vesper Emberwhisk
BRW-06240,POT-0065,SHP-02,CDR-28,2026-04-14T07:16:08Z,50,79,pass,Juniper Hollowbranch
BRW-06241,POT-0118,SHP-06,CDR-20,2026-06-24T05:58:24Z,14,53,pass,Dorian Mistlethorn
BRW-06242,POT-0024,SHP-10,CDR-24,2025-07-20T08:18:25Z,41,116,pass,Juniper Hollowbranch
BRW-06243,POT-0069,SHP-08,CDR-39,2024-10-01T06:47:48Z,20,151,Fail,Cassia Everbright
BRW-06244,POT-0100,SHP-11,CDR-24,2024-07-11 05:56:26,38,94,Pass,Belladonna Jackdaw
BRW-06245,POT-0075,SHP-04,CDR-37,2024-12-06 10:26:50,37,153,fail,Morwenna Wandwright
BRW-06246,POT-0042,SHP-12,CDR-16,2024-08-29T07:06:07Z,27,109,pass,Ambrose Fernwhistle
BRW-06247,POT-0001,SHP-11,CDR-26,2025-06-25 10:04:34,19,125,PASS,Oleander Ravenscroft
BRW-06248,POT-0059,SHP-06,CDR-37,2026-05-26T11:40:59Z,13,124,pass,Oleander Ravenscroft
BRW-06249,POT-0048,SHP-12,CDR-17,2026-05-23T09:04:45Z,46,91,pass,Cassia Winterbourne
BRW-06250,POT-0038,SHP-06,CDR-03,2026-04-16T09:41:02Z,30,49,PASS,Oleander Ravenscroft
BRW-06251,POT-0118,SHP-13,CDR-27,2026-02-14T07:05:24Z,11,60,pass,Hesper Foxglove
BRW-06252,POT-0061,SHP-10,CDR-17,2025-06-24T05:26:33Z,39,112,pass,Oleander Ravenscroft
BRW-06253,POT-0051,SHP-03,CDR-30,2026-06-06T08:36:23Z,55,59,pass,Yarrow Ravenscroft
BRW-06254,POT-0072,SHP-02,CDR-01,2024-08-26T09:24:34Z,54,82,fail,Delphine Zellandine
BRW-06255,POT-0085,SHP-02,CDR-17,2025-02-21T10:51:53Z,51,129,PASS,Caspian Thistledown
BRW-06256,POT-0111,SHP-12,CDR-14,2026-06-26 11:57:30,47,52,pass,Grizelda Duskwater
BRW-06257,POT-0098,SHP-02,CDR-03,2026-03-17 11:32:19,54,90,Pass,Oleander Ravenscroft
BRW-06258,POT-0100,SHP-06,CDR-22,2025-12-26T09:52:36Z,27,85,fail,Oswin Wyrmwood
BRW-06259,POT-0029,SHP-07,CDR-38,2025-09-21 05:29:46,33,57,pass,Thaddeus Frostpetal
BRW-06260,POT-0036,SHP-07,CDR-12,2026-04-09T10:45:42Z,38,84,Pass,Oleander Ravenscroft
BRW-06261,POT-0042,SHP-13,CDR-15,2025-04-27T09:35:58Z,45,121,Pass,Delphine Mossheart
BRW-06262,POT-0118,SHP-09,CDR-16,2026-06-05T08:52:44Z,32,65,pass,Dorian Mistlethorn
BRW-06263,POT-0018,SHP-01,CDR-10,2025-08-12 07:25:19,26,34,PASS,Grizelda Kilnworth
BRW-06264,POT-0106,SHP-12,CDR-01,2025-04-21T09:17:39Z,25,86,pass,Delphine Zellandine
BRW-06265,POT-0066,SHP-14,CDR-28,2026-01-22 10:09:34,56,132,pass,Hesper Cinderfell
BRW-06266,POT-0096,SHP-09,CDR-04,2026-03-28T08:51:13Z,55,130,Pass,Morwenna Wandwright
BRW-06267,POT-0101,SHP-02,CDR-01,2024-05-04T11:59:53Z,32,168,PASS,Yarrow Ravenscroft
BRW-06268,POT-0085,SHP-03,CDR-24,2025-07-06T09:58:22Z,24,144,pass,Vesper Emberwhisk
BRW-06269,POT-0102,SHP-12,CDR-39,2026-05-12T06:06:15Z,60,73,pass,Hesper Foxglove
BRW-06270,POT-0027,SHP-08,CDR-24,2025-08-31T10:58:35Z,45,122,pass,Cassia Winterbourne
BRW-06271,POT-0107,SHP-08,CDR-03,2026-01-22T09:50:38Z,28,40,pass,Vesper Emberwhisk
BRW-06272,POT-0001,SHP-10,CDR-03,2026-06-26T09:33:48Z,18,107,PASS,Hesper Foxglove
BRW-06273,POT-0022,SHP-08,CDR-18,2025-10-01T11:24:58Z,53,119,pass,Vesper Emberwhisk
BRW-06274,POT-0067,SHP-06,CDR-39,2025-04-10 06:02:45,16,36,fail,Delphine Zellandine
BRW-06275,POT-0117,SHP-03,CDR-06,2024-09-12 10:18:15,14,48,pass,Dorian Mistlethorn
BRW-06276,POT-0073,SHP-03,CDR-34,2026-03-07T10:40:26Z,53,51,pass,Wendeline Ashgrove
BRW-06277,POT-0064,SHP-12,CDR-17,2026-01-11T08:15:11Z,20,83,Fail,Hesper Cinderfell
BRW-06278,POT-0117,SHP-06,CDR-34,2026-05-20T09:45:38Z,34,49,pass,Cassia Winterbourne
BRW-06279,POT-0079,SHP-07,CDR-37,2025-01-12 10:25:33,41,41,pass,Vesper Emberwhisk
BRW-06280,POT-0091,SHP-06,CDR-23,2026-03-14T11:06:58Z,12,35,pass,Ambrose Winterbourne
BRW-06281,POT-0002,SHP-10,CDR-31,2025-12-28 07:09:10,26,57,fail,Grizelda Kilnworth
BRW-06282,POT-0066,SHP-15,CDR-11,2025-08-22T05:06:23Z,17,101,pass,Dorian Mistlethorn
BRW-06283,POT-0120,SHP-09,CDR-28,2025-04-30T09:02:47Z,12,103,pass,Grizelda Duskwater
BRW-06284,POT-0105,SHP-01,CDR-16,2024-06-04T09:07:40Z,15,123,pass,Grizelda Kilnworth
BRW-06285,POT-0093,SHP-07,CDR-22,2024-06-27T06:37:47Z,46,123,pass,Gideon Thistledown
BRW-06286,POT-0039,SHP-15,CDR-27,2025-12-15T07:41:31Z,12,148,pass,Juniper Hollowbranch
BRW-06287,POT-0085,SHP-08,CDR-19,2026-04-25T09:17:17Z,44,108,pass,Nimbus Glimmerstone
BRW-06288,POT-0090,SHP-15,CDR-25,2025-03-04 09:25:54,42,93,pass,Umbra Thistledown
BRW-06289,POT-0019,SHP-08,CDR-20,2024-11-24 08:59:18,41,87,pass,Kestrel Foxglove
BRW-06290,POT-0041,SHP-07,CDR-23,2025-03-22T11:45:03Z,52,138,Pass,Belladonna Jackdaw
BRW-06291,POT-0101,SHP-11,CDR-11,2024-11-19 11:01:18,43,146,pass,Dorian Mistlethorn
BRW-06292,POT-0016,SHP-02,CDR-02,2026-04-11T10:54:30Z,46,109,pass,Oswin Wyrmwood
BRW-06293,POT-0018,SHP-01,CDR-19,2026-05-05T05:54:35Z,28,71,pass,Ambrose Fernwhistle
BRW-06294,POT-0009,SHP-08,CDR-32,2025-10-25T08:33:40Z,12,80,pass,Hesper Foxglove
BRW-06295,POT-0100,SHP-15,CDR-17,2025-01-23 11:40:49,23,122,pass,Lyra Winterbourne
BRW-06296,POT-0014,SHP-04,CDR-07,2025-04-30 09:03:57,18,62,fail,Dorian Mistlethorn
BRW-06297,POT-0039,SHP-10,CDR-24,2026-05-31T07:37:32Z,30,141,PASS,Juniper Hollowbranch
BRW-06298,POT-0043,SHP-02,CDR-33,2024-06-07 05:08:49,51,63,pass,Grizelda Duskwater
BRW-06299,POT-0065,SHP-04,CDR-13,2026-01-14T06:54:20Z,32,62,Pass,Gideon Thistledown
BRW-06300,POT-0009,SHP-06,CDR-40,2025-01-13T11:56:16Z,49,59,pass,Dorian Mistlethorn
BRW-06301,POT-0056,SHP-11,CDR-10,2026-02-09T06:23:41Z,12,72,pass,Yarrow Ravenscroft
BRW-06302,POT-0089,SHP-08,CDR-04,2025-01-06T07:23:15Z,25,98,FAIL,Maribel Netherfield
BRW-06303,POT-0055,SHP-15,CDR-31,2025-11-24 11:18:05,18,80,Pass,Dorian Mistlethorn
BRW-06304,POT-0016,SHP-12,CDR-17,2026-03-06T07:35:20Z,50,117,PASS,Oleander Ravenscroft
BRW-06305,POT-0104,SHP-08,CDR-39,2025-07-30 09:10:55,38,150,Pass,Belladonna Jackdaw
BRW-06306,POT-0106,SHP-14,CDR-01,2026-02-15 06:01:25,57,98,Pass,Dorian Mistlethorn
BRW-06307,POT-0038,SHP-02,CDR-03,2024-11-12T11:22:46Z,34,68,Pass,Wendeline Ashgrove
BRW-06308,POT-0100,SHP-13,CDR-12,2024-07-14T10:51:41Z,22,85,pass,Nimbus Glimmerstone
BRW-06309,POT-0093,SHP-07,CDR-35,2026-04-16T07:28:57Z,14,96,pass,Grizelda Kilnworth
BRW-06310,POT-0013,SHP-08,CDR-19,2025-11-02T05:17:04Z,57,99,pass,Yarrow Ravenscroft
BRW-06311,POT-0049,SHP-13,CDR-22,2025-09-19T08:37:00Z,39,136,PASS,Yarrow Ravenscroft
BRW-06312,POT-0027,SHP-07,CDR-38,2025-02-08T11:51:42Z,53,136,pass,Oswin Wyrmwood
BRW-06313,POT-0074,SHP-06,CDR-22,2026-04-09T06:30:11Z,39,104,Pass,Dorian Mistlethorn
BRW-06314,POT-0017,SHP-01,CDR-07,2025-10-15T10:23:40Z,53,136,pass,Gideon Thistledown
BRW-06315,POT-0095,SHP-15,CDR-34,2026-03-12T06:26:01Z,32,139,pass,Dorian Glimmerstone
BRW-06316,POT-0032,SHP-06,CDR-22,2025-12-16 11:24:05,41,97,pass,Oswin Wyrmwood
BRW-06317,POT-0082,SHP-08,CDR-16,2025-04-26T10:33:57Z,51,58,pass,Cassia Winterbourne
BRW-06318,POT-0098,SHP-14,CDR-34,2026-03-27 11:39:00,49,89,pass,Nimbus Glimmerstone
BRW-06319,POT-0023,SHP-09,CDR-25,2025-09-03T10:41:43Z,21,147,pass,Oleander Ravenscroft
BRW-06320,POT-0064,SHP-07,CDR-20,2025-10-23T07:11:50Z,51,116,fail,Zephyrine Zellandine
BRW-06321,POT-0100,SHP-14,CDR-19,2025-04-18 09:12:45,54,76,PASS,Delphine Mossheart
BRW-06322,POT-0068,SHP-11,CDR-01,2025-02-22 10:35:44,47,68,pass,Caspian Thistledown
BRW-06323,POT-0088,SHP-04,CDR-23,2026-02-11T06:10:55Z,15,91,Pass,Cassia Winterbourne
BRW-06324,POT-0044,SHP-14,CDR-20,2026-01-14 08:23:37,33,31,Pass,Belladonna Jackdaw
BRW-06325,POT-0056,SHP-12,CDR-08,2026-05-29T09:59:50Z,33,84,Pass,Dorian Mistlethorn
BRW-06326,POT-0078,SHP-04,CDR-12,2024-11-08T10:54:47Z,59,76,pass,Maribel Netherfield
BRW-06327,POT-0034,SHP-08,CDR-38,2025-06-13T05:35:03Z,49,105,pass,Dorian Glimmerstone
BRW-06328,POT-0045,SHP-15,CDR-31,2026-05-11 06:09:57,24,46,pass,Zephyrine Zellandine
BRW-06329,POT-0028,SHP-13,CDR-25,2026-03-22T11:23:00Z,52,52,fail,Juniper Hollowbranch
BRW-06330,POT-0090,SHP-11,CDR-17,2025-03-09 09:55:47,32,118,Pass,Maribel Netherfield
BRW-06331,POT-0038,SHP-15,CDR-09,2025-02-12 11:52:18,35,37,pass,Hesper Foxglove
BRW-06332,POT-0089,SHP-05,CDR-09,2025-10-01T06:35:02Z,20,98,pass,Nimbus Glimmerstone
BRW-06333,POT-0057,SHP-12,CDR-18,2025-05-25T08:29:16Z,55,85,pass,Gideon Thistledown
BRW-06334,POT-0004,SHP-12,CDR-29,2026-03-25 05:31:28,36,72,pass,Thaddeus Frostpetal
BRW-06335,POT-0075,SHP-10,CDR-17,2025-10-20 09:28:03,18,,fail,Umbra Thistledown
BRW-06336,POT-0094,SHP-09,CDR-13,2024-10-21T10:10:57Z,44,103,pass,Dorian Mistlethorn
BRW-06337,POT-0047,SHP-11,CDR-31,2026-05-02T10:05:15Z,49,126,fail,Hesper Cinderfell
BRW-06338,POT-0042,SHP-10,CDR-30,2026-04-02T06:51:36Z,23,100,pass,Grizelda Duskwater
BRW-06339,POT-0098,SHP-13,CDR-14,2026-01-17T09:33:31Z,53,90,pass,Yarrow Ravenscroft
BRW-06340,POT-0023,SHP-02,CDR-25,2024-08-23 09:46:59,21,141,Pass,Oleander Ravenscroft
BRW-06341,POT-0062,SHP-09,CDR-19,2025-12-21T08:25:31Z,52,174,Pass,Cassia Everbright
BRW-06342,POT-0107,SHP-10,CDR-37,2025-12-29T06:59:13Z,36,31,pass,Lyra Winterbourne
BRW-06343,POT-0062,SHP-11,CDR-18,2024-05-10T10:18:43Z,58,142,Fail,Wendeline Ashgrove
BRW-06344,POT-0090,SHP-10,CDR-40,2026-06-14T05:22:12Z,47,102,pass,Thaddeus Frostpetal
BRW-06345,POT-0105,SHP-13,CDR-04,2024-06-03T08:42:30Z,12,150,Fail,Cassia Everbright
BRW-06346,POT-0057,SHP-13,CDR-20,2026-04-02 11:35:05,56,56,PASS,Morwenna Wandwright
BRW-06347,POT-0112,SHP-10,CDR-03,2025-10-27 08:33:36,55,92,PASS,Dorian Glimmerstone
BRW-06348,POT-0116,SHP-11,CDR-11,2025-01-02 07:03:21,38,89,Pass,Nimbus Glimmerstone
BRW-06349,POT-0016,SHP-04,CDR-36,2026-05-27T10:01:54Z,49,101,Pass,Gideon Thistledown
BRW-06350,POT-0098,SHP-03,CDR-37,2026-04-12 06:00:28,27,64,pass,Delphine Mossheart
BRW-06351,POT-0030,SHP-08,CDR-32,2026-01-03 05:09:52,54,51,pass,Kestrel Foxglove
BRW-06352,POT-0100,SHP-01,CDR-04,2024-08-02 05:36:39,46,80,pass,Delphine Mossheart
BRW-06353,POT-0112,SHP-07,CDR-29,2026-04-27T10:07:41Z,43,89,fail,Cassia Everbright
BRW-06354,POT-0067,SHP-14,CDR-01,2026-06-25 06:12:04,55,35,pass,Hesper Foxglove
BRW-06355,POT-0105,SHP-03,CDR-37,2024-08-14 10:45:25,12,117,pass,Kestrel Foxglove
BRW-06356,POT-0115,SHP-03,CDR-15,2026-01-01 11:32:49,31,134,pass,Nimbus Glimmerstone
BRW-06357,POT-0101,SHP-06,CDR-26,2025-01-23T05:08:02Z,52,139,pass,Gideon Moonbrook
BRW-06358,POT-0064,SHP-15,CDR-01,2026-04-20 05:56:11,17,133,Pass,Maribel Netherfield
BRW-06359,POT-0044,SHP-14,CDR-40,2025-01-07T08:37:13Z,22,67,pass,Ambrose Winterbourne
BRW-06360,POT-0003,SHP-13,CDR-21,2026-01-02T08:54:48Z,33,41,PASS,Grizelda Duskwater
BRW-06361,POT-0002,SHP-03,CDR-39,2025-04-28 06:37:53,46,80,pass,Hesper Foxglove
BRW-06362,POT-0116,SHP-04,CDR-31,2025-08-14T10:53:30Z,21,111,pass,Cassia Everbright
BRW-06363,POT-0050,SHP-14,CDR-21,2026-02-13 08:34:56,14,115,Pass,Dorian Mistlethorn
BRW-06364,POT-0081,SHP-10,CDR-10,2026-03-08 05:39:10,26,106,pass,Zephyrine Zellandine
BRW-06365,POT-0008,SHP-10,CDR-34,2025-10-23 07:45:21,33,50,Pass,Caspian Thistledown
BRW-06366,POT-0076,SHP-04,CDR-13,2025-08-13T07:27:34Z,52,58,pass,Caspian Thistledown
BRW-06367,POT-0032,SHP-08,CDR-30,2025-12-20 08:17:00,11,126,Pass,Belladonna Jackdaw
BRW-06368,POT-0043,SHP-02,CDR-19,2024-12-19T10:54:35Z,23,81,Pass,Caspian Thistledown
BRW-06369,POT-0001,SHP-08,CDR-04,2025-02-21T09:51:32Z,42,118,pass,Grizelda Duskwater
BRW-06370,POT-0054,SHP-08,CDR-25,2026-03-28T07:12:32Z,40,43,fail,Nimbus Glimmerstone
BRW-06371,POT-0011,SHP-07,CDR-32,2024-06-28T11:33:28Z,14,129,PASS,Thaddeus Frostpetal
BRW-06372,POT-0006,SHP-07,CDR-01,2026-05-28 06:50:02,25,129,pass,Gideon Moonbrook
BRW-06373,POT-0011,SHP-05,CDR-31,2025-03-25 11:56:53,34,137,pass,Hesper Cinderfell
BRW-06374,POT-0104,SHP-11,CDR-24,2026-02-24T07:22:42Z,43,129,pass,Gideon Thistledown
BRW-06375,POT-0061,SHP-15,CDR-19,2025-09-27 07:23:32,47,86,Pass,Cassia Winterbourne
BRW-06376,POT-0063,SHP-10,CDR-10,2024-10-15T11:17:20Z,37,89,pass,Cassia Everbright
BRW-06377,POT-0118,SHP-11,CDR-30,2026-03-27 11:04:06,49,72,pass,Ambrose Winterbourne
BRW-06378,POT-0021,SHP-01,CDR-19,2025-01-01 08:39:38,38,102,pass,Dorian Mistlethorn
BRW-06379,POT-0005,SHP-07,CDR-02,2025-04-05T08:18:50Z,17,42,pass,Gideon Moonbrook
BRW-06380,POT-0101,SHP-12,CDR-05,2025-05-19T08:29:57Z,10,152,pass,Kestrel Foxglove
BRW-06381,POT-0025,SHP-13,CDR-14,2025-02-24T06:10:47Z,32,53,pass,Cassia Everbright
BRW-06382,POT-0030,SHP-05,CDR-18,2026-02-02 08:30:43,22,68,pass,Grizelda Kilnworth
BRW-06383,POT-0033,SHP-12,CDR-38,2025-03-14T07:02:00Z,17,98,pass,Grizelda Duskwater
BRW-06384,POT-0067,SHP-02,CDR-22,2025-06-13T09:18:00Z,42,40,pass,Gideon Moonbrook
BRW-06385,POT-0029,SHP-12,CDR-02,2024-06-14 09:34:31,43,48,pass,Kestrel Foxglove
BRW-06386,POT-0115,SHP-02,CDR-11,2024-12-20T07:06:40Z,56,135,pass,Oleander Ravenscroft
BRW-06387,POT-0057,SHP-13,CDR-04,2025-10-20T11:40:20Z,37,86,pass,Dorian Mistlethorn
BRW-06388,POT-0049,SHP-03,CDR-05,2025-06-06T09:13:32Z,12,115,pass,Delphine Zellandine
BRW-06389,POT-0027,SHP-09,CDR-35,2026-05-18 05:16:42,51,101,pass,Juniper Hollowbranch
BRW-06390,POT-0041,SHP-04,CDR-15,2025-09-16T09:13:57Z,49,159,Pass,Grizelda Duskwater
BRW-06391,POT-0119,SHP-02,CDR-22,2025-09-13 07:21:04,49,66,pass,Grizelda Duskwater
BRW-06392,POT-0097,SHP-15,CDR-40,2026-06-25T05:03:06Z,35,163,pass,Zephyrine Zellandine
BRW-06393,POT-0046,SHP-09,CDR-22,2025-01-16T09:48:43Z,60,40,pass,Gideon Moonbrook
BRW-06394,POT-0064,SHP-06,CDR-20,2024-05-17 10:16:38,10,113,FAIL,Caspian Thistledown
BRW-06395,POT-0111,SHP-11,CDR-13,2026-02-14 09:04:46,59,70,pass,Wendeline Ashgrove
BRW-06396,POT-0079,SHP-04,CDR-03,2025-10-16 07:44:31,43,71,Pass,Zephyrine Zellandine
BRW-06397,POT-0056,SHP-07,CDR-33,2025-09-28T10:36:03Z,20,101,pass,Umbra Thistledown
BRW-06398,POT-0008,SHP-14,CDR-36,2025-08-06 08:01:50,43,71,pass,Delphine Zellandine
BRW-06399,POT-0106,SHP-04,CDR-27,2025-11-20 06:34:27,43,79,pass,Gideon Thistledown
BRW-06400,POT-0119,SHP-01,CDR-20,2024-11-29T07:06:59Z,60,53,pass,Juniper Hollowbranch
BRW-06401,POT-0073,SHP-13,CDR-24,2024-07-20 10:25:06,46,69,pass,Delphine Zellandine
BRW-06402,POT-0092,SHP-09,CDR-26,2025-03-07T11:03:28Z,41,81,pass,Juniper Hollowbranch
BRW-06403,POT-0053,SHP-02,CDR-16,2025-04-20T05:39:27Z,55,95,Pass,Thaddeus Frostpetal
BRW-06404,POT-0030,SHP-03,CDR-28,2026-05-01T07:55:31Z,23,81,pass,Grizelda Duskwater
BRW-06405,POT-0106,SHP-13,CDR-15,2026-02-21 11:11:00,41,105,pass,Oleander Ravenscroft
BRW-06406,POT-0094,SHP-08,CDR-19,2026-03-01T11:41:44Z,54,93,pass,Kestrel Foxglove
BRW-06407,POT-0065,SHP-06,CDR-39,2025-10-16T05:14:43Z,34,40,pass,Dorian Glimmerstone
BRW-06408,POT-0059,SHP-12,CDR-21,2026-02-26 08:44:37,28,106,pass,Belladonna Jackdaw
BRW-06409,POT-0014,SHP-13,CDR-29,2026-05-27 07:51:29,18,69,pass,Umbra Thistledown
BRW-06410,POT-0101,SHP-05,CDR-02,2025-06-07T07:31:58Z,60,149,pass,Dorian Mistlethorn
BRW-06411,POT-0005,SHP-01,CDR-15,2025-11-10T08:55:30Z,25,52,pass,Nimbus Glimmerstone
BRW-06412,POT-0007,SHP-10,CDR-08,2025-07-12T08:09:49Z,10,130,pass,Thaddeus Frostpetal
BRW-06413,POT-0060,SHP-03,CDR-13,2026-05-17T06:11:47Z,20,153,pass,Lyra Winterbourne
BRW-06414,POT-0069,SHP-09,CDR-14,2024-05-02T06:04:23Z,21,138,Pass,Lyra Winterbourne
BRW-06415,POT-0008,SHP-07,CDR-21,2026-03-16T05:33:15Z,25,56,PASS,Caspian Thistledown
BRW-06416,POT-0096,SHP-03,CDR-32,2025-11-12 10:02:21,56,147,pass,Cassia Winterbourne
BRW-06417,POT-0090,SHP-10,CDR-35,2024-08-08T08:00:49Z,46,75,pass,Cassia Winterbourne
BRW-06418,POT-0098,SHP-13,CDR-24,2025-10-27 07:38:49,45,90,pass,Ambrose Winterbourne
BRW-06419,POT-0108,SHP-10,CDR-22,2025-05-30T06:52:58Z,53,61,PASS,Maribel Netherfield
BRW-06420,POT-0050,SHP-07,CDR-21,2025-08-03T10:29:20Z,24,139,pass,Zephyrine Zellandine
BRW-06421,POT-0097,SHP-06,CDR-01,2026-03-31 09:38:06,33,162,pass,Kestrel Foxglove
BRW-06422,POT-0079,SHP-04,CDR-35,2026-04-15 06:14:42,48,58,pass,Oleander Ravenscroft
BRW-06423,POT-0056,SHP-05,CDR-20,2026-06-18T06:22:01Z,48,61,pass,Oswin Wyrmwood
BRW-06424,POT-0036,SHP-05,CDR-30,2024-12-31T06:12:31Z,19,64,pass,Gideon Moonbrook
BRW-06425,POT-0054,SHP-06,CDR-32,2026-03-19 10:27:45,37,42,Pass,Cassia Everbright
BRW-06426,POT-0069,SHP-04,CDR-26,2025-11-18 07:14:24,47,121,pass,Maribel Netherfield
BRW-06427,POT-0101,SHP-01,CDR-07,2025-01-11T10:04:06Z,11,158,pass,Cassia Everbright
BRW-06428,POT-0013,SHP-15,CDR-15,2026-02-20 07:35:17,24,62,pass,Nimbus Glimmerstone
BRW-06429,POT-0071,SHP-07,CDR-23,2025-01-31 10:24:55,24,95,pass,Kestrel Foxglove
BRW-06430,POT-0065,SHP-06,CDR-15,2025-08-31T07:19:11Z,45,63,pass,Morwenna Wandwright
BRW-06431,POT-0060,SHP-04,CDR-35,2026-06-17T11:11:37Z,18,138,pass,Dorian Mistlethorn
BRW-06432,POT-0082,SHP-03,CDR-26,2026-01-04T11:58:17Z,36,67,pass,Gideon Moonbrook
BRW-06433,POT-0098,SHP-04,CDR-08,2025-09-11 05:19:52,57,114,pass,Dorian Glimmerstone
BRW-06434,POT-0019,SHP-10,CDR-33,2025-06-09T10:52:35Z,59,108,pass,Hesper Cinderfell
BRW-06435,POT-0050,SHP-02,CDR-17,2026-03-08 08:41:21,42,142,pass,Morwenna Wandwright
BRW-06436,POT-0061,SHP-13,CDR-14,2024-08-17T08:41:23Z,57,113,Pass,Grizelda Kilnworth
BRW-06437,POT-0098,SHP-15,CDR-32,2025-09-30 09:47:43,44,91,pass,Belladonna Jackdaw
BRW-06438,POT-0094,SHP-10,CDR-38,2025-11-03T06:46:20Z,16,120,pass,Hesper Foxglove
BRW-06439,POT-0012,SHP-09,CDR-12,2026-04-26 10:23:35,33,81,pass,Dorian Glimmerstone
BRW-06440,POT-0053,SHP-03,CDR-01,2024-05-12 08:49:52,58,106,PASS,Gideon Moonbrook
BRW-06441,POT-0041,SHP-05,CDR-29,2025-10-16 09:40:46,41,130,pass,Vesper Emberwhisk
BRW-06442,POT-0024,SHP-03,CDR-40,2025-12-17T08:47:33Z,12,112,pass,Nimbus Glimmerstone
BRW-06443,POT-0024,SHP-01,CDR-28,2025-05-14T09:59:26Z,17,121,pass,Zephyrine Zellandine
BRW-06444,POT-0042,SHP-01,CDR-31,2026-01-17 11:52:58,19,117,pass,Belladonna Jackdaw
BRW-06445,POT-0085,SHP-02,CDR-35,2025-04-23T06:45:26Z,56,106,Pass,Delphine Zellandine
BRW-06446,POT-0050,SHP-09,CDR-17,2025-09-06T09:53:26Z,41,147,fail,Grizelda Duskwater
BRW-06447,POT-0008,SHP-13,CDR-24,2025-11-03T05:09:37Z,54,86,pass,Hesper Foxglove
BRW-06448,POT-0031,SHP-07,CDR-12,2026-03-07T08:18:33Z,32,41,pass,Belladonna Jackdaw
BRW-06449,POT-0005,SHP-11,CDR-21,2024-08-21T11:29:31Z,31,50,pass,Maribel Netherfield
BRW-06450,POT-0044,SHP-12,CDR-31,2025-11-04 05:32:18,31,74,pass,Kestrel Foxglove
BRW-06451,POT-0002,SHP-04,CDR-15,2026-05-12 06:24:02,38,95,PASS,Cassia Winterbourne
BRW-06452,POT-0103,SHP-05,CDR-39,2026-05-10T07:42:12Z,56,101,PASS,Grizelda Duskwater
BRW-06453,POT-0025,SHP-05,CDR-36,2024-09-27 06:16:49,17,68,pass,Juniper Hollowbranch
BRW-06454,POT-0035,SHP-06,CDR-19,2024-08-06 06:56:23,56,62,fail,Zephyrine Zellandine
BRW-06455,POT-0002,SHP-08,CDR-13,2025-04-13 09:09:33,45,100,pass,Caspian Thistledown
BRW-06456,POT-0033,SHP-10,CDR-35,2025-07-22T11:32:53Z,18,78,pass,Dorian Mistlethorn
BRW-06457,POT-0115,SHP-09,CDR-16,2026-03-01 06:42:42,31,132,pass,Dorian Glimmerstone
BRW-06458,POT-0027,SHP-02,CDR-03,2026-05-18T09:46:10Z,42,137,pass,Wendeline Ashgrove
BRW-06459,POT-0012,SHP-11,CDR-40,2025-07-30T11:36:54Z,47,89,pass,Umbra Thistledown
BRW-06460,POT-0038,SHP-03,CDR-38,2026-03-16T06:50:16Z,35,21,pass,Caspian Thistledown
BRW-06461,POT-0065,SHP-12,CDR-38,2025-08-19 11:50:22,47,19,pass,Kestrel Foxglove
BRW-06462,POT-0044,SHP-06,CDR-35,2024-11-05T07:18:40Z,58,61,pass,Ambrose Fernwhistle
BRW-06463,POT-0098,SHP-07,CDR-25,2026-03-17 10:12:01,58,106,pass,Kestrel Foxglove
BRW-06464,POT-0096,SHP-03,CDR-35,2025-04-11T10:55:42Z,59,131,pass,Ambrose Winterbourne
BRW-06465,POT-0005,SHP-12,CDR-04,2025-04-24T08:47:17Z,37,54,pass,Cassia Winterbourne
BRW-06466,POT-0044,SHP-01,CDR-34,2025-09-12T10:39:19Z,19,69,pass,Ambrose Fernwhistle
BRW-06467,POT-0020,SHP-09,CDR-16,2026-01-31 05:46:20,19,154,pass,Lyra Winterbourne
BRW-06468,POT-0115,SHP-08,CDR-38,2024-10-08 05:07:08,49,128,pass,Umbra Thistledown
BRW-06469,POT-0022,SHP-15,CDR-21,2025-01-22T07:20:07Z,52,113,pass,Hesper Cinderfell
BRW-06470,POT-0033,SHP-02,CDR-24,2025-11-17T07:00:02Z,33,63,pass,Delphine Mossheart
BRW-06471,POT-0066,SHP-01,CDR-09,2025-06-09T10:59:45Z,45,79,Pass,Ambrose Fernwhistle
BRW-06472,POT-0063,SHP-14,CDR-26,2025-03-10T08:31:38Z,50,79,pass,Juniper Hollowbranch
BRW-06473,POT-0041,SHP-03,CDR-27,2026-01-30T08:42:56Z,55,153,pass,Dorian Glimmerstone
BRW-06474,POT-0073,SHP-07,CDR-07,2026-06-07T06:15:24Z,45,79,pass,Oswin Wyrmwood
BRW-06475,POT-0094,SHP-05,CDR-05,2024-12-29 11:41:24,48,125,pass,Caspian Thistledown
BRW-06476,POT-0092,SHP-09,CDR-25,2026-06-05 09:01:14,28,61,pass,Juniper Hollowbranch
BRW-06477,POT-0090,SHP-09,CDR-16,2024-05-24T05:32:11Z,27,104,pass,Maribel Netherfield
BRW-06478,POT-0114,SHP-01,CDR-19,2025-12-12 07:03:09,44,86,fail,Caspian Thistledown
BRW-06479,POT-0046,SHP-06,CDR-30,2025-10-14 08:09:01,53,70,pass,Hesper Cinderfell
BRW-06480,POT-0098,SHP-11,CDR-06,2025-08-10T08:15:51Z,32,91,pass,Ambrose Winterbourne
BRW-06481,POT-0079,SHP-13,CDR-03,2024-12-25T11:41:53Z,53,64,pass,Umbra Thistledown
BRW-06482,POT-0056,SHP-04,CDR-39,2026-01-22 07:45:52,31,104,pass,Hesper Cinderfell
BRW-06483,POT-0117,SHP-08,CDR-12,2024-07-23T07:19:02Z,21,64,pass,Delphine Mossheart
BRW-06484,POT-0113,SHP-04,CDR-31,2026-06-25T09:36:44Z,32,156,PASS,Grizelda Kilnworth
BRW-06485,POT-0050,SHP-11,CDR-25,2026-05-03T06:04:54Z,23,148,pass,Hesper Foxglove
BRW-06486,POT-0071,SHP-07,CDR-32,2025-07-21 06:58:36,57,73,pass,Delphine Mossheart
BRW-06487,POT-0083,SHP-11,CDR-17,2024-10-30 08:49:18,41,152,pass,Oswin Wyrmwood
BRW-06488,POT-0101,SHP-15,CDR-35,2024-08-24T06:49:17Z,56,149,pass,Thaddeus Frostpetal
BRW-06489,POT-0027,SHP-06,CDR-10,2026-02-07T09:18:28Z,17,101,pass,Dorian Glimmerstone
BRW-06490,POT-0024,SHP-12,CDR-06,2026-03-19T08:26:56Z,57,104,fail,Yarrow Ravenscroft
BRW-06491,POT-0044,SHP-05,CDR-01,2024-06-09 08:34:46,29,46,PASS,Oswin Wyrmwood
BRW-06492,POT-0026,SHP-01,CDR-10,2025-02-17T05:29:28Z,51,103,pass,Nimbus Glimmerstone
BRW-06493,POT-0109,SHP-12,CDR-30,2026-05-05 10:04:02,28,108,Pass,Grizelda Kilnworth
BRW-06494,POT-0058,SHP-12,CDR-29,2025-08-07 08:52:00,57,116,pass,Grizelda Duskwater
BRW-06495,POT-0090,SHP-12,CDR-37,2025-06-07T07:03:09Z,40,93,Pass,Gideon Moonbrook
BRW-06496,POT-0056,SHP-10,CDR-20,2026-04-03 08:19:38,49,69,PASS,Kestrel Foxglove
BRW-06497,POT-0062,SHP-10,CDR-28,2024-12-16T11:49:54Z,37,133,pass,Ambrose Fernwhistle
BRW-06498,POT-0095,SHP-15,CDR-06,2025-08-09T11:47:12Z,19,138,pass,Oswin Wyrmwood
BRW-06499,POT-0105,SHP-05,CDR-37,2025-04-12T08:26:48Z,15,126,pass,Morwenna Wandwright
BRW-06500,POT-0111,SHP-03,CDR-30,2026-03-12T07:13:49Z,51,46,pass,Vesper Emberwhisk
BRW-06501,POT-0028,SHP-03,CDR-05,2026-05-10 11:58:18,52,75,pass,Delphine Zellandine
BRW-06502,POT-0102,SHP-07,CDR-16,2024-07-02T11:24:17Z,24,59,pass,Lyra Winterbourne
BRW-06503,POT-0027,SHP-10,CDR-36,2026-01-20T11:09:19Z,15,101,pass,Thaddeus Frostpetal
BRW-06504,POT-0057,SHP-12,CDR-33,2025-12-08 05:22:07,43,86,pass,Cassia Winterbourne
BRW-06505,POT-0074,SHP-15,CDR-29,2026-04-09T08:58:54Z,56,104,pass,Vesper Emberwhisk
BRW-06506,POT-0119,SHP-03,CDR-30,2025-03-10T07:03:43Z,13,73,pass,Dorian Mistlethorn
BRW-06507,POT-0043,SHP-11,CDR-26,2024-06-29 10:40:56,38,44,PASS,Hesper Foxglove
BRW-06508,POT-0022,SHP-04,CDR-35,2024-06-27T07:03:12Z,49,116,Pass,Umbra Thistledown
BRW-06509,POT-0078,SHP-15,CDR-33,2026-04-19T09:19:14Z,17,97,Pass,Oleander Ravenscroft
BRW-06510,POT-0090,SHP-13,CDR-34,2025-01-27T10:02:09Z,40,113,pass,Dorian Glimmerstone
BRW-06511,POT-0087,SHP-08,CDR-37,2026-03-22T10:02:08Z,14,57,fail,Dorian Mistlethorn
BRW-06512,POT-0056,SHP-07,CDR-20,2026-04-03T08:08:39Z,21,80,pass,Gideon Moonbrook
BRW-06513,POT-0107,SHP-14,CDR-32,2025-06-08 07:42:56,53,58,pass,Maribel Netherfield
BRW-06514,POT-0104,SHP-01,CDR-21,2025-01-23T08:41:34Z,47,146,pass,Grizelda Kilnworth
BRW-06515,POT-0022,SHP-11,CDR-27,2024-09-02T05:54:09Z,20,145,FAIL,Yarrow Ravenscroft
BRW-06516,POT-0051,SHP-14,CDR-28,2025-11-05T09:00:53Z,20,18,pass,Caspian Thistledown
BRW-06517,POT-0095,SHP-10,CDR-23,2026-04-20T08:30:51Z,17,135,Pass,Caspian Thistledown
BRW-06518,POT-0032,SHP-15,CDR-12,2025-11-03T10:23:06Z,14,115,pass,Dorian Mistlethorn
BRW-06519,POT-0057,SHP-14,CDR-36,2026-03-30T06:12:36Z,44,64,Pass,Oswin Wyrmwood
BRW-06520,POT-0077,SHP-10,CDR-12,2026-03-22T07:14:36Z,20,122,pass,Dorian Glimmerstone
BRW-06521,POT-0038,SHP-15,CDR-25,2025-01-20 09:10:14,50,32,PASS,Delphine Zellandine
BRW-06522,POT-0046,SHP-05,CDR-35,2024-11-01T07:58:35Z,25,38,Pass,Umbra Thistledown
BRW-06523,POT-0059,SHP-11,CDR-15,2026-04-07 07:53:49,53,64,pass,Wendeline Ashgrove
BRW-06524,POT-0107,SHP-12,CDR-09,2026-04-02 11:10:22,42,50,pass,Cassia Everbright
BRW-06525,POT-0038,SHP-12,CDR-23,2025-10-06 11:08:54,50,55,pass,Thaddeus Frostpetal
BRW-06526,POT-0041,SHP-01,CDR-19,2025-05-06T10:07:52Z,34,128,fail,Yarrow Ravenscroft
BRW-06527,POT-0024,SHP-03,CDR-28,2024-08-28 07:34:01,41,93,PASS,Hesper Foxglove
BRW-06528,POT-0065,SHP-10,CDR-40,2025-10-10T09:41:00Z,39,54,pass,Cassia Everbright
BRW-06529,POT-0064,SHP-13,CDR-24,2026-05-28 11:41:36,52,100,pass,Gideon Moonbrook
BRW-06530,POT-0069,SHP-08,CDR-19,2024-05-02T10:33:58Z,48,137,pass,Gideon Moonbrook
BRW-06531,POT-0053,SHP-10,CDR-16,2025-08-20T09:27:00Z,36,101,pass,Lyra Winterbourne
BRW-06532,POT-0042,SHP-13,CDR-16,2025-02-26 08:16:19,14,89,pass,Ambrose Fernwhistle
BRW-06533,POT-0111,SHP-04,CDR-34,2026-05-18 06:46:18,12,59,Pass,Gideon Thistledown
BRW-06534,POT-0040,SHP-11,CDR-07,2024-08-15T10:15:08Z,49,56,pass,Thaddeus Frostpetal
BRW-06535,POT-0022,SHP-06,CDR-04,2025-02-27T06:42:00Z,35,142,PASS,Belladonna Jackdaw
BRW-06536,POT-0061,SHP-13,CDR-34,2024-10-19T11:40:12Z,36,110,pass,Dorian Glimmerstone
BRW-06537,POT-0033,SHP-11,CDR-17,2025-07-03T10:40:50Z,35,75,pass,Zephyrine Zellandine
BRW-06538,POT-0007,SHP-11,CDR-01,2025-08-09T10:23:25Z,40,128,Pass,Thaddeus Frostpetal
BRW-06539,POT-0053,SHP-06,CDR-16,2025-11-08T10:11:02Z,45,103,fail,Grizelda Duskwater
BRW-06540,POT-0079,SHP-15,CDR-24,2024-06-15T09:48:43Z,42,94,pass,Zephyrine Zellandine
BRW-06541,POT-0045,SHP-01,CDR-23,2024-12-21T11:16:56Z,43,51,pass,Yarrow Ravenscroft
BRW-06542,POT-0079,SHP-07,CDR-26,2026-04-01 08:49:07,36,67,pass,Vesper Emberwhisk
BRW-06543,POT-0005,SHP-09,CDR-24,2026-01-13T11:39:45Z,26,60,pass,Juniper Hollowbranch
BRW-06544,POT-0062,SHP-12,CDR-37,2024-07-13T10:54:32Z,46,154,pass,Juniper Hollowbranch
BRW-06545,POT-0107,SHP-03,CDR-28,2026-02-05T06:08:08Z,20,67,PASS,Ambrose Fernwhistle
BRW-06546,POT-0110,SHP-06,CDR-36,2025-02-12 10:56:53,51,159,pass,Gideon Thistledown
BRW-06547,POT-0031,SHP-07,CDR-12,2026-06-11T10:08:34Z,56,50,pass,Yarrow Ravenscroft
BRW-06548,POT-0058,SHP-08,CDR-29,2025-12-29T11:21:13Z,37,123,Pass,Vesper Emberwhisk
BRW-06549,POT-0071,SHP-04,CDR-15,2025-03-20T07:23:06Z,17,97,pass,Delphine Zellandine
BRW-06550,POT-0112,SHP-08,CDR-01,2026-03-28T05:31:45Z,15,92,Pass,Ambrose Winterbourne
BRW-06551,POT-0037,SHP-06,CDR-33,2026-01-24T08:02:45Z,40,73,pass,Dorian Mistlethorn
BRW-06552,POT-0030,SHP-05,CDR-19,2025-12-16 10:50:56,22,85,pass,Nimbus Glimmerstone
BRW-06553,POT-0073,SHP-08,CDR-21,2024-10-10 06:52:25,32,80,Pass,Cassia Winterbourne
BRW-06554,POT-0112,SHP-03,CDR-29,2026-01-18T11:34:37Z,59,50,Pass,Belladonna Jackdaw
BRW-06555,POT-0028,SHP-13,CDR-09,2026-06-24T07:59:42Z,43,59,pass,Belladonna Jackdaw
BRW-06556,POT-0066,SHP-15,CDR-30,2024-07-18T07:36:22Z,28,105,Pass,Yarrow Ravenscroft
BRW-06557,POT-0059,SHP-07,CDR-07,2026-05-06T09:44:43Z,60,98,fail,Belladonna Jackdaw
BRW-06558,POT-0036,SHP-04,CDR-34,2025-07-11 09:37:04,33,106,pass,Morwenna Wandwright
BRW-06559,POT-0069,SHP-04,CDR-24,2024-12-31T05:05:12Z,34,116,Pass,Wendeline Ashgrove
BRW-06560,POT-0091,SHP-07,CDR-16,2026-06-28T07:22:12Z,31,25,PASS,Delphine Zellandine
BRW-06561,POT-0053,SHP-12,CDR-27,2025-11-19 06:56:12,46,101,pass,Caspian Thistledown
BRW-06562,POT-0119,SHP-03,CDR-08,2024-06-01T08:43:11Z,30,91,PASS,Hesper Foxglove
BRW-06563,POT-0082,SHP-14,CDR-14,2025-07-26 05:07:09,18,64,pass,Hesper Foxglove
BRW-06564,POT-0060,SHP-14,CDR-28,2026-03-31 05:19:07,29,157,pass,Dorian Mistlethorn
BRW-06565,POT-0038,SHP-11,CDR-06,2024-10-28T08:36:58Z,45,57,Pass,Hesper Cinderfell
BRW-06566,POT-0054,SHP-15,CDR-18,2026-05-25T10:01:45Z,42,32,Pass,Dorian Glimmerstone
BRW-06567,POT-0112,SHP-13,CDR-38,2025-06-17T11:20:37Z,45,92,fail,Vesper Emberwhisk
BRW-06568,POT-0010,SHP-08,CDR-34,2026-03-22T11:44:06Z,44,130,pass,Vesper Emberwhisk
BRW-06569,POT-0025,SHP-14,CDR-13,2025-06-06T05:29:18Z,18,69,PASS,Delphine Zellandine
BRW-06570,POT-0075,SHP-09,CDR-33,2025-01-28T09:04:29Z,42,172,pass,Grizelda Kilnworth
BRW-06571,POT-0063,SHP-06,CDR-26,2025-06-17 11:27:08,25,50,PASS,Thaddeus Frostpetal
BRW-06572,POT-0095,SHP-11,CDR-04,2026-05-11 07:47:25,38,132,pass,Oswin Wyrmwood
BRW-06573,POT-0068,SHP-13,CDR-20,2026-02-24T05:40:46Z,52,80,Pass,Ambrose Fernwhistle
BRW-06574,POT-0024,SHP-12,CDR-10,2026-03-10T11:08:02Z,11,127,pass,Thaddeus Frostpetal
BRW-06575,POT-0101,SHP-07,CDR-04,2025-04-12T07:14:21Z,22,162,pass,Oleander Ravenscroft
BRW-06576,POT-0100,SHP-11,CDR-02,2024-05-29T09:59:39Z,56,73,pass,Umbra Thistledown
BRW-06577,POT-0114,SHP-02,CDR-23,2026-06-11T09:12:16Z,60,90,pass,Grizelda Duskwater
BRW-06578,POT-0116,SHP-14,CDR-06,2025-07-30T05:30:46Z,50,86,fail,Nimbus Glimmerstone
BRW-06579,POT-0058,SHP-07,CDR-34,2024-10-26T08:58:21Z,58,101,pass,Oswin Wyrmwood
BRW-06580,POT-0064,SHP-13,CDR-35,2025-03-15 05:58:42,38,100,pass,Juniper Hollowbranch
BRW-06581,POT-0091,SHP-09,CDR-38,2024-09-03 08:37:35,15,67,pass,Ambrose Winterbourne
BRW-06582,POT-0071,SHP-08,CDR-25,2025-10-29T09:07:03Z,52,92,pass,Hesper Cinderfell
BRW-06583,POT-0013,SHP-11,CDR-14,2026-03-24 06:53:28,42,67,Pass,Wendeline Ashgrove
BRW-06584,POT-0066,SHP-02,CDR-09,2024-12-23 08:51:07,43,101,Pass,Hesper Foxglove
BRW-06585,POT-0027,SHP-11,CDR-31,2025-03-12T11:20:33Z,41,125,pass,Cassia Winterbourne
BRW-06586,POT-0019,SHP-01,CDR-37,2024-08-11T10:55:32Z,24,74,Pass,Dorian Mistlethorn
BRW-06587,POT-0006,SHP-08,CDR-17,2025-11-26T09:12:44Z,11,101,Pass,Oleander Ravenscroft
BRW-06588,POT-0044,SHP-05,CDR-40,2024-08-01 07:33:28,33,31,pass,Belladonna Jackdaw
BRW-06589,POT-0075,SHP-13,CDR-32,2024-10-04 11:48:39,43,148,Pass,Kestrel Foxglove
BRW-06590,POT-0099,SHP-02,CDR-15,2026-03-10 09:29:03,35,153,fail,Thaddeus Frostpetal
BRW-06591,POT-0010,SHP-14,CDR-07,2026-03-15 07:20:48,49,123,pass,Caspian Thistledown
BRW-06592,POT-0066,SHP-03,CDR-06,2025-05-01 08:21:01,27,111,pass,Gideon Moonbrook
BRW-06593,POT-0086,SHP-12,CDR-18,2025-12-22 10:25:31,29,71,pass,Ambrose Winterbourne
BRW-06594,POT-0039,SHP-10,CDR-37,2026-06-26 10:44:02,21,152,pass,Nimbus Glimmerstone
BRW-06595,POT-0114,SHP-13,CDR-19,2025-06-04 07:21:43,46,67,pass,Wendeline Ashgrove
BRW-06596,POT-0111,SHP-05,CDR-24,2026-04-06T06:31:37Z,48,63,Pass,Delphine Zellandine
BRW-06597,POT-0100,SHP-13,CDR-09,2025-03-27T06:31:11Z,53,99,pass,Thaddeus Frostpetal
BRW-06598,POT-0031,SHP-03,CDR-33,2026-01-08T10:37:59Z,51,40,Pass,Thaddeus Frostpetal
BRW-06599,POT-0032,SHP-13,CDR-30,2025-08-21T08:28:07Z,30,99,pass,Caspian Thistledown
BRW-06600,POT-0088,SHP-06,CDR-03,2025-08-22T10:40:22Z,50,110,pass,Zephyrine Zellandine
BRW-06601,POT-0118,SHP-08,CDR-29,2026-06-16T06:33:15Z,21,53,PASS,Grizelda Kilnworth
BRW-06602,POT-0108,SHP-15,CDR-13,2026-02-02T07:33:00Z,29,66,Pass,Ambrose Winterbourne
BRW-06603,POT-0008,SHP-10,CDR-26,2025-08-21T08:26:50Z,36,53,fail,Yarrow Ravenscroft
BRW-06604,POT-0013,SHP-01,CDR-04,2026-01-28T06:26:01Z,47,96,pass,Umbra Thistledown
BRW-06605,POT-0031,SHP-15,CDR-23,2026-01-25 08:52:46,36,61,Pass,Grizelda Kilnworth
BRW-06606,POT-0090,SHP-14,CDR-03,2024-06-30 10:58:26,55,67,pass,Wendeline Ashgrove
BRW-06607,POT-0094,SHP-04,CDR-13,2026-03-05T05:42:35Z,42,93,pass,Grizelda Duskwater
BRW-06608,POT-0110,SHP-02,CDR-36,2025-11-08T07:51:06Z,26,148,pass,Dorian Glimmerstone
BRW-06609,POT-0005,SHP-02,CDR-03,2024-06-26 11:44:27,23,67,PASS,Hesper Cinderfell
BRW-06610,POT-0098,SHP-02,CDR-05,2025-09-13 06:34:18,30,95,Pass,Hesper Cinderfell
BRW-06611,POT-0036,SHP-11,CDR-24,2024-07-10T10:26:27Z,50,78,pass,Zephyrine Zellandine
BRW-06612,POT-0084,SHP-03,CDR-39,2024-06-05 06:49:20,23,120,pass,Nimbus Glimmerstone
BRW-06613,POT-0073,SHP-04,CDR-01,2025-01-14T05:00:55Z,39,29,pass,Morwenna Wandwright
BRW-06614,POT-0021,SHP-15,CDR-11,2025-09-28 09:29:11,59,89,pass,Thaddeus Frostpetal
BRW-06615,POT-0066,SHP-15,CDR-08,2024-12-14T09:25:03Z,20,108,pass,Oleander Ravenscroft
BRW-06616,POT-0091,SHP-11,CDR-20,2025-04-23 11:11:10,38,49,Pass,Lyra Winterbourne
BRW-06617,POT-0078,SHP-10,CDR-01,2025-05-18T09:07:41Z,21,74,pass,Wendeline Ashgrove
BRW-06618,POT-0105,SHP-12,CDR-17,2024-11-13T07:43:56Z,38,158,pass,Delphine Zellandine
BRW-06619,POT-0108,SHP-06,CDR-28,2024-10-13 08:47:54,33,59,pass,Ambrose Winterbourne
BRW-06620,POT-0071,SHP-09,CDR-37,2025-08-07T07:24:09Z,37,97,pass,Hesper Cinderfell
BRW-06621,POT-0102,SHP-05,CDR-24,2024-06-12T08:47:03Z,39,58,pass,Vesper Emberwhisk
BRW-06622,POT-0099,SHP-13,CDR-34,2026-02-25T11:40:17Z,19,145,pass,Zephyrine Zellandine
BRW-06623,POT-0085,SHP-05,CDR-20,2025-10-13 09:46:20,16,100,PASS,Ambrose Winterbourne
BRW-06624,POT-0017,SHP-07,CDR-22,2024-07-19 09:50:19,29,,pass,Gideon Thistledown
BRW-06625,POT-0026,SHP-02,CDR-13,2024-08-02 05:59:01,47,126,pass,Ambrose Winterbourne
BRW-06626,POT-0069,SHP-01,CDR-12,2025-05-13T05:22:30Z,40,131,pass,Hesper Cinderfell
BRW-06627,POT-0083,SHP-14,CDR-30,2024-09-30T06:38:38Z,14,131,fail,Yarrow Ravenscroft
BRW-06628,POT-0008,SHP-05,CDR-04,2025-07-31 11:32:24,21,61,PASS,Grizelda Duskwater
BRW-06629,POT-0073,SHP-11,CDR-02,2025-07-20 07:21:38,34,32,pass,Belladonna Jackdaw
BRW-06630,POT-0073,SHP-01,CDR-11,2025-04-15 06:54:44,21,47,Pass,Grizelda Duskwater
BRW-06631,POT-0097,SHP-07,CDR-24,2026-01-24 05:41:43,26,122,pass,Nimbus Glimmerstone
BRW-06632,POT-0004,SHP-06,CDR-25,2025-06-13 10:42:42,59,91,Pass,Umbra Thistledown
BRW-06633,POT-0093,SHP-01,CDR-04,2025-11-16 10:24:45,53,87,pass,Hesper Foxglove
BRW-06634,POT-0078,SHP-11,CDR-38,2026-05-28T05:11:35Z,36,108,pass,Oleander Ravenscroft
BRW-06635,POT-0053,SHP-13,CDR-27,2025-12-09T06:31:23Z,14,78,PASS,Caspian Thistledown
BRW-06636,POT-0075,SHP-13,CDR-20,2025-04-25 05:42:29,23,140,pass,Lyra Winterbourne
BRW-06637,POT-0067,SHP-13,CDR-08,2026-01-11T06:51:13Z,57,21,pass,Dorian Mistlethorn
BRW-06638,POT-0052,SHP-05,CDR-10,2025-12-28 08:24:41,58,80,fail,Hesper Foxglove
BRW-06639,POT-0073,SHP-08,CDR-02,2026-02-14T11:31:01Z,31,55,pass,Cassia Winterbourne
BRW-06640,POT-0008,SHP-01,CDR-32,2025-08-04 07:32:44,30,58,pass,Zephyrine Zellandine
BRW-06641,POT-0116,SHP-06,CDR-01,2025-08-15 06:53:38,43,90,pass,Hesper Cinderfell
BRW-06642,POT-0046,SHP-05,CDR-21,2026-02-11 09:00:37,22,63,PASS,Delphine Zellandine
BRW-06643,POT-0003,SHP-14,CDR-38,2024-08-25 05:07:30,54,67,pass,Cassia Everbright
BRW-06644,POT-0011,SHP-05,CDR-05,2026-01-12 09:39:13,37,129,Pass,Gideon Moonbrook
BRW-06645,POT-0047,SHP-13,CDR-22,2025-03-15 07:07:48,15,87,pass,Caspian Thistledown
BRW-06646,POT-0038,SHP-01,CDR-07,2026-06-22T07:16:18Z,26,15,Pass,Caspian Thistledown
BRW-06647,POT-0105,SHP-11,CDR-25,2026-02-12 08:03:37,58,,pass,Cassia Winterbourne
BRW-06648,POT-0108,SHP-07,CDR-32,2026-06-24T08:44:29Z,53,90,Pass,Morwenna Wandwright
BRW-06649,POT-0033,SHP-04,CDR-26,2026-04-14T11:13:12Z,56,62,pass,Wendeline Ashgrove
BRW-06650,POT-0024,SHP-01,CDR-03,2025-10-16T08:00:19Z,47,110,pass,Hesper Foxglove
BRW-06651,POT-0101,SHP-13,CDR-35,2025-08-24 10:57:12,48,148,pass,Oleander Ravenscroft
BRW-06652,POT-0059,SHP-07,CDR-37,2026-05-24 10:20:55,56,137,pass,Thaddeus Frostpetal
BRW-06653,POT-0035,SHP-15,CDR-21,2024-10-28T11:48:18Z,52,87,pass,Dorian Mistlethorn
BRW-06654,POT-0036,SHP-15,CDR-11,2025-05-03T10:25:33Z,38,96,pass,Dorian Glimmerstone
BRW-06655,POT-0002,SHP-13,CDR-39,2026-02-13T05:52:57Z,26,92,pass,Dorian Glimmerstone
BRW-06656,POT-0079,SHP-03,CDR-23,2025-10-10T09:20:04Z,33,72,PASS,Caspian Thistledown
BRW-06657,POT-0116,SHP-12,CDR-40,2026-05-26 10:07:00,25,72,PASS,Cassia Everbright
BRW-06658,POT-0040,SHP-05,CDR-20,2026-06-15T08:08:11Z,14,47,pass,Yarrow Ravenscroft
BRW-06659,POT-0045,SHP-01,CDR-25,2026-04-21T09:17:44Z,24,56,pass,Gideon Moonbrook
BRW-06660,POT-0097,SHP-09,CDR-18,2026-01-13 08:06:38,23,140,PASS,Hesper Foxglove
BRW-06661,POT-0054,SHP-12,CDR-29,2025-12-29T06:34:59Z,28,20,PASS,Oleander Ravenscroft
BRW-06662,POT-0018,SHP-15,CDR-38,2026-01-07 05:07:33,39,56,pass,Hesper Foxglove
BRW-06663,POT-0056,SHP-12,CDR-25,2026-04-28 08:08:53,42,91,pass,Kestrel Foxglove
BRW-06664,POT-0030,SHP-13,CDR-33,2025-12-01T06:07:16Z,59,92,fail,Cassia Winterbourne
BRW-06665,POT-0095,SHP-10,CDR-27,2025-06-11 09:01:46,55,129,pass,Gideon Moonbrook
BRW-06666,POT-0108,SHP-05,CDR-11,2024-07-31T06:04:57Z,15,64,pass,Caspian Thistledown
BRW-06667,POT-0019,SHP-01,CDR-10,2026-03-12 08:13:54,56,112,pass,Yarrow Ravenscroft
BRW-06668,POT-0022,SHP-15,CDR-08,2024-12-03T11:48:52Z,60,108,PASS,Yarrow Ravenscroft
BRW-06669,POT-0120,SHP-10,CDR-11,2024-09-14T06:14:57Z,12,94,pass,Yarrow Ravenscroft
BRW-06670,POT-0094,SHP-08,CDR-06,2024-11-10 05:27:38,44,106,pass,Hesper Cinderfell
BRW-06671,POT-0082,SHP-07,CDR-33,2025-08-20 08:30:13,27,35,pass,Dorian Glimmerstone
BRW-06672,POT-0029,SHP-15,CDR-40,2024-07-20 07:16:49,36,67,pass,Zephyrine Zellandine
BRW-06673,POT-0016,SHP-03,CDR-36,2026-03-08T07:54:02Z,40,100,pass,Cassia Winterbourne
BRW-06674,POT-0052,SHP-01,CDR-08,2025-03-19 11:01:32,27,92,pass,Morwenna Wandwright
BRW-06675,POT-0061,SHP-02,CDR-09,2025-03-17 09:58:40,55,83,pass,Belladonna Jackdaw
BRW-06676,POT-0105,SHP-14,CDR-13,2025-10-10 09:16:44,18,142,pass,Kestrel Foxglove
BRW-06677,POT-0095,SHP-04,CDR-08,2025-10-07 11:11:29,13,135,Pass,Thaddeus Frostpetal
BRW-06678,POT-0068,SHP-04,CDR-28,2024-11-18T08:55:29Z,52,90,pass,Umbra Thistledown
BRW-06679,POT-0043,SHP-15,CDR-34,2025-12-14 06:21:11,38,62,pass,Dorian Mistlethorn
BRW-06680,POT-0022,SHP-10,CDR-11,2026-03-11T11:00:04Z,17,133,Pass,Ambrose Winterbourne
BRW-06681,POT-0037,SHP-06,CDR-25,2025-10-02T09:49:45Z,12,137,pass,Yarrow Ravenscroft
BRW-06682,POT-0074,SHP-13,CDR-38,2026-06-04 06:42:31,11,116,pass,Nimbus Glimmerstone
BRW-06683,POT-0075,SHP-04,CDR-02,2025-12-06T09:14:53Z,45,114,pass,Hesper Foxglove
BRW-06684,POT-0098,SHP-12,CDR-14,2026-03-26 07:02:56,55,92,pass,Belladonna Jackdaw
BRW-06685,POT-0020,SHP-10,CDR-14,2024-09-14T05:01:32Z,49,101,pass,Grizelda Kilnworth
BRW-06686,POT-0038,SHP-03,CDR-09,2026-06-19 11:24:43,32,33,pass,Oleander Ravenscroft
BRW-06687,POT-0022,SHP-08,CDR-27,2025-04-22T07:15:24Z,33,98,pass,Dorian Glimmerstone
BRW-06688,POT-0063,SHP-15,CDR-40,2025-10-02 11:09:58,28,71,pass,Dorian Mistlethorn
BRW-06689,POT-0037,SHP-15,CDR-09,2026-02-24T07:03:25Z,41,84,PASS,Thaddeus Frostpetal
BRW-06690,POT-0094,SHP-13,CDR-10,2025-12-23T08:32:38Z,10,111,pass,Yarrow Ravenscroft
BRW-06691,POT-0032,SHP-04,CDR-23,2025-10-16T11:18:30Z,13,118,pass,Thaddeus Frostpetal
BRW-06692,POT-0004,SHP-15,CDR-16,2024-06-25 11:18:44,41,101,pass,Caspian Thistledown
BRW-06693,POT-0092,SHP-14,CDR-21,2024-09-01T08:39:32Z,38,65,pass,Ambrose Winterbourne
BRW-06694,POT-0084,SHP-14,CDR-30,2024-06-11T07:54:39Z,42,123,PASS,Cassia Everbright
BRW-06695,POT-0086,SHP-15,CDR-06,2026-05-28 08:32:03,20,103,pass,Delphine Zellandine
BRW-06696,POT-0046,SHP-05,CDR-33,2025-05-06T05:18:29Z,37,73,fail,Morwenna Wandwright
BRW-06697,POT-0095,SHP-01,CDR-11,2025-08-07T05:02:29Z,28,126,Pass,Gideon Moonbrook
BRW-06698,POT-0118,SHP-13,CDR-27,2026-06-25 05:04:32,59,49,Pass,Juniper Hollowbranch
BRW-06699,POT-0094,SHP-15,CDR-05,2026-02-01 10:07:04,19,107,pass,Grizelda Kilnworth
BRW-06700,POT-0113,SHP-12,CDR-27,2026-06-29T05:12:11Z,10,153,Pass,Thaddeus Frostpetal
BRW-06701,POT-0040,SHP-06,CDR-09,2025-03-03T05:51:04Z,57,45,pass,Delphine Zellandine
BRW-06702,POT-0092,SHP-04,CDR-25,2025-12-26T08:55:47Z,55,70,pass,Ambrose Fernwhistle
BRW-06703,POT-0066,SHP-02,CDR-02,2026-02-17 07:21:41,55,100,pass,Hesper Foxglove
BRW-06704,POT-0056,SHP-12,CDR-02,2026-05-30T05:53:31Z,14,96,pass,Ambrose Winterbourne
BRW-06705,POT-0042,SHP-03,CDR-03,2024-09-25T05:40:05Z,12,103,fail,Oleander Ravenscroft
BRW-06706,POT-0057,SHP-03,CDR-12,2026-02-13 07:23:14,29,67,Pass,Hesper Cinderfell
BRW-06707,POT-0094,SHP-07,CDR-33,2025-10-13T09:33:29Z,48,118,Fail,Wendeline Ashgrove
BRW-06708,POT-0038,SHP-01,CDR-29,2024-06-07 07:19:40,36,24,pass,Dorian Glimmerstone
BRW-06709,POT-0080,SHP-06,CDR-07,2025-02-26T11:45:08Z,54,138,pass,Delphine Mossheart
BRW-06710,POT-0074,SHP-15,CDR-19,2026-04-05T09:21:51Z,11,103,Pass,Ambrose Winterbourne
BRW-06711,POT-0118,SHP-12,CDR-18,2026-05-10 09:35:06,37,67,pass,Nimbus Glimmerstone
BRW-06712,POT-0004,SHP-02,CDR-08,2026-02-14T10:05:18Z,24,91,pass,Wendeline Ashgrove
BRW-06713,POT-0092,SHP-09,CDR-33,2025-04-22 07:45:14,14,58,pass,Nimbus Glimmerstone
BRW-06714,POT-0006,SHP-05,CDR-18,2026-05-16T10:37:19Z,32,136,pass,Lyra Winterbourne
BRW-06715,POT-0004,SHP-13,CDR-13,2025-01-25T11:19:00Z,28,119,Pass,Caspian Thistledown
BRW-06716,POT-0082,SHP-01,CDR-31,2025-03-30T10:49:28Z,44,74,pass,Nimbus Glimmerstone
BRW-06717,POT-0059,SHP-04,CDR-38,2026-05-12 07:37:40,54,84,pass,Belladonna Jackdaw
BRW-06718,POT-0031,SHP-15,CDR-16,2025-09-25T11:08:17Z,44,50,pass,Hesper Foxglove
BRW-06719,POT-0093,SHP-12,CDR-01,2024-10-23T08:32:33Z,50,106,pass,Gideon Thistledown
BRW-06720,POT-0044,SHP-05,CDR-12,2026-01-13T05:04:36Z,46,77,Pass,Cassia Winterbourne
BRW-06721,POT-0018,SHP-11,CDR-37,2024-11-03T09:47:29Z,58,47,Pass,Vesper Emberwhisk
BRW-06722,POT-0010,SHP-13,CDR-39,2026-02-02 07:12:05,54,154,pass,Vesper Emberwhisk
BRW-06723,POT-0043,SHP-11,CDR-05,2025-08-22T09:36:01Z,38,55,Pass,Vesper Emberwhisk
BRW-06724,POT-0044,SHP-06,CDR-31,2024-10-17T08:56:36Z,45,46,pass,Gideon Thistledown
BRW-06725,POT-0028,SHP-06,CDR-29,2026-06-29T10:59:49Z,30,68,PASS,Grizelda Kilnworth
BRW-06726,POT-0019,SHP-14,CDR-13,2025-04-28T06:50:53Z,45,102,pass,Nimbus Glimmerstone
BRW-06727,POT-0022,SHP-01,CDR-12,2025-08-02 08:26:19,29,111,Pass,Caspian Thistledown
BRW-06728,POT-0066,SHP-11,CDR-40,2025-03-10T06:21:43Z,17,106,PASS,Grizelda Duskwater
BRW-06729,POT-0027,SHP-02,CDR-08,2025-11-21 08:17:37,28,100,pass,Juniper Hollowbranch
BRW-06730,POT-0089,SHP-14,CDR-21,2024-10-21T11:12:33Z,13,91,pass,Hesper Cinderfell
BRW-06731,POT-0031,SHP-12,CDR-22,2026-04-14 06:44:54,19,19,pass,Zephyrine Zellandine
BRW-06732,POT-0001,SHP-10,CDR-26,2026-03-07T07:11:30Z,47,90,Pass,Hesper Cinderfell
BRW-06733,POT-0001,SHP-10,CDR-39,2026-01-23 05:39:38,42,105,pass,Wendeline Ashgrove
BRW-06734,POT-0024,SHP-14,CDR-32,2026-02-19T08:42:16Z,18,142,PASS,Oleander Ravenscroft
BRW-06735,POT-0030,SHP-09,CDR-19,2026-01-25T11:35:36Z,33,47,Pass,Zephyrine Zellandine
BRW-06736,POT-0053,SHP-11,CDR-33,2025-01-19 09:56:06,53,80,pass,Morwenna Wandwright
BRW-06737,POT-0025,SHP-12,CDR-03,2024-09-13 07:48:57,33,70,pass,Hesper Cinderfell
BRW-06738,POT-0116,SHP-08,CDR-39,2026-02-03T07:36:16Z,52,96,PASS,Hesper Cinderfell
BRW-06739,POT-0037,SHP-01,CDR-36,2025-11-23T07:43:23Z,43,98,pass,Vesper Emberwhisk
BRW-06740,POT-0008,SHP-11,CDR-16,2025-06-30T06:34:08Z,14,64,pass,Gideon Moonbrook
BRW-06741,POT-0045,SHP-04,CDR-17,2026-01-05T09:11:18Z,49,50,pass,Lyra Winterbourne
BRW-06742,POT-0106,SHP-02,CDR-35,2026-03-14T07:20:23Z,37,94,Pass,Umbra Thistledown
BRW-06743,POT-0036,SHP-06,CDR-08,2025-12-29T09:10:09Z,52,99,PASS,Gideon Thistledown
BRW-06744,POT-0109,SHP-12,CDR-08,2025-07-25 05:08:14,51,132,pass,Ambrose Fernwhistle
BRW-06745,POT-0050,SHP-02,CDR-26,2025-05-04T07:17:48Z,39,142,pass,Umbra Thistledown
BRW-06746,POT-0035,SHP-15,CDR-36,2026-04-12 05:32:19,22,66,pass,Caspian Thistledown
BRW-06747,POT-0012,SHP-15,CDR-27,2025-12-29 08:58:07,41,66,Pass,Gideon Thistledown
BRW-06748,POT-0005,SHP-15,CDR-10,2025-01-06 08:42:46,47,50,pass,Caspian Thistledown
BRW-06749,POT-0036,SHP-06,CDR-29,2026-02-16 08:53:49,59,77,pass,Dorian Mistlethorn
BRW-06750,POT-0019,SHP-08,CDR-12,2026-01-29T11:00:36Z,39,104,pass,Belladonna Jackdaw
BRW-06751,POT-0054,SHP-06,CDR-37,2026-03-29T08:12:21Z,36,59,pass,Zephyrine Zellandine
BRW-06752,POT-0086,SHP-09,CDR-38,2025-12-22 06:42:46,14,100,Pass,Morwenna Wandwright
BRW-06753,POT-0078,SHP-03,CDR-27,2025-09-24 10:51:25,21,112,pass,Lyra Winterbourne
BRW-06754,POT-0032,SHP-08,CDR-18,2025-07-08 08:15:35,13,90,pass,Juniper Hollowbranch
BRW-06755,POT-0052,SHP-03,CDR-16,2024-05-27 05:22:58,60,105,pass,Vesper Emberwhisk
BRW-06756,POT-0058,SHP-14,CDR-11,2024-12-19T07:47:17Z,16,99,PASS,Oleander Ravenscroft
BRW-06757,POT-0078,SHP-12,CDR-37,2026-04-02 06:03:26,33,126,pass,Dorian Mistlethorn
BRW-06758,POT-0111,SHP-05,CDR-24,2026-04-27T06:31:16Z,11,54,Pass,Caspian Thistledown
BRW-06759,POT-0106,SHP-11,CDR-08,2025-10-31T07:37:59Z,57,76,pass,Gideon Moonbrook
BRW-06760,POT-0050,SHP-05,CDR-08,2025-11-06T08:04:12Z,40,148,pass,Gideon Moonbrook
BRW-06761,POT-0049,SHP-12,CDR-08,2026-01-21 08:49:26,44,124,FAIL,Hesper Cinderfell
BRW-06762,POT-0032,SHP-13,CDR-31,2026-05-22 08:56:50,44,112,pass,Oswin Wyrmwood
BRW-06763,POT-0114,SHP-15,CDR-15,2025-04-17T08:27:33Z,22,83,pass,Oleander Ravenscroft
BRW-06764,POT-0119,SHP-14,CDR-20,2026-03-25T11:55:48Z,36,68,pass,Wendeline Ashgrove
BRW-06765,POT-0062,SHP-13,CDR-28,2025-11-21 08:12:27,18,162,pass,Vesper Emberwhisk
BRW-06766,POT-0033,SHP-14,CDR-30,2025-08-05T07:59:16Z,12,65,pass,Belladonna Jackdaw
BRW-06767,POT-0020,SHP-13,CDR-37,2025-12-11T05:40:41Z,49,123,Pass,Dorian Mistlethorn
BRW-06768,POT-0072,SHP-07,CDR-24,2026-06-15T11:35:49Z,22,75,Pass,Oleander Ravenscroft
BRW-06769,POT-0101,SHP-11,CDR-10,2025-02-21T06:38:21Z,50,152,pass,Yarrow Ravenscroft
BRW-06770,POT-0063,SHP-03,CDR-03,2024-12-24 11:49:55,30,71,fail,Kestrel Foxglove
BRW-06771,POT-0021,SHP-15,CDR-03,2025-02-17T05:45:59Z,45,104,pass,Oleander Ravenscroft
BRW-06772,POT-0116,SHP-11,CDR-17,2025-11-08T08:53:03Z,43,112,pass,Yarrow Ravenscroft
BRW-06773,POT-0025,SHP-02,CDR-36,2025-02-20T11:04:54Z,36,65,pass,Thaddeus Frostpetal
BRW-06774,POT-0015,SHP-03,CDR-37,2025-12-28 11:42:08,51,60,Pass,Vesper Emberwhisk
BRW-06775,POT-0111,SHP-15,CDR-29,2026-03-09 05:10:45,29,44,PASS,Juniper Hollowbranch
BRW-06776,POT-0095,SHP-05,CDR-09,2026-01-11T11:44:28Z,44,125,PASS,Umbra Thistledown
BRW-06777,POT-0111,SHP-12,CDR-13,2026-03-18T05:52:13Z,32,52,pass,Wendeline Ashgrove
BRW-06778,POT-0004,SHP-14,CDR-37,2025-08-12T06:25:50Z,12,142,pass,Thaddeus Frostpetal
BRW-06779,POT-0031,SHP-14,CDR-23,2026-03-23 07:51:24,35,38,pass,Zephyrine Zellandine
BRW-06780,POT-0008,SHP-02,CDR-01,2025-08-23T05:49:00Z,45,32,pass,Caspian Thistledown
BRW-06781,POT-0003,SHP-04,CDR-40,2025-06-19 09:52:12,40,71,pass,Wendeline Ashgrove
BRW-06782,POT-0029,SHP-13,CDR-13,2025-05-25 06:50:08,24,111,pass,Hesper Foxglove
BRW-06783,POT-0081,SHP-05,CDR-31,2024-07-23 06:35:55,47,91,pass,Kestrel Foxglove
BRW-06784,POT-0098,SHP-12,CDR-35,2026-06-30T07:43:56Z,24,112,Pass,Dorian Mistlethorn
BRW-06785,POT-0090,SHP-05,CDR-31,2025-08-17T05:44:23Z,55,105,pass,Cassia Everbright
BRW-06786,POT-0041,SHP-10,CDR-08,2025-10-26 06:07:39,26,151,pass,Zephyrine Zellandine
BRW-06787,POT-0079,SHP-01,CDR-38,2025-12-14T09:40:56Z,14,76,pass,Cassia Winterbourne
BRW-06788,POT-0030,SHP-15,CDR-07,2025-12-20T08:02:35Z,36,67,Pass,Grizelda Duskwater
BRW-06789,POT-0024,SHP-01,CDR-18,2025-11-25T09:52:06Z,22,130,Pass,Grizelda Kilnworth
BRW-06790,POT-0067,SHP-15,CDR-14,2026-06-28 05:51:26,52,49,Pass,Kestrel Foxglove
BRW-06791,POT-0081,SHP-01,CDR-21,2025-12-10T07:46:40Z,26,120,pass,Juniper Hollowbranch
BRW-06792,POT-0113,SHP-08,CDR-02,2026-06-01 09:59:09,50,151,pass,Nimbus Glimmerstone
BRW-06793,POT-0036,SHP-12,CDR-31,2024-12-04T05:13:46Z,10,91,Fail,Gideon Thistledown
BRW-06794,POT-0047,SHP-10,CDR-06,2024-09-08T06:10:53Z,34,98,pass,Belladonna Jackdaw
BRW-06795,POT-0111,SHP-10,CDR-18,2026-04-20 11:19:41,21,51,PASS,Zephyrine Zellandine
BRW-06796,POT-0024,SHP-10,CDR-05,2025-03-26T09:43:26Z,58,147,pass,Morwenna Wandwright
BRW-06797,POT-0095,SHP-05,CDR-01,2025-08-21T07:44:07Z,47,142,Pass,Zephyrine Zellandine
BRW-06798,POT-0040,SHP-07,CDR-16,2026-06-30 10:57:29,13,48,Pass,Grizelda Duskwater
BRW-06799,POT-0117,SHP-15,CDR-34,2025-06-23 05:58:33,43,51,pass,Ambrose Fernwhistle
BRW-06800,POT-0088,SHP-15,CDR-20,2026-06-27 11:53:57,20,145,PASS,Cassia Everbright
BRW-06801,POT-0068,SHP-06,CDR-02,2025-03-09 06:16:59,58,53,Pass,Hesper Foxglove
BRW-06802,POT-0056,SHP-08,CDR-31,2026-06-04T06:29:01Z,57,84,Pass,Juniper Hollowbranch
BRW-06803,POT-0042,SHP-09,CDR-19,2025-07-14T06:34:43Z,51,128,PASS,Dorian Glimmerstone
BRW-06804,POT-0084,SHP-14,CDR-14,2024-10-08 09:04:00,29,94,Pass,Hesper Foxglove
BRW-06805,POT-0084,SHP-02,CDR-35,2024-09-25T09:43:56Z,31,112,pass,Juniper Hollowbranch
BRW-06806,POT-0118,SHP-15,CDR-12,2026-05-17T05:55:35Z,55,57,pass,Maribel Netherfield
BRW-06807,POT-0029,SHP-15,CDR-34,2024-06-20 07:48:49,48,69,Pass,Belladonna Jackdaw
BRW-06808,POT-0077,SHP-14,CDR-08,2026-01-05T11:41:27Z,39,89,fail,Lyra Winterbourne
BRW-06809,POT-0105,SHP-03,CDR-40,2024-08-11T06:51:53Z,55,128,pass,Oleander Ravenscroft
BRW-06810,POT-0118,SHP-15,CDR-35,2026-03-11T06:29:29Z,16,60,Fail,Grizelda Duskwater
BRW-06811,POT-0107,SHP-02,CDR-26,2026-04-08T05:11:49Z,27,40,pass,Hesper Cinderfell
BRW-06812,POT-0074,SHP-11,CDR-23,2026-05-24T08:17:21Z,56,82,pass,Belladonna Jackdaw
BRW-06813,POT-0103,SHP-06,CDR-06,2024-08-23T10:46:44Z,52,121,Pass,Vesper Emberwhisk
BRW-06814,POT-0049,SHP-03,CDR-37,2024-09-21T08:18:24Z,19,113,pass,Gideon Moonbrook
BRW-06815,POT-0036,SHP-04,CDR-38,2024-11-23T05:45:46Z,26,114,PASS,Kestrel Foxglove
BRW-06816,POT-0109,SHP-06,CDR-31,2025-06-29 11:25:48,59,128,pass,Grizelda Kilnworth
BRW-06817,POT-0113,SHP-05,CDR-15,2025-08-26T10:27:42Z,58,159,pass,Thaddeus Frostpetal
BRW-06818,POT-0054,SHP-09,CDR-05,2026-04-06T08:51:45Z,51,39,pass,Delphine Mossheart
BRW-06819,POT-0021,SHP-01,CDR-17,2025-10-21T07:51:20Z,11,95,Pass,Kestrel Foxglove
BRW-06820,POT-0102,SHP-02,CDR-09,2026-04-05T08:31:52Z,17,52,pass,Thaddeus Frostpetal
BRW-06821,POT-0086,SHP-15,CDR-06,2025-12-13T07:08:18Z,50,98,pass,Umbra Thistledown
BRW-06822,POT-0093,SHP-07,CDR-26,2024-06-06T06:59:54Z,42,105,pass,Ambrose Winterbourne
BRW-06823,POT-0009,SHP-13,CDR-20,2024-07-18 11:35:43,54,78,pass,Hesper Foxglove
BRW-06824,POT-0069,SHP-01,CDR-02,2024-06-24T08:48:47Z,18,133,Pass,Kestrel Foxglove
BRW-06825,POT-0017,SHP-05,CDR-12,2025-12-22T11:35:10Z,21,151,PASS,Cassia Winterbourne
BRW-06826,POT-0058,SHP-07,CDR-01,2026-01-14 10:29:26,47,125,pass,Caspian Thistledown
BRW-06827,POT-0007,SHP-13,CDR-12,2025-09-04T10:11:20Z,10,162,pass,Ambrose Fernwhistle
BRW-06828,POT-0029,SHP-14,CDR-14,2026-01-04T05:03:33Z,49,62,Pass,Grizelda Kilnworth
BRW-06829,POT-0087,SHP-12,CDR-05,2026-03-13T11:45:09Z,47,65,pass,Grizelda Kilnworth
BRW-06830,POT-0073,SHP-11,CDR-27,2026-01-11 11:24:44,43,63,Pass,Cassia Everbright
BRW-06831,POT-0082,SHP-07,CDR-08,2026-03-20T07:23:25Z,44,54,pass,Lyra Winterbourne
BRW-06832,POT-0103,SHP-05,CDR-31,2025-03-16T08:35:59Z,56,117,pass,Ambrose Winterbourne
BRW-06833,POT-0111,SHP-02,CDR-21,2026-05-21T10:26:58Z,40,61,pass,Ambrose Fernwhistle
BRW-06834,POT-0110,SHP-06,CDR-34,2025-03-30T11:48:22Z,42,112,Pass,Delphine Zellandine
BRW-06835,POT-0082,SHP-03,CDR-31,2024-10-20T11:33:54Z,32,62,pass,Yarrow Ravenscroft
BRW-06836,POT-0095,SHP-11,CDR-11,2026-03-05T11:57:06Z,58,129,pass,Hesper Cinderfell
BRW-06837,POT-0040,SHP-09,CDR-30,2026-05-30T09:26:13Z,30,38,pass,Cassia Everbright
BRW-06838,POT-0003,SHP-11,CDR-14,2025-01-09T05:55:09Z,34,48,pass,Delphine Zellandine
BRW-06839,POT-0041,SHP-01,CDR-13,2025-08-29T08:16:25Z,38,121,pass,Wendeline Ashgrove
BRW-06840,POT-0074,SHP-13,CDR-39,2026-06-14T11:44:53Z,24,104,pass,Hesper Cinderfell
BRW-06841,POT-0105,SHP-14,CDR-38,2025-10-28 08:21:37,41,141,pass,Hesper Cinderfell
BRW-06842,POT-0024,SHP-11,CDR-22,2026-06-14T08:43:12Z,32,123,pass,Dorian Mistlethorn
BRW-06843,POT-0120,SHP-11,CDR-34,2024-07-16 05:44:48,30,96,PASS,Yarrow Ravenscroft
BRW-06844,POT-0026,SHP-12,CDR-14,2025-01-25 05:46:38,45,136,PASS,Kestrel Foxglove
BRW-06845,POT-0086,SHP-02,CDR-26,2025-12-29T08:40:59Z,36,85,pass,Vesper Emberwhisk
BRW-06846,POT-0107,SHP-05,CDR-38,2026-04-23T05:47:23Z,55,43,pass,Zephyrine Zellandine
BRW-06847,POT-0022,SHP-10,CDR-26,2025-02-10 06:47:22,46,120,pass,Oleander Ravenscroft
BRW-06848,POT-0063,SHP-09,CDR-35,2025-04-16T11:33:15Z,29,91,pass,Oswin Wyrmwood
BRW-06849,POT-0120,SHP-10,CDR-22,2024-08-18 09:41:38,11,115,pass,Umbra Thistledown
BRW-06850,POT-0022,SHP-08,CDR-32,2025-02-24T07:44:50Z,27,121,Pass,Oleander Ravenscroft
BRW-06851,POT-0111,SHP-09,CDR-23,2026-03-14T08:47:38Z,47,69,pass,Hesper Foxglove
BRW-06852,POT-0029,SHP-07,CDR-15,2025-08-15 05:45:55,35,78,pass,Lyra Winterbourne
BRW-06853,POT-0047,SHP-13,CDR-15,2025-12-03T08:10:51Z,46,126,pass,Yarrow Ravenscroft
BRW-06854,POT-0055,SHP-09,CDR-17,2026-04-26T10:04:13Z,37,116,Pass,Juniper Hollowbranch
BRW-06855,POT-0005,SHP-12,CDR-35,2025-02-19T06:03:17Z,37,19,fail,Oleander Ravenscroft
BRW-06856,POT-0096,SHP-14,CDR-07,2025-09-14T08:28:35Z,55,123,pass,Lyra Winterbourne
BRW-06857,POT-0044,SHP-02,CDR-37,2024-05-09T08:28:05Z,50,40,pass,Yarrow Ravenscroft
BRW-06858,POT-0030,SHP-06,CDR-07,2025-09-07 08:09:11,55,70,pass,Vesper Emberwhisk
BRW-06859,POT-0093,SHP-07,CDR-33,2026-04-23T09:02:46Z,54,121,pass,Delphine Mossheart
BRW-06860,POT-0099,SHP-11,CDR-35,2026-06-24 11:52:11,18,145,Pass,Belladonna Jackdaw
BRW-06861,POT-0114,SHP-10,CDR-27,2025-06-08T08:21:47Z,50,91,Pass,Gideon Thistledown
BRW-06862,POT-0041,SHP-09,CDR-39,2025-09-18T05:22:01Z,56,138,Pass,Grizelda Kilnworth
BRW-06863,POT-0002,SHP-12,CDR-08,2024-05-31T05:55:48Z,43,79,pass,Morwenna Wandwright
BRW-06864,POT-0059,SHP-02,CDR-15,2026-03-15 08:45:41,45,110,fail,Hesper Cinderfell
BRW-06865,POT-0058,SHP-15,CDR-07,2024-08-24T11:04:53Z,17,130,pass,Gideon Thistledown
BRW-06866,POT-0111,SHP-06,CDR-24,2026-01-23T08:22:29Z,57,54,pass,Lyra Winterbourne
BRW-06867,POT-0022,SHP-09,CDR-13,2025-02-07T07:29:00Z,29,129,pass,Dorian Glimmerstone
BRW-06868,POT-0029,SHP-05,CDR-40,2024-06-26 10:08:28,10,58,pass,Vesper Emberwhisk
BRW-06869,POT-0096,SHP-09,CDR-02,2025-07-29 09:22:57,10,113,pass,Ambrose Fernwhistle
BRW-06870,POT-0031,SHP-11,CDR-35,2026-02-02 10:57:56,48,42,pass,Juniper Hollowbranch
BRW-06871,POT-0025,SHP-07,CDR-18,2025-01-15T10:11:34Z,58,74,pass,Maribel Netherfield
BRW-06872,POT-0036,SHP-08,CDR-25,2025-02-19 11:02:37,28,75,pass,Cassia Winterbourne
BRW-06873,POT-0040,SHP-10,CDR-13,2024-12-03T07:31:42Z,12,38,pass,Gideon Moonbrook
BRW-06874,POT-0085,SHP-14,CDR-27,2024-10-23T07:15:54Z,18,100,Pass,Gideon Moonbrook
BRW-06875,POT-0044,SHP-07,CDR-34,2026-01-16 05:12:29,12,38,pass,Cassia Winterbourne
BRW-06876,POT-0064,SHP-12,CDR-29,2025-03-28 05:10:48,34,120,PASS,Caspian Thistledown
BRW-06877,POT-0074,SHP-02,CDR-22,2026-05-15 06:00:57,34,86,pass,Hesper Cinderfell
BRW-06878,POT-0088,SHP-14,CDR-20,2026-02-03T10:18:45Z,14,109,Pass,Belladonna Jackdaw
BRW-06879,POT-0100,SHP-01,CDR-31,2026-02-27T06:40:01Z,36,92,pass,Nimbus Glimmerstone
BRW-06880,POT-0073,SHP-05,CDR-26,2025-04-26 05:10:45,17,65,Pass,Dorian Mistlethorn
BRW-06881,POT-0100,SHP-08,CDR-18,2025-08-08T08:01:39Z,45,81,PASS,Yarrow Ravenscroft
BRW-06882,POT-0029,SHP-14,CDR-38,2025-02-25T06:07:32Z,34,65,pass,Oleander Ravenscroft
BRW-06883,POT-0054,SHP-04,CDR-15,2026-05-14T11:31:50Z,44,53,pass,Grizelda Duskwater
BRW-06884,POT-0022,SHP-03,CDR-03,2026-03-06 05:24:53,35,124,PASS,Lyra Winterbourne
BRW-06885,POT-0116,SHP-10,CDR-31,2026-02-23 11:31:37,45,106,pass,Umbra Thistledown
BRW-06886,POT-0058,SHP-03,CDR-28,2025-06-02T11:56:49Z,11,111,pass,Kestrel Foxglove
BRW-06887,POT-0007,SHP-05,CDR-24,2025-11-10T09:21:36Z,27,145,pass,Gideon Thistledown
BRW-06888,POT-0094,SHP-10,CDR-29,2024-07-18T10:25:40Z,42,116,pass,Vesper Emberwhisk
BRW-06889,POT-0051,SHP-03,CDR-02,2025-05-30T07:26:58Z,10,24,fail,Morwenna Wandwright
BRW-06890,POT-0035,SHP-11,CDR-26,2024-09-23 11:45:54,55,88,pass,Dorian Mistlethorn
BRW-06891,POT-0058,SHP-11,CDR-30,2025-09-20 11:24:43,37,114,pass,Gideon Moonbrook
BRW-06892,POT-0001,SHP-11,CDR-16,2025-12-27 11:35:57,19,143,pass,Nimbus Glimmerstone
BRW-06893,POT-0088,SHP-02,CDR-04,2025-10-12T08:13:39Z,50,112,pass,Grizelda Kilnworth
BRW-06894,POT-0042,SHP-07,CDR-22,2024-08-26T08:52:01Z,18,83,pass,Delphine Mossheart
BRW-06895,POT-0014,SHP-04,CDR-12,2025-11-21 11:19:19,22,15,pass,Vesper Emberwhisk
BRW-06896,POT-0085,SHP-14,CDR-13,2024-12-08 07:40:06,60,129,pass,Maribel Netherfield
BRW-06897,POT-0114,SHP-04,CDR-29,2024-07-10T05:22:30Z,48,84,pass,Belladonna Jackdaw
BRW-06898,POT-0064,SHP-06,CDR-32,2025-12-29 11:36:00,44,114,pass,Cassia Everbright
BRW-06899,POT-0111,SHP-07,CDR-19,2026-02-03T08:15:41Z,58,51,pass,Dorian Glimmerstone
BRW-06900,POT-0031,SHP-03,CDR-12,2026-03-29T09:11:48Z,55,55,pass,Vesper Emberwhisk
BRW-06901,POT-0013,SHP-05,CDR-31,2026-06-26T07:18:13Z,53,40,pass,Oleander Ravenscroft
BRW-06902,POT-0081,SHP-09,CDR-05,2025-07-03T10:01:46Z,26,77,pass,Morwenna Wandwright
BRW-06903,POT-0044,SHP-02,CDR-25,2025-02-13T06:05:56Z,48,63,Pass,Yarrow Ravenscroft
BRW-06904,POT-0049,SHP-06,CDR-19,2025-08-10 10:41:59,39,126,pass,Ambrose Winterbourne
BRW-06905,POT-0092,SHP-05,CDR-04,2024-09-08 11:36:37,42,83,PASS,Thaddeus Frostpetal
BRW-06906,POT-0091,SHP-14,CDR-07,2024-07-11T11:53:08Z,19,40,pass,Nimbus Glimmerstone
BRW-06907,POT-0029,SHP-06,CDR-40,2025-09-16 11:33:02,37,,pass,Zephyrine Zellandine
BRW-06908,POT-0102,SHP-03,CDR-20,2025-12-11 08:29:52,53,74,pass,Hesper Foxglove
BRW-06909,POT-0102,SHP-10,CDR-19,2026-04-10 09:42:01,39,65,pass,Cassia Winterbourne
BRW-06910,POT-0090,SHP-15,CDR-19,2025-01-06 11:49:45,51,82,Pass,Dorian Mistlethorn
BRW-06911,POT-0085,SHP-03,CDR-22,2025-10-31T07:31:26Z,55,105,PASS,Dorian Glimmerstone
BRW-06912,POT-0007,SHP-06,CDR-29,2026-04-18 11:31:50,22,102,Pass,Hesper Cinderfell
BRW-06913,POT-0032,SHP-08,CDR-24,2025-08-19T08:55:37Z,18,117,Pass,Zephyrine Zellandine
BRW-06914,POT-0098,SHP-08,CDR-31,2026-06-30 08:47:47,42,132,pass,Gideon Thistledown
BRW-06915,POT-0036,SHP-11,CDR-40,2026-06-08T10:05:06Z,18,87,pass,Ambrose Winterbourne
BRW-06916,POT-0084,SHP-11,CDR-11,2024-05-14T05:03:13Z,45,127,pass,Nimbus Glimmerstone
BRW-06917,POT-0037,SHP-05,CDR-29,2026-05-27T08:05:07Z,15,92,pass,Dorian Glimmerstone
BRW-06918,POT-0056,SHP-14,CDR-40,2026-03-04T06:16:44Z,26,100,pass,Maribel Netherfield
BRW-06919,POT-0092,SHP-09,CDR-40,2025-01-12 05:43:57,25,75,pass,Juniper Hollowbranch
BRW-06920,POT-0034,SHP-05,CDR-17,2025-08-15T05:47:51Z,49,151,Pass,Umbra Thistledown
BRW-06921,POT-0097,SHP-09,CDR-34,2026-05-27 10:13:53,27,113,pass,Hesper Cinderfell
BRW-06922,POT-0094,SHP-09,CDR-04,2026-05-24T08:41:26Z,45,88,Pass,Gideon Thistledown
BRW-06923,POT-0020,SHP-01,CDR-26,2024-08-20T07:03:41Z,11,109,fail,Grizelda Kilnworth
BRW-06924,POT-0115,SHP-12,CDR-13,2025-05-04 10:32:52,40,136,pass,Ambrose Fernwhistle
BRW-06925,POT-0101,SHP-06,CDR-15,2024-05-24T10:03:24Z,26,165,PASS,Delphine Zellandine
BRW-06926,POT-0006,SHP-08,CDR-31,2025-11-03 11:31:44,49,134,pass,Zephyrine Zellandine
BRW-06927,POT-0028,SHP-08,CDR-26,2026-02-21T05:19:31Z,52,56,Pass,Juniper Hollowbranch
BRW-06928,POT-0065,SHP-11,CDR-28,2024-11-06 07:56:55,15,34,FAIL,Umbra Thistledown
BRW-06929,POT-0083,SHP-11,CDR-30,2024-07-16 05:12:20,32,151,Pass,Cassia Winterbourne
BRW-06930,POT-0107,SHP-14,CDR-21,2025-12-01T10:52:31Z,52,44,pass,Dorian Mistlethorn
BRW-06931,POT-0009,SHP-10,CDR-22,2024-06-10 10:01:10,59,74,fail,Yarrow Ravenscroft
BRW-06932,POT-0098,SHP-14,CDR-12,2026-01-28T05:57:01Z,50,106,fail,Cassia Everbright
BRW-06933,POT-0038,SHP-12,CDR-07,2025-08-08 10:46:48,17,15,pass,Vesper Emberwhisk
BRW-06934,POT-0024,SHP-11,CDR-18,2024-08-10T05:27:24Z,22,140,Pass,Oleander Ravenscroft
BRW-06935,POT-0094,SHP-06,CDR-18,2025-08-02T09:18:31Z,49,106,pass,Zephyrine Zellandine
BRW-06936,POT-0105,SHP-09,CDR-09,2024-11-07 06:02:23,29,136,pass,Delphine Mossheart
BRW-06937,POT-0030,SHP-05,CDR-32,2025-08-17T09:27:06Z,11,69,pass,Dorian Glimmerstone
BRW-06938,POT-0113,SHP-06,CDR-18,2025-11-04 10:54:22,60,149,pass,Maribel Netherfield
BRW-06939,POT-0091,SHP-15,CDR-28,2025-08-29T06:39:15Z,31,48,pass,Lyra Winterbourne
BRW-06940,POT-0114,SHP-08,CDR-07,2025-12-16T08:31:19Z,17,97,pass,Cassia Winterbourne
BRW-06941,POT-0095,SHP-02,CDR-25,2025-06-13 05:36:44,50,148,pass,Lyra Winterbourne
BRW-06942,POT-0031,SHP-09,CDR-07,2026-05-15T08:28:32Z,16,25,pass,Thaddeus Frostpetal
BRW-06943,POT-0086,SHP-08,CDR-39,2026-05-24 07:54:55,26,77,pass,Umbra Thistledown
BRW-06944,POT-0094,SHP-07,CDR-02,2025-06-21 05:05:03,41,107,PASS,Yarrow Ravenscroft
BRW-06945,POT-0030,SHP-10,CDR-17,2026-03-07 06:59:17,55,65,fail,Delphine Zellandine
BRW-06946,POT-0022,SHP-09,CDR-08,2024-05-25 05:58:49,58,93,pass,Zephyrine Zellandine
BRW-06947,POT-0016,SHP-09,CDR-23,2026-04-26 07:51:24,50,113,pass,Juniper Hollowbranch
BRW-06948,POT-0062,SHP-01,CDR-03,2025-09-03T09:53:29Z,10,136,pass,Grizelda Kilnworth
BRW-06949,POT-0059,SHP-10,CDR-32,2026-06-02 07:36:14,28,96,pass,Cassia Winterbourne
BRW-06950,POT-0105,SHP-08,CDR-20,2025-03-16T08:13:52Z,17,125,fail,Oswin Wyrmwood
BRW-06951,POT-0090,SHP-03,CDR-19,2024-11-05 10:49:37,17,99,Pass,Gideon Moonbrook
BRW-06952,POT-0045,SHP-02,CDR-38,2025-06-23T06:57:24Z,40,60,pass,Oswin Wyrmwood
BRW-06953,POT-0094,SHP-01,CDR-25,2025-10-20T11:14:46Z,11,120,pass,Morwenna Wandwright
BRW-06954,POT-0092,SHP-08,CDR-02,2026-04-23T05:08:05Z,25,90,pass,Hesper Cinderfell
BRW-06955,POT-0034,SHP-11,CDR-31,2024-10-12 06:43:24,15,127,pass,Oswin Wyrmwood
BRW-06956,POT-0031,SHP-10,CDR-12,2026-01-31 06:57:46,17,41,Pass,Delphine Zellandine
BRW-06957,POT-0056,SHP-04,CDR-06,2026-05-21 09:25:05,53,70,Pass,Zephyrine Zellandine
BRW-06958,POT-0006,SHP-10,CDR-25,2026-04-09 05:29:32,38,127,pass,Wendeline Ashgrove
BRW-06959,POT-0073,SHP-11,CDR-29,2025-10-23T09:35:42Z,50,44,Pass,Zephyrine Zellandine
BRW-06960,POT-0033,SHP-06,CDR-28,2026-02-18T05:48:59Z,47,80,pass,Delphine Zellandine
BRW-06961,POT-0069,SHP-08,CDR-11,2025-04-26T09:39:57Z,10,117,Fail,Thaddeus Frostpetal
BRW-06962,POT-0117,SHP-02,CDR-09,2024-06-26T11:33:02Z,53,71,Pass,Grizelda Kilnworth
BRW-06963,POT-0092,SHP-03,CDR-34,2024-12-28 09:19:12,51,88,Pass,Umbra Thistledown
BRW-06964,POT-0055,SHP-04,CDR-16,2025-10-20T05:15:54Z,54,98,pass,Gideon Moonbrook
BRW-06965,POT-0076,SHP-12,CDR-02,2025-11-05T07:48:38Z,58,45,pass,Oleander Ravenscroft
BRW-06966,POT-0059,SHP-11,CDR-33,2026-03-15 08:05:18,24,89,pass,Grizelda Duskwater
BRW-06967,POT-0036,SHP-06,CDR-17,2024-05-23T06:51:53Z,49,94,pass,Morwenna Wandwright
BRW-06968,POT-0068,SHP-02,CDR-09,2026-04-29 11:35:43,39,85,pass,Grizelda Duskwater
BRW-06969,POT-0094,SHP-10,CDR-19,2026-01-25T05:39:24Z,35,105,Pass,Nimbus Glimmerstone
BRW-06970,POT-0020,SHP-09,CDR-27,2025-07-14T07:00:46Z,47,134,Pass,Caspian Thistledown
BRW-06971,POT-0089,SHP-05,CDR-18,2024-10-11T05:36:45Z,57,121,pass,Oleander Ravenscroft
BRW-06972,POT-0074,SHP-14,CDR-30,2026-06-04 09:13:30,36,91,pass,Wendeline Ashgrove
BRW-06973,POT-0073,SHP-14,CDR-17,2024-11-10 09:11:54,10,58,pass,Maribel Netherfield
BRW-06974,POT-0040,SHP-09,CDR-14,2025-08-20T05:52:02Z,33,28,pass,Delphine Zellandine
BRW-06975,POT-0032,SHP-08,CDR-07,2026-06-30T10:12:46Z,50,136,fail,Vesper Emberwhisk
BRW-06976,POT-0029,SHP-10,CDR-23,2024-08-01T09:51:56Z,54,72,PASS,Umbra Thistledown
BRW-06977,POT-0019,SHP-15,CDR-22,2025-04-22 07:39:36,10,91,Pass,Lyra Winterbourne
BRW-06978,POT-0056,SHP-06,CDR-21,2026-03-03T05:41:56Z,28,119,pass,Dorian Mistlethorn
BRW-06979,POT-0002,SHP-04,CDR-03,2025-06-13 08:17:18,60,114,pass,Ambrose Winterbourne
BRW-06980,POT-0104,SHP-03,CDR-04,2026-06-28T08:11:29Z,17,158,FAIL,Wendeline Ashgrove
BRW-06981,POT-0107,SHP-09,CDR-06,2025-09-22T10:22:24Z,31,68,pass,Maribel Netherfield
BRW-06982,POT-0084,SHP-03,CDR-20,2025-09-06 10:23:01,32,117,Pass,Grizelda Duskwater
BRW-06983,POT-0001,SHP-07,CDR-33,2025-04-30 08:00:13,44,92,pass,Ambrose Fernwhistle
BRW-06984,POT-0095,SHP-06,CDR-23,2025-08-30 07:43:10,37,140,PASS,Zephyrine Zellandine
BRW-06985,POT-0091,SHP-03,CDR-21,2025-10-22T11:35:08Z,22,34,pass,Dorian Mistlethorn
BRW-06986,POT-0025,SHP-05,CDR-25,2025-08-09T11:44:19Z,34,69,PASS,Thaddeus Frostpetal
BRW-06987,POT-0033,SHP-07,CDR-39,2026-01-22T07:55:45Z,45,61,pass,Gideon Thistledown
BRW-06988,POT-0082,SHP-02,CDR-35,2026-03-09 11:25:05,33,36,Pass,Zephyrine Zellandine
BRW-06989,POT-0113,SHP-06,CDR-09,2025-10-07T06:30:49Z,46,162,Pass,Wendeline Ashgrove
BRW-06990,POT-0002,SHP-03,CDR-04,2025-06-21T06:45:12Z,46,85,pass,Lyra Winterbourne
BRW-06991,POT-0063,SHP-15,CDR-02,2025-04-30 05:14:20,44,50,PASS,Gideon Thistledown
BRW-06992,POT-0016,SHP-07,CDR-34,2026-04-07T07:37:56Z,28,119,pass,Grizelda Duskwater
BRW-06993,POT-0019,SHP-15,CDR-37,2026-06-05T09:42:56Z,21,97,pass,Ambrose Winterbourne
BRW-06994,POT-0064,SHP-07,CDR-34,2024-10-19T09:06:22Z,55,115,pass,Lyra Winterbourne
BRW-06995,POT-0016,SHP-04,CDR-07,2026-05-11T08:21:17Z,34,114,pass,Maribel Netherfield
BRW-06996,POT-0095,SHP-01,CDR-20,2025-06-14T10:49:11Z,53,135,Pass,Delphine Zellandine
BRW-06997,POT-0044,SHP-05,CDR-29,2024-07-02 09:21:54,27,61,pass,Grizelda Kilnworth
BRW-06998,POT-0027,SHP-04,CDR-10,2026-04-07 06:34:40,44,102,PASS,Delphine Zellandine
BRW-06999,POT-0059,SHP-15,CDR-33,2026-05-15 11:02:09,46,95,PASS,Oswin Wyrmwood
BRW-07000,POT-0028,SHP-03,CDR-20,2026-06-27 08:52:07,32,84,pass,Wendeline Ashgrove
BRW-07001,POT-0052,SHP-12,CDR-33,2025-07-25T08:56:29Z,38,142,pass,Belladonna Jackdaw
BRW-07002,POT-0115,SHP-11,CDR-27,2026-03-29T07:04:42Z,28,129,pass,Hesper Cinderfell
BRW-07003,POT-0100,SHP-02,CDR-07,2025-10-07 11:19:43,49,88,fail,Belladonna Jackdaw
BRW-07004,POT-0079,SHP-11,CDR-14,2025-04-08 10:59:16,29,64,pass,Caspian Thistledown
BRW-07005,POT-0050,SHP-02,CDR-34,2025-07-27T10:18:03Z,60,149,PASS,Thaddeus Frostpetal
BRW-07006,POT-0089,SHP-05,CDR-06,2024-09-06T06:21:21Z,44,122,pass,Kestrel Foxglove
BRW-07007,POT-0028,SHP-05,CDR-16,2026-05-22T09:55:38Z,41,47,pass,Vesper Emberwhisk
BRW-07008,POT-0092,SHP-09,CDR-14,2024-12-31T10:53:47Z,42,35,pass,Oleander Ravenscroft
BRW-07009,POT-0024,SHP-04,CDR-09,2026-05-22T08:11:07Z,12,120,pass,Dorian Mistlethorn
BRW-07010,POT-0030,SHP-05,CDR-24,2026-06-11T06:40:03Z,38,52,pass,Vesper Emberwhisk
BRW-07011,POT-0079,SHP-14,CDR-22,2025-10-11T10:26:42Z,16,55,pass,Ambrose Winterbourne
BRW-07012,POT-0043,SHP-06,CDR-03,2025-07-08T09:57:11Z,51,57,pass,Juniper Hollowbranch
BRW-07013,POT-0095,SHP-10,CDR-17,2026-06-25T07:52:20Z,47,152,pass,Yarrow Ravenscroft
BRW-07014,POT-0093,SHP-11,CDR-01,2025-08-12T07:31:29Z,50,99,pass,Delphine Mossheart
BRW-07015,POT-0041,SHP-02,CDR-32,2026-06-17 08:15:36,36,155,fail,Belladonna Jackdaw
BRW-07016,POT-0052,SHP-03,CDR-36,2026-03-28T10:57:44Z,60,110,Pass,Oswin Wyrmwood
BRW-07017,POT-0082,SHP-13,CDR-24,2026-05-02 11:00:28,49,32,pass,Juniper Hollowbranch
BRW-07018,POT-0079,SHP-14,CDR-07,2026-01-11T06:47:42Z,36,66,Pass,Wendeline Ashgrove
BRW-07019,POT-0041,SHP-06,CDR-36,2025-08-08 08:11:03,21,126,PASS,Maribel Netherfield
BRW-07020,POT-0064,SHP-10,CDR-21,2026-06-02T06:02:07Z,56,83,pass,Delphine Zellandine
BRW-07021,POT-0027,SHP-09,CDR-36,2024-12-26T09:32:15Z,18,104,Pass,Delphine Zellandine
BRW-07022,POT-0055,SHP-13,CDR-07,2025-12-08T11:26:21Z,36,84,pass,Caspian Thistledown
BRW-07023,POT-0032,SHP-06,CDR-06,2025-04-01 06:54:02,21,124,pass,Gideon Moonbrook
BRW-07024,POT-0041,SHP-14,CDR-38,2025-06-25 06:59:28,35,137,PASS,Thaddeus Frostpetal
BRW-07025,POT-0035,SHP-05,CDR-39,2025-12-17T09:27:36Z,48,66,pass,Wendeline Ashgrove
BRW-07026,POT-0076,SHP-12,CDR-22,2026-01-04T08:44:09Z,20,19,Pass,Wendeline Ashgrove
BRW-07027,POT-0084,SHP-14,CDR-36,2025-02-20T05:13:30Z,26,,Pass,Grizelda Duskwater
BRW-07028,POT-0060,SHP-15,CDR-20,2026-06-24T09:25:55Z,57,167,pass,Gideon Thistledown
BRW-07029,POT-0016,SHP-07,CDR-40,2026-03-17T08:57:55Z,41,82,pass,Grizelda Duskwater
BRW-07030,POT-0100,SHP-14,CDR-24,2025-09-29 11:32:05,13,79,pass,Vesper Emberwhisk
BRW-07031,POT-0114,SHP-05,CDR-05,2026-04-09T11:10:39Z,40,61,pass,Thaddeus Frostpetal
BRW-07032,POT-0018,SHP-03,CDR-03,2026-06-02T06:27:52Z,55,66,PASS,Caspian Thistledown
BRW-07033,POT-0034,SHP-07,CDR-01,2024-07-28 09:31:50,18,125,pass,Zephyrine Zellandine
BRW-07034,POT-0101,SHP-08,CDR-04,2025-01-27 10:01:54,43,151,pass,Gideon Thistledown
BRW-07035,POT-0067,SHP-05,CDR-20,2026-04-21T08:02:27Z,39,44,pass,Maribel Netherfield
BRW-07036,POT-0017,SHP-15,CDR-23,2026-06-21 11:27:26,16,153,pass,Ambrose Winterbourne
BRW-07037,POT-0059,SHP-15,CDR-20,2026-05-16T07:35:57Z,32,131,Pass,Morwenna Wandwright
BRW-07038,POT-0084,SHP-15,CDR-01,2025-01-01T10:05:51Z,41,121,Pass,Dorian Mistlethorn
BRW-07039,POT-0006,SHP-02,CDR-35,2026-06-03 08:21:02,32,129,Pass,Kestrel Foxglove
BRW-07040,POT-0020,SHP-04,CDR-27,2026-01-19 10:07:47,55,136,pass,Grizelda Kilnworth
BRW-07041,POT-0005,SHP-10,CDR-31,2025-05-02 07:16:43,30,35,pass,Oleander Ravenscroft
BRW-07042,POT-0116,SHP-13,CDR-05,2025-12-14 11:33:50,36,100,pass,Zephyrine Zellandine
BRW-07043,POT-0054,SHP-15,CDR-16,2026-02-22T05:42:26Z,27,46,pass,Vesper Emberwhisk
BRW-07044,POT-0114,SHP-06,CDR-23,2024-11-23 06:05:21,17,105,pass,Gideon Thistledown
BRW-07045,POT-0053,SHP-14,CDR-21,2024-08-29T11:05:45Z,28,137,pass,Delphine Mossheart
BRW-07046,POT-0064,SHP-01,CDR-26,2025-04-06 08:18:16,20,116,pass,Hesper Foxglove
BRW-07047,POT-0022,SHP-02,CDR-33,2025-09-29 11:44:48,53,130,pass,Grizelda Duskwater
BRW-07048,POT-0005,SHP-12,CDR-22,2026-02-03 11:56:18,40,31,pass,Thaddeus Frostpetal
BRW-07049,POT-0091,SHP-12,CDR-03,2025-04-29T08:24:11Z,37,20,fail,Oleander Ravenscroft
BRW-07050,POT-0028,SHP-07,CDR-39,2026-02-21T08:44:41Z,12,47,pass,Morwenna Wandwright
BRW-07051,POT-0025,SHP-15,CDR-09,2024-07-29T08:03:29Z,40,21,pass,Zephyrine Zellandine
BRW-07052,POT-0041,SHP-10,CDR-26,2025-12-27T07:16:09Z,25,131,pass,Gideon Moonbrook
BRW-07053,POT-0037,SHP-12,CDR-36,2026-05-14T07:45:42Z,17,86,Pass,Dorian Glimmerstone
BRW-07054,POT-0043,SHP-04,CDR-24,2026-06-11T09:14:29Z,43,46,Pass,Wendeline Ashgrove
BRW-07055,POT-0120,SHP-13,CDR-23,2026-04-04T10:40:10Z,47,85,PASS,Wendeline Ashgrove
BRW-07056,POT-0005,SHP-12,CDR-34,2025-10-09T10:54:06Z,49,44,pass,Gideon Thistledown
BRW-07057,POT-0096,SHP-08,CDR-08,2024-12-09 08:00:06,49,121,fail,Grizelda Duskwater
BRW-07058,POT-0019,SHP-04,CDR-28,2024-09-24T09:52:56Z,21,99,fail,Lyra Winterbourne
BRW-07059,POT-0087,SHP-15,CDR-06,2026-01-15 08:26:51,53,66,pass,Yarrow Ravenscroft
BRW-07060,POT-0107,SHP-06,CDR-21,2025-07-09T09:49:02Z,18,65,pass,Cassia Everbright
BRW-07061,POT-0093,SHP-05,CDR-01,2025-03-09T08:12:26Z,57,100,pass,Oswin Wyrmwood
BRW-07062,POT-0076,SHP-02,CDR-29,2025-08-19T10:33:58Z,25,19,Pass,Grizelda Duskwater
BRW-07063,POT-0069,SHP-14,CDR-28,2025-01-20 09:19:05,15,106,pass,Cassia Everbright
BRW-07064,POT-0016,SHP-11,CDR-22,2026-06-08 07:38:46,52,125,FAIL,Hesper Foxglove
BRW-07065,POT-0119,SHP-04,CDR-39,2025-08-13 05:54:43,50,50,pass,Oleander Ravenscroft
BRW-07066,POT-0022,SHP-10,CDR-17,2025-04-04T08:05:51Z,17,113,PASS,Delphine Mossheart
BRW-07067,POT-0024,SHP-01,CDR-05,2025-12-25T11:29:18Z,56,124,Pass,Cassia Winterbourne
BRW-07068,POT-0073,SHP-08,CDR-04,2024-11-01 11:43:29,59,60,pass,Grizelda Duskwater
BRW-07069,POT-0019,SHP-01,CDR-13,2025-12-17T09:26:54Z,33,82,PASS,Vesper Emberwhisk
BRW-07070,POT-0041,SHP-04,CDR-14,2025-03-04 10:53:09,11,143,PASS,Vesper Emberwhisk
BRW-07071,POT-0063,SHP-13,CDR-28,2025-08-11T05:54:12Z,42,72,Pass,Belladonna Jackdaw
BRW-07072,POT-0069,SHP-15,CDR-38,2025-01-31T05:57:20Z,12,125,PASS,Hesper Foxglove
BRW-07073,POT-0094,SHP-10,CDR-32,2024-08-22 05:47:15,39,111,pass,Dorian Glimmerstone
BRW-07074,POT-0107,SHP-11,CDR-33,2026-03-24T09:53:10Z,34,47,pass,Hesper Foxglove
BRW-07075,POT-0067,SHP-09,CDR-20,2024-05-06T11:55:41Z,35,42,pass,Oleander Ravenscroft
BRW-07076,POT-0028,SHP-13,CDR-10,2026-04-02 05:10:45,56,74,pass,Cassia Winterbourne
BRW-07077,POT-0048,SHP-06,CDR-02,2025-12-26T09:47:31Z,38,99,Pass,Thaddeus Frostpetal
BRW-07078,POT-0098,SHP-13,CDR-35,2026-01-30 08:32:23,16,112,pass,Grizelda Duskwater
BRW-07079,POT-0034,SHP-07,CDR-13,2025-05-02T07:00:37Z,23,143,pass,Thaddeus Frostpetal
BRW-07080,POT-0012,SHP-09,CDR-13,2026-06-15T11:53:45Z,19,90,Pass,Lyra Winterbourne
BRW-07081,POT-0048,SHP-11,CDR-02,2026-02-05 10:05:24,59,89,pass,Maribel Netherfield
BRW-07082,POT-0038,SHP-01,CDR-16,2025-05-05T06:49:40Z,43,49,fail,Thaddeus Frostpetal
BRW-07083,POT-0039,SHP-12,CDR-30,2025-09-14T05:47:08Z,15,150,pass,Maribel Netherfield
BRW-07084,POT-0086,SHP-11,CDR-05,2026-05-10 11:25:08,23,105,pass,Thaddeus Frostpetal
BRW-07085,POT-0038,SHP-10,CDR-02,2024-11-26 08:37:27,58,21,PASS,Belladonna Jackdaw
BRW-07086,POT-0095,SHP-13,CDR-38,2026-03-10 09:38:59,27,126,PASS,Vesper Emberwhisk
BRW-07087,POT-0080,SHP-02,CDR-27,2025-03-20 08:50:54,48,134,pass,Belladonna Jackdaw
BRW-07088,POT-0032,SHP-11,CDR-24,2025-11-08T11:32:08Z,25,110,pass,Dorian Glimmerstone
BRW-07089,POT-0022,SHP-09,CDR-13,2025-01-04T05:25:14Z,52,132,pass,Maribel Netherfield
BRW-07090,POT-0041,SHP-12,CDR-11,2025-01-01 08:26:10,59,137,pass,Kestrel Foxglove
BRW-07091,POT-0111,SHP-02,CDR-40,2026-01-27T05:16:24Z,48,75,fail,Maribel Netherfield
BRW-07092,POT-0065,SHP-09,CDR-01,2024-06-07 07:48:16,50,33,pass,Ambrose Winterbourne
BRW-07093,POT-0113,SHP-14,CDR-31,2025-09-07T06:54:32Z,46,126,fail,Gideon Moonbrook
BRW-07094,POT-0034,SHP-04,CDR-20,2025-05-16 11:11:09,40,101,Pass,Yarrow Ravenscroft
BRW-07095,POT-0086,SHP-08,CDR-06,2026-02-25T08:01:56Z,37,62,pass,Hesper Cinderfell
BRW-07096,POT-0089,SHP-15,CDR-13,2025-02-24T08:59:47Z,31,82,pass,Grizelda Kilnworth
BRW-07097,POT-0066,SHP-02,CDR-25,2026-05-13T07:48:28Z,53,95,Pass,Gideon Moonbrook
BRW-07098,POT-0032,SHP-02,CDR-03,2026-05-01T10:35:36Z,16,148,pass,Grizelda Kilnworth
BRW-07099,POT-0012,SHP-03,CDR-04,2025-05-10T09:51:35Z,36,83,Pass,Kestrel Foxglove
BRW-07100,POT-0093,SHP-13,CDR-36,2024-06-06 08:30:05,50,81,PASS,Oleander Ravenscroft
BRW-07101,POT-0084,SHP-07,CDR-18,2025-11-26 11:24:33,11,101,Pass,Oleander Ravenscroft
BRW-07102,POT-0002,SHP-11,CDR-40,2025-03-07T05:09:58Z,57,100,Pass,Lyra Winterbourne
BRW-07103,POT-0031,SHP-01,CDR-05,2026-06-02 07:01:06,15,34,pass,Grizelda Duskwater
BRW-07104,POT-0039,SHP-05,CDR-36,2025-06-01T08:00:20Z,57,166,pass,Dorian Glimmerstone
BRW-07105,POT-0078,SHP-01,CDR-37,2025-04-15 08:57:12,57,103,pass,Yarrow Ravenscroft
BRW-07106,POT-0021,SHP-15,CDR-17,2026-05-21 05:40:15,52,75,PASS,Thaddeus Frostpetal
BRW-07107,POT-0069,SHP-13,CDR-01,2025-04-10T10:30:00Z,29,143,pass,Grizelda Kilnworth
BRW-07108,POT-0010,SHP-12,CDR-04,2026-03-05 05:49:46,60,138,PASS,Juniper Hollowbranch
BRW-07109,POT-0071,SHP-12,CDR-16,2026-04-19T11:31:32Z,16,59,Pass,Oswin Wyrmwood
BRW-07110,POT-0091,SHP-12,CDR-32,2025-06-09T07:54:12Z,38,35,pass,Zephyrine Zellandine
BRW-07111,POT-0059,SHP-06,CDR-37,2026-06-22T10:35:37Z,30,125,pass,Maribel Netherfield
BRW-07112,POT-0066,SHP-02,CDR-31,2025-11-17T07:20:09Z,44,115,Pass,Maribel Netherfield
BRW-07113,POT-0013,SHP-08,CDR-09,2025-12-30 07:27:14,18,96,pass,Zephyrine Zellandine
BRW-07114,POT-0103,SHP-11,CDR-32,2025-01-06 08:28:29,23,121,pass,Wendeline Ashgrove
BRW-07115,POT-0015,SHP-08,CDR-25,2026-02-08 08:14:16,46,107,pass,Delphine Zellandine
BRW-07116,POT-0013,SHP-13,CDR-07,2025-12-16T05:36:09Z,22,95,pass,Morwenna Wandwright
BRW-07117,POT-0012,SHP-03,CDR-03,2025-08-31T05:31:06Z,33,71,pass,Thaddeus Frostpetal
BRW-07118,POT-0061,SHP-09,CDR-25,2025-05-20 06:51:54,37,112,pass,Gideon Moonbrook
BRW-07119,POT-0110,SHP-15,CDR-14,2024-12-02 06:27:06,13,157,pass,Oleander Ravenscroft
BRW-07120,POT-0007,SHP-02,CDR-19,2026-02-25T05:01:53Z,18,131,PASS,Juniper Hollowbranch
BRW-07121,POT-0100,SHP-03,CDR-03,2025-06-16T07:06:49Z,36,99,pass,Morwenna Wandwright
BRW-07122,POT-0092,SHP-06,CDR-40,2025-05-31 10:27:43,29,78,pass,Wendeline Ashgrove
BRW-07123,POT-0060,SHP-07,CDR-04,2026-03-26T06:45:21Z,14,144,pass,Ambrose Fernwhistle
BRW-07124,POT-0082,SHP-01,CDR-04,2026-02-01 06:52:53,49,68,pass,Oswin Wyrmwood
BRW-07125,POT-0095,SHP-03,CDR-08,2026-04-13T05:18:37Z,11,172,pass,Gideon Thistledown
BRW-07126,POT-0052,SHP-15,CDR-26,2024-12-17T10:39:46Z,40,89,pass,Yarrow Ravenscroft
BRW-07127,POT-0090,SHP-15,CDR-32,2026-06-21T10:42:29Z,31,87,pass,Vesper Emberwhisk
BRW-07128,POT-0073,SHP-05,CDR-19,2024-06-30 07:21:35,30,41,FAIL,Morwenna Wandwright
BRW-07129,POT-0001,SHP-13,CDR-39,2024-07-13T11:06:00Z,51,98,Pass,Grizelda Kilnworth
BRW-07130,POT-0117,SHP-10,CDR-17,2025-10-22 09:41:50,26,62,pass,Belladonna Jackdaw
BRW-07131,POT-0082,SHP-02,CDR-07,2024-07-16T10:52:03Z,28,58,Pass,Dorian Mistlethorn
BRW-07132,POT-0086,SHP-03,CDR-04,2026-01-05T07:59:04Z,54,62,pass,Lyra Winterbourne
BRW-07133,POT-0048,SHP-14,CDR-23,2025-12-29 11:26:09,11,85,pass,Wendeline Ashgrove
BRW-07134,POT-0044,SHP-10,CDR-15,2026-04-07T10:24:32Z,24,73,PASS,Juniper Hollowbranch
BRW-07135,POT-0109,SHP-10,CDR-24,2025-06-14T09:41:35Z,53,139,pass,Juniper Hollowbranch
BRW-07136,POT-0066,SHP-03,CDR-21,2024-05-13T10:51:43Z,23,118,pass,Hesper Foxglove
BRW-07137,POT-0010,SHP-09,CDR-25,2026-02-26 09:00:41,49,118,Pass,Vesper Emberwhisk
BRW-07138,POT-0008,SHP-14,CDR-22,2025-11-25T06:21:11Z,54,73,Pass,Hesper Foxglove
BRW-07139,POT-0119,SHP-02,CDR-36,2024-10-10T05:54:18Z,11,58,pass,Hesper Foxglove
BRW-07140,POT-0021,SHP-15,CDR-11,2025-07-09T09:46:40Z,44,81,pass,Oleander Ravenscroft
BRW-07141,POT-0089,SHP-08,CDR-19,2025-08-14 06:50:41,57,101,pass,Lyra Winterbourne
BRW-07142,POT-0084,SHP-04,CDR-18,2025-07-24T10:18:21Z,35,95,Pass,Cassia Winterbourne
BRW-07143,POT-0077,SHP-11,CDR-13,2025-12-22 10:50:13,33,104,Fail,Delphine Mossheart
BRW-07144,POT-0047,SHP-05,CDR-32,2024-05-18 08:26:39,20,110,pass,Zephyrine Zellandine
BRW-07145,POT-0021,SHP-05,CDR-16,2025-09-15T09:56:08Z,27,89,Pass,Dorian Mistlethorn
BRW-07146,POT-0005,SHP-15,CDR-05,2025-07-29T07:02:52Z,14,38,fail,Hesper Cinderfell
BRW-07147,POT-0085,SHP-06,CDR-34,2025-09-29 10:38:23,60,133,pass,Lyra Winterbourne
BRW-07148,POT-0119,SHP-15,CDR-25,2026-01-20T05:05:21Z,42,64,PASS,Hesper Foxglove
BRW-07149,POT-0116,SHP-10,CDR-10,2025-12-20 06:54:22,16,84,pass,Oleander Ravenscroft
BRW-07150,POT-0044,SHP-04,CDR-33,2026-02-20T08:42:11Z,40,46,pass,Ambrose Winterbourne
BRW-07151,POT-0045,SHP-08,CDR-03,2026-05-05T11:14:30Z,41,58,pass,Juniper Hollowbranch
BRW-07152,POT-0033,SHP-12,CDR-27,2026-04-11T06:10:39Z,15,80,Fail,Zephyrine Zellandine
BRW-07153,POT-0103,SHP-04,CDR-19,2024-10-30T10:01:46Z,48,104,Pass,Dorian Glimmerstone
BRW-07154,POT-0003,SHP-15,CDR-07,2025-01-14 10:02:26,54,44,pass,Delphine Mossheart
BRW-07155,POT-0026,SHP-08,CDR-30,2026-02-15 11:08:27,24,141,Pass,Hesper Foxglove
BRW-07156,POT-0059,SHP-14,CDR-17,2026-04-28T10:53:58Z,49,104,pass,Oleander Ravenscroft
BRW-07157,POT-0013,SHP-05,CDR-23,2026-01-17T05:36:49Z,34,95,pass,Umbra Thistledown
BRW-07158,POT-0061,SHP-03,CDR-36,2026-01-24T09:17:49Z,45,95,pass,Hesper Cinderfell
BRW-07159,POT-0091,SHP-13,CDR-21,2024-08-26T09:44:31Z,26,75,pass,Lyra Winterbourne
BRW-07160,POT-0090,SHP-05,CDR-06,2025-05-23 09:53:43,40,88,Pass,Oswin Wyrmwood
BRW-07161,POT-0027,SHP-14,CDR-14,2025-09-11 09:50:37,39,114,pass,Delphine Mossheart
BRW-07162,POT-0066,SHP-13,CDR-01,2025-09-15T08:16:40Z,14,100,pass,Delphine Mossheart
BRW-07163,POT-0081,SHP-08,CDR-16,2026-02-02 06:39:26,45,107,Pass,Maribel Netherfield
BRW-07164,POT-0008,SHP-15,CDR-21,2025-06-02 10:54:34,56,50,pass,Gideon Moonbrook
BRW-07165,POT-0030,SHP-14,CDR-28,2025-09-16T11:01:12Z,30,100,Pass,Yarrow Ravenscroft
BRW-07166,POT-0083,SHP-07,CDR-01,2026-01-05T08:24:14Z,16,153,PASS,Vesper Emberwhisk
BRW-07167,POT-0059,SHP-12,CDR-09,2026-04-30 11:24:45,37,102,pass,Hesper Foxglove
BRW-07168,POT-0024,SHP-09,CDR-28,2024-05-28 06:01:51,21,121,pass,Cassia Everbright
BRW-07169,POT-0078,SHP-06,CDR-28,2024-11-30 07:36:12,39,103,pass,Grizelda Kilnworth
BRW-07170,POT-0035,SHP-12,CDR-23,2025-05-15T06:03:27Z,35,72,pass,Maribel Netherfield
BRW-07171,POT-0068,SHP-06,CDR-26,2025-05-21 09:26:02,40,73,pass,Ambrose Winterbourne
BRW-07172,POT-0063,SHP-03,CDR-04,2025-07-15T08:28:35Z,31,90,pass,Ambrose Winterbourne
BRW-07173,POT-0111,SHP-15,CDR-36,2025-12-31 09:36:30,36,71,pass,Maribel Netherfield
BRW-07174,POT-0031,SHP-15,CDR-06,2025-12-20 05:30:17,45,49,pass,Belladonna Jackdaw
BRW-07175,POT-0038,SHP-13,CDR-24,2024-05-22 11:59:01,31,57,Pass,Gideon Moonbrook
BRW-07176,POT-0059,SHP-12,CDR-40,2026-03-16T09:48:33Z,59,100,pass,Oleander Ravenscroft
BRW-07177,POT-0065,SHP-13,CDR-04,2024-12-30 06:59:10,46,38,pass,Juniper Hollowbranch
BRW-07178,POT-0034,SHP-01,CDR-05,2024-08-04 06:29:06,42,117,pass,Wendeline Ashgrove
BRW-07179,POT-0089,SHP-09,CDR-03,2024-12-07 09:52:59,45,102,pass,Cassia Everbright
BRW-07180,POT-0033,SHP-09,CDR-35,2026-05-11T11:58:40Z,49,77,pass,Umbra Thistledown
BRW-07181,POT-0008,SHP-07,CDR-39,2025-07-29 07:42:38,56,,fail,Wendeline Ashgrove
BRW-07182,POT-0037,SHP-03,CDR-24,2026-05-28T11:51:24Z,54,107,pass,Dorian Mistlethorn
BRW-07183,POT-0098,SHP-03,CDR-14,2025-07-22T09:00:45Z,16,80,pass,Grizelda Duskwater
BRW-07184,POT-0006,SHP-07,CDR-21,2026-02-20 10:49:24,30,132,PASS,Hesper Foxglove
BRW-07185,POT-0109,SHP-09,CDR-31,2025-09-20 08:15:13,31,123,pass,Morwenna Wandwright
BRW-07186,POT-0006,SHP-03,CDR-22,2026-02-17T06:13:18Z,11,141,pass,Umbra Thistledown
BRW-07187,POT-0003,SHP-13,CDR-13,2025-08-08 09:36:03,25,37,pass,Lyra Winterbourne
BRW-07188,POT-0035,SHP-03,CDR-29,2024-11-04 05:53:57,18,70,Pass,Grizelda Kilnworth
BRW-07189,POT-0080,SHP-03,CDR-19,2025-09-10T06:50:52Z,53,158,pass,Kestrel Foxglove
BRW-07190,POT-0014,SHP-01,CDR-03,2026-06-15T05:52:27Z,10,75,pass,Cassia Winterbourne
BRW-07191,POT-0090,SHP-10,CDR-24,2024-09-02T10:30:59Z,25,111,pass,Wendeline Ashgrove
BRW-07192,POT-0006,SHP-12,CDR-40,2026-06-13 07:25:47,37,109,fail,Grizelda Duskwater
BRW-07193,POT-0040,SHP-01,CDR-26,2025-10-28 05:12:00,59,44,pass,Delphine Mossheart
BRW-07194,POT-0089,SHP-04,CDR-06,2025-06-21T08:17:09Z,18,92,PASS,Umbra Thistledown
BRW-07195,POT-0105,SHP-08,CDR-22,2025-07-04T10:31:08Z,13,127,pass,Hesper Foxglove
BRW-07196,POT-0013,SHP-08,CDR-38,2025-07-31T09:13:12Z,53,89,PASS,Maribel Netherfield
BRW-07197,POT-0098,SHP-02,CDR-07,2025-10-10 07:13:21,26,126,pass,Vesper Emberwhisk
BRW-07198,POT-0111,SHP-02,CDR-01,2026-01-31T08:52:03Z,50,63,PASS,Oswin Wyrmwood
BRW-07199,POT-0065,SHP-04,CDR-15,2026-06-02T11:02:10Z,57,35,pass,Vesper Emberwhisk
BRW-07200,POT-0082,SHP-14,CDR-12,2025-10-31T10:44:19Z,55,60,PASS,Wendeline Ashgrove
BRW-07201,POT-0102,SHP-09,CDR-02,2025-08-08 10:45:49,41,79,pass,Vesper Emberwhisk
BRW-07202,POT-0033,SHP-09,CDR-29,2025-09-04T06:57:27Z,28,61,Pass,Grizelda Kilnworth
BRW-07203,POT-0024,SHP-11,CDR-28,2025-06-18T06:38:02Z,18,142,pass,Hesper Cinderfell
BRW-07204,POT-0028,SHP-05,CDR-24,2026-04-11 11:19:29,47,86,pass,Cassia Everbright
BRW-07205,POT-0109,SHP-04,CDR-40,2025-12-29 11:28:53,48,138,pass,Oswin Wyrmwood
BRW-07206,POT-0012,SHP-03,CDR-02,2026-04-17T06:15:43Z,41,104,pass,Nimbus Glimmerstone
BRW-07207,POT-0069,SHP-13,CDR-05,2025-04-04T10:18:31Z,20,125,Pass,Grizelda Kilnworth
BRW-07208,POT-0002,SHP-10,CDR-15,2025-12-22T06:22:01Z,36,106,pass,Ambrose Winterbourne
BRW-07209,POT-0096,SHP-15,CDR-39,2025-03-06T10:22:19Z,30,159,pass,Zephyrine Zellandine
BRW-07210,POT-0114,SHP-15,CDR-21,2024-12-28T09:24:09Z,42,69,pass,Morwenna Wandwright
BRW-07211,POT-0102,SHP-13,CDR-35,2024-12-04T09:10:12Z,17,53,pass,Nimbus Glimmerstone
BRW-07212,POT-0034,SHP-15,CDR-35,2025-03-19T08:41:33Z,57,116,pass,Umbra Thistledown
BRW-07213,POT-0027,SHP-02,CDR-36,2025-04-21 05:14:23,23,120,pass,Cassia Everbright
BRW-07214,POT-0036,SHP-02,CDR-35,2025-12-02T05:25:57Z,49,84,pass,Maribel Netherfield
BRW-07215,POT-0034,SHP-10,CDR-09,2026-04-22T11:58:23Z,21,116,pass,Grizelda Duskwater
BRW-07216,POT-0004,SHP-15,CDR-30,2024-07-01T09:17:06Z,50,96,pass,Ambrose Winterbourne
BRW-07217,POT-0032,SHP-01,CDR-09,2025-08-31 11:13:57,33,113,pass,Maribel Netherfield
BRW-07218,POT-0021,SHP-10,CDR-22,2025-03-14T08:22:13Z,29,62,pass,Dorian Mistlethorn
BRW-07219,POT-0031,SHP-04,CDR-28,2026-05-11 07:47:42,44,31,pass,Cassia Winterbourne
BRW-07220,POT-0007,SHP-04,CDR-04,2025-11-14T07:35:36Z,21,145,Pass,Cassia Everbright
BRW-07221,POT-0001,SHP-04,CDR-37,2024-05-31 09:46:59,50,134,pass,Maribel Netherfield
BRW-07222,POT-0096,SHP-03,CDR-31,2024-12-27 10:48:31,55,120,pass,Grizelda Kilnworth
BRW-07223,POT-0046,SHP-10,CDR-15,2026-01-04 11:28:42,23,51,pass,Maribel Netherfield
BRW-07224,POT-0077,SHP-08,CDR-34,2025-12-23T09:07:17Z,21,92,pass,Gideon Thistledown
BRW-07225,POT-0111,SHP-09,CDR-26,2026-06-17 11:44:59,32,75,pass,Delphine Zellandine
BRW-07226,POT-0084,SHP-12,CDR-19,2025-03-05T09:40:40Z,44,115,pass,Grizelda Duskwater
BRW-07227,POT-0059,SHP-14,CDR-08,2026-06-18 07:16:25,54,115,PASS,Maribel Netherfield
BRW-07228,POT-0108,SHP-12,CDR-06,2025-10-18T05:01:11Z,43,93,Pass,Grizelda Kilnworth
BRW-07229,POT-0110,SHP-13,CDR-29,2026-01-23T08:21:56Z,26,124,pass,Oleander Ravenscroft
BRW-07230,POT-0094,SHP-11,CDR-06,2024-10-20T06:55:58Z,19,116,pass,Dorian Glimmerstone
BRW-07231,POT-0083,SHP-09,CDR-28,2025-12-27T07:41:48Z,51,158,Pass,Zephyrine Zellandine
BRW-07232,POT-0021,SHP-09,CDR-22,2025-07-18T11:53:52Z,36,100,fail,Thaddeus Frostpetal
BRW-07233,POT-0015,SHP-04,CDR-21,2026-03-10T09:22:43Z,34,118,fail,Nimbus Glimmerstone
BRW-07234,POT-0033,SHP-07,CDR-31,2025-09-18T06:11:10Z,12,74,pass,Vesper Emberwhisk
BRW-07235,POT-0062,SHP-03,CDR-29,2025-06-30T09:00:03Z,50,175,Pass,Gideon Thistledown
BRW-07236,POT-0059,SHP-07,CDR-25,2026-04-20 09:23:29,44,110,Pass,Belladonna Jackdaw
BRW-07237,POT-0034,SHP-14,CDR-32,2024-10-25 07:50:19,44,91,Pass,Delphine Mossheart
BRW-07238,POT-0003,SHP-04,CDR-04,2024-07-26T09:44:50Z,57,61,Fail,Grizelda Duskwater
BRW-07239,POT-0022,SHP-07,CDR-40,2024-07-17 05:56:07,10,62,pass,Nimbus Glimmerstone
BRW-07240,POT-0097,SHP-07,CDR-08,2026-05-07T10:50:50Z,19,151,pass,Grizelda Kilnworth
BRW-07241,POT-0093,SHP-05,CDR-25,2025-01-21 08:58:14,29,92,Pass,Ambrose Fernwhistle
BRW-07242,POT-0087,SHP-06,CDR-32,2025-12-30T10:01:57Z,50,65,pass,Hesper Foxglove
BRW-07243,POT-0062,SHP-03,CDR-08,2024-09-27 06:21:23,48,170,pass,Delphine Zellandine
BRW-07244,POT-0093,SHP-14,CDR-10,2025-10-01T06:00:30Z,43,91,Pass,Juniper Hollowbranch
BRW-07245,POT-0006,SHP-08,CDR-01,2025-11-19T05:56:26Z,42,118,PASS,Vesper Emberwhisk
BRW-07246,POT-0040,SHP-10,CDR-21,2026-04-06 06:28:28,31,31,pass,Dorian Glimmerstone
BRW-07247,POT-0039,SHP-09,CDR-05,2026-03-12T05:20:44Z,31,165,Pass,Thaddeus Frostpetal
BRW-07248,POT-0117,SHP-15,CDR-22,2025-05-01 11:10:01,38,75,pass,Wendeline Ashgrove
BRW-07249,POT-0032,SHP-15,CDR-25,2025-05-07T11:22:22Z,44,123,pass,Vesper Emberwhisk
BRW-07250,POT-0008,SHP-02,CDR-02,2026-01-07T05:37:29Z,39,,pass,Ambrose Fernwhistle
BRW-07251,POT-0032,SHP-14,CDR-09,2026-04-22T07:13:26Z,46,99,Pass,Dorian Glimmerstone
BRW-07252,POT-0105,SHP-15,CDR-05,2026-03-27T07:11:49Z,60,138,Pass,Oswin Wyrmwood
BRW-07253,POT-0015,SHP-05,CDR-17,2026-03-16T09:46:01Z,54,97,fail,Yarrow Ravenscroft
BRW-07254,POT-0112,SHP-04,CDR-01,2025-08-14T08:03:26Z,36,80,fail,Dorian Glimmerstone
BRW-07255,POT-0079,SHP-06,CDR-30,2024-05-12T05:22:09Z,31,115,pass,Juniper Hollowbranch
BRW-07256,POT-0007,SHP-09,CDR-27,2025-08-05 10:02:44,47,114,pass,Belladonna Jackdaw
BRW-07257,POT-0019,SHP-03,CDR-23,2025-05-22T07:08:46Z,49,66,Pass,Vesper Emberwhisk
BRW-07258,POT-0075,SHP-08,CDR-06,2025-03-21T10:14:34Z,44,122,Pass,Belladonna Jackdaw
BRW-07259,POT-0110,SHP-05,CDR-23,2025-11-14T10:54:10Z,44,124,pass,Gideon Thistledown
BRW-07260,POT-0093,SHP-13,CDR-21,2026-02-26 05:04:40,14,98,fail,Delphine Zellandine
BRW-07261,POT-0048,SHP-07,CDR-03,2025-09-24T06:15:30Z,35,106,PASS,Gideon Moonbrook
BRW-07262,POT-0049,SHP-02,CDR-26,2025-01-23T11:19:10Z,32,108,pass,Yarrow Ravenscroft
BRW-07263,POT-0102,SHP-15,CDR-15,2026-04-17T10:50:25Z,49,69,pass,Maribel Netherfield
BRW-07264,POT-0064,SHP-01,CDR-08,2025-04-18 07:14:50,44,98,pass,Umbra Thistledown
BRW-07265,POT-0101,SHP-04,CDR-16,2026-01-14T05:53:20Z,37,154,Pass,Dorian Glimmerstone
BRW-07266,POT-0010,SHP-10,CDR-17,2026-04-16 05:05:02,14,102,pass,Umbra Thistledown
BRW-07267,POT-0088,SHP-02,CDR-37,2026-03-15 07:13:27,52,108,PASS,Oswin Wyrmwood
BRW-07268,POT-0009,SHP-11,CDR-16,2024-07-18T11:17:12Z,42,99,PASS,Hesper Foxglove
BRW-07269,POT-0114,SHP-09,CDR-08,2024-05-16 11:45:14,42,90,pass,Wendeline Ashgrove
BRW-07270,POT-0065,SHP-11,CDR-06,2025-05-13T09:14:02Z,49,43,Pass,Gideon Thistledown
BRW-07271,POT-0094,SHP-01,CDR-40,2025-12-10T09:55:15Z,20,136,pass,Wendeline Ashgrove
BRW-07272,POT-0078,SHP-14,CDR-33,2025-12-02T11:17:12Z,33,54,pass,Dorian Mistlethorn
BRW-07273,POT-0075,SHP-05,CDR-23,2024-07-11 08:32:06,20,117,PASS,Gideon Thistledown
BRW-07274,POT-0086,SHP-15,CDR-25,2026-01-25T10:13:35Z,28,80,pass,Ambrose Fernwhistle
BRW-07275,POT-0041,SHP-04,CDR-30,2025-10-27T09:31:39Z,53,144,Pass,Maribel Netherfield
BRW-07276,POT-0102,SHP-14,CDR-07,2024-09-18 10:35:50,15,92,Pass,Nimbus Glimmerstone
BRW-07277,POT-0069,SHP-09,CDR-37,2024-10-11 06:52:27,16,137,pass,Oswin Wyrmwood
BRW-07278,POT-0005,SHP-06,CDR-01,2024-09-04T06:34:37Z,53,47,pass,Belladonna Jackdaw
BRW-07279,POT-0049,SHP-13,CDR-36,2024-05-26 07:20:06,17,134,Pass,Ambrose Winterbourne
BRW-07280,POT-0048,SHP-11,CDR-08,2025-04-26T09:20:29Z,41,112,pass,Nimbus Glimmerstone
BRW-07281,POT-0017,SHP-02,CDR-29,2026-04-29T07:43:08Z,39,171,pass,Gideon Moonbrook
BRW-07282,POT-0005,SHP-11,CDR-39,2026-06-19T08:36:24Z,59,19,pass,Dorian Mistlethorn
BRW-07283,POT-0040,SHP-12,CDR-13,2026-01-29T09:01:08Z,58,45,pass,Grizelda Kilnworth
BRW-07284,POT-0006,SHP-11,CDR-14,2026-06-07 05:24:25,58,135,pass,Nimbus Glimmerstone
BRW-07285,POT-0009,SHP-01,CDR-23,2024-12-19T11:01:40Z,31,68,PASS,Delphine Mossheart
BRW-07286,POT-0082,SHP-12,CDR-39,2025-12-03 07:06:29,23,38,Pass,Grizelda Duskwater
BRW-07287,POT-0043,SHP-01,CDR-33,2025-11-04 06:25:42,58,62,fail,Caspian Thistledown
BRW-07288,POT-0099,SHP-07,CDR-35,2026-03-22T05:02:38Z,47,109,pass,Delphine Mossheart
BRW-07289,POT-0094,SHP-07,CDR-01,2025-04-22 07:26:44,19,97,PASS,Yarrow Ravenscroft
BRW-07290,POT-0041,SHP-04,CDR-18,2026-02-04 08:23:19,25,138,PASS,Zephyrine Zellandine
BRW-07291,POT-0033,SHP-07,CDR-26,2025-08-01T06:00:49Z,28,76,pass,Dorian Glimmerstone
BRW-07292,POT-0001,SHP-15,CDR-04,2024-07-15T10:19:25Z,27,104,Pass,Wendeline Ashgrove
BRW-07293,POT-0047,SHP-02,CDR-29,2025-12-02 10:05:18,25,129,pass,Maribel Netherfield
BRW-07294,POT-0028,SHP-11,CDR-25,2026-04-08T08:50:42Z,34,54,pass,Grizelda Duskwater
BRW-07295,POT-0026,SHP-02,CDR-32,2026-02-17T09:19:47Z,40,126,pass,Ambrose Fernwhistle
BRW-07296,POT-0002,SHP-06,CDR-02,2024-11-30T05:41:51Z,23,79,pass,Ambrose Fernwhistle
BRW-07297,POT-0025,SHP-15,CDR-39,2025-12-14 10:34:21,14,53,pass,Zephyrine Zellandine
BRW-07298,POT-0030,SHP-03,CDR-02,2025-10-14T09:04:04Z,20,93,pass,Belladonna Jackdaw
BRW-07299,POT-0027,SHP-05,CDR-04,2025-08-07T09:07:23Z,60,148,pass,Oswin Wyrmwood
BRW-07300,POT-0102,SHP-01,CDR-01,2025-11-11T10:27:46Z,31,70,pass,Oswin Wyrmwood
BRW-07301,POT-0007,SHP-04,CDR-06,2025-10-25T09:08:39Z,10,118,pass,Dorian Mistlethorn
BRW-07302,POT-0035,SHP-01,CDR-30,2025-10-03 05:16:41,23,60,pass,Oleander Ravenscroft
BRW-07303,POT-0092,SHP-09,CDR-33,2025-02-01 11:44:53,25,88,pass,Umbra Thistledown
BRW-07304,POT-0013,SHP-06,CDR-33,2026-06-26T06:17:18Z,12,64,pass,Cassia Winterbourne
BRW-07305,POT-0012,SHP-11,CDR-13,2025-09-20T09:00:07Z,48,54,Pass,Vesper Emberwhisk
BRW-07306,POT-0078,SHP-05,CDR-23,2026-03-22 08:16:39,44,87,Pass,Gideon Moonbrook
BRW-07307,POT-0017,SHP-15,CDR-16,2026-02-28T10:49:59Z,44,150,pass,Hesper Foxglove
BRW-07308,POT-0008,SHP-14,CDR-31,2025-08-02T08:56:05Z,52,69,PASS,Ambrose Fernwhistle
BRW-07309,POT-0120,SHP-06,CDR-22,2025-06-15 05:35:37,22,100,fail,Morwenna Wandwright
BRW-07310,POT-0115,SHP-15,CDR-23,2024-05-26T07:40:25Z,32,126,pass,Maribel Netherfield
BRW-07311,POT-0084,SHP-13,CDR-30,2025-11-12 07:33:54,11,111,Pass,Thaddeus Frostpetal
BRW-07312,POT-0109,SHP-03,CDR-32,2025-10-08 11:54:32,34,127,pass,Cassia Everbright
BRW-07313,POT-0033,SHP-15,CDR-22,2026-01-10T08:56:13Z,42,111,PASS,Ambrose Winterbourne
BRW-07314,POT-0022,SHP-08,CDR-05,2024-05-05 05:29:46,14,98,pass,Kestrel Foxglove
BRW-07315,POT-0072,SHP-11,CDR-30,2025-12-11 11:32:43,55,86,Pass,Vesper Emberwhisk
BRW-07316,POT-0043,SHP-03,CDR-03,2024-07-25 11:04:11,24,63,pass,Lyra Winterbourne
BRW-07317,POT-0109,SHP-09,CDR-39,2025-04-23T05:39:08Z,59,124,pass,Oleander Ravenscroft
BRW-07318,POT-0079,SHP-09,CDR-10,2026-02-04T09:29:28Z,27,77,pass,Yarrow Ravenscroft
BRW-07319,POT-0028,SHP-02,CDR-20,2026-04-26 06:10:30,36,53,pass,Grizelda Duskwater
BRW-07320,POT-0098,SHP-14,CDR-40,2026-05-21 11:16:41,38,112,fail,Ambrose Winterbourne
BRW-07321,POT-0050,SHP-15,CDR-12,2026-04-15T07:00:28Z,52,159,pass,Grizelda Kilnworth
BRW-07322,POT-0034,SHP-13,CDR-17,2025-05-24T11:41:28Z,23,119,pass,Umbra Thistledown
BRW-07323,POT-0070,SHP-04,CDR-06,2026-06-20T06:30:52Z,52,154,PASS,Yarrow Ravenscroft
BRW-07324,POT-0056,SHP-03,CDR-40,2026-02-28T09:18:57Z,58,97,pass,Belladonna Jackdaw
BRW-07325,POT-0012,SHP-09,CDR-28,2025-11-29T08:51:57Z,37,67,pass,Maribel Netherfield
BRW-07326,POT-0016,SHP-07,CDR-21,2026-03-05 05:04:07,43,114,pass,Maribel Netherfield
BRW-07327,POT-0115,SHP-03,CDR-13,2024-05-26 11:10:45,15,90,Pass,Caspian Thistledown
BRW-07328,POT-0027,SHP-12,CDR-19,2026-06-24T07:14:48Z,53,96,pass,Hesper Foxglove
BRW-07329,POT-0013,SHP-04,CDR-16,2025-10-02T06:50:12Z,18,96,pass,Belladonna Jackdaw
BRW-07330,POT-0060,SHP-01,CDR-12,2026-03-17T06:17:52Z,50,171,pass,Oswin Wyrmwood
BRW-07331,POT-0103,SHP-05,CDR-39,2026-03-07T07:40:12Z,59,118,pass,Belladonna Jackdaw
BRW-07332,POT-0019,SHP-15,CDR-32,2026-03-05T07:15:58Z,60,126,pass,Gideon Thistledown
BRW-07333,POT-0034,SHP-07,CDR-25,2025-09-04T11:26:38Z,60,155,pass,Umbra Thistledown
BRW-07334,POT-0036,SHP-10,CDR-32,2025-09-05 10:58:29,59,88,Pass,Grizelda Duskwater
BRW-07335,POT-0072,SHP-14,CDR-10,2024-09-05 11:00:56,28,109,PASS,Cassia Winterbourne
BRW-07336,POT-0020,SHP-03,CDR-33,2025-12-13T06:47:42Z,57,135,pass,Zephyrine Zellandine
BRW-07337,POT-0028,SHP-02,CDR-35,2026-02-15 09:21:42,56,93,PASS,Cassia Everbright
BRW-07338,POT-0022,SHP-15,CDR-30,2024-09-27 06:24:29,39,113,Pass,Lyra Winterbourne
BRW-07339,POT-0045,SHP-11,CDR-37,2025-02-15 09:24:19,17,63,pass,Kestrel Foxglove
BRW-07340,POT-0032,SHP-08,CDR-39,2026-04-05T08:15:18Z,52,91,Pass,Kestrel Foxglove
BRW-07341,POT-0038,SHP-11,CDR-26,2025-01-22T05:04:22Z,56,80,pass,Juniper Hollowbranch
BRW-07342,POT-0043,SHP-10,CDR-35,2025-04-30T07:53:06Z,43,40,Pass,Grizelda Kilnworth
BRW-07343,POT-0088,SHP-08,CDR-20,2026-01-05T11:36:12Z,29,85,PASS,Oleander Ravenscroft
BRW-07344,POT-0060,SHP-07,CDR-40,2026-03-08 05:03:33,50,166,Pass,Delphine Zellandine
BRW-07345,POT-0082,SHP-07,CDR-33,2026-06-25 09:09:13,15,56,pass,Dorian Mistlethorn
BRW-07346,POT-0095,SHP-11,CDR-13,2026-06-29T10:27:58Z,14,146,fail,Belladonna Jackdaw
BRW-07347,POT-0106,SHP-12,CDR-34,2026-06-23T07:13:31Z,35,101,pass,Oleander Ravenscroft
BRW-07348,POT-0107,SHP-12,CDR-05,2025-08-08 05:43:05,59,86,Pass,Hesper Cinderfell
BRW-07349,POT-0060,SHP-06,CDR-11,2026-03-26T09:25:08Z,26,147,PASS,Thaddeus Frostpetal
BRW-07350,POT-0084,SHP-08,CDR-01,2026-02-27T08:20:13Z,40,135,pass,Thaddeus Frostpetal
BRW-07351,POT-0034,SHP-08,CDR-24,2024-12-22T09:06:14Z,34,112,pass,Yarrow Ravenscroft
BRW-07352,POT-0115,SHP-06,CDR-01,2026-06-27 10:25:08,57,96,Pass,Belladonna Jackdaw
BRW-07353,POT-0102,SHP-02,CDR-31,2025-05-09 09:36:21,42,67,pass,Lyra Winterbourne
BRW-07354,POT-0097,SHP-04,CDR-08,2026-02-21T06:37:05Z,23,135,pass,Gideon Moonbrook
BRW-07355,POT-0024,SHP-01,CDR-06,2026-02-24 09:31:42,48,147,pass,Ambrose Fernwhistle
BRW-07356,POT-0005,SHP-08,CDR-31,2025-03-03 10:32:07,19,22,fail,Kestrel Foxglove
BRW-07357,POT-0033,SHP-07,CDR-19,2025-10-15 07:15:53,15,71,pass,Dorian Mistlethorn
BRW-07358,POT-0025,SHP-15,CDR-24,2025-11-05 10:39:45,27,61,PASS,Ambrose Fernwhistle
BRW-07359,POT-0032,SHP-11,CDR-18,2025-05-22 06:27:56,49,108,PASS,Cassia Winterbourne
BRW-07360,POT-0084,SHP-04,CDR-23,2026-06-06 09:42:53,44,103,Pass,Delphine Mossheart
BRW-07361,POT-0016,SHP-06,CDR-27,2026-04-15T09:59:51Z,57,136,pass,Thaddeus Frostpetal
BRW-07362,POT-0022,SHP-11,CDR-32,2026-05-06T09:08:21Z,17,136,pass,Hesper Cinderfell
BRW-07363,POT-0101,SHP-07,CDR-17,2025-09-07 05:14:00,34,162,pass,Grizelda Kilnworth
BRW-07364,POT-0061,SHP-09,CDR-08,2025-03-10 06:17:51,34,85,pass,Cassia Winterbourne
BRW-07365,POT-0098,SHP-09,CDR-10,2025-10-02T11:13:59Z,60,115,pass,Grizelda Kilnworth
BRW-07366,POT-0069,SHP-09,CDR-33,2025-02-10T07:38:00Z,22,118,pass,Juniper Hollowbranch
BRW-07367,POT-0020,SHP-08,CDR-07,2026-03-22T07:32:37Z,34,,pass,Dorian Glimmerstone
BRW-07368,POT-0104,SHP-12,CDR-35,2025-08-03 10:30:28,21,144,pass,Oleander Ravenscroft
BRW-07369,POT-0105,SHP-01,CDR-36,2024-05-14T10:18:58Z,58,171,pass,Hesper Cinderfell
BRW-07370,POT-0112,SHP-04,CDR-15,2025-05-14 05:54:51,18,95,pass,Thaddeus Frostpetal
BRW-07371,POT-0102,SHP-03,CDR-16,2025-11-26T11:10:57Z,43,60,pass,Yarrow Ravenscroft
BRW-07372,POT-0107,SHP-04,CDR-06,2025-11-18 05:00:16,57,63,pass,Vesper Emberwhisk
BRW-07373,POT-0001,SHP-06,CDR-16,2024-12-12 09:58:28,21,110,pass,Delphine Mossheart
BRW-07374,POT-0053,SHP-11,CDR-34,2025-08-23 10:21:46,35,101,pass,Grizelda Duskwater
BRW-07375,POT-0050,SHP-13,CDR-35,2025-04-19 06:06:21,46,178,pass,Cassia Winterbourne
BRW-07376,POT-0032,SHP-15,CDR-09,2025-08-09 09:19:14,17,119,pass,Kestrel Foxglove
BRW-07377,POT-0008,SHP-09,CDR-36,2026-02-15T10:38:08Z,28,61,pass,Delphine Zellandine
BRW-07378,POT-0108,SHP-10,CDR-22,2024-07-20 10:30:05,16,78,pass,Belladonna Jackdaw
BRW-07379,POT-0041,SHP-14,CDR-13,2024-05-06 09:28:50,35,159,pass,Cassia Everbright
BRW-07380,POT-0049,SHP-03,CDR-39,2024-06-04T10:13:33Z,43,99,pass,Ambrose Fernwhistle
BRW-07381,POT-0030,SHP-01,CDR-07,2026-05-23 05:02:23,13,78,pass,Delphine Mossheart
BRW-07382,POT-0036,SHP-12,CDR-19,2025-12-05T10:28:37Z,14,90,fail,Grizelda Duskwater
BRW-07383,POT-0101,SHP-07,CDR-09,2025-09-20T07:40:05Z,27,179,pass,Umbra Thistledown
BRW-07384,POT-0060,SHP-07,CDR-05,2026-05-06T07:27:00Z,42,171,pass,Ambrose Winterbourne
BRW-07385,POT-0101,SHP-05,CDR-15,2026-06-03T07:21:43Z,22,150,pass,Caspian Thistledown
BRW-07386,POT-0085,SHP-14,CDR-03,2026-01-08T09:17:42Z,26,146,Pass,Dorian Mistlethorn
BRW-07387,POT-0074,SHP-11,CDR-24,2026-05-02T11:41:22Z,27,124,PASS,Thaddeus Frostpetal
BRW-07388,POT-0038,SHP-10,CDR-03,2026-01-12 05:43:26,51,57,fail,Thaddeus Frostpetal
BRW-07389,POT-0102,SHP-08,CDR-24,2025-09-02 06:22:42,56,86,pass,Delphine Mossheart
BRW-07390,POT-0091,SHP-06,CDR-07,2025-12-23T05:23:42Z,28,50,pass,Delphine Zellandine
BRW-07391,POT-0007,SHP-10,CDR-11,2026-03-08T11:59:07Z,51,123,Fail,Maribel Netherfield
BRW-07392,POT-0053,SHP-01,CDR-25,2025-02-12 11:44:30,45,68,FAIL,Ambrose Winterbourne
BRW-07393,POT-0082,SHP-10,CDR-01,2026-01-26 09:05:48,59,57,Pass,Cassia Winterbourne
BRW-07394,POT-0008,SHP-07,CDR-35,2026-01-09 05:37:26,12,76,Fail,Dorian Mistlethorn
BRW-07395,POT-0043,SHP-09,CDR-35,2026-05-20T06:35:37Z,24,72,pass,Juniper Hollowbranch
BRW-07396,POT-0065,SHP-04,CDR-38,2024-08-12T05:42:46Z,16,38,pass,Gideon Thistledown
BRW-07397,POT-0016,SHP-06,CDR-34,2026-06-10T07:40:57Z,11,118,PASS,Lyra Winterbourne
BRW-07398,POT-0024,SHP-04,CDR-03,2026-05-22 06:23:56,11,127,pass,Hesper Cinderfell
BRW-07399,POT-0064,SHP-11,CDR-12,2025-04-01T10:25:22Z,43,95,pass,Umbra Thistledown
BRW-07400,POT-0045,SHP-13,CDR-21,2026-01-05T11:00:17Z,46,87,pass,Yarrow Ravenscroft
BRW-07401,POT-0066,SHP-13,CDR-34,2026-03-09T10:06:04Z,58,87,pass,Belladonna Jackdaw
BRW-07402,POT-0074,SHP-06,CDR-35,2026-06-08T11:56:28Z,25,86,pass,Ambrose Winterbourne
BRW-07403,POT-0026,SHP-06,CDR-03,2024-05-11T07:03:40Z,47,104,pass,Belladonna Jackdaw
BRW-07404,POT-0027,SHP-15,CDR-30,2025-03-18 09:06:28,34,122,pass,Delphine Mossheart
BRW-07405,POT-0041,SHP-03,CDR-25,2026-01-18T07:17:52Z,22,137,pass,Gideon Thistledown
BRW-07406,POT-0045,SHP-11,CDR-10,2025-06-17 06:31:45,41,27,pass,Caspian Thistledown
BRW-07407,POT-0018,SHP-06,CDR-22,2024-08-29T10:03:49Z,38,57,pass,Ambrose Fernwhistle
BRW-07408,POT-0079,SHP-13,CDR-18,2025-07-13 07:01:37,53,46,pass,Ambrose Winterbourne
BRW-07409,POT-0108,SHP-10,CDR-12,2025-06-16T10:13:55Z,23,78,pass,Ambrose Winterbourne
BRW-07410,POT-0051,SHP-02,CDR-36,2024-08-10T09:32:18Z,57,46,Pass,Cassia Winterbourne
BRW-07411,POT-0079,SHP-08,CDR-02,2024-07-31T11:10:07Z,47,76,pass,Grizelda Duskwater
BRW-07412,POT-0042,SHP-08,CDR-29,2025-10-05T07:07:11Z,22,97,pass,Grizelda Kilnworth
BRW-07413,POT-0046,SHP-06,CDR-38,2026-06-13 07:22:55,43,34,pass,Grizelda Duskwater
BRW-07414,POT-0102,SHP-13,CDR-16,2025-05-02T11:01:15Z,56,72,pass,Cassia Everbright
BRW-07415,POT-0085,SHP-10,CDR-33,2025-03-30T08:28:59Z,13,129,PASS,Morwenna Wandwright
BRW-07416,POT-0059,SHP-04,CDR-33,2026-03-24T05:05:46Z,44,113,pass,Delphine Mossheart
BRW-07417,POT-0082,SHP-03,CDR-31,2025-10-28 11:10:23,15,70,pass,Yarrow Ravenscroft
BRW-07418,POT-0087,SHP-13,CDR-20,2026-05-26T06:04:23Z,36,23,pass,Delphine Zellandine
BRW-07419,POT-0091,SHP-10,CDR-02,2025-02-23T05:50:40Z,12,16,pass,Wendeline Ashgrove
BRW-07420,POT-0031,SHP-12,CDR-24,2026-06-28T11:50:20Z,50,38,Pass,Maribel Netherfield
BRW-07421,POT-0104,SHP-06,CDR-03,2024-05-23 09:44:07,59,156,pass,Ambrose Fernwhistle
BRW-07422,POT-0021,SHP-14,CDR-08,2026-06-07 07:11:43,13,58,pass,Gideon Moonbrook
BRW-07423,POT-0084,SHP-03,CDR-26,2025-10-28 09:24:24,42,96,pass,Zephyrine Zellandine
BRW-07424,POT-0073,SHP-05,CDR-05,2024-07-05 06:01:28,27,15,Pass,Grizelda Duskwater
BRW-07425,POT-0030,SHP-03,CDR-03,2025-11-09 09:02:41,30,46,pass,Grizelda Kilnworth
BRW-07426,POT-0026,SHP-05,CDR-19,2026-01-13 10:40:10,36,149,fail,Hesper Foxglove
BRW-07427,POT-0030,SHP-04,CDR-31,2025-10-08T05:45:08Z,46,73,pass,Grizelda Duskwater
BRW-07428,POT-0024,SHP-12,CDR-19,2024-09-26 10:48:10,12,131,pass,Oswin Wyrmwood
BRW-07429,POT-0072,SHP-02,CDR-27,2025-10-21T06:11:30Z,16,99,Pass,Juniper Hollowbranch
BRW-07430,POT-0037,SHP-12,CDR-18,2026-05-08T05:42:26Z,27,88,PASS,Juniper Hollowbranch
BRW-07431,POT-0039,SHP-12,CDR-31,2025-08-17T08:33:28Z,20,144,Pass,Grizelda Duskwater
BRW-07432,POT-0101,SHP-03,CDR-06,2025-01-06T05:19:44Z,49,133,pass,Lyra Winterbourne
BRW-07433,POT-0084,SHP-05,CDR-25,2025-03-16 06:25:06,19,118,pass,Nimbus Glimmerstone
BRW-07434,POT-0118,SHP-13,CDR-05,2026-04-10 11:54:07,32,65,Pass,Belladonna Jackdaw
BRW-07435,POT-0008,SHP-07,CDR-39,2026-02-01T10:24:39Z,52,72,pass,Hesper Foxglove
BRW-07436,POT-0058,SHP-13,CDR-06,2025-04-18T06:10:28Z,43,120,PASS,Kestrel Foxglove
BRW-07437,POT-0101,SHP-07,CDR-06,2025-03-16T08:16:54Z,21,173,Pass,Wendeline Ashgrove
BRW-07438,POT-0020,SHP-05,CDR-07,2025-05-09T09:45:18Z,18,93,fail,Dorian Glimmerstone
BRW-07439,POT-0006,SHP-13,CDR-28,2026-06-20 10:30:07,44,121,pass,Nimbus Glimmerstone
BRW-07440,POT-0068,SHP-12,CDR-40,2025-02-18 10:11:57,12,62,pass,Gideon Thistledown
BRW-07441,POT-0094,SHP-09,CDR-11,2024-12-23T11:18:58Z,56,130,pass,Belladonna Jackdaw
BRW-07442,POT-0004,SHP-04,CDR-20,2026-01-08 09:54:08,54,122,Pass,Umbra Thistledown
BRW-07443,POT-0104,SHP-12,CDR-33,2026-01-01 09:56:07,36,167,Pass,Morwenna Wandwright
BRW-07444,POT-0036,SHP-11,CDR-35,2026-06-02T07:09:22Z,25,82,pass,Gideon Moonbrook
BRW-07445,POT-0038,SHP-15,CDR-02,2026-06-06T11:51:16Z,11,54,pass,Zephyrine Zellandine
BRW-07446,POT-0114,SHP-15,CDR-34,2026-04-24T11:00:06Z,30,77,pass,Ambrose Winterbourne
BRW-07447,POT-0024,SHP-01,CDR-40,2026-03-01T07:32:18Z,38,115,pass,Ambrose Fernwhistle
BRW-07448,POT-0035,SHP-13,CDR-28,2024-12-03 08:08:07,26,72,Pass,Zephyrine Zellandine
BRW-07449,POT-0055,SHP-15,CDR-13,2026-01-22 09:37:53,30,93,pass,Grizelda Kilnworth
BRW-07450,POT-0054,SHP-02,CDR-18,2026-02-12T05:39:41Z,47,29,pass,Wendeline Ashgrove
BRW-07451,POT-0057,SHP-01,CDR-28,2025-07-02T10:11:22Z,10,61,Pass,Oswin Wyrmwood
BRW-07452,POT-0040,SHP-11,CDR-15,2025-10-10T07:01:05Z,45,24,pass,Ambrose Winterbourne
BRW-07453,POT-0051,SHP-15,CDR-36,2025-04-06T10:26:55Z,58,36,pass,Juniper Hollowbranch
BRW-07454,POT-0035,SHP-06,CDR-35,2024-12-03T07:14:43Z,13,74,PASS,Hesper Foxglove
BRW-07455,POT-0037,SHP-11,CDR-03,2026-04-12T11:03:15Z,60,91,pass,Zephyrine Zellandine
BRW-07456,POT-0019,SHP-05,CDR-35,2025-05-30T07:03:33Z,50,82,pass,Nimbus Glimmerstone
BRW-07457,POT-0016,SHP-06,CDR-07,2026-06-10 08:52:44,23,116,pass,Grizelda Kilnworth
BRW-07458,POT-0017,SHP-06,CDR-30,2025-07-17 11:50:21,21,163,pass,Nimbus Glimmerstone
BRW-07459,POT-0075,SHP-02,CDR-14,2024-07-08 11:33:01,19,147,Pass,Thaddeus Frostpetal
BRW-07460,POT-0115,SHP-11,CDR-13,2025-09-16 11:38:23,14,110,pass,Oswin Wyrmwood
BRW-07461,POT-0075,SHP-11,CDR-20,2026-03-21T05:20:16Z,43,129,FAIL,Delphine Mossheart
BRW-07462,POT-0089,SHP-03,CDR-12,2024-05-23 05:56:44,36,98,Pass,Hesper Cinderfell
BRW-07463,POT-0031,SHP-14,CDR-03,2025-11-09 05:20:48,31,69,pass,Kestrel Foxglove
BRW-07464,POT-0105,SHP-13,CDR-06,2025-11-27 10:20:14,24,165,Pass,Cassia Everbright
BRW-07465,POT-0032,SHP-01,CDR-20,2025-05-07T06:08:46Z,60,141,pass,Cassia Everbright
BRW-07466,POT-0113,SHP-03,CDR-31,2025-01-20 08:23:00,15,133,Pass,Delphine Zellandine
BRW-07467,POT-0091,SHP-05,CDR-34,2024-12-17T07:13:18Z,26,43,pass,Grizelda Duskwater
BRW-07468,POT-0048,SHP-03,CDR-18,2025-08-17 06:17:07,57,112,pass,Cassia Everbright
BRW-07469,POT-0040,SHP-07,CDR-04,2025-08-01 09:17:07,59,47,Pass,Vesper Emberwhisk
BRW-07470,POT-0115,SHP-10,CDR-16,2024-10-26T10:22:00Z,44,116,pass,Hesper Foxglove
BRW-07471,POT-0013,SHP-11,CDR-16,2025-09-22T08:17:32Z,52,112,pass,Oswin Wyrmwood
BRW-07472,POT-0022,SHP-05,CDR-30,2024-08-14T07:57:40Z,29,96,pass,Maribel Netherfield
BRW-07473,POT-0076,SHP-13,CDR-25,2026-05-11 07:49:21,11,26,pass,Gideon Thistledown
BRW-07474,POT-0037,SHP-05,CDR-05,2026-04-29 07:41:21,56,79,pass,Thaddeus Frostpetal
BRW-07475,POT-0015,SHP-03,CDR-25,2026-02-11T06:23:25Z,15,92,fail,Hesper Foxglove
BRW-07476,POT-0016,SHP-13,CDR-34,2026-04-19 10:57:12,31,87,pass,Yarrow Ravenscroft
BRW-07477,POT-0118,SHP-13,CDR-09,2026-05-15T08:41:55Z,25,74,fail,Nimbus Glimmerstone
BRW-07478,POT-0048,SHP-09,CDR-36,2026-02-17 10:25:11,29,107,pass,Wendeline Ashgrove
BRW-07479,POT-0005,SHP-03,CDR-20,2025-12-05T06:03:12Z,42,56,pass,Caspian Thistledown
BRW-07480,POT-0002,SHP-11,CDR-26,2024-12-19T05:43:22Z,15,79,pass,Vesper Emberwhisk
BRW-07481,POT-0094,SHP-12,CDR-09,2025-12-31T08:45:58Z,37,116,pass,Ambrose Winterbourne
BRW-07482,POT-0098,SHP-04,CDR-11,2026-06-27T08:05:35Z,52,109,pass,Lyra Winterbourne
BRW-07483,POT-0059,SHP-07,CDR-29,2026-05-03T08:37:18Z,17,111,pass,Wendeline Ashgrove
BRW-07484,POT-0021,SHP-11,CDR-31,2025-07-26T05:01:55Z,47,83,pass,Zephyrine Zellandine
BRW-07485,POT-0003,SHP-09,CDR-37,2025-06-25 05:13:17,26,55,Pass,Cassia Winterbourne
BRW-07486,POT-0093,SHP-07,CDR-28,2025-12-24 06:36:36,23,121,pass,Dorian Mistlethorn
BRW-07487,POT-0103,SHP-12,CDR-15,2025-06-16 09:56:07,48,102,PASS,Hesper Foxglove
BRW-07488,POT-0066,SHP-13,CDR-13,2025-11-21 05:26:02,60,115,pass,Dorian Mistlethorn
BRW-07489,POT-0063,SHP-13,CDR-32,2026-06-04T08:13:49Z,34,77,pass,Cassia Winterbourne
BRW-07490,POT-0117,SHP-05,CDR-29,2026-04-21 09:53:09,56,39,Pass,Delphine Zellandine
BRW-07491,POT-0002,SHP-11,CDR-15,2025-08-23 09:54:20,42,81,PASS,Hesper Foxglove
BRW-07492,POT-0090,SHP-07,CDR-40,2026-04-24T09:11:23Z,40,78,pass,Zephyrine Zellandine
BRW-07493,POT-0116,SHP-04,CDR-16,2024-12-23 08:04:00,12,95,pass,Hesper Cinderfell
BRW-07494,POT-0102,SHP-14,CDR-17,2025-06-07 09:16:12,27,72,Pass,Nimbus Glimmerstone
BRW-07495,POT-0031,SHP-12,CDR-04,2025-10-11T11:16:13Z,25,43,Pass,Grizelda Kilnworth
BRW-07496,POT-0045,SHP-06,CDR-11,2024-05-09T05:23:23Z,50,62,fail,Vesper Emberwhisk
BRW-07497,POT-0104,SHP-02,CDR-09,2025-06-07T10:23:41Z,37,147,Fail,Gideon Thistledown
BRW-07498,POT-0028,SHP-13,CDR-29,2026-04-14 05:32:07,58,67,PASS,Juniper Hollowbranch
BRW-07499,POT-0014,SHP-10,CDR-03,2025-04-19T10:50:12Z,20,68,pass,Umbra Thistledown
BRW-07500,POT-0082,SHP-14,CDR-40,2025-04-10T10:18:35Z,48,38,pass,Morwenna Wandwright
BRW-07501,POT-0044,SHP-03,CDR-07,2024-05-27 10:41:01,48,60,pass,Oleander Ravenscroft
BRW-07502,POT-0080,SHP-15,CDR-10,2025-06-01T11:33:47Z,34,126,pass,Grizelda Kilnworth
BRW-07503,POT-0065,SHP-09,CDR-24,2025-04-12T10:30:05Z,17,18,Pass,Cassia Winterbourne
BRW-07504,POT-0116,SHP-08,CDR-18,2024-10-08 06:17:54,26,117,PASS,Oswin Wyrmwood
BRW-07505,POT-0001,SHP-01,CDR-25,2025-11-18T05:52:05Z,30,70,pass,Zephyrine Zellandine
BRW-07506,POT-0118,SHP-08,CDR-16,2026-04-06T06:10:41Z,59,77,Pass,Kestrel Foxglove
BRW-07507,POT-0082,SHP-15,CDR-04,2025-03-07T10:15:00Z,53,37,PASS,Ambrose Fernwhistle
BRW-07508,POT-0118,SHP-09,CDR-07,2026-04-11T08:29:21Z,42,77,Fail,Cassia Winterbourne
BRW-07509,POT-0049,SHP-04,CDR-01,2024-09-13T09:11:12Z,52,112,pass,Ambrose Fernwhistle
BRW-07510,POT-0024,SHP-06,CDR-01,2024-06-30T11:30:05Z,31,131,Pass,Thaddeus Frostpetal
BRW-07511,POT-0084,SHP-15,CDR-09,2025-09-02 07:44:04,22,83,PASS,Caspian Thistledown
BRW-07512,POT-0024,SHP-12,CDR-09,2025-02-27 07:30:23,60,132,pass,Delphine Zellandine
BRW-07513,POT-0009,SHP-04,CDR-31,2025-01-25T09:36:58Z,17,76,pass,Umbra Thistledown
BRW-07514,POT-0042,SHP-12,CDR-34,2024-07-11T09:01:35Z,30,103,pass,Cassia Everbright
BRW-07515,POT-0111,SHP-04,CDR-31,2026-03-29T05:56:11Z,12,75,Pass,Cassia Winterbourne
BRW-07516,POT-0103,SHP-01,CDR-10,2024-12-22 06:52:03,34,103,pass,Caspian Thistledown
BRW-07517,POT-0094,SHP-03,CDR-35,2026-01-25T11:27:50Z,12,109,pass,Maribel Netherfield
BRW-07518,POT-0042,SHP-03,CDR-31,2025-03-30T07:31:56Z,43,106,pass,Lyra Winterbourne
BRW-07519,POT-0068,SHP-11,CDR-02,2025-08-16 10:27:38,24,58,Pass,Delphine Zellandine
BRW-07520,POT-0008,SHP-10,CDR-27,2026-02-07T05:25:43Z,31,69,pass,Thaddeus Frostpetal
BRW-07521,POT-0042,SHP-09,CDR-22,2025-05-15 08:18:25,10,125,pass,Juniper Hollowbranch
BRW-07522,POT-0031,SHP-01,CDR-15,2026-01-28 06:37:17,24,54,pass,Dorian Mistlethorn
BRW-07523,POT-0119,SHP-10,CDR-05,2024-06-27T07:06:26Z,40,104,Pass,Delphine Mossheart
BRW-07524,POT-0104,SHP-11,CDR-29,2025-12-06T06:26:12Z,55,128,pass,Morwenna Wandwright
BRW-07525,POT-0040,SHP-04,CDR-11,2025-04-27 05:58:01,22,28,fail,Cassia Everbright
BRW-07526,POT-0117,SHP-10,CDR-24,2025-01-14 06:01:36,57,28,Pass,Gideon Moonbrook
BRW-07527,POT-0092,SHP-05,CDR-13,2025-12-03T05:04:18Z,14,83,pass,Grizelda Kilnworth
BRW-07528,POT-0061,SHP-09,CDR-35,2025-09-05T10:53:00Z,27,80,pass,Juniper Hollowbranch
BRW-07529,POT-0009,SHP-05,CDR-30,2026-05-06 11:35:06,22,79,Pass,Kestrel Foxglove
BRW-07530,POT-0065,SHP-08,CDR-08,2025-10-06 06:26:04,26,51,PASS,Dorian Glimmerstone
BRW-07531,POT-0040,SHP-09,CDR-13,2026-02-16T08:55:06Z,19,40,pass,Delphine Zellandine
BRW-07532,POT-0002,SHP-15,CDR-08,2025-02-22 06:17:31,59,78,PASS,Delphine Mossheart
BRW-07533,POT-0031,SHP-07,CDR-25,2026-02-19 06:35:53,25,55,pass,Delphine Zellandine
BRW-07534,POT-0030,SHP-04,CDR-23,2025-07-27 07:50:32,12,68,Pass,Wendeline Ashgrove
BRW-07535,POT-0075,SHP-14,CDR-29,2024-06-21T06:43:41Z,11,145,fail,Ambrose Winterbourne
BRW-07536,POT-0108,SHP-09,CDR-04,2026-04-26T05:54:36Z,51,61,pass,Oleander Ravenscroft
BRW-07537,POT-0090,SHP-08,CDR-11,2025-03-25 08:14:08,48,105,pass,Maribel Netherfield
BRW-07538,POT-0040,SHP-04,CDR-36,2026-01-08 05:26:46,36,53,Pass,Maribel Netherfield
BRW-07539,POT-0044,SHP-10,CDR-11,2026-05-11T06:46:59Z,10,30,PASS,Dorian Glimmerstone
BRW-07540,POT-0091,SHP-13,CDR-33,2026-02-23 05:51:53,27,,pass,Maribel Netherfield
BRW-07541,POT-0021,SHP-09,CDR-06,2024-07-17T09:57:30Z,10,110,pass,Gideon Moonbrook
BRW-07542,POT-0085,SHP-04,CDR-29,2024-08-24 10:58:12,19,127,pass,Umbra Thistledown
BRW-07543,POT-0042,SHP-09,CDR-39,2024-06-09T06:22:15Z,24,95,Pass,Hesper Foxglove
BRW-07544,POT-0005,SHP-09,CDR-26,2025-02-01 10:48:18,43,43,PASS,Belladonna Jackdaw
BRW-07545,POT-0101,SHP-12,CDR-07,2026-02-06 05:25:09,33,160,Pass,Gideon Moonbrook
BRW-07546,POT-0102,SHP-08,CDR-34,2025-05-10 10:46:18,58,51,Pass,Ambrose Fernwhistle
BRW-07547,POT-0036,SHP-13,CDR-10,2024-12-09T05:14:20Z,48,101,pass,Gideon Moonbrook
BRW-07548,POT-0108,SHP-02,CDR-19,2024-08-20 08:53:15,14,39,pass,Grizelda Kilnworth
BRW-07549,POT-0109,SHP-06,CDR-12,2025-01-21T08:23:58Z,42,158,pass,Maribel Netherfield
BRW-07550,POT-0008,SHP-03,CDR-25,2026-03-04T10:26:34Z,29,70,pass,Hesper Foxglove
BRW-07551,POT-0098,SHP-06,CDR-06,2025-06-28 06:22:17,26,114,Pass,Gideon Thistledown
BRW-07552,POT-0016,SHP-14,CDR-01,2026-03-04 07:57:39,52,109,Pass,Cassia Winterbourne
BRW-07553,POT-0021,SHP-12,CDR-28,2024-12-17T05:16:47Z,30,,fail,Vesper Emberwhisk
BRW-07554,POT-0048,SHP-14,CDR-01,2025-12-10 11:45:06,23,92,PASS,Gideon Moonbrook
BRW-07555,POT-0063,SHP-05,CDR-29,2024-12-25T05:34:51Z,36,52,pass,Dorian Mistlethorn
BRW-07556,POT-0070,SHP-08,CDR-02,2025-08-05T09:44:59Z,55,167,pass,Dorian Glimmerstone
BRW-07557,POT-0045,SHP-11,CDR-31,2025-06-19T08:17:56Z,26,58,pass,Thaddeus Frostpetal
BRW-07558,POT-0101,SHP-09,CDR-36,2024-11-25 10:10:06,31,136,pass,Dorian Glimmerstone
BRW-07559,POT-0117,SHP-01,CDR-17,2024-09-08T10:07:59Z,54,83,FAIL,Wendeline Ashgrove
BRW-07560,POT-0104,SHP-05,CDR-39,2025-11-10T07:14:58Z,14,132,pass,Gideon Moonbrook
BRW-07561,POT-0081,SHP-02,CDR-03,2024-07-14T11:08:54Z,33,94,pass,Oleander Ravenscroft
BRW-07562,POT-0054,SHP-14,CDR-11,2026-03-07T05:13:05Z,57,38,Pass,Hesper Cinderfell
BRW-07563,POT-0100,SHP-01,CDR-34,2025-07-11T11:15:28Z,55,86,pass,Ambrose Winterbourne
BRW-07564,POT-0025,SHP-03,CDR-24,2025-02-17T10:01:36Z,55,19,Pass,Umbra Thistledown
BRW-07565,POT-0012,SHP-08,CDR-29,2024-09-10 08:15:58,10,83,pass,Maribel Netherfield
BRW-07566,POT-0025,SHP-06,CDR-16,2024-05-06T08:21:01Z,16,54,pass,Ambrose Winterbourne
BRW-07567,POT-0071,SHP-04,CDR-21,2026-03-22 08:51:55,60,74,FAIL,Gideon Thistledown
BRW-07568,POT-0049,SHP-04,CDR-01,2024-10-29T05:06:42Z,11,133,Pass,Hesper Cinderfell
BRW-07569,POT-0028,SHP-02,CDR-30,2026-05-22T08:33:14Z,50,60,pass,Dorian Glimmerstone
BRW-07570,POT-0111,SHP-02,CDR-34,2026-03-29 08:24:06,45,58,pass,Grizelda Duskwater
BRW-07571,POT-0095,SHP-03,CDR-23,2025-12-14 05:54:20,13,162,fail,Yarrow Ravenscroft
BRW-07572,POT-0051,SHP-10,CDR-33,2025-02-19T05:28:35Z,56,25,Pass,Grizelda Duskwater
BRW-07573,POT-0064,SHP-05,CDR-33,2025-01-12 07:01:13,43,133,pass,Gideon Moonbrook
BRW-07574,POT-0071,SHP-13,CDR-10,2024-11-11T11:26:44Z,26,67,pass,Vesper Emberwhisk
BRW-07575,POT-0076,SHP-06,CDR-39,2025-12-10 10:01:51,34,46,pass,Juniper Hollowbranch
BRW-07576,POT-0118,SHP-09,CDR-07,2026-05-13T05:08:35Z,14,22,pass,Wendeline Ashgrove
BRW-07577,POT-0042,SHP-08,CDR-12,2025-05-23T05:50:06Z,31,108,Pass,Dorian Mistlethorn
BRW-07578,POT-0025,SHP-07,CDR-05,2025-01-25T11:38:24Z,30,51,pass,Vesper Emberwhisk
BRW-07579,POT-0064,SHP-12,CDR-28,2025-09-21T11:35:23Z,56,112,pass,Dorian Glimmerstone
BRW-07580,POT-0025,SHP-10,CDR-01,2024-06-26T08:14:35Z,14,69,pass,Grizelda Kilnworth
BRW-07581,POT-0111,SHP-10,CDR-16,2026-05-05T10:09:57Z,59,75,pass,Cassia Winterbourne
BRW-07582,POT-0044,SHP-14,CDR-35,2024-06-24T10:10:49Z,32,74,Pass,Gideon Moonbrook
BRW-07583,POT-0062,SHP-03,CDR-05,2024-10-16T10:40:13Z,30,178,pass,Belladonna Jackdaw
BRW-07584,POT-0030,SHP-07,CDR-40,2025-10-19T07:37:23Z,27,93,pass,Maribel Netherfield
BRW-07585,POT-0002,SHP-14,CDR-12,2025-07-15 09:57:30,53,70,pass,Dorian Glimmerstone
BRW-07586,POT-0040,SHP-10,CDR-12,2025-08-18 09:50:54,21,48,Fail,Hesper Cinderfell
BRW-07587,POT-0046,SHP-06,CDR-05,2024-10-23 11:48:46,51,54,pass,Grizelda Kilnworth
BRW-07588,POT-0042,SHP-05,CDR-12,2024-11-02 07:18:56,26,75,pass,Delphine Zellandine
BRW-07589,POT-0097,SHP-03,CDR-22,2026-01-15T05:56:05Z,22,132,pass,Ambrose Winterbourne
BRW-07590,POT-0052,SHP-05,CDR-08,2025-04-28 09:57:10,34,61,pass,Delphine Zellandine
BRW-07591,POT-0078,SHP-06,CDR-34,2026-01-03 08:01:33,41,90,fail,Yarrow Ravenscroft
BRW-07592,POT-0027,SHP-02,CDR-06,2025-12-05T09:24:24Z,33,110,pass,Yarrow Ravenscroft
BRW-07593,POT-0011,SHP-01,CDR-09,2026-06-18 11:10:15,17,120,pass,Kestrel Foxglove
BRW-07594,POT-0051,SHP-07,CDR-21,2025-10-20T09:33:40Z,41,,pass,Nimbus Glimmerstone
BRW-07595,POT-0009,SHP-06,CDR-05,2026-05-10T06:43:17Z,35,80,pass,Delphine Mossheart
BRW-07596,POT-0120,SHP-10,CDR-24,2025-06-30T05:31:24Z,23,76,Pass,Grizelda Duskwater
BRW-07597,POT-0039,SHP-06,CDR-25,2026-04-08T10:44:56Z,55,130,pass,Nimbus Glimmerstone
BRW-07598,POT-0021,SHP-04,CDR-07,2026-04-28T07:30:54Z,24,88,Fail,Lyra Winterbourne
BRW-07599,POT-0058,SHP-12,CDR-22,2025-03-07T08:48:49Z,32,118,pass,Caspian Thistledown
BRW-07600,POT-0034,SHP-11,CDR-38,2024-10-23T05:23:36Z,30,122,Pass,Umbra Thistledown
BRW-07601,POT-0072,SHP-09,CDR-33,2024-08-14 06:04:55,32,113,Pass,Grizelda Duskwater
BRW-07602,POT-0024,SHP-07,CDR-31,2026-01-01 10:41:31,20,120,Pass,Caspian Thistledown
BRW-07603,POT-0074,SHP-03,CDR-36,2026-06-08T07:22:12Z,14,113,Pass,Gideon Thistledown
BRW-07604,POT-0064,SHP-11,CDR-35,2026-06-30T06:50:56Z,21,94,pass,Grizelda Duskwater
BRW-07605,POT-0065,SHP-14,CDR-31,2025-12-22T07:23:47Z,22,60,Pass,Delphine Zellandine
BRW-07606,POT-0044,SHP-10,CDR-15,2025-11-11T10:08:10Z,23,47,PASS,Morwenna Wandwright
BRW-07607,POT-0036,SHP-15,CDR-25,2025-02-27T11:14:07Z,37,104,Pass,Nimbus Glimmerstone
BRW-07608,POT-0111,SHP-07,CDR-34,2026-02-26T06:13:49Z,54,65,PASS,Dorian Mistlethorn
BRW-07609,POT-0021,SHP-08,CDR-10,2025-05-03T05:17:47Z,43,68,PASS,Oleander Ravenscroft
BRW-07610,POT-0010,SHP-09,CDR-16,2026-05-05T07:24:49Z,58,100,pass,Yarrow Ravenscroft
BRW-07611,POT-0007,SHP-06,CDR-03,2026-01-02T06:54:29Z,21,157,Pass,Cassia Everbright
BRW-07612,POT-0086,SHP-05,CDR-14,2025-12-19 05:14:24,12,95,pass,Caspian Thistledown
BRW-07613,POT-0003,SHP-14,CDR-31,2026-04-11T08:52:54Z,44,37,pass,Ambrose Fernwhistle
BRW-07614,POT-0030,SHP-15,CDR-26,2025-12-20 07:34:20,35,63,fail,Morwenna Wandwright
BRW-07615,POT-0028,SHP-11,CDR-14,2026-03-20 06:55:01,37,62,pass,Dorian Glimmerstone
BRW-07616,POT-0042,SHP-14,CDR-27,2024-10-13 05:36:48,58,97,pass,Morwenna Wandwright
BRW-07617,POT-0011,SHP-09,CDR-32,2025-08-31T11:07:57Z,22,132,fail,Hesper Foxglove
BRW-07618,POT-0020,SHP-10,CDR-07,2025-12-10T10:39:03Z,53,133,pass,Gideon Thistledown
BRW-07619,POT-0060,SHP-07,CDR-08,2026-04-21 05:29:45,12,189,pass,Maribel Netherfield
BRW-07620,POT-0048,SHP-05,CDR-07,2025-06-26T09:08:26Z,52,99,pass,Kestrel Foxglove
BRW-07621,POT-0050,SHP-12,CDR-25,2025-11-21 10:22:58,50,,pass,Dorian Mistlethorn
BRW-07622,POT-0046,SHP-01,CDR-05,2026-04-19T11:19:16Z,60,50,pass,Zephyrine Zellandine
BRW-07623,POT-0074,SHP-01,CDR-26,2026-04-13 10:32:22,55,113,pass,Cassia Winterbourne
BRW-07624,POT-0025,SHP-07,CDR-02,2025-03-17 11:17:48,21,52,fail,Maribel Netherfield
BRW-07625,POT-0109,SHP-09,CDR-25,2026-06-06 08:02:37,60,127,pass,Lyra Winterbourne
BRW-07626,POT-0042,SHP-14,CDR-03,2025-09-26T10:49:24Z,39,115,pass,Nimbus Glimmerstone
BRW-07627,POT-0106,SHP-08,CDR-24,2025-07-05T08:35:02Z,53,76,pass,Grizelda Duskwater
BRW-07628,POT-0040,SHP-10,CDR-29,2026-01-09T05:29:40Z,56,30,fail,Dorian Glimmerstone
BRW-07629,POT-0097,SHP-13,CDR-28,2026-06-05T09:03:00Z,49,145,Pass,Yarrow Ravenscroft
BRW-07630,POT-0079,SHP-10,CDR-38,2025-07-04T07:56:44Z,40,62,pass,Delphine Mossheart
BRW-07631,POT-0033,SHP-06,CDR-10,2025-11-08 07:13:39,37,89,pass,Caspian Thistledown
BRW-07632,POT-0009,SHP-04,CDR-21,2026-03-09T08:34:37Z,59,84,pass,Thaddeus Frostpetal
BRW-07633,POT-0079,SHP-14,CDR-38,2026-04-26T08:53:40Z,23,72,PASS,Maribel Netherfield
BRW-07634,POT-0041,SHP-06,CDR-05,2025-02-01T10:37:20Z,16,142,pass,Ambrose Winterbourne
BRW-07635,POT-0085,SHP-07,CDR-30,2026-04-29T07:58:38Z,39,107,pass,Umbra Thistledown
BRW-07636,POT-0065,SHP-04,CDR-17,2026-03-28T05:25:42Z,38,68,Pass,Belladonna Jackdaw
BRW-07637,POT-0018,SHP-10,CDR-28,2025-07-08 05:12:59,45,62,pass,Delphine Zellandine
BRW-07638,POT-0082,SHP-15,CDR-29,2025-06-23 08:57:55,11,69,PASS,Cassia Winterbourne
BRW-07639,POT-0036,SHP-13,CDR-30,2024-11-28 06:27:35,23,82,pass,Nimbus Glimmerstone
BRW-07640,POT-0068,SHP-14,CDR-22,2025-04-07T07:45:08Z,56,77,pass,Dorian Mistlethorn
BRW-07641,POT-0041,SHP-15,CDR-04,2025-08-08T09:56:26Z,13,142,PASS,Nimbus Glimmerstone
BRW-07642,POT-0082,SHP-12,CDR-14,2026-01-21T06:11:54Z,30,68,pass,Gideon Thistledown
BRW-07643,POT-0049,SHP-07,CDR-28,2025-04-01 10:54:28,34,160,pass,Cassia Winterbourne
BRW-07644,POT-0059,SHP-14,CDR-22,2026-04-17T10:28:26Z,26,114,pass,Oswin Wyrmwood
BRW-07645,POT-0007,SHP-02,CDR-16,2025-09-20T08:33:13Z,55,,pass,Ambrose Fernwhistle
BRW-07646,POT-0055,SHP-08,CDR-36,2026-06-06T07:26:45Z,22,120,pass,Kestrel Foxglove
BRW-07647,POT-0064,SHP-09,CDR-32,2025-06-14T05:56:46Z,30,110,pass,Lyra Winterbourne
BRW-07648,POT-0022,SHP-14,CDR-10,2025-10-05 11:29:38,23,71,pass,Gideon Thistledown
BRW-07649,POT-0103,SHP-12,CDR-06,2024-08-20 05:56:09,54,104,Pass,Delphine Mossheart
BRW-07650,POT-0069,SHP-08,CDR-19,2024-07-03T11:27:58Z,28,151,Pass,Delphine Zellandine
BRW-07651,POT-0001,SHP-13,CDR-01,2025-11-06T11:21:26Z,20,116,pass,Kestrel Foxglove
BRW-07652,POT-0032,SHP-06,CDR-40,2026-04-08T05:40:26Z,56,97,pass,Nimbus Glimmerstone
BRW-07653,POT-0017,SHP-07,CDR-25,2026-05-18T11:52:25Z,56,145,pass,Oleander Ravenscroft
BRW-07654,POT-0032,SHP-14,CDR-19,2025-11-10T10:35:21Z,57,92,pass,Hesper Cinderfell
BRW-07655,POT-0103,SHP-03,CDR-05,2025-08-25 06:01:10,13,87,pass,Gideon Thistledown
BRW-07656,POT-0111,SHP-07,CDR-18,2026-05-09T11:07:08Z,28,55,pass,Cassia Everbright
BRW-07657,POT-0078,SHP-09,CDR-14,2025-02-21 11:03:47,15,96,pass,Grizelda Kilnworth
BRW-07658,POT-0059,SHP-03,CDR-21,2026-05-24T08:56:48Z,46,99,pass,Wendeline Ashgrove
BRW-07659,POT-0016,SHP-07,CDR-37,2026-04-21 08:06:26,22,130,pass,Grizelda Duskwater
BRW-07660,POT-0005,SHP-13,CDR-17,2025-10-02 08:07:25,54,37,pass,Vesper Emberwhisk
BRW-07661,POT-0114,SHP-02,CDR-18,2026-04-24T07:00:56Z,56,91,pass,Maribel Netherfield
BRW-07662,POT-0018,SHP-11,CDR-15,2025-05-15T10:34:28Z,27,54,PASS,Belladonna Jackdaw
BRW-07663,POT-0045,SHP-02,CDR-08,2024-10-23T07:22:17Z,50,93,Pass,Zephyrine Zellandine
BRW-07664,POT-0043,SHP-04,CDR-22,2025-10-27T06:48:35Z,31,25,PASS,Gideon Moonbrook
BRW-07665,POT-0019,SHP-14,CDR-36,2026-04-11T11:40:50Z,33,78,pass,Dorian Mistlethorn
BRW-07666,POT-0104,SHP-04,CDR-40,2025-10-17 09:03:44,13,177,pass,Zephyrine Zellandine
BRW-07667,POT-0031,SHP-12,CDR-35,2026-01-16T10:53:42Z,24,50,pass,Grizelda Duskwater
BRW-07668,POT-0111,SHP-03,CDR-31,2026-03-06 06:22:29,10,70,pass,Dorian Glimmerstone
BRW-07669,POT-0100,SHP-02,CDR-05,2024-05-29 06:14:01,13,80,pass,Cassia Winterbourne
BRW-07670,POT-0072,SHP-02,CDR-35,2025-10-13T09:41:48Z,19,89,PASS,Juniper Hollowbranch
BRW-07671,POT-0079,SHP-05,CDR-25,2025-11-11T05:04:31Z,39,80,pass,Caspian Thistledown
BRW-07672,POT-0042,SHP-11,CDR-03,2026-05-21T11:54:48Z,34,122,Pass,Dorian Mistlethorn
BRW-07673,POT-0040,SHP-07,CDR-09,2024-11-07T11:25:23Z,13,18,pass,Oleander Ravenscroft
BRW-07674,POT-0011,SHP-03,CDR-01,2026-01-05T11:19:34Z,48,121,pass,Belladonna Jackdaw
BRW-07675,POT-0006,SHP-03,CDR-36,2025-11-01T09:39:21Z,22,131,PASS,Dorian Glimmerstone
BRW-07676,POT-0040,SHP-12,CDR-32,2025-08-04T05:10:17Z,53,27,pass,Grizelda Kilnworth
BRW-07677,POT-0017,SHP-06,CDR-09,2025-04-18T11:18:03Z,42,149,pass,Ambrose Fernwhistle
BRW-07678,POT-0031,SHP-04,CDR-30,2026-03-29T08:01:53Z,16,36,Pass,Dorian Glimmerstone
BRW-07679,POT-0101,SHP-02,CDR-33,2024-12-02T08:05:29Z,23,142,Pass,Grizelda Duskwater
BRW-07680,POT-0003,SHP-07,CDR-35,2026-03-19T07:27:21Z,13,47,pass,Grizelda Kilnworth
BRW-07681,POT-0089,SHP-02,CDR-27,2024-07-27T10:28:50Z,60,124,fail,Oswin Wyrmwood
BRW-07682,POT-0084,SHP-05,CDR-08,2025-03-18T05:09:54Z,47,80,Fail,Kestrel Foxglove
BRW-07683,POT-0036,SHP-14,CDR-32,2025-10-29 05:32:23,39,96,PASS,Kestrel Foxglove
BRW-07684,POT-0104,SHP-06,CDR-34,2025-02-16T06:26:04Z,13,162,Pass,Wendeline Ashgrove
BRW-07685,POT-0091,SHP-15,CDR-29,2025-07-25T09:35:57Z,25,51,pass,Zephyrine Zellandine
BRW-07686,POT-0041,SHP-13,CDR-14,2024-12-17 11:59:10,58,138,pass,Delphine Zellandine
BRW-07687,POT-0009,SHP-11,CDR-37,2025-02-10T05:31:55Z,43,79,Pass,Zephyrine Zellandine
BRW-07688,POT-0100,SHP-13,CDR-20,2025-11-04 09:36:09,14,65,PASS,Morwenna Wandwright
BRW-07689,POT-0077,SHP-12,CDR-38,2026-06-16 05:51:14,14,98,Pass,Zephyrine Zellandine
BRW-07690,POT-0102,SHP-10,CDR-04,2025-08-01T07:00:18Z,22,48,Pass,Morwenna Wandwright
BRW-07691,POT-0014,SHP-10,CDR-01,2025-08-18 11:27:59,41,58,pass,Cassia Everbright
BRW-07692,POT-0019,SHP-04,CDR-32,2025-03-17T10:54:23Z,19,110,fail,Kestrel Foxglove
BRW-07693,POT-0119,SHP-07,CDR-39,2025-04-09T05:05:30Z,57,57,pass,Belladonna Jackdaw
BRW-07694,POT-0057,SHP-10,CDR-32,2026-05-13 06:28:26,32,78,pass,Thaddeus Frostpetal
BRW-07695,POT-0104,SHP-11,CDR-31,2025-03-13 10:17:56,55,140,pass,Ambrose Winterbourne
BRW-07696,POT-0012,SHP-06,CDR-16,2024-05-09T09:17:09Z,51,97,pass,Kestrel Foxglove
BRW-07697,POT-0033,SHP-01,CDR-33,2026-02-14T09:33:45Z,22,80,pass,Zephyrine Zellandine
BRW-07698,POT-0071,SHP-12,CDR-04,2025-10-05 09:21:09,34,68,PASS,Umbra Thistledown
BRW-07699,POT-0054,SHP-07,CDR-27,2026-02-17 10:11:13,30,64,pass,Umbra Thistledown
BRW-07700,POT-0063,SHP-09,CDR-09,2025-09-02T10:42:31Z,41,57,pass,Cassia Winterbourne
BRW-07701,POT-0085,SHP-08,CDR-26,2024-08-12T05:45:21Z,47,122,Pass,Ambrose Winterbourne
BRW-07702,POT-0076,SHP-02,CDR-32,2025-09-28T06:56:00Z,17,51,pass,Cassia Winterbourne
BRW-07703,POT-0058,SHP-03,CDR-02,2026-06-06T08:07:45Z,42,110,pass,Delphine Mossheart
BRW-07704,POT-0110,SHP-06,CDR-26,2025-04-09T07:45:14Z,19,119,pass,Cassia Winterbourne
BRW-07705,POT-0078,SHP-15,CDR-35,2025-06-06 06:43:11,44,88,pass,Yarrow Ravenscroft
BRW-07706,POT-0059,SHP-13,CDR-05,2026-05-02 10:15:48,44,107,pass,Grizelda Duskwater
BRW-07707,POT-0071,SHP-11,CDR-19,2025-05-01 08:53:44,12,80,pass,Ambrose Winterbourne
BRW-07708,POT-0011,SHP-05,CDR-34,2024-08-02T09:51:54Z,54,127,pass,Cassia Everbright
BRW-07709,POT-0088,SHP-13,CDR-20,2026-03-18 06:04:59,51,100,pass,Juniper Hollowbranch
BRW-07710,POT-0025,SHP-02,CDR-22,2024-08-12T11:23:36Z,60,62,fail,Nimbus Glimmerstone
BRW-07711,POT-0090,SHP-09,CDR-14,2024-07-12 07:51:25,28,84,pass,Dorian Mistlethorn
BRW-07712,POT-0114,SHP-03,CDR-40,2025-06-13T06:54:10Z,54,87,pass,Lyra Winterbourne
BRW-07713,POT-0038,SHP-14,CDR-03,2026-04-15T06:24:57Z,44,33,pass,Delphine Mossheart
BRW-07714,POT-0084,SHP-06,CDR-34,2024-08-09T07:32:59Z,43,96,pass,Maribel Netherfield
BRW-07715,POT-0099,SHP-14,CDR-26,2025-11-27 06:24:19,28,109,pass,Yarrow Ravenscroft
BRW-07716,POT-0092,SHP-14,CDR-15,2024-08-06 11:34:25,49,84,pass,Hesper Foxglove
BRW-07717,POT-0076,SHP-10,CDR-05,2025-09-12 05:21:13,44,15,pass,Cassia Everbright
BRW-07718,POT-0044,SHP-14,CDR-24,2026-02-20 10:03:50,46,34,pass,Grizelda Kilnworth
BRW-07719,POT-0114,SHP-12,CDR-11,2026-06-28 08:05:10,45,79,fail,Umbra Thistledown
BRW-07720,POT-0033,SHP-12,CDR-27,2026-01-14 07:02:13,15,71,pass,Cassia Winterbourne
BRW-07721,POT-0096,SHP-13,CDR-08,2025-08-26 05:35:33,13,150,pass,Ambrose Winterbourne
BRW-07722,POT-0113,SHP-02,CDR-28,2025-10-12T11:03:02Z,21,117,pass,Belladonna Jackdaw
BRW-07723,POT-0084,SHP-04,CDR-32,2024-06-25 07:59:37,25,111,pass,Gideon Moonbrook
BRW-07724,POT-0028,SHP-09,CDR-40,2026-05-03T11:11:25Z,41,66,pass,Juniper Hollowbranch
BRW-07725,POT-0112,SHP-03,CDR-25,2025-06-01T10:34:48Z,28,99,pass,Delphine Mossheart
BRW-07726,POT-0061,SHP-07,CDR-05,2025-11-01 09:22:49,32,105,Pass,Belladonna Jackdaw
BRW-07727,POT-0063,SHP-01,CDR-32,2026-03-17T08:37:29Z,44,46,pass,Umbra Thistledown
BRW-07728,POT-0112,SHP-08,CDR-14,2026-04-09T05:10:32Z,44,100,Pass,Zephyrine Zellandine
BRW-07729,POT-0093,SHP-05,CDR-33,2024-06-12T07:55:29Z,32,102,pass,Gideon Thistledown
BRW-07730,POT-0098,SHP-07,CDR-09,2026-04-10 11:16:59,28,84,pass,Thaddeus Frostpetal
BRW-07731,POT-0038,SHP-07,CDR-21,2025-07-06T05:18:48Z,46,64,pass,Caspian Thistledown
BRW-07732,POT-0048,SHP-01,CDR-25,2025-04-11T06:24:54Z,37,93,Fail,Yarrow Ravenscroft
BRW-07733,POT-0067,SHP-03,CDR-34,2025-11-11T09:25:27Z,34,35,pass,Grizelda Kilnworth
BRW-07734,POT-0087,SHP-13,CDR-23,2026-03-01 06:40:45,50,66,Fail,Nimbus Glimmerstone
BRW-07735,POT-0041,SHP-05,CDR-40,2025-10-04T06:18:51Z,23,152,pass,Maribel Netherfield
BRW-07736,POT-0024,SHP-04,CDR-26,2026-05-19T10:36:59Z,22,115,pass,Yarrow Ravenscroft
BRW-07737,POT-0079,SHP-13,CDR-32,2025-05-03T05:32:35Z,46,83,Pass,Thaddeus Frostpetal
BRW-07738,POT-0044,SHP-07,CDR-19,2025-11-16T05:48:35Z,25,95,PASS,Vesper Emberwhisk
BRW-07739,POT-0066,SHP-07,CDR-20,2024-10-09T06:19:47Z,54,105,pass,Grizelda Duskwater
BRW-07740,POT-0036,SHP-05,CDR-14,2024-11-29 05:41:41,17,113,Pass,Morwenna Wandwright
BRW-07741,POT-0059,SHP-11,CDR-27,2026-04-04T07:16:46Z,35,96,pass,Kestrel Foxglove
BRW-07742,POT-0006,SHP-11,CDR-30,2026-04-03T06:34:17Z,25,137,Pass,Dorian Glimmerstone
BRW-07743,POT-0035,SHP-07,CDR-26,2025-08-14T09:42:35Z,21,71,Pass,Thaddeus Frostpetal
BRW-07744,POT-0103,SHP-12,CDR-03,2025-07-30T06:36:20Z,15,102,pass,Thaddeus Frostpetal
BRW-07745,POT-0096,SHP-02,CDR-23,2025-02-09T07:01:38Z,31,124,pass,Kestrel Foxglove
BRW-07746,POT-0119,SHP-02,CDR-32,2024-09-06T07:24:47Z,26,72,pass,Dorian Mistlethorn
BRW-07747,POT-0009,SHP-15,CDR-05,2025-05-03T09:19:21Z,58,72,pass,Grizelda Duskwater
BRW-07748,POT-0039,SHP-05,CDR-25,2026-02-23T05:23:25Z,54,145,Fail,Juniper Hollowbranch
BRW-07749,POT-0052,SHP-08,CDR-36,2026-04-23 10:25:20,38,112,Pass,Caspian Thistledown
BRW-07750,POT-0048,SHP-10,CDR-22,2025-08-03 10:50:23,14,67,pass,Hesper Foxglove
BRW-07751,POT-0006,SHP-07,CDR-03,2026-02-26T10:44:35Z,45,146,Pass,Vesper Emberwhisk
BRW-07752,POT-0009,SHP-03,CDR-05,2025-10-22 05:45:12,34,62,pass,Vesper Emberwhisk
BRW-07753,POT-0091,SHP-06,CDR-32,2024-07-20T08:12:12Z,18,37,Pass,Caspian Thistledown
BRW-07754,POT-0113,SHP-14,CDR-17,2026-02-05T10:18:27Z,48,157,pass,Dorian Glimmerstone
BRW-07755,POT-0049,SHP-15,CDR-03,2026-04-17T05:08:31Z,24,144,pass,Oswin Wyrmwood
BRW-07756,POT-0028,SHP-15,CDR-33,2026-04-26T10:07:33Z,47,68,pass,Ambrose Winterbourne
BRW-07757,POT-0095,SHP-08,CDR-02,2026-02-01T07:26:39Z,51,130,PASS,Oswin Wyrmwood
BRW-07758,POT-0088,SHP-01,CDR-03,2025-03-02T05:09:47Z,23,133,pass,Zephyrine Zellandine
BRW-07759,POT-0116,SHP-13,CDR-26,2026-03-27T05:25:57Z,20,68,pass,Hesper Cinderfell
BRW-07760,POT-0119,SHP-12,CDR-29,2025-11-09T05:06:02Z,40,92,pass,Nimbus Glimmerstone
BRW-07761,POT-0001,SHP-05,CDR-07,2024-08-09 10:52:52,11,96,pass,Vesper Emberwhisk
BRW-07762,POT-0112,SHP-12,CDR-37,2026-04-22T05:03:30Z,20,109,Pass,Dorian Glimmerstone
BRW-07763,POT-0119,SHP-03,CDR-08,2024-07-05T10:07:04Z,20,85,fail,Delphine Mossheart
BRW-07764,POT-0098,SHP-03,CDR-25,2025-09-26 11:48:59,26,95,pass,Umbra Thistledown
BRW-07765,POT-0063,SHP-15,CDR-22,2024-11-30 05:23:01,15,49,Pass,Morwenna Wandwright
BRW-07766,POT-0027,SHP-13,CDR-11,2025-06-04 11:27:09,40,123,pass,Juniper Hollowbranch
BRW-07767,POT-0065,SHP-08,CDR-13,2026-02-12T06:58:45Z,37,37,pass,Grizelda Kilnworth
BRW-07768,POT-0048,SHP-03,CDR-21,2026-04-09T11:21:29Z,23,103,fail,Wendeline Ashgrove
BRW-07769,POT-0007,SHP-11,CDR-24,2025-08-12 05:04:13,26,120,pass,Dorian Mistlethorn
BRW-07770,POT-0011,SHP-11,CDR-07,2025-05-24 10:37:48,28,111,pass,Gideon Thistledown
BRW-07771,POT-0061,SHP-02,CDR-25,2025-10-01T09:38:02Z,60,,Pass,Oleander Ravenscroft
BRW-07772,POT-0092,SHP-10,CDR-06,2025-06-28T09:18:58Z,42,66,Pass,Caspian Thistledown
BRW-07773,POT-0027,SHP-08,CDR-15,2025-12-06T11:05:40Z,10,149,Fail,Umbra Thistledown
BRW-07774,POT-0045,SHP-10,CDR-25,2026-01-01 10:16:27,50,15,pass,Delphine Zellandine
BRW-07775,POT-0061,SHP-10,CDR-29,2025-08-04T07:35:04Z,11,81,pass,Oswin Wyrmwood
BRW-07776,POT-0054,SHP-12,CDR-15,2026-01-01T11:11:19Z,39,15,pass,Belladonna Jackdaw
BRW-07777,POT-0066,SHP-10,CDR-18,2024-05-10T08:56:14Z,35,100,Pass,Delphine Mossheart
BRW-07778,POT-0070,SHP-06,CDR-19,2026-04-15T11:56:29Z,47,137,pass,Yarrow Ravenscroft
BRW-07779,POT-0019,SHP-12,CDR-38,2025-06-21 11:27:00,46,105,pass,Gideon Moonbrook
BRW-07780,POT-0054,SHP-12,CDR-30,2026-04-19T11:54:26Z,29,18,pass,Zephyrine Zellandine
BRW-07781,POT-0004,SHP-06,CDR-04,2025-12-20T08:14:04Z,32,109,pass,Delphine Mossheart
BRW-07782,POT-0027,SHP-08,CDR-02,2026-01-25T09:08:10Z,45,125,pass,Dorian Glimmerstone
BRW-07783,POT-0081,SHP-11,CDR-31,2026-03-21 09:20:52,32,79,pass,Juniper Hollowbranch
BRW-07784,POT-0113,SHP-10,CDR-02,2026-01-17 11:43:11,49,177,Pass,Ambrose Winterbourne
BRW-07785,POT-0010,SHP-01,CDR-05,2026-02-19 10:05:22,25,126,pass,Ambrose Fernwhistle
BRW-07786,POT-0036,SHP-03,CDR-31,2024-10-29 08:46:24,49,74,pass,Yarrow Ravenscroft
BRW-07787,POT-0030,SHP-14,CDR-18,2025-11-23T07:46:56Z,46,54,pass,Belladonna Jackdaw
BRW-07788,POT-0089,SHP-12,CDR-07,2026-01-08T11:11:13Z,41,108,pass,Yarrow Ravenscroft
BRW-07789,POT-0051,SHP-15,CDR-13,2025-05-12T07:56:48Z,54,59,Pass,Gideon Thistledown
BRW-07790,POT-0039,SHP-12,CDR-24,2025-04-24 06:05:54,34,142,pass,Umbra Thistledown
BRW-07791,POT-0054,SHP-11,CDR-27,2026-03-27T08:20:23Z,28,23,Pass,Dorian Mistlethorn
BRW-07792,POT-0073,SHP-10,CDR-13,2024-11-10T08:07:57Z,51,49,pass,Gideon Thistledown
BRW-07793,POT-0008,SHP-09,CDR-02,2025-09-01 11:31:28,17,70,pass,Thaddeus Frostpetal
BRW-07794,POT-0096,SHP-06,CDR-16,2025-07-24 06:09:38,26,125,Pass,Delphine Zellandine
BRW-07795,POT-0009,SHP-09,CDR-39,2025-01-22T06:26:10Z,23,50,pass,Oswin Wyrmwood
BRW-07796,POT-0062,SHP-06,CDR-27,2024-09-08 09:14:38,39,150,pass,Wendeline Ashgrove
BRW-07797,POT-0109,SHP-13,CDR-40,2025-12-24T11:41:05Z,50,125,pass,Dorian Glimmerstone
BRW-07798,POT-0046,SHP-02,CDR-13,2025-02-11 11:54:14,21,56,pass,Delphine Zellandine
BRW-07799,POT-0042,SHP-15,CDR-04,2025-01-28T11:11:44Z,24,115,pass,Belladonna Jackdaw
BRW-07800,POT-0103,SHP-01,CDR-11,2024-12-22 11:16:54,14,156,pass,Grizelda Kilnworth
BRW-07801,POT-0111,SHP-10,CDR-09,2026-01-05T08:15:30Z,41,84,pass,Ambrose Fernwhistle
BRW-07802,POT-0118,SHP-04,CDR-09,2026-04-13 09:32:32,12,,Fail,Grizelda Duskwater
BRW-07803,POT-0088,SHP-08,CDR-26,2026-02-27T11:30:09Z,46,99,Pass,Nimbus Glimmerstone
BRW-07804,POT-0040,SHP-03,CDR-20,2025-03-04 08:49:08,11,17,PASS,Ambrose Fernwhistle
BRW-07805,POT-0040,SHP-15,CDR-36,2026-06-25T10:39:56Z,31,69,pass,Oswin Wyrmwood
BRW-07806,POT-0116,SHP-15,CDR-29,2025-08-23T06:48:17Z,58,92,pass,Oleander Ravenscroft
BRW-07807,POT-0005,SHP-05,CDR-09,2025-06-09T10:32:16Z,47,38,pass,Hesper Cinderfell
BRW-07808,POT-0105,SHP-05,CDR-32,2026-05-04 08:46:20,49,93,pass,Delphine Zellandine
BRW-07809,POT-0052,SHP-05,CDR-10,2025-03-12T07:43:48Z,51,125,pass,Hesper Cinderfell
BRW-07810,POT-0085,SHP-14,CDR-19,2024-12-05T07:35:38Z,28,,pass,Lyra Winterbourne
BRW-07811,POT-0054,SHP-05,CDR-17,2026-03-26T06:18:26Z,34,52,pass,Cassia Winterbourne
BRW-07812,POT-0043,SHP-07,CDR-09,2024-08-27 11:38:01,43,52,pass,Yarrow Ravenscroft
BRW-07813,POT-0090,SHP-07,CDR-11,2024-05-30 10:46:36,45,76,pass,Delphine Mossheart
BRW-07814,POT-0032,SHP-08,CDR-40,2026-06-13T05:52:42Z,22,113,pass,Zephyrine Zellandine
BRW-07815,POT-0048,SHP-06,CDR-30,2025-07-14T10:22:22Z,50,109,pass,Grizelda Duskwater
BRW-07816,POT-0012,SHP-07,CDR-31,2025-11-17T10:56:47Z,36,90,Pass,Lyra Winterbourne
BRW-07817,POT-0047,SHP-01,CDR-03,2024-08-10T11:20:34Z,13,121,pass,Juniper Hollowbranch
BRW-07818,POT-0092,SHP-01,CDR-31,2024-10-20T06:37:30Z,14,59,pass,Wendeline Ashgrove
BRW-07819,POT-0075,SHP-01,CDR-20,2026-02-04T08:21:41Z,21,113,fail,Zephyrine Zellandine
BRW-07820,POT-0009,SHP-02,CDR-09,2025-05-02T07:55:02Z,17,100,Pass,Hesper Cinderfell
BRW-07821,POT-0079,SHP-14,CDR-03,2024-09-14 09:23:15,21,84,fail,Nimbus Glimmerstone
BRW-07822,POT-0027,SHP-03,CDR-24,2025-11-18T08:14:18Z,41,129,pass,Caspian Thistledown
BRW-07823,POT-0117,SHP-09,CDR-37,2024-11-16T09:23:36Z,32,50,pass,Belladonna Jackdaw
BRW-07824,POT-0103,SHP-14,CDR-11,2024-05-19 08:25:55,21,122,fail,Kestrel Foxglove
BRW-07825,POT-0079,SHP-09,CDR-20,2025-08-02T06:51:18Z,14,49,fail,Juniper Hollowbranch
BRW-07826,POT-0063,SHP-01,CDR-38,2026-06-16 09:17:21,43,43,pass,Oleander Ravenscroft
BRW-07827,POT-0065,SHP-10,CDR-25,2025-04-11 07:25:58,17,32,pass,Juniper Hollowbranch
BRW-07828,POT-0096,SHP-06,CDR-30,2025-05-08 07:41:46,56,151,PASS,Ambrose Fernwhistle
BRW-07829,POT-0047,SHP-14,CDR-27,2024-06-02T10:12:00Z,51,114,PASS,Nimbus Glimmerstone
BRW-07830,POT-0082,SHP-09,CDR-22,2025-09-24 05:39:16,56,31,Pass,Hesper Cinderfell
BRW-07831,POT-0078,SHP-09,CDR-04,2026-04-21 06:37:44,43,87,pass,Delphine Mossheart
BRW-07832,POT-0107,SHP-10,CDR-33,2026-05-16 10:34:15,44,58,PASS,Belladonna Jackdaw
BRW-07833,POT-0116,SHP-03,CDR-39,2026-04-11 05:35:06,14,102,Pass,Morwenna Wandwright
BRW-07834,POT-0074,SHP-10,CDR-38,2026-05-19 11:42:39,14,112,Pass,Thaddeus Frostpetal
BRW-07835,POT-0097,SHP-09,CDR-28,2025-12-15T06:48:22Z,14,157,Pass,Grizelda Kilnworth
BRW-07836,POT-0101,SHP-14,CDR-22,2026-05-26 11:53:00,56,153,pass,Juniper Hollowbranch
BRW-07837,POT-0047,SHP-09,CDR-19,2026-04-04T11:45:50Z,54,127,fail,Dorian Mistlethorn
BRW-07838,POT-0082,SHP-11,CDR-30,2024-09-10 05:22:38,37,52,pass,Wendeline Ashgrove
BRW-07839,POT-0111,SHP-04,CDR-28,2026-05-25T10:43:59Z,35,86,pass,Dorian Mistlethorn
BRW-07840,POT-0092,SHP-09,CDR-18,2025-06-11 09:11:45,14,56,pass,Ambrose Winterbourne
BRW-07841,POT-0114,SHP-12,CDR-12,2025-12-26 10:37:23,23,94,pass,Ambrose Winterbourne
BRW-07842,POT-0001,SHP-01,CDR-05,2024-10-27T06:35:08Z,43,128,pass,Hesper Cinderfell
BRW-07843,POT-0053,SHP-02,CDR-10,2025-12-01T08:01:08Z,39,99,pass,Nimbus Glimmerstone
BRW-07844,POT-0054,SHP-05,CDR-07,2026-03-07 07:33:07,20,51,pass,Wendeline Ashgrove
BRW-07845,POT-0001,SHP-01,CDR-05,2024-07-27 06:27:15,20,135,PASS,Belladonna Jackdaw
BRW-07846,POT-0112,SHP-06,CDR-11,2025-09-23 11:47:08,47,124,pass,Grizelda Duskwater
BRW-07847,POT-0102,SHP-14,CDR-22,2025-03-22 11:33:59,32,57,pass,Juniper Hollowbranch
BRW-07848,POT-0078,SHP-12,CDR-20,2024-10-27T05:43:32Z,50,112,pass,Oswin Wyrmwood
BRW-07849,POT-0030,SHP-11,CDR-38,2026-04-09T06:30:40Z,22,69,pass,Hesper Cinderfell
BRW-07850,POT-0048,SHP-09,CDR-22,2025-06-05T05:21:02Z,22,120,pass,Oswin Wyrmwood
BRW-07851,POT-0076,SHP-12,CDR-14,2025-08-02T10:52:27Z,34,41,pass,Hesper Foxglove
BRW-07852,POT-0085,SHP-14,CDR-12,2026-06-27T06:38:13Z,31,132,pass,Caspian Thistledown
BRW-07853,POT-0104,SHP-01,CDR-31,2025-12-21T10:44:08Z,43,127,pass,Nimbus Glimmerstone
BRW-07854,POT-0004,SHP-09,CDR-19,2026-01-17T09:07:33Z,30,104,Pass,Ambrose Winterbourne
BRW-07855,POT-0103,SHP-06,CDR-38,2025-05-02T10:27:29Z,24,119,pass,Oswin Wyrmwood
BRW-07856,POT-0059,SHP-09,CDR-23,2026-06-03T07:20:37Z,49,75,PASS,Grizelda Duskwater
BRW-07857,POT-0116,SHP-12,CDR-19,2024-07-30T11:30:40Z,15,93,Pass,Vesper Emberwhisk
BRW-07858,POT-0050,SHP-10,CDR-03,2026-05-03 08:58:03,30,155,pass,Dorian Mistlethorn
BRW-07859,POT-0103,SHP-01,CDR-20,2025-11-02T11:08:59Z,40,60,pass,Dorian Glimmerstone
BRW-07860,POT-0027,SHP-03,CDR-21,2025-05-30 09:14:07,43,98,pass,Vesper Emberwhisk
BRW-07861,POT-0059,SHP-10,CDR-11,2026-05-19T11:13:10Z,56,96,pass,Lyra Winterbourne
BRW-07862,POT-0114,SHP-15,CDR-02,2025-02-11T08:18:44Z,43,69,PASS,Cassia Winterbourne
BRW-07863,POT-0036,SHP-07,CDR-30,2026-06-27T09:51:42Z,43,93,pass,Grizelda Kilnworth
BRW-07864,POT-0024,SHP-01,CDR-04,2026-02-05T08:38:46Z,52,123,Pass,Delphine Mossheart
BRW-07865,POT-0066,SHP-06,CDR-34,2025-10-03T09:28:09Z,31,106,pass,Morwenna Wandwright
BRW-07866,POT-0057,SHP-06,CDR-13,2025-03-05T09:21:45Z,60,53,PASS,Ambrose Fernwhistle
BRW-07867,POT-0006,SHP-13,CDR-31,2026-04-21T07:44:32Z,35,114,pass,Maribel Netherfield
BRW-07868,POT-0067,SHP-01,CDR-03,2024-11-07 05:52:56,56,35,pass,Oswin Wyrmwood
BRW-07869,POT-0119,SHP-07,CDR-19,2024-10-01 05:32:50,12,56,pass,Gideon Moonbrook
BRW-07870,POT-0039,SHP-03,CDR-14,2026-01-27T11:36:03Z,18,164,pass,Yarrow Ravenscroft
BRW-07871,POT-0064,SHP-14,CDR-40,2025-10-01T08:54:02Z,18,114,PASS,Delphine Zellandine
BRW-07872,POT-0037,SHP-10,CDR-24,2026-02-25 11:56:58,12,78,pass,Hesper Foxglove
BRW-07873,POT-0024,SHP-07,CDR-01,2024-11-27T09:36:29Z,28,156,PASS,Hesper Cinderfell
BRW-07874,POT-0029,SHP-09,CDR-24,2024-12-05T05:01:25Z,40,45,pass,Maribel Netherfield
BRW-07875,POT-0061,SHP-10,CDR-16,2024-07-13 11:45:26,29,73,Pass,Juniper Hollowbranch
BRW-07876,POT-0101,SHP-06,CDR-07,2026-02-14T05:38:20Z,34,129,Pass,Dorian Glimmerstone
BRW-07877,POT-0064,SHP-03,CDR-33,2024-07-12 05:28:28,52,129,pass,Grizelda Duskwater
BRW-07878,POT-0037,SHP-01,CDR-10,2026-05-02T09:00:48Z,57,61,fail,Gideon Moonbrook
BRW-07879,POT-0006,SHP-06,CDR-08,2026-02-16T08:16:18Z,42,138,PASS,Caspian Thistledown
BRW-07880,POT-0033,SHP-09,CDR-13,2026-01-03T05:31:43Z,28,83,pass,Vesper Emberwhisk
BRW-07881,POT-0005,SHP-02,CDR-23,2025-08-29 10:29:09,24,47,pass,Nimbus Glimmerstone
BRW-07882,POT-0059,SHP-02,CDR-16,2026-05-16 05:15:53,14,112,PASS,Hesper Cinderfell
BRW-07883,POT-0064,SHP-07,CDR-06,2024-09-13T09:00:22Z,20,127,Pass,Grizelda Kilnworth
BRW-07884,POT-0074,SHP-07,CDR-22,2026-05-11 08:37:44,28,96,pass,Gideon Moonbrook
BRW-07885,POT-0084,SHP-15,CDR-12,2025-01-05 07:34:44,13,72,pass,Oleander Ravenscroft
BRW-07886,POT-0009,SHP-04,CDR-38,2026-03-10T10:22:18Z,43,76,pass,Hesper Foxglove
BRW-07887,POT-0098,SHP-10,CDR-13,2025-09-28 06:36:28,44,87,Pass,Belladonna Jackdaw
BRW-07888,POT-0049,SHP-04,CDR-03,2025-06-18T05:18:34Z,21,111,pass,Cassia Everbright
BRW-07889,POT-0083,SHP-15,CDR-31,2025-04-02 10:43:12,58,168,fail,Hesper Cinderfell
BRW-07890,POT-0033,SHP-06,CDR-21,2025-07-29T09:16:45Z,21,94,pass,Oswin Wyrmwood
BRW-07891,POT-0008,SHP-12,CDR-24,2025-07-22 08:20:40,56,82,pass,Grizelda Duskwater
BRW-07892,POT-0022,SHP-01,CDR-14,2025-12-17T07:28:14Z,35,119,pass,Ambrose Winterbourne
BRW-07893,POT-0036,SHP-03,CDR-19,2026-02-15 08:13:04,21,79,Pass,Hesper Foxglove
BRW-07894,POT-0095,SHP-15,CDR-09,2025-06-24 11:58:49,25,145,pass,Caspian Thistledown
BRW-07895,POT-0082,SHP-06,CDR-27,2025-09-20 08:44:42,31,46,pass,Wendeline Ashgrove
BRW-07896,POT-0010,SHP-10,CDR-05,2026-03-21T05:16:05Z,20,120,pass,Maribel Netherfield
BRW-07897,POT-0030,SHP-05,CDR-11,2026-04-06 05:33:33,23,56,Pass,Oleander Ravenscroft
BRW-07898,POT-0104,SHP-11,CDR-15,2025-07-30 11:42:27,50,135,Pass,Morwenna Wandwright
BRW-07899,POT-0063,SHP-10,CDR-14,2024-12-17T08:22:18Z,55,50,Pass,Dorian Mistlethorn
BRW-07900,POT-0094,SHP-12,CDR-03,2024-07-27T08:09:22Z,39,109,pass,Umbra Thistledown
BRW-07901,POT-0119,SHP-07,CDR-22,2025-04-01T10:01:03Z,23,79,pass,Zephyrine Zellandine
BRW-07902,POT-0030,SHP-05,CDR-28,2026-02-05T08:46:55Z,51,64,pass,Juniper Hollowbranch
BRW-07903,POT-0120,SHP-14,CDR-34,2024-11-28T10:00:48Z,39,68,Pass,Juniper Hollowbranch
BRW-07904,POT-0092,SHP-08,CDR-26,2026-01-05 06:03:29,37,83,Pass,Delphine Zellandine
BRW-07905,POT-0027,SHP-11,CDR-37,2025-06-12 06:09:49,49,98,pass,Zephyrine Zellandine
BRW-07906,POT-0079,SHP-04,CDR-29,2026-01-19T09:11:16Z,11,49,pass,Oswin Wyrmwood
BRW-07907,POT-0089,SHP-06,CDR-09,2026-03-17T05:39:34Z,31,102,pass,Ambrose Fernwhistle
BRW-07908,POT-0066,SHP-03,CDR-31,2026-03-19T10:07:28Z,13,120,pass,Gideon Moonbrook
BRW-07909,POT-0021,SHP-02,CDR-29,2025-12-24T08:46:33Z,23,98,Pass,Grizelda Kilnworth
BRW-07910,POT-0006,SHP-15,CDR-39,2026-05-23 09:11:46,45,126,Pass,Thaddeus Frostpetal
BRW-07911,POT-0061,SHP-14,CDR-17,2025-09-28T09:22:01Z,13,104,pass,Maribel Netherfield
BRW-07912,POT-0101,SHP-05,CDR-34,2025-03-30T11:56:27Z,49,136,pass,Morwenna Wandwright
BRW-07913,POT-0074,SHP-09,CDR-36,2026-05-09T06:42:27Z,28,100,Pass,Cassia Everbright
BRW-07914,POT-0033,SHP-06,CDR-19,2025-06-02T10:23:38Z,19,90,pass,Juniper Hollowbranch
BRW-07915,POT-0017,SHP-14,CDR-20,2024-06-17T11:03:28Z,24,143,PASS,Ambrose Winterbourne
BRW-07916,POT-0002,SHP-08,CDR-24,2026-01-05T08:29:08Z,15,100,fail,Maribel Netherfield
BRW-07917,POT-0059,SHP-12,CDR-16,2026-02-24 07:56:54,13,80,pass,Maribel Netherfield
BRW-07918,POT-0074,SHP-14,CDR-37,2026-04-26 10:12:45,51,110,pass,Dorian Glimmerstone
BRW-07919,POT-0078,SHP-15,CDR-26,2025-04-23 07:56:41,27,112,pass,Umbra Thistledown
BRW-07920,POT-0036,SHP-15,CDR-25,2024-08-26T05:36:50Z,43,82,PASS,Hesper Cinderfell
BRW-07921,POT-0069,SHP-07,CDR-27,2025-07-24T07:24:28Z,58,113,Fail,Delphine Mossheart
BRW-07922,POT-0104,SHP-13,CDR-23,2025-07-29 05:49:24,42,153,pass,Dorian Mistlethorn
BRW-07923,POT-0100,SHP-15,CDR-18,2025-02-22 09:53:04,16,87,Pass,Dorian Mistlethorn
BRW-07924,POT-0111,SHP-09,CDR-21,2026-05-18T11:14:39Z,39,53,pass,Kestrel Foxglove
BRW-07925,POT-0041,SHP-07,CDR-19,2024-05-26T09:40:21Z,16,128,Pass,Dorian Glimmerstone
BRW-07926,POT-0100,SHP-09,CDR-36,2024-08-06 06:14:36,52,77,pass,Gideon Moonbrook
BRW-07927,POT-0042,SHP-09,CDR-35,2025-01-16 08:10:30,53,93,pass,Ambrose Fernwhistle
BRW-07928,POT-0059,SHP-08,CDR-08,2026-04-22T06:38:38Z,23,123,pass,Belladonna Jackdaw
BRW-07929,POT-0034,SHP-13,CDR-34,2026-06-01 05:07:38,57,100,pass,Cassia Winterbourne
BRW-07930,POT-0036,SHP-09,CDR-18,2026-06-30 06:22:59,15,86,pass,Oswin Wyrmwood
BRW-07931,POT-0085,SHP-08,CDR-28,2026-04-12T10:29:48Z,25,105,pass,Gideon Moonbrook
BRW-07932,POT-0021,SHP-08,CDR-01,2026-03-13T10:49:22Z,55,75,PASS,Grizelda Kilnworth
BRW-07933,POT-0119,SHP-02,CDR-28,2025-04-27 10:13:55,43,,pass,Nimbus Glimmerstone
BRW-07934,POT-0081,SHP-03,CDR-28,2024-12-02T06:30:11Z,41,123,pass,Delphine Zellandine
BRW-07935,POT-0040,SHP-03,CDR-01,2025-11-17T11:56:50Z,30,54,PASS,Hesper Cinderfell
BRW-07936,POT-0042,SHP-06,CDR-29,2025-08-10T11:40:20Z,26,107,pass,Delphine Mossheart
BRW-07937,POT-0106,SHP-08,CDR-08,2026-06-24T07:54:30Z,39,53,PASS,Ambrose Fernwhistle
BRW-07938,POT-0117,SHP-01,CDR-30,2024-12-18T11:16:07Z,57,46,pass,Gideon Thistledown
BRW-07939,POT-0018,SHP-12,CDR-06,2026-01-08 07:21:13,22,54,pass,Oswin Wyrmwood
BRW-07940,POT-0064,SHP-01,CDR-35,2026-04-27T11:16:57Z,43,134,pass,Dorian Mistlethorn
BRW-07941,POT-0117,SHP-14,CDR-14,2025-06-29T11:37:27Z,35,73,pass,Hesper Foxglove
BRW-07942,POT-0046,SHP-04,CDR-24,2026-06-05T05:31:56Z,52,85,pass,Kestrel Foxglove
BRW-07943,POT-0047,SHP-09,CDR-34,2024-12-02 08:35:58,60,88,pass,Dorian Mistlethorn
BRW-07944,POT-0099,SHP-04,CDR-38,2026-01-18T07:19:59Z,38,152,pass,Vesper Emberwhisk
BRW-07945,POT-0029,SHP-07,CDR-26,2025-04-08 06:00:58,12,63,fail,Delphine Zellandine
BRW-07946,POT-0090,SHP-06,CDR-16,2026-06-01T05:17:09Z,37,98,pass,Cassia Everbright
BRW-07947,POT-0030,SHP-10,CDR-30,2026-02-22T10:30:14Z,60,78,Pass,Nimbus Glimmerstone
BRW-07948,POT-0118,SHP-14,CDR-04,2026-06-21 05:55:01,51,45,pass,Wendeline Ashgrove
BRW-07949,POT-0031,SHP-03,CDR-29,2025-11-19 09:14:20,12,43,PASS,Caspian Thistledown
BRW-07950,POT-0092,SHP-10,CDR-23,2024-12-07 11:09:06,11,71,Pass,Cassia Winterbourne
BRW-07951,POT-0117,SHP-12,CDR-37,2024-06-29T11:05:13Z,38,69,Pass,Ambrose Fernwhistle
BRW-07952,POT-0024,SHP-11,CDR-15,2026-05-19 10:32:12,45,129,Pass,Kestrel Foxglove
BRW-07953,POT-0006,SHP-03,CDR-28,2025-12-12T10:30:22Z,42,140,pass,Wendeline Ashgrove
BRW-07954,POT-0053,SHP-06,CDR-36,2026-04-24T09:01:38Z,50,85,PASS,Delphine Mossheart
BRW-07955,POT-0036,SHP-13,CDR-29,2025-11-04 10:44:48,10,80,fail,Zephyrine Zellandine
BRW-07956,POT-0032,SHP-13,CDR-39,2025-06-16T09:34:57Z,11,106,fail,Oswin Wyrmwood
BRW-07957,POT-0079,SHP-08,CDR-05,2025-01-24T07:01:06Z,12,79,fail,Lyra Winterbourne
BRW-07958,POT-0051,SHP-01,CDR-25,2026-01-31T05:27:08Z,18,68,pass,Gideon Thistledown
BRW-07959,POT-0107,SHP-14,CDR-40,2026-04-20T09:35:04Z,14,57,pass,Maribel Netherfield
BRW-07960,POT-0008,SHP-15,CDR-31,2025-07-03T08:18:10Z,33,55,pass,Cassia Everbright
BRW-07961,POT-0073,SHP-02,CDR-20,2025-09-10T08:11:31Z,31,73,fail,Umbra Thistledown
BRW-07962,POT-0010,SHP-13,CDR-40,2026-01-22 11:51:48,41,112,Pass,Thaddeus Frostpetal
BRW-07963,POT-0021,SHP-14,CDR-13,2025-12-26T09:29:06Z,48,106,pass,Hesper Cinderfell
BRW-07964,POT-0090,SHP-15,CDR-32,2025-08-24 09:55:34,31,90,pass,Cassia Everbright
BRW-07965,POT-0093,SHP-08,CDR-25,2025-12-09 11:30:57,35,105,pass,Ambrose Winterbourne
BRW-07966,POT-0047,SHP-01,CDR-27,2026-01-29T09:16:00Z,47,124,pass,Ambrose Fernwhistle
BRW-07967,POT-0060,SHP-14,CDR-14,2026-06-04 08:35:37,14,151,Pass,Gideon Moonbrook
BRW-07968,POT-0069,SHP-08,CDR-19,2025-03-11 06:05:48,28,141,pass,Wendeline Ashgrove
BRW-07969,POT-0044,SHP-07,CDR-16,2025-09-18 08:07:20,15,60,pass,Juniper Hollowbranch
BRW-07970,POT-0024,SHP-06,CDR-16,2025-02-23T11:42:24Z,42,146,fail,Cassia Winterbourne
BRW-07971,POT-0055,SHP-04,CDR-07,2026-05-28 05:10:25,37,108,fail,Grizelda Duskwater
BRW-07972,POT-0022,SHP-06,CDR-16,2025-08-13 07:58:37,55,131,pass,Delphine Mossheart
BRW-07973,POT-0006,SHP-02,CDR-36,2026-02-28T10:37:55Z,42,130,pass,Hesper Cinderfell
BRW-07974,POT-0107,SHP-02,CDR-38,2025-07-24T05:57:50Z,22,58,pass,Belladonna Jackdaw
BRW-07975,POT-0032,SHP-01,CDR-25,2026-05-04T07:43:50Z,41,128,pass,Oleander Ravenscroft
BRW-07976,POT-0093,SHP-08,CDR-08,2026-01-02T10:43:52Z,21,90,pass,Vesper Emberwhisk
BRW-07977,POT-0020,SHP-11,CDR-19,2025-11-16 09:06:23,51,114,PASS,Thaddeus Frostpetal
BRW-07978,POT-0117,SHP-02,CDR-27,2026-03-13 11:24:18,42,52,pass,Cassia Winterbourne
BRW-07979,POT-0033,SHP-07,CDR-24,2026-03-12T10:54:24Z,60,65,pass,Delphine Mossheart
BRW-07980,POT-0020,SHP-09,CDR-10,2025-03-27T09:42:51Z,10,148,Pass,Ambrose Winterbourne
BRW-07981,POT-0068,SHP-06,CDR-34,2026-04-23T10:36:55Z,22,79,pass,Lyra Winterbourne
BRW-07982,POT-0005,SHP-04,CDR-05,2025-12-17T08:20:31Z,29,37,pass,Morwenna Wandwright
BRW-07983,POT-0111,SHP-14,CDR-09,2026-01-01T05:34:32Z,40,62,pass,Grizelda Kilnworth
BRW-07984,POT-0111,SHP-10,CDR-17,2026-04-24T06:37:33Z,52,63,pass,Thaddeus Frostpetal
BRW-07985,POT-0054,SHP-03,CDR-35,2026-05-28T05:55:32Z,39,74,Pass,Belladonna Jackdaw
BRW-07986,POT-0111,SHP-01,CDR-33,2026-06-28T09:18:57Z,17,45,Fail,Gideon Moonbrook
BRW-07987,POT-0120,SHP-07,CDR-06,2025-07-26 07:07:52,39,68,fail,Wendeline Ashgrove
BRW-07988,POT-0064,SHP-14,CDR-12,2025-03-12T09:15:30Z,15,134,Pass,Kestrel Foxglove
BRW-07989,POT-0118,SHP-02,CDR-35,2026-05-13 11:01:01,49,65,PASS,Morwenna Wandwright
BRW-07990,POT-0008,SHP-15,CDR-17,2026-05-18 07:03:36,20,89,pass,Hesper Foxglove
BRW-07991,POT-0095,SHP-07,CDR-23,2026-02-04T08:23:57Z,55,137,Pass,Hesper Cinderfell
BRW-07992,POT-0059,SHP-02,CDR-33,2026-06-21T11:24:50Z,39,90,Pass,Cassia Everbright
BRW-07993,POT-0058,SHP-10,CDR-11,2025-10-24 06:46:43,59,122,pass,Ambrose Fernwhistle
BRW-07994,POT-0042,SHP-11,CDR-30,2026-05-13T06:48:01Z,12,106,PASS,Umbra Thistledown
BRW-07995,POT-0101,SHP-03,CDR-32,2025-12-11 10:12:20,45,157,Pass,Grizelda Duskwater
BRW-07996,POT-0066,SHP-11,CDR-27,2025-11-30T06:27:29Z,38,125,pass,Yarrow Ravenscroft
BRW-07997,POT-0025,SHP-07,CDR-32,2024-06-16T05:28:47Z,58,72,Pass,Ambrose Fernwhistle
BRW-07998,POT-0102,SHP-15,CDR-03,2025-02-23T07:07:53Z,38,50,PASS,Oleander Ravenscroft
BRW-07999,POT-0016,SHP-10,CDR-09,2026-04-25T08:43:19Z,59,125,pass,Dorian Glimmerstone
BRW-08000,POT-0072,SHP-12,CDR-38,2025-03-26T07:04:36Z,39,89,PASS,Ambrose Fernwhistle
