membership_id,customer_id,guild_id,tier,valid_from,valid_to
MEM-00001,WIZ-00001,GLD-04,apprentice,2024-01-08,
MEM-00002,WIZ-00004,GLD-11,apprentice,2024-06-16,2026-03-30
MEM-00003,WIZ-00004,GLD-11,Adept,2026-03-30,
MEM-00004,WIZ-00005,GLD-05,adept,2025-11-09,
MEM-00005,WIZ-00006,GLD-02,apprentice,2024-10-04,
MEM-00006,WIZ-00007,GLD-10,apprentice,2025-08-30,2025-10-23
MEM-00007,WIZ-00007,GLD-10,ADEPT,2025-10-23,
MEM-00008,WIZ-00008,GLD-10,Apprentice,2024-10-02,
MEM-00009,WIZ-00010,GLD-01,Adept,2024-06-03,
MEM-00010,WIZ-00012,GLD-08,apprentice,2024-04-12,
MEM-00011,WIZ-00015,GLD-06,apprentice,2023-03-25,
MEM-00012,WIZ-00017,GLD-10,Apprentice,2023-11-22,
MEM-00013,WIZ-00021,GLD-04,apprentice,2026-06-16,
MEM-00014,WIZ-00022,GLD-06,adept,2023-10-04,
MEM-00015,WIZ-00023,GLD-04,Adept,2024-07-29,
MEM-00016,WIZ-00027,GLD-04,Apprentice,2023-10-14,
MEM-00017,WIZ-00028,GLD-10,adept,2023-09-16,2024-06-22
MEM-00018,WIZ-00028,GLD-10,archmage,2024-06-22,
MEM-00019,WIZ-00029,GLD-06,apprentice,2025-11-05,
MEM-00020,WIZ-00030,GLD-04,archmage,2026-05-20,
MEM-00021,WIZ-00033,GLD-10,adept,2025-06-11,
MEM-00022,WIZ-00034,GLD-08,adept,2024-07-28,
MEM-00023,WIZ-00035,GLD-06,Adept,2024-07-07,
MEM-00024,WIZ-00036,GLD-05,adept,2025-11-02,
MEM-00025,WIZ-00038,GLD-12,adept,2026-06-10,
MEM-00026,WIZ-00039,GLD-09,apprentice,2026-04-23,2026-06-13
MEM-00027,WIZ-00039,GLD-09,adept,2026-06-13,
MEM-00028,WIZ-00040,GLD-04,adept,2026-03-16,
MEM-00029,WIZ-00041,GLD-11,apprentice,2024-06-06,
MEM-00030,WIZ-00042,GLD-09,adept,2025-11-23,
MEM-00031,WIZ-00043,GLD-06,Adept,2026-06-15,
MEM-00032,WIZ-00044,GLD-04,apprentice,2025-10-05,
MEM-00033,WIZ-00046,GLD-07,adept,2025-08-30,
MEM-00034,WIZ-00055,GLD-09,ADEPT,2026-03-29,
MEM-00035,WIZ-00056,GLD-05,apprentice,2023-03-05,
MEM-00036,WIZ-00057,GLD-06,apprentice,2024-12-18,
MEM-00037,WIZ-00059,GLD-08,apprentice,2026-05-29,
MEM-00038,WIZ-00060,GLD-09,Apprentice,2026-03-20,
MEM-00039,WIZ-00063,GLD-07,Apprentice,2024-11-16,
MEM-00040,WIZ-00064,GLD-06,adept,2026-03-01,
MEM-00041,WIZ-00065,GLD-11,adept,2025-08-01,2026-06-12
MEM-00042,WIZ-00065,GLD-11,archmage,2026-06-12,
MEM-00043,WIZ-00066,GLD-01,apprentice,2026-03-16,
MEM-00044,WIZ-00067,GLD-01,archmage,2025-03-31,
MEM-00045,WIZ-00069,GLD-07,apprentice,2024-12-05,
MEM-00046,WIZ-00070,GLD-04,Adept,2023-08-07,
MEM-00047,WIZ-00072,GLD-09,apprentice,2025-09-24,
MEM-00048,WIZ-00073,GLD-11,adept,2024-07-02,
MEM-00049,WIZ-00074,GLD-06,apprentice,2026-03-25,
MEM-00050,WIZ-00076,GLD-04,adept,2025-12-27,2026-01-27
MEM-00051,WIZ-00076,GLD-04,archmage,2026-01-27,
MEM-00052,WIZ-00079,GLD-05,apprentice,2024-08-13,
MEM-00053,WIZ-00080,GLD-01,Archmage,2023-09-17,
MEM-00054,WIZ-00082,GLD-01,apprentice,2026-02-07,
MEM-00055,WIZ-00083,GLD-01,adept,2026-02-27,
MEM-00056,WIZ-00085,GLD-05,Apprentice,2024-05-01,
MEM-00057,WIZ-00087,GLD-08,adept,2024-04-09,
MEM-00058,WIZ-00089,GLD-08,apprentice,2026-06-04,
MEM-00059,WIZ-00092,GLD-05,Apprentice,2023-11-03,2025-06-03
MEM-00060,WIZ-00092,GLD-05,adept,2025-06-03,
MEM-00061,WIZ-00094,GLD-01,ADEPT,2024-06-10,
MEM-00062,WIZ-00096,GLD-02,apprentice,2024-11-29,
MEM-00063,WIZ-00097,GLD-09,apprentice,2023-12-04,
MEM-00064,WIZ-00098,GLD-06,apprentice,2026-04-30,
MEM-00065,WIZ-00099,GLD-10,apprentice,2024-05-17,
MEM-00066,WIZ-00100,GLD-10,apprentice,2025-05-28,
MEM-00067,WIZ-00107,GLD-07,apprentice,2026-06-26,
MEM-00068,WIZ-00108,GLD-02,apprentice,2024-07-26,2026-05-14
MEM-00069,WIZ-00108,GLD-02,adept,2026-05-14,
MEM-00070,WIZ-00109,GLD-06,apprentice,2023-01-30,
MEM-00071,WIZ-00111,GLD-01,apprentice,2024-10-03,
MEM-00072,WIZ-00112,GLD-03,apprentice,2025-04-08,2025-08-05
MEM-00073,WIZ-00112,GLD-03,adept,2025-08-05,
MEM-00074,WIZ-00113,GLD-02,adept,2026-06-05,
MEM-00075,WIZ-00115,GLD-05,apprentice,2025-12-06,2026-04-29
MEM-00076,WIZ-00115,GLD-05,adept,2026-04-29,
MEM-00077,WIZ-00117,GLD-08,adept,2025-01-15,
MEM-00078,WIZ-00118,GLD-05,APPRENTICE,2026-02-09,
MEM-00079,WIZ-00119,GLD-04,ADEPT,2025-06-21,
MEM-00080,WIZ-00120,GLD-09,adept,2024-07-21,
MEM-00081,WIZ-00122,GLD-02,APPRENTICE,2025-11-22,
MEM-00082,WIZ-00123,GLD-01,apprentice,2025-08-01,
MEM-00083,WIZ-00125,GLD-09,Apprentice,2025-09-18,
MEM-00084,WIZ-00127,GLD-05,APPRENTICE,2026-06-21,
MEM-00085,WIZ-00128,GLD-03,adept,2023-11-13,
MEM-00086,WIZ-00130,GLD-04,adept,2025-07-05,
MEM-00087,WIZ-00132,GLD-06,apprentice,2024-12-09,
MEM-00088,WIZ-00133,GLD-10,apprentice,2023-08-10,
MEM-00089,WIZ-00134,GLD-11,archmage,2024-03-03,
MEM-00090,WIZ-00136,GLD-04,Apprentice,2026-02-13,
MEM-00091,WIZ-00137,GLD-07,archmage,2026-04-23,
MEM-00092,WIZ-00139,GLD-06,Apprentice,2023-07-06,
MEM-00093,WIZ-00140,GLD-05,apprentice,2024-01-16,
MEM-00094,WIZ-00141,GLD-08,apprentice,2025-11-07,
MEM-00095,WIZ-00143,GLD-01,adept,2026-01-16,
MEM-00096,WIZ-00144,GLD-05,apprentice,2026-02-04,
MEM-00097,WIZ-00145,GLD-06,adept,2026-04-27,
MEM-00098,WIZ-00148,GLD-01,APPRENTICE,2025-02-20,
MEM-00099,WIZ-00149,GLD-04,adept,2024-11-12,
MEM-00100,WIZ-00151,GLD-02,apprentice,2025-11-30,
MEM-00101,WIZ-00153,GLD-04,adept,2026-06-30,
MEM-00102,WIZ-00154,GLD-04,archmage,2026-06-14,
MEM-00103,WIZ-00155,GLD-11,apprentice,2026-03-19,
MEM-00104,WIZ-00156,GLD-01,apprentice,2025-04-07,
MEM-00105,WIZ-00158,GLD-08,Apprentice,2026-01-23,
MEM-00106,WIZ-00160,GLD-01,adept,2024-03-17,
MEM-00107,WIZ-00162,GLD-10,Apprentice,2025-06-10,
MEM-00108,WIZ-00163,GLD-01,ARCHMAGE,2025-12-08,
MEM-00109,WIZ-00164,GLD-09,ARCHMAGE,2025-10-28,
MEM-00110,WIZ-00165,GLD-01,apprentice,2025-02-07,
MEM-00111,WIZ-00166,GLD-11,Apprentice,2023-11-16,
MEM-00112,WIZ-00167,GLD-01,apprentice,2023-04-04,2024-05-06
MEM-00113,WIZ-00167,GLD-01,ADEPT,2024-05-06,
MEM-00114,WIZ-00168,GLD-07,apprentice,2025-12-23,
MEM-00115,WIZ-00169,GLD-04,Apprentice,2025-04-28,2025-11-06
MEM-00116,WIZ-00169,GLD-04,Adept,2025-11-06,
MEM-00117,WIZ-00170,GLD-06,apprentice,2026-02-22,
MEM-00118,WIZ-00174,GLD-05,Apprentice,2024-01-19,
MEM-00119,WIZ-00175,GLD-03,apprentice,2026-01-19,
MEM-00120,WIZ-00177,GLD-07,APPRENTICE,2024-07-04,
MEM-00121,WIZ-00178,GLD-02,apprentice,2026-06-11,
MEM-00122,WIZ-00180,GLD-01,apprentice,2026-02-05,
MEM-00123,WIZ-00183,GLD-11,adept,2026-03-22,2026-05-11
MEM-00124,WIZ-00183,GLD-11,archmage,2026-05-11,
MEM-00125,WIZ-00184,GLD-04,Apprentice,2023-12-18,
MEM-00126,WIZ-00185,GLD-05,apprentice,2026-04-09,2026-05-10
MEM-00127,WIZ-00185,GLD-05,adept,2026-05-10,
MEM-00128,WIZ-00187,GLD-07,apprentice,2023-06-17,2024-06-10
MEM-00129,WIZ-00187,GLD-07,adept,2024-06-10,
MEM-00130,WIZ-00190,GLD-07,apprentice,2024-11-04,
MEM-00131,WIZ-00191,GLD-04,Apprentice,2024-09-25,
MEM-00132,WIZ-00193,GLD-04,apprentice,2024-10-11,
MEM-00133,WIZ-00194,GLD-04,APPRENTICE,2025-02-18,
MEM-00134,WIZ-00195,GLD-05,apprentice,2024-10-30,2025-01-29
MEM-00135,WIZ-00195,GLD-05,Adept,2025-01-29,
MEM-00136,WIZ-00198,GLD-03,adept,2025-04-22,2025-07-28
MEM-00137,WIZ-00198,GLD-03,archmage,2025-07-28,
MEM-00138,WIZ-00199,GLD-07,apprentice,2023-06-07,
MEM-00139,WIZ-00201,GLD-08,apprentice,2023-10-16,
MEM-00140,WIZ-00203,GLD-05,APPRENTICE,2026-01-28,
MEM-00141,WIZ-00204,GLD-08,adept,2025-03-07,
MEM-00142,WIZ-00206,GLD-01,apprentice,2025-11-29,2026-04-29
MEM-00143,WIZ-00206,GLD-01,adept,2026-04-29,
MEM-00144,WIZ-00208,GLD-07,apprentice,2024-08-07,
MEM-00145,WIZ-00209,GLD-05,Adept,2026-05-31,
MEM-00146,WIZ-00210,GLD-11,adept,2025-06-13,
MEM-00147,WIZ-00211,GLD-03,adept,2025-07-24,
MEM-00148,WIZ-00212,GLD-06,apprentice,2023-02-08,2023-10-12
MEM-00149,WIZ-00212,GLD-06,adept,2023-10-12,
MEM-00150,WIZ-00214,GLD-04,apprentice,2024-12-15,
MEM-00151,WIZ-00215,GLD-10,apprentice,2026-01-08,
MEM-00152,WIZ-00216,GLD-10,APPRENTICE,2023-10-07,2024-09-14
MEM-00153,WIZ-00216,GLD-10,ADEPT,2024-09-14,
MEM-00154,WIZ-00217,GLD-04,apprentice,2024-11-08,
MEM-00155,WIZ-00218,GLD-07,apprentice,2026-06-28,
MEM-00156,WIZ-00219,GLD-01,Archmage,2024-01-10,
MEM-00157,WIZ-00222,GLD-02,ARCHMAGE,2026-03-17,
MEM-00158,WIZ-00223,GLD-03,APPRENTICE,2026-01-26,
MEM-00159,WIZ-00224,GLD-07,apprentice,2026-06-01,
MEM-00160,WIZ-00226,GLD-04,apprentice,2026-05-23,
MEM-00161,WIZ-00227,GLD-12,Apprentice,2024-03-27,
MEM-00162,WIZ-00228,GLD-05,apprentice,2026-06-02,
MEM-00163,WIZ-00229,GLD-09,Apprentice,2023-12-20,
MEM-00164,WIZ-00234,GLD-01,apprentice,2026-02-06,
MEM-00165,WIZ-00235,GLD-05,archmage,2024-07-30,
MEM-00166,WIZ-00236,GLD-06,Apprentice,2024-09-24,
MEM-00167,WIZ-00237,GLD-11,ARCHMAGE,2023-08-30,
MEM-00168,WIZ-00239,GLD-02,APPRENTICE,2025-05-23,
MEM-00169,WIZ-00241,GLD-06,APPRENTICE,2026-06-10,
MEM-00170,WIZ-00242,GLD-10,APPRENTICE,2023-10-12,
MEM-00171,WIZ-00245,GLD-11,apprentice,2025-05-03,2026-03-14
MEM-00172,WIZ-00245,GLD-11,adept,2026-03-14,
MEM-00173,WIZ-00247,GLD-02,adept,2025-09-01,
MEM-00174,WIZ-00250,GLD-11,adept,2024-04-02,
MEM-00175,WIZ-00251,GLD-04,adept,2025-08-03,
MEM-00176,WIZ-00252,GLD-05,apprentice,2025-08-22,
MEM-00177,WIZ-00253,GLD-01,Apprentice,2023-11-26,
MEM-00178,WIZ-00254,GLD-01,apprentice,2025-05-25,2025-09-13
MEM-00179,WIZ-00254,GLD-01,ADEPT,2025-09-13,
MEM-00180,WIZ-00255,GLD-10,adept,2026-05-15,
MEM-00181,WIZ-00257,GLD-10,Adept,2024-02-22,
MEM-00182,WIZ-00259,GLD-02,adept,2023-10-19,2025-05-06
MEM-00183,WIZ-00259,GLD-02,Archmage,2025-05-06,
MEM-00184,WIZ-00260,GLD-05,adept,2026-06-13,
MEM-00185,WIZ-00261,GLD-07,apprentice,2026-04-15,
MEM-00186,WIZ-00262,GLD-07,Apprentice,2024-02-23,
MEM-00187,WIZ-00263,GLD-02,apprentice,2025-04-18,
MEM-00188,WIZ-00264,GLD-09,apprentice,2025-12-04,
MEM-00189,WIZ-00265,GLD-05,Apprentice,2024-10-14,
MEM-00190,WIZ-00267,GLD-12,adept,2025-07-29,
MEM-00191,WIZ-00269,GLD-02,apprentice,2025-04-08,
MEM-00192,WIZ-00270,GLD-11,archmage,2026-04-15,
MEM-00193,WIZ-00271,GLD-01,apprentice,2024-06-14,2025-03-29
MEM-00194,WIZ-00271,GLD-01,adept,2025-03-29,
MEM-00195,WIZ-00272,GLD-06,adept,2025-07-11,
MEM-00196,WIZ-00273,GLD-01,APPRENTICE,2025-08-16,
MEM-00197,WIZ-00276,GLD-03,apprentice,2026-02-02,
MEM-00198,WIZ-00279,GLD-06,apprentice,2026-04-13,
MEM-00199,WIZ-00281,GLD-06,apprentice,2026-05-24,
MEM-00200,WIZ-00282,GLD-05,apprentice,2024-04-13,
MEM-00201,WIZ-00286,GLD-09,APPRENTICE,2024-05-23,
MEM-00202,WIZ-00287,GLD-04,apprentice,2023-11-03,
MEM-00203,WIZ-00288,GLD-08,adept,2026-03-16,2026-04-15
MEM-00204,WIZ-00288,GLD-08,Archmage,2026-04-15,
MEM-00205,WIZ-00291,GLD-10,Apprentice,2023-12-28,
MEM-00206,WIZ-00292,GLD-12,apprentice,2024-05-06,
MEM-00207,WIZ-00293,GLD-01,adept,2026-04-26,
MEM-00208,WIZ-00295,GLD-03,apprentice,2026-06-11,
MEM-00209,WIZ-00298,GLD-06,APPRENTICE,2024-06-05,
MEM-00210,WIZ-00299,GLD-06,Apprentice,2025-08-24,
MEM-00211,WIZ-00300,GLD-12,archmage,2025-07-17,
MEM-00212,WIZ-00301,GLD-07,adept,2024-01-03,
MEM-00213,WIZ-00304,GLD-10,apprentice,2025-09-27,
MEM-00214,WIZ-00305,GLD-08,adept,2026-05-02,
MEM-00215,WIZ-00306,GLD-04,ADEPT,2023-12-13,
MEM-00216,WIZ-00307,GLD-08,apprentice,2023-07-12,
MEM-00217,WIZ-00308,GLD-09,adept,2026-03-22,
MEM-00218,WIZ-00309,GLD-08,adept,2024-02-16,
MEM-00219,WIZ-00310,GLD-02,adept,2026-02-12,
MEM-00220,WIZ-00311,GLD-05,apprentice,2026-02-16,
MEM-00221,WIZ-00313,GLD-04,apprentice,2026-05-16,
MEM-00222,WIZ-00314,GLD-07,apprentice,2025-06-28,2025-08-15
MEM-00223,WIZ-00314,GLD-07,adept,2025-08-15,
MEM-00224,WIZ-00318,GLD-08,adept,2026-03-02,
MEM-00225,WIZ-00322,GLD-05,apprentice,2024-10-01,
MEM-00226,WIZ-00323,GLD-09,APPRENTICE,2025-03-22,2025-05-12
MEM-00227,WIZ-00323,GLD-09,Adept,2025-05-12,
MEM-00228,WIZ-00324,GLD-01,ADEPT,2026-06-27,
MEM-00229,WIZ-00325,GLD-11,Apprentice,2026-05-11,
MEM-00230,WIZ-00326,GLD-09,adept,2025-05-19,
MEM-00231,WIZ-00329,GLD-08,apprentice,2025-02-10,
MEM-00232,WIZ-00330,GLD-09,adept,2025-04-23,2025-11-10
MEM-00233,WIZ-00330,GLD-09,archmage,2025-11-10,
MEM-00234,WIZ-00332,GLD-12,adept,2026-06-02,
MEM-00235,WIZ-00333,GLD-09,ADEPT,2023-11-30,2024-02-22
MEM-00236,WIZ-00333,GLD-09,archmage,2024-02-22,
MEM-00237,WIZ-00336,GLD-01,apprentice,2025-07-18,
MEM-00238,WIZ-00338,GLD-11,Adept,2023-10-27,
MEM-00239,WIZ-00339,GLD-12,apprentice,2024-06-28,
MEM-00240,WIZ-00341,GLD-07,adept,2026-01-30,
MEM-00241,WIZ-00342,GLD-07,apprentice,2024-05-10,
MEM-00242,WIZ-00343,GLD-01,Apprentice,2026-03-05,
MEM-00243,WIZ-00344,GLD-01,apprentice,2024-03-14,
MEM-00244,WIZ-00345,GLD-06,Adept,2024-12-23,2026-01-09
MEM-00245,WIZ-00345,GLD-06,Archmage,2026-01-09,
MEM-00246,WIZ-00347,GLD-10,adept,2025-06-02,
MEM-00247,WIZ-00352,GLD-08,apprentice,2025-12-12,
MEM-00248,WIZ-00353,GLD-08,apprentice,2023-05-07,
MEM-00249,WIZ-00354,GLD-03,apprentice,2023-02-22,
MEM-00250,WIZ-00355,GLD-06,apprentice,2023-10-27,
MEM-00251,WIZ-00358,GLD-12,APPRENTICE,2025-12-02,2026-02-07
MEM-00252,WIZ-00358,GLD-12,adept,2026-02-07,
MEM-00253,WIZ-00359,GLD-11,ADEPT,2026-05-11,
MEM-00254,WIZ-00362,GLD-10,apprentice,2024-04-15,
MEM-00255,WIZ-00365,GLD-08,apprentice,2023-07-26,2024-05-22
MEM-00256,WIZ-00365,GLD-08,adept,2024-05-22,
MEM-00257,WIZ-00366,GLD-05,apprentice,2025-12-06,
MEM-00258,WIZ-00370,GLD-05,APPRENTICE,2026-03-06,2026-06-08
MEM-00259,WIZ-00370,GLD-05,Adept,2026-06-08,
MEM-00260,WIZ-00371,GLD-03,apprentice,2026-06-06,
MEM-00261,WIZ-00372,GLD-12,adept,2024-06-09,
MEM-00262,WIZ-00373,GLD-10,apprentice,2024-02-13,
MEM-00263,WIZ-00375,GLD-01,apprentice,2026-04-07,
MEM-00264,WIZ-00377,GLD-10,adept,2026-04-17,
MEM-00265,WIZ-00378,GLD-07,apprentice,2025-05-19,
MEM-00266,WIZ-00380,GLD-07,Adept,2025-05-08,
MEM-00267,WIZ-00381,GLD-12,APPRENTICE,2026-06-09,
MEM-00268,WIZ-00386,GLD-05,apprentice,2024-02-08,
MEM-00269,WIZ-00388,GLD-06,adept,2025-01-02,
MEM-00270,WIZ-00391,GLD-05,apprentice,2026-03-15,
MEM-00271,WIZ-00392,GLD-04,adept,2023-11-04,2024-01-27
MEM-00272,WIZ-00392,GLD-04,archmage,2024-01-27,
MEM-00273,WIZ-00395,GLD-06,adept,2024-03-18,
MEM-00274,WIZ-00396,GLD-02,archmage,2026-06-28,
MEM-00275,WIZ-00397,GLD-10,apprentice,2025-07-17,
MEM-00276,WIZ-00399,GLD-05,apprentice,2026-01-29,
MEM-00277,WIZ-00400,GLD-10,APPRENTICE,2023-08-17,
MEM-00278,WIZ-00401,GLD-06,archmage,2024-01-17,
MEM-00279,WIZ-00402,GLD-05,apprentice,2025-03-16,
MEM-00280,WIZ-00404,GLD-12,apprentice,2026-02-27,2026-06-23
MEM-00281,WIZ-00404,GLD-12,adept,2026-06-23,
MEM-00282,WIZ-00405,GLD-04,Apprentice,2026-06-03,
MEM-00283,WIZ-00407,GLD-10,Adept,2026-04-07,
MEM-00284,WIZ-00408,GLD-03,apprentice,2024-11-24,
MEM-00285,WIZ-00409,GLD-07,Apprentice,2024-09-20,
MEM-00286,WIZ-00410,GLD-01,apprentice,2025-03-15,
MEM-00287,WIZ-00411,GLD-01,apprentice,2024-09-01,
MEM-00288,WIZ-00412,GLD-12,apprentice,2026-05-04,
MEM-00289,WIZ-00413,GLD-05,archmage,2025-03-24,
MEM-00290,WIZ-00414,GLD-03,adept,2024-05-15,
MEM-00291,WIZ-00416,GLD-02,Adept,2023-09-07,
MEM-00292,WIZ-00417,GLD-08,apprentice,2024-02-14,
MEM-00293,WIZ-00418,GLD-01,apprentice,2023-11-29,
MEM-00294,WIZ-00421,GLD-04,apprentice,2026-05-16,
MEM-00295,WIZ-00422,GLD-08,apprentice,2026-04-20,
MEM-00296,WIZ-00423,GLD-04,Apprentice,2025-06-09,
MEM-00297,WIZ-00425,GLD-05,adept,2024-02-22,
MEM-00298,WIZ-00427,GLD-04,archmage,2026-06-03,
MEM-00299,WIZ-00428,GLD-05,apprentice,2024-07-14,2025-06-07
MEM-00300,WIZ-00428,GLD-05,adept,2025-06-07,
MEM-00301,WIZ-00429,GLD-06,adept,2026-01-22,2026-05-04
MEM-00302,WIZ-00429,GLD-06,archmage,2026-05-04,
MEM-00303,WIZ-00430,GLD-04,adept,2025-05-17,2025-11-14
MEM-00304,WIZ-00430,GLD-04,ARCHMAGE,2025-11-14,
MEM-00305,WIZ-00432,GLD-04,archmage,2026-06-18,
MEM-00306,WIZ-00433,GLD-02,apprentice,2026-01-13,
MEM-00307,WIZ-00435,GLD-06,apprentice,2026-05-25,
MEM-00308,WIZ-00437,GLD-12,apprentice,2024-10-08,
MEM-00309,WIZ-00441,GLD-04,apprentice,2025-11-13,
MEM-00310,WIZ-00442,GLD-06,apprentice,2023-03-31,
MEM-00311,WIZ-00444,GLD-08,adept,2023-03-30,
MEM-00312,WIZ-00445,GLD-04,apprentice,2026-02-09,
MEM-00313,WIZ-00446,GLD-04,adept,2024-07-22,
MEM-00314,WIZ-00447,GLD-04,apprentice,2025-10-25,
MEM-00315,WIZ-00448,GLD-01,apprentice,2025-03-29,2025-09-22
MEM-00316,WIZ-00448,GLD-01,Adept,2025-09-22,
MEM-00317,WIZ-00449,GLD-12,archmage,2026-06-08,
MEM-00318,WIZ-00452,GLD-12,Apprentice,2024-07-10,
MEM-00319,WIZ-00454,GLD-06,apprentice,2023-08-29,
MEM-00320,WIZ-00456,GLD-01,adept,2026-04-05,
MEM-00321,WIZ-00457,GLD-01,apprentice,2024-02-22,
MEM-00322,WIZ-00458,GLD-08,Archmage,2026-06-22,
MEM-00323,WIZ-00460,GLD-12,Adept,2025-03-13,2025-09-25
MEM-00324,WIZ-00460,GLD-12,archmage,2025-09-25,
MEM-00325,WIZ-00461,GLD-04,adept,2024-12-19,
MEM-00326,WIZ-00464,GLD-01,adept,2023-08-07,
MEM-00327,WIZ-00466,GLD-02,apprentice,2023-12-11,
MEM-00328,WIZ-00470,GLD-06,adept,2024-01-21,
MEM-00329,WIZ-00474,GLD-09,Apprentice,2026-02-13,
MEM-00330,WIZ-00475,GLD-03,adept,2026-02-20,
MEM-00331,WIZ-00476,GLD-11,adept,2026-06-04,
MEM-00332,WIZ-00478,GLD-03,apprentice,2025-11-06,
MEM-00333,WIZ-00480,GLD-11,adept,2024-05-04,
MEM-00334,WIZ-00482,GLD-05,apprentice,2026-06-26,
MEM-00335,WIZ-00483,GLD-09,archmage,2025-06-26,
MEM-00336,WIZ-00486,GLD-12,adept,2023-05-06,
MEM-00337,WIZ-00487,GLD-07,apprentice,2025-07-21,
MEM-00338,WIZ-00488,GLD-09,adept,2026-04-06,
MEM-00339,WIZ-00490,GLD-08,adept,2024-05-31,
MEM-00340,WIZ-00491,GLD-10,Archmage,2025-07-16,
MEM-00341,WIZ-00492,GLD-06,apprentice,2024-02-04,
MEM-00342,WIZ-00494,GLD-05,Archmage,2024-12-05,
MEM-00343,WIZ-00499,GLD-02,Apprentice,2026-06-03,
MEM-00344,WIZ-00500,GLD-05,apprentice,2024-07-19,
MEM-00345,WIZ-00504,GLD-01,Adept,2026-06-14,
MEM-00346,WIZ-00505,GLD-04,Apprentice,2024-11-10,
MEM-00347,WIZ-00508,GLD-08,apprentice,2025-09-16,2026-05-25
MEM-00348,WIZ-00508,GLD-08,Adept,2026-05-25,
MEM-00349,WIZ-00509,GLD-05,apprentice,2023-07-11,
MEM-00350,WIZ-00510,GLD-04,apprentice,2025-06-12,
MEM-00351,WIZ-00513,GLD-09,Adept,2026-04-19,
MEM-00352,WIZ-00514,GLD-10,apprentice,2024-05-15,
MEM-00353,WIZ-00515,GLD-10,apprentice,2024-01-18,
MEM-00354,WIZ-00516,GLD-06,apprentice,2026-06-17,
MEM-00355,WIZ-00517,GLD-05,archmage,2025-07-06,
MEM-00356,WIZ-00518,GLD-10,apprentice,2023-11-26,
MEM-00357,WIZ-00521,GLD-04,adept,2025-03-24,
MEM-00358,WIZ-00522,GLD-11,apprentice,2025-10-13,2025-11-25
MEM-00359,WIZ-00522,GLD-11,adept,2025-11-25,
MEM-00360,WIZ-00523,GLD-12,Archmage,2024-07-10,
MEM-00361,WIZ-00525,GLD-10,Adept,2026-05-11,
MEM-00362,WIZ-00526,GLD-06,Apprentice,2024-04-01,
MEM-00363,WIZ-00527,GLD-09,apprentice,2026-01-27,
MEM-00364,WIZ-00528,GLD-04,apprentice,2024-06-16,
MEM-00365,WIZ-00529,GLD-09,apprentice,2024-12-19,2026-02-17
MEM-00366,WIZ-00529,GLD-09,adept,2026-02-17,
MEM-00367,WIZ-00530,GLD-08,adept,2023-10-08,2023-11-27
MEM-00368,WIZ-00530,GLD-08,ARCHMAGE,2023-11-27,
MEM-00369,WIZ-00531,GLD-11,apprentice,2026-06-27,
MEM-00370,WIZ-00532,GLD-09,adept,2025-11-29,
MEM-00371,WIZ-00533,GLD-05,apprentice,2025-07-01,
MEM-00372,WIZ-00534,GLD-01,apprentice,2025-07-16,
MEM-00373,WIZ-00536,GLD-09,apprentice,2023-11-30,
MEM-00374,WIZ-00537,GLD-02,adept,2024-11-02,
MEM-00375,WIZ-00538,GLD-06,adept,2026-03-10,
MEM-00376,WIZ-00539,GLD-05,adept,2025-12-27,2026-05-27
MEM-00377,WIZ-00539,GLD-05,archmage,2026-05-27,
MEM-00378,WIZ-00540,GLD-06,adept,2026-01-28,
MEM-00379,WIZ-00541,GLD-06,Apprentice,2024-01-18,
MEM-00380,WIZ-00542,GLD-01,archmage,2025-10-07,
MEM-00381,WIZ-00543,GLD-02,Apprentice,2026-03-22,2026-04-24
MEM-00382,WIZ-00543,GLD-02,ADEPT,2026-04-24,
MEM-00383,WIZ-00545,GLD-04,apprentice,2025-07-24,
MEM-00384,WIZ-00546,GLD-11,apprentice,2024-09-29,2025-03-08
MEM-00385,WIZ-00546,GLD-11,Adept,2025-03-08,
MEM-00386,WIZ-00548,GLD-01,Apprentice,2024-12-26,2026-05-31
MEM-00387,WIZ-00548,GLD-01,ADEPT,2026-05-31,
MEM-00388,WIZ-00550,GLD-07,apprentice,2025-01-05,2025-04-08
MEM-00389,WIZ-00550,GLD-07,adept,2025-04-08,
MEM-00390,WIZ-00551,GLD-06,adept,2024-03-28,
MEM-00391,WIZ-00552,GLD-02,apprentice,2025-02-06,
MEM-00392,WIZ-00553,GLD-12,apprentice,2024-03-02,
MEM-00393,WIZ-00554,GLD-08,apprentice,2024-09-02,
MEM-00394,WIZ-00555,GLD-10,adept,2026-05-06,
MEM-00395,WIZ-00556,GLD-03,apprentice,2026-06-25,
MEM-00396,WIZ-00558,GLD-03,APPRENTICE,2026-01-15,2026-04-18
MEM-00397,WIZ-00558,GLD-03,adept,2026-04-18,
MEM-00398,WIZ-00561,GLD-07,apprentice,2024-01-12,
MEM-00399,WIZ-00563,GLD-12,apprentice,2026-06-20,
MEM-00400,WIZ-00564,GLD-09,ADEPT,2023-07-04,
MEM-00401,WIZ-00565,GLD-09,apprentice,2026-03-17,
MEM-00402,WIZ-00569,GLD-07,APPRENTICE,2024-08-27,2024-11-17
MEM-00403,WIZ-00569,GLD-07,Adept,2024-11-17,
MEM-00404,WIZ-00571,GLD-08,adept,2026-01-31,
MEM-00405,WIZ-00572,GLD-11,Apprentice,2023-10-05,2024-07-23
MEM-00406,WIZ-00572,GLD-11,ADEPT,2024-07-23,
MEM-00407,WIZ-00574,GLD-10,apprentice,2025-03-03,
MEM-00408,WIZ-00575,GLD-06,adept,2025-07-24,
MEM-00409,WIZ-00577,GLD-03,apprentice,2026-04-08,
MEM-00410,WIZ-00579,GLD-05,apprentice,2025-07-29,
MEM-00411,WIZ-00583,GLD-07,adept,2023-08-11,
MEM-00412,WIZ-00584,GLD-10,apprentice,2026-01-06,
MEM-00413,WIZ-00586,GLD-10,apprentice,2024-02-29,
MEM-00414,WIZ-00587,GLD-09,apprentice,2024-08-01,
MEM-00415,WIZ-00588,GLD-09,apprentice,2025-11-18,2026-02-20
MEM-00416,WIZ-00588,GLD-09,Adept,2026-02-20,
MEM-00417,WIZ-00589,GLD-11,apprentice,2024-01-18,
MEM-00418,WIZ-00590,GLD-12,adept,2025-07-11,
MEM-00419,WIZ-00592,GLD-05,adept,2024-10-01,
MEM-00420,WIZ-00593,GLD-09,adept,2025-09-28,2026-01-23
MEM-00421,WIZ-00593,GLD-09,archmage,2026-01-23,
MEM-00422,WIZ-00594,GLD-11,apprentice,2025-04-06,2026-01-23
MEM-00423,WIZ-00594,GLD-11,adept,2026-01-23,
MEM-00424,WIZ-00596,GLD-07,apprentice,2025-06-15,2025-11-14
MEM-00425,WIZ-00596,GLD-07,adept,2025-11-14,
MEM-00426,WIZ-00597,GLD-09,APPRENTICE,2026-03-28,
MEM-00427,WIZ-00601,GLD-05,apprentice,2024-04-17,
MEM-00428,WIZ-00602,GLD-12,adept,2024-03-27,
MEM-00429,WIZ-00603,GLD-12,Adept,2025-07-27,
MEM-00430,WIZ-00604,GLD-08,apprentice,2025-01-25,
MEM-00431,WIZ-00607,GLD-04,apprentice,2026-05-10,
MEM-00432,WIZ-00609,GLD-04,archmage,2024-05-14,
MEM-00433,WIZ-00610,GLD-02,apprentice,2026-04-18,
MEM-00434,WIZ-00612,GLD-07,apprentice,2024-06-07,
MEM-00435,WIZ-00616,GLD-02,apprentice,2026-06-08,
MEM-00436,WIZ-00617,GLD-12,apprentice,2024-03-04,
MEM-00437,WIZ-00620,GLD-10,archmage,2025-09-08,
MEM-00438,WIZ-00623,GLD-03,apprentice,2024-05-17,
MEM-00439,WIZ-00624,GLD-10,archmage,2025-06-28,
MEM-00440,WIZ-00627,GLD-07,Archmage,2024-03-05,
MEM-00441,WIZ-00628,GLD-11,Apprentice,2025-12-17,
MEM-00442,WIZ-00629,GLD-03,apprentice,2023-06-28,
MEM-00443,WIZ-00630,GLD-03,Apprentice,2023-03-10,
MEM-00444,WIZ-00633,GLD-10,adept,2024-12-28,
MEM-00445,WIZ-00635,GLD-05,Apprentice,2024-03-19,
MEM-00446,WIZ-00637,GLD-07,apprentice,2026-06-15,
MEM-00447,WIZ-00638,GLD-01,adept,2025-05-24,
MEM-00448,WIZ-00640,GLD-06,Archmage,2025-06-25,
MEM-00449,WIZ-00642,GLD-02,adept,2025-03-06,
MEM-00450,WIZ-00643,GLD-05,apprentice,2023-10-23,
MEM-00451,WIZ-00644,GLD-04,archmage,2023-06-09,
MEM-00452,WIZ-00645,GLD-06,apprentice,2024-11-11,
MEM-00453,WIZ-00646,GLD-01,Apprentice,2025-06-23,
MEM-00454,WIZ-00648,GLD-02,Adept,2024-12-03,2026-02-01
MEM-00455,WIZ-00648,GLD-02,archmage,2026-02-01,
MEM-00456,WIZ-00649,GLD-01,apprentice,2026-04-19,
MEM-00457,WIZ-00650,GLD-05,apprentice,2026-06-12,
MEM-00458,WIZ-00651,GLD-01,adept,2025-03-09,
MEM-00459,WIZ-00654,GLD-09,apprentice,2026-06-19,
MEM-00460,WIZ-00655,GLD-03,adept,2026-05-31,
MEM-00461,WIZ-00656,GLD-09,Apprentice,2025-09-09,
MEM-00462,WIZ-00657,GLD-01,apprentice,2025-04-01,
MEM-00463,WIZ-00660,GLD-08,Apprentice,2023-10-14,
MEM-00464,WIZ-00661,GLD-07,apprentice,2026-05-27,
MEM-00465,WIZ-00663,GLD-07,apprentice,2025-09-13,
MEM-00466,WIZ-00664,GLD-09,adept,2023-09-08,
MEM-00467,WIZ-00665,GLD-05,apprentice,2025-07-25,
MEM-00468,WIZ-00668,GLD-02,Apprentice,2024-06-05,
MEM-00469,WIZ-00670,GLD-07,apprentice,2023-10-25,
MEM-00470,WIZ-00671,GLD-11,apprentice,2026-04-26,
MEM-00471,WIZ-00674,GLD-01,Apprentice,2025-05-07,2026-05-05
MEM-00472,WIZ-00674,GLD-01,ADEPT,2026-05-05,
MEM-00473,WIZ-00675,GLD-04,apprentice,2025-06-07,
MEM-00474,WIZ-00676,GLD-10,apprentice,2026-03-21,
MEM-00475,WIZ-00678,GLD-01,Adept,2025-08-03,
MEM-00476,WIZ-00681,GLD-07,apprentice,2026-01-25,
MEM-00477,WIZ-00683,GLD-10,apprentice,2026-01-31,
MEM-00478,WIZ-00685,GLD-09,apprentice,2025-12-27,2026-04-08
MEM-00479,WIZ-00685,GLD-09,ADEPT,2026-04-08,
MEM-00480,WIZ-00686,GLD-01,APPRENTICE,2024-02-14,
MEM-00481,WIZ-00689,GLD-12,adept,2025-12-17,
MEM-00482,WIZ-00690,GLD-12,adept,2025-12-14,
MEM-00483,WIZ-00694,GLD-01,apprentice,2025-10-22,
MEM-00484,WIZ-00695,GLD-06,archmage,2025-07-09,
MEM-00485,WIZ-00697,GLD-02,apprentice,2024-07-08,
MEM-00486,WIZ-00706,GLD-02,apprentice,2026-02-12,2026-04-02
MEM-00487,WIZ-00706,GLD-02,adept,2026-04-02,
MEM-00488,WIZ-00707,GLD-04,apprentice,2023-10-18,
MEM-00489,WIZ-00708,GLD-07,Adept,2025-05-15,
MEM-00490,WIZ-00710,GLD-10,archmage,2026-06-01,
MEM-00491,WIZ-00711,GLD-08,Apprentice,2026-03-02,
MEM-00492,WIZ-00713,GLD-05,apprentice,2025-06-16,
MEM-00493,WIZ-00715,GLD-01,Apprentice,2023-09-23,
MEM-00494,WIZ-00716,GLD-05,apprentice,2024-05-22,
MEM-00495,WIZ-00717,GLD-05,APPRENTICE,2024-05-25,
MEM-00496,WIZ-00720,GLD-05,apprentice,2025-08-04,
MEM-00497,WIZ-00723,GLD-10,apprentice,2026-05-12,
MEM-00498,WIZ-00724,GLD-02,apprentice,2025-01-28,
MEM-00499,WIZ-00725,GLD-04,apprentice,2026-04-21,
MEM-00500,WIZ-00728,GLD-12,adept,2024-10-11,2025-11-01
MEM-00501,WIZ-00728,GLD-12,Archmage,2025-11-01,
MEM-00502,WIZ-00729,GLD-04,apprentice,2023-10-14,
MEM-00503,WIZ-00731,GLD-04,apprentice,2026-06-09,
MEM-00504,WIZ-00732,GLD-03,Archmage,2024-01-18,
MEM-00505,WIZ-00733,GLD-11,apprentice,2024-06-24,2024-11-21
MEM-00506,WIZ-00733,GLD-11,adept,2024-11-21,
MEM-00507,WIZ-00734,GLD-10,Apprentice,2025-03-26,
MEM-00508,WIZ-00735,GLD-10,apprentice,2026-06-30,
MEM-00509,WIZ-00736,GLD-11,Apprentice,2025-03-08,
MEM-00510,WIZ-00737,GLD-11,Adept,2026-04-28,
MEM-00511,WIZ-00739,GLD-01,apprentice,2026-06-29,
MEM-00512,WIZ-00742,GLD-02,apprentice,2025-03-03,
MEM-00513,WIZ-00745,GLD-09,apprentice,2024-08-26,
MEM-00514,WIZ-00747,GLD-12,apprentice,2026-02-22,
MEM-00515,WIZ-00749,GLD-11,apprentice,2025-11-06,
MEM-00516,WIZ-00750,GLD-08,apprentice,2025-04-26,
MEM-00517,WIZ-00751,GLD-05,ARCHMAGE,2026-04-13,
MEM-00518,WIZ-00752,GLD-11,apprentice,2024-08-31,
MEM-00519,WIZ-00753,GLD-12,adept,2026-06-11,
MEM-00520,WIZ-00755,GLD-08,apprentice,2024-02-03,
MEM-00521,WIZ-00757,GLD-11,adept,2025-03-28,
MEM-00522,WIZ-00758,GLD-09,adept,2024-04-22,
MEM-00523,WIZ-00759,GLD-11,apprentice,2025-07-25,2026-03-12
MEM-00524,WIZ-00759,GLD-11,adept,2026-03-12,
MEM-00525,WIZ-00760,GLD-09,adept,2025-03-10,2026-05-13
MEM-00526,WIZ-00760,GLD-09,archmage,2026-05-13,
MEM-00527,WIZ-00764,GLD-07,adept,2026-02-12,
MEM-00528,WIZ-00767,GLD-05,apprentice,2025-02-03,2026-02-10
MEM-00529,WIZ-00767,GLD-05,ADEPT,2026-02-10,
MEM-00530,WIZ-00768,GLD-10,apprentice,2025-11-15,
MEM-00531,WIZ-00770,GLD-07,apprentice,2026-04-08,
MEM-00532,WIZ-00772,GLD-12,adept,2024-08-27,
MEM-00533,WIZ-00773,GLD-01,apprentice,2024-07-04,
MEM-00534,WIZ-00774,GLD-03,adept,2026-03-20,
MEM-00535,WIZ-00776,GLD-01,Archmage,2025-09-07,
MEM-00536,WIZ-00777,GLD-10,adept,2024-07-16,
MEM-00537,WIZ-00778,GLD-04,Apprentice,2026-06-17,
MEM-00538,WIZ-00779,GLD-05,adept,2024-03-30,
MEM-00539,WIZ-00781,GLD-08,Apprentice,2025-05-12,
MEM-00540,WIZ-00782,GLD-09,apprentice,2025-05-08,
MEM-00541,WIZ-00783,GLD-12,apprentice,2026-02-15,
MEM-00542,WIZ-00784,GLD-11,archmage,2025-05-11,
MEM-00543,WIZ-00785,GLD-07,Archmage,2026-04-02,
MEM-00544,WIZ-00786,GLD-05,APPRENTICE,2025-03-14,
MEM-00545,WIZ-00787,GLD-05,adept,2025-07-14,
MEM-00546,WIZ-00788,GLD-01,adept,2025-12-14,
MEM-00547,WIZ-00789,GLD-05,adept,2023-09-17,
MEM-00548,WIZ-00790,GLD-11,adept,2026-03-03,
MEM-00549,WIZ-00791,GLD-09,Apprentice,2024-04-20,
MEM-00550,WIZ-00792,GLD-03,archmage,2026-01-04,
MEM-00551,WIZ-00793,GLD-09,ADEPT,2026-01-03,2026-03-27
MEM-00552,WIZ-00793,GLD-09,archmage,2026-03-27,
MEM-00553,WIZ-00794,GLD-08,Archmage,2025-04-09,
MEM-00554,WIZ-00796,GLD-09,apprentice,2026-02-26,
MEM-00555,WIZ-00798,GLD-05,apprentice,2026-02-04,
MEM-00556,WIZ-00799,GLD-07,apprentice,2026-04-24,2026-06-03
MEM-00557,WIZ-00799,GLD-07,Adept,2026-06-03,
MEM-00558,WIZ-00800,GLD-09,apprentice,2026-05-30,
MEM-00559,WIZ-00802,GLD-05,apprentice,2024-07-30,
MEM-00560,WIZ-00803,GLD-03,apprentice,2023-12-15,
MEM-00561,WIZ-00806,GLD-04,apprentice,2025-02-25,
MEM-00562,WIZ-00807,GLD-09,adept,2025-11-06,
MEM-00563,WIZ-00808,GLD-10,apprentice,2026-04-27,
MEM-00564,WIZ-00810,GLD-12,apprentice,2026-06-19,
MEM-00565,WIZ-00811,GLD-05,archmage,2024-03-21,
MEM-00566,WIZ-00812,GLD-05,archmage,2025-08-28,
MEM-00567,WIZ-00815,GLD-04,adept,2024-02-09,
MEM-00568,WIZ-00816,GLD-02,apprentice,2026-04-02,
MEM-00569,WIZ-00817,GLD-11,adept,2024-02-26,
MEM-00570,WIZ-00819,GLD-04,apprentice,2026-06-03,
MEM-00571,WIZ-00820,GLD-11,adept,2024-03-05,2024-07-18
MEM-00572,WIZ-00820,GLD-11,Archmage,2024-07-18,
MEM-00573,WIZ-00822,GLD-07,apprentice,2024-03-07,
MEM-00574,WIZ-00823,GLD-06,adept,2026-05-23,
MEM-00575,WIZ-00824,GLD-09,Apprentice,2024-09-15,
MEM-00576,WIZ-00827,GLD-01,apprentice,2024-12-16,
MEM-00577,WIZ-00828,GLD-11,adept,2024-05-28,
MEM-00578,WIZ-00829,GLD-07,apprentice,2025-11-23,
MEM-00579,WIZ-00830,GLD-07,archmage,2025-08-09,
MEM-00580,WIZ-00832,GLD-03,archmage,2025-02-18,
MEM-00581,WIZ-00833,GLD-01,adept,2024-08-10,
MEM-00582,WIZ-00834,GLD-12,apprentice,2024-11-04,
MEM-00583,WIZ-00835,GLD-10,apprentice,2026-01-17,
MEM-00584,WIZ-00838,GLD-04,apprentice,2024-08-13,
MEM-00585,WIZ-00839,GLD-04,Apprentice,2026-03-12,2026-06-14
MEM-00586,WIZ-00839,GLD-04,adept,2026-06-14,
MEM-00587,WIZ-00840,GLD-11,adept,2025-02-17,
MEM-00588,WIZ-00841,GLD-05,Archmage,2023-10-26,
MEM-00589,WIZ-00844,GLD-11,apprentice,2024-06-23,
MEM-00590,WIZ-00845,GLD-08,apprentice,2026-05-04,
MEM-00591,WIZ-00847,GLD-06,apprentice,2025-06-02,
MEM-00592,WIZ-00848,GLD-01,apprentice,2023-06-20,
MEM-00593,WIZ-00849,GLD-05,adept,2023-08-09,
MEM-00594,WIZ-00850,GLD-03,apprentice,2025-05-09,
MEM-00595,WIZ-00852,GLD-02,ARCHMAGE,2025-07-05,
MEM-00596,WIZ-00854,GLD-09,Adept,2025-05-08,
MEM-00597,WIZ-00856,GLD-07,apprentice,2025-03-11,
MEM-00598,WIZ-00858,GLD-08,apprentice,2025-11-04,2026-01-11
MEM-00599,WIZ-00858,GLD-08,adept,2026-01-11,
MEM-00600,WIZ-00860,GLD-10,APPRENTICE,2025-01-11,
MEM-00601,WIZ-00861,GLD-01,adept,2025-07-06,2026-04-15
MEM-00602,WIZ-00861,GLD-01,archmage,2026-04-15,
MEM-00603,WIZ-00862,GLD-12,Apprentice,2025-11-28,
MEM-00604,WIZ-00864,GLD-01,apprentice,2025-04-09,
MEM-00605,WIZ-00865,GLD-07,Archmage,2026-05-27,
MEM-00606,WIZ-00866,GLD-06,apprentice,2025-06-08,
MEM-00607,WIZ-00867,GLD-03,archmage,2026-05-13,
MEM-00608,WIZ-00869,GLD-11,apprentice,2025-09-05,2025-12-06
MEM-00609,WIZ-00869,GLD-11,adept,2025-12-06,
MEM-00610,WIZ-00871,GLD-06,adept,2025-04-30,
MEM-00611,WIZ-00872,GLD-07,Apprentice,2023-08-02,
MEM-00612,WIZ-00873,GLD-02,adept,2025-01-02,
MEM-00613,WIZ-00874,GLD-03,apprentice,2026-02-04,
MEM-00614,WIZ-00877,GLD-01,apprentice,2024-12-06,
MEM-00615,WIZ-00878,GLD-12,adept,2024-07-25,
MEM-00616,WIZ-00879,GLD-11,ARCHMAGE,2026-02-14,
MEM-00617,WIZ-00882,GLD-03,apprentice,2026-04-09,
MEM-00618,WIZ-00883,GLD-12,adept,2023-07-02,
MEM-00619,WIZ-00885,GLD-02,adept,2025-12-23,
MEM-00620,WIZ-00886,GLD-02,apprentice,2026-04-03,
MEM-00621,WIZ-00887,GLD-11,adept,2023-04-12,
MEM-00622,WIZ-00888,GLD-05,Adept,2026-04-29,
MEM-00623,WIZ-00890,GLD-05,adept,2026-04-18,
MEM-00624,WIZ-00894,GLD-04,adept,2025-06-02,
MEM-00625,WIZ-00897,GLD-05,adept,2025-10-04,
MEM-00626,WIZ-00899,GLD-05,adept,2025-01-01,2025-12-05
MEM-00627,WIZ-00899,GLD-05,ARCHMAGE,2025-12-05,
MEM-00628,WIZ-00900,GLD-03,apprentice,2023-12-14,
MEM-00629,WIZ-00901,GLD-03,adept,2026-06-27,
MEM-00630,WIZ-00902,GLD-03,apprentice,2026-06-29,
MEM-00631,WIZ-00903,GLD-11,archmage,2026-05-15,
MEM-00632,WIZ-00906,GLD-12,apprentice,2026-05-29,
MEM-00633,WIZ-00908,GLD-12,ARCHMAGE,2026-05-17,
MEM-00634,WIZ-00909,GLD-03,adept,2026-03-01,
MEM-00635,WIZ-00912,GLD-01,archmage,2025-01-19,
MEM-00636,WIZ-00913,GLD-11,Apprentice,2026-06-20,
MEM-00637,WIZ-00914,GLD-01,Apprentice,2024-12-16,2026-03-26
MEM-00638,WIZ-00914,GLD-01,adept,2026-03-26,
MEM-00639,WIZ-00918,GLD-01,Adept,2024-05-21,
MEM-00640,WIZ-00919,GLD-12,apprentice,2026-01-24,
MEM-00641,WIZ-00920,GLD-02,adept,2026-03-21,
MEM-00642,WIZ-00921,GLD-11,Apprentice,2023-12-27,
MEM-00643,WIZ-00923,GLD-06,apprentice,2023-12-04,
MEM-00644,WIZ-00925,GLD-05,adept,2024-11-01,
MEM-00645,WIZ-00927,GLD-05,Archmage,2024-11-17,
MEM-00646,WIZ-00928,GLD-08,apprentice,2025-05-05,
MEM-00647,WIZ-00929,GLD-03,apprentice,2025-03-23,2026-06-17
MEM-00648,WIZ-00929,GLD-03,adept,2026-06-17,
MEM-00649,WIZ-00931,GLD-09,apprentice,2024-06-18,2026-05-01
MEM-00650,WIZ-00931,GLD-09,adept,2026-05-01,
MEM-00651,WIZ-00932,GLD-11,apprentice,2025-08-25,
MEM-00652,WIZ-00936,GLD-12,apprentice,2025-12-18,
MEM-00653,WIZ-00937,GLD-10,apprentice,2026-04-12,
MEM-00654,WIZ-00938,GLD-06,Adept,2026-06-07,
MEM-00655,WIZ-00940,GLD-08,Adept,2025-11-28,
MEM-00656,WIZ-00942,GLD-05,adept,2024-09-17,
MEM-00657,WIZ-00949,GLD-06,apprentice,2023-07-05,
MEM-00658,WIZ-00950,GLD-03,apprentice,2024-03-17,
MEM-00659,WIZ-00951,GLD-08,apprentice,2025-01-23,2026-05-24
MEM-00660,WIZ-00951,GLD-08,ADEPT,2026-05-24,
MEM-00661,WIZ-00953,GLD-09,apprentice,2024-05-12,
MEM-00662,WIZ-00954,GLD-09,ADEPT,2024-05-19,2025-09-09
MEM-00663,WIZ-00954,GLD-09,ARCHMAGE,2025-09-09,
MEM-00664,WIZ-00957,GLD-04,adept,2025-01-25,
MEM-00665,WIZ-00958,GLD-01,archmage,2026-02-21,
MEM-00666,WIZ-00960,GLD-07,Apprentice,2024-03-31,
MEM-00667,WIZ-00961,GLD-02,Archmage,2025-10-11,
MEM-00668,WIZ-00962,GLD-03,apprentice,2025-06-07,
MEM-00669,WIZ-00964,GLD-12,apprentice,2024-06-10,
MEM-00670,WIZ-00965,GLD-02,Archmage,2026-05-18,
MEM-00671,WIZ-00967,GLD-11,ADEPT,2026-06-24,
MEM-00672,WIZ-00968,GLD-11,apprentice,2023-11-08,
MEM-00673,WIZ-00970,GLD-07,apprentice,2024-10-12,
MEM-00674,WIZ-00971,GLD-06,apprentice,2024-12-13,
MEM-00675,WIZ-00972,GLD-07,archmage,2026-06-01,
MEM-00676,WIZ-00974,GLD-09,adept,2023-09-15,
MEM-00677,WIZ-00975,GLD-08,apprentice,2024-02-26,
MEM-00678,WIZ-00976,GLD-07,apprentice,2023-07-30,
MEM-00679,WIZ-00977,GLD-08,apprentice,2024-09-29,
MEM-00680,WIZ-00978,GLD-06,apprentice,2023-09-20,
MEM-00681,WIZ-00979,GLD-01,adept,2026-05-13,
MEM-00682,WIZ-00980,GLD-10,apprentice,2025-07-02,
MEM-00683,WIZ-00981,GLD-03,apprentice,2025-06-01,
MEM-00684,WIZ-00982,GLD-03,adept,2025-05-23,2026-01-20
MEM-00685,WIZ-00982,GLD-03,archmage,2026-01-20,
MEM-00686,WIZ-00984,GLD-05,apprentice,2026-03-27,
MEM-00687,WIZ-00985,GLD-04,ADEPT,2025-03-21,
MEM-00688,WIZ-00986,GLD-08,Archmage,2024-08-13,
MEM-00689,WIZ-00987,GLD-04,adept,2026-04-21,
MEM-00690,WIZ-00991,GLD-11,ADEPT,2026-05-29,
MEM-00691,WIZ-00992,GLD-09,adept,2024-12-07,2026-02-12
MEM-00692,WIZ-00992,GLD-09,Archmage,2026-02-12,
MEM-00693,WIZ-00993,GLD-09,APPRENTICE,2026-05-14,
MEM-00694,WIZ-00995,GLD-08,Apprentice,2023-09-19,
MEM-00695,WIZ-00996,GLD-07,adept,2025-07-12,
MEM-00696,WIZ-00998,GLD-03,apprentice,2024-02-29,
MEM-00697,WIZ-00999,GLD-02,apprentice,2023-12-02,
MEM-00698,WIZ-01002,GLD-04,APPRENTICE,2025-03-01,
MEM-00699,WIZ-01004,GLD-08,apprentice,2024-09-02,
MEM-00700,WIZ-01005,GLD-11,Apprentice,2026-03-08,
MEM-00701,WIZ-01006,GLD-05,adept,2025-08-10,
MEM-00702,WIZ-01009,GLD-07,apprentice,2026-01-29,
MEM-00703,WIZ-01010,GLD-12,Apprentice,2025-12-21,2026-06-18
MEM-00704,WIZ-01010,GLD-12,Adept,2026-06-18,
MEM-00705,WIZ-01011,GLD-08,apprentice,2024-09-22,
MEM-00706,WIZ-01013,GLD-05,apprentice,2024-10-13,2025-02-18
MEM-00707,WIZ-01013,GLD-05,adept,2025-02-18,
MEM-00708,WIZ-01014,GLD-10,archmage,2026-06-30,
MEM-00709,WIZ-01015,GLD-02,apprentice,2025-12-28,
MEM-00710,WIZ-01017,GLD-01,adept,2024-08-26,
MEM-00711,WIZ-01020,GLD-04,adept,2025-04-11,
MEM-00712,WIZ-01022,GLD-09,apprentice,2025-06-29,
MEM-00713,WIZ-01023,GLD-07,APPRENTICE,2025-12-05,
MEM-00714,WIZ-01024,GLD-10,apprentice,2026-04-16,
MEM-00715,WIZ-01025,GLD-04,archmage,2025-03-15,
MEM-00716,WIZ-01027,GLD-04,archmage,2026-06-15,
MEM-00717,WIZ-01028,GLD-07,apprentice,2024-10-05,
MEM-00718,WIZ-01030,GLD-01,apprentice,2026-04-19,
MEM-00719,WIZ-01031,GLD-10,Apprentice,2025-02-02,
MEM-00720,WIZ-01034,GLD-09,APPRENTICE,2025-02-25,
MEM-00721,WIZ-01035,GLD-11,archmage,2024-10-16,
MEM-00722,WIZ-01036,GLD-12,Apprentice,2024-01-04,
MEM-00723,WIZ-01037,GLD-12,Apprentice,2026-04-27,
MEM-00724,WIZ-01038,GLD-08,adept,2024-01-23,
MEM-00725,WIZ-01039,GLD-10,apprentice,2024-11-17,
MEM-00726,WIZ-01043,GLD-09,adept,2026-06-21,
MEM-00727,WIZ-01045,GLD-04,apprentice,2024-08-27,
MEM-00728,WIZ-01047,GLD-07,Adept,2025-12-10,
MEM-00729,WIZ-01048,GLD-09,adept,2023-10-20,
MEM-00730,WIZ-01049,GLD-07,apprentice,2026-06-01,
MEM-00731,WIZ-01050,GLD-02,apprentice,2025-04-15,
MEM-00732,WIZ-01051,GLD-04,ADEPT,2024-05-22,2025-01-10
MEM-00733,WIZ-01051,GLD-04,archmage,2025-01-10,
MEM-00734,WIZ-01052,GLD-09,apprentice,2024-05-30,
MEM-00735,WIZ-01053,GLD-08,adept,2024-07-21,
MEM-00736,WIZ-01054,GLD-11,apprentice,2024-05-27,2025-01-21
MEM-00737,WIZ-01054,GLD-11,Adept,2025-01-21,
MEM-00738,WIZ-01055,GLD-03,adept,2024-04-24,
MEM-00739,WIZ-01056,GLD-04,apprentice,2024-11-07,
MEM-00740,WIZ-01058,GLD-06,apprentice,2023-12-25,
MEM-00741,WIZ-01059,GLD-11,apprentice,2025-02-22,
MEM-00742,WIZ-01060,GLD-10,adept,2025-05-29,
MEM-00743,WIZ-01061,GLD-03,apprentice,2024-03-23,
MEM-00744,WIZ-01064,GLD-02,adept,2024-06-01,
MEM-00745,WIZ-01066,GLD-01,archmage,2025-04-12,
MEM-00746,WIZ-01067,GLD-08,apprentice,2023-10-11,
MEM-00747,WIZ-01068,GLD-10,apprentice,2024-05-30,
MEM-00748,WIZ-01070,GLD-02,Apprentice,2023-12-01,2025-01-05
MEM-00749,WIZ-01070,GLD-02,adept,2025-01-05,
MEM-00750,WIZ-01071,GLD-04,apprentice,2024-01-27,
MEM-00751,WIZ-01072,GLD-12,apprentice,2025-08-10,
MEM-00752,WIZ-01073,GLD-02,apprentice,2026-02-09,
MEM-00753,WIZ-01074,GLD-03,apprentice,2024-03-19,
MEM-00754,WIZ-01076,GLD-02,apprentice,2024-05-14,2025-05-29
MEM-00755,WIZ-01076,GLD-02,Adept,2025-05-29,
MEM-00756,WIZ-01077,GLD-03,apprentice,2023-02-12,
MEM-00757,WIZ-01078,GLD-12,Apprentice,2025-12-30,2026-04-13
MEM-00758,WIZ-01078,GLD-12,adept,2026-04-13,
MEM-00759,WIZ-01081,GLD-11,apprentice,2025-09-20,
MEM-00760,WIZ-01082,GLD-03,Adept,2024-11-10,
MEM-00761,WIZ-01083,GLD-08,apprentice,2026-01-16,
MEM-00762,WIZ-01084,GLD-12,APPRENTICE,2026-04-18,
MEM-00763,WIZ-01086,GLD-12,apprentice,2025-09-09,
MEM-00764,WIZ-01087,GLD-01,apprentice,2025-12-23,
MEM-00765,WIZ-01088,GLD-09,Apprentice,2024-10-18,2026-02-02
MEM-00766,WIZ-01088,GLD-09,adept,2026-02-02,
MEM-00767,WIZ-01089,GLD-06,Apprentice,2025-10-15,
MEM-00768,WIZ-01090,GLD-08,Apprentice,2023-08-23,
MEM-00769,WIZ-01093,GLD-09,apprentice,2024-10-24,
MEM-00770,WIZ-01095,GLD-03,apprentice,2023-11-28,
MEM-00771,WIZ-01097,GLD-05,adept,2026-06-13,
MEM-00772,WIZ-01100,GLD-04,Adept,2024-06-15,
MEM-00773,WIZ-01103,GLD-12,Apprentice,2023-10-29,
MEM-00774,WIZ-01104,GLD-10,adept,2025-07-17,
MEM-00775,WIZ-01105,GLD-07,Adept,2026-04-02,
MEM-00776,WIZ-01109,GLD-01,apprentice,2026-02-09,
MEM-00777,WIZ-01110,GLD-06,Adept,2026-02-07,
MEM-00778,WIZ-01111,GLD-05,Apprentice,2024-01-17,
MEM-00779,WIZ-01113,GLD-01,APPRENTICE,2024-07-31,
MEM-00780,WIZ-01114,GLD-05,ADEPT,2025-05-09,
MEM-00781,WIZ-01116,GLD-01,ADEPT,2026-04-05,
MEM-00782,WIZ-01119,GLD-06,adept,2025-01-09,
MEM-00783,WIZ-01121,GLD-06,apprentice,2024-10-29,
MEM-00784,WIZ-01122,GLD-09,apprentice,2024-08-29,2026-05-06
MEM-00785,WIZ-01122,GLD-09,adept,2026-05-06,
MEM-00786,WIZ-01123,GLD-02,Adept,2024-09-05,
MEM-00787,WIZ-01124,GLD-09,Adept,2024-12-01,
MEM-00788,WIZ-01125,GLD-05,Apprentice,2023-02-17,
MEM-00789,WIZ-01126,GLD-02,apprentice,2026-01-07,
MEM-00790,WIZ-01127,GLD-05,apprentice,2026-03-01,
MEM-00791,WIZ-01128,GLD-03,archmage,2026-04-26,
MEM-00792,WIZ-01130,GLD-06,adept,2024-05-05,
MEM-00793,WIZ-01132,GLD-04,apprentice,2023-10-19,
MEM-00794,WIZ-01133,GLD-04,Apprentice,2026-01-03,2026-03-11
MEM-00795,WIZ-01133,GLD-04,adept,2026-03-11,
MEM-00796,WIZ-01135,GLD-06,apprentice,2026-04-16,
MEM-00797,WIZ-01136,GLD-10,archmage,2025-02-27,
MEM-00798,WIZ-01137,GLD-12,apprentice,2025-05-21,
MEM-00799,WIZ-01138,GLD-07,apprentice,2025-11-04,
MEM-00800,WIZ-01144,GLD-01,apprentice,2025-03-08,
MEM-00801,WIZ-01145,GLD-06,APPRENTICE,2025-10-22,
MEM-00802,WIZ-01146,GLD-12,apprentice,2024-04-22,
MEM-00803,WIZ-01148,GLD-08,apprentice,2025-03-23,
MEM-00804,WIZ-01150,GLD-06,adept,2024-04-12,
MEM-00805,WIZ-01151,GLD-10,Archmage,2024-09-20,
MEM-00806,WIZ-01154,GLD-02,APPRENTICE,2026-01-12,
MEM-00807,WIZ-01155,GLD-08,apprentice,2025-08-01,
MEM-00808,WIZ-01156,GLD-04,Apprentice,2025-08-26,
MEM-00809,WIZ-01157,GLD-12,apprentice,2026-04-27,
MEM-00810,WIZ-01159,GLD-12,apprentice,2026-02-12,
MEM-00811,WIZ-01160,GLD-12,adept,2026-03-22,
MEM-00812,WIZ-01161,GLD-03,adept,2026-04-25,
MEM-00813,WIZ-01163,GLD-11,archmage,2025-10-28,
MEM-00814,WIZ-01164,GLD-11,apprentice,2024-01-19,
MEM-00815,WIZ-01167,GLD-06,adept,2026-03-16,2026-04-15
MEM-00816,WIZ-01167,GLD-06,Archmage,2026-04-15,
MEM-00817,WIZ-01168,GLD-10,apprentice,2024-03-12,
MEM-00818,WIZ-01169,GLD-06,apprentice,2025-09-22,
MEM-00819,WIZ-01170,GLD-07,apprentice,2025-02-26,
MEM-00820,WIZ-01171,GLD-11,adept,2023-11-03,
MEM-00821,WIZ-01175,GLD-04,Apprentice,2025-06-05,
MEM-00822,WIZ-01179,GLD-10,apprentice,2026-04-11,
MEM-00823,WIZ-01180,GLD-01,adept,2024-02-04,2025-01-02
MEM-00824,WIZ-01180,GLD-01,archmage,2025-01-02,
MEM-00825,WIZ-01181,GLD-10,apprentice,2024-12-21,2025-12-09
MEM-00826,WIZ-01181,GLD-10,adept,2025-12-09,
MEM-00827,WIZ-01182,GLD-05,adept,2026-06-16,
MEM-00828,WIZ-01184,GLD-03,adept,2024-06-17,
MEM-00829,WIZ-01185,GLD-01,apprentice,2024-11-04,
MEM-00830,WIZ-01186,GLD-05,ARCHMAGE,2023-08-15,
MEM-00831,WIZ-01187,GLD-11,adept,2025-10-21,
MEM-00832,WIZ-01188,GLD-08,ADEPT,2026-02-22,
MEM-00833,WIZ-01191,GLD-06,apprentice,2026-04-08,
MEM-00834,WIZ-01192,GLD-11,apprentice,2025-09-30,2025-12-17
MEM-00835,WIZ-01192,GLD-11,adept,2025-12-17,
MEM-00836,WIZ-01193,GLD-01,ARCHMAGE,2024-08-27,
MEM-00837,WIZ-01196,GLD-06,ARCHMAGE,2025-02-20,
MEM-00838,WIZ-01197,GLD-06,adept,2026-03-30,
MEM-00839,WIZ-01199,GLD-02,adept,2025-06-12,
MEM-00840,WIZ-01201,GLD-10,adept,2026-03-20,
MEM-00841,WIZ-01203,GLD-09,adept,2025-07-03,
MEM-00842,WIZ-01204,GLD-09,ADEPT,2024-12-14,
MEM-00843,WIZ-01205,GLD-10,apprentice,2025-05-04,
MEM-00844,WIZ-01206,GLD-08,adept,2026-05-17,
MEM-00845,WIZ-01207,GLD-03,APPRENTICE,2025-12-15,
MEM-00846,WIZ-01209,GLD-08,Adept,2025-11-05,
MEM-00847,WIZ-01210,GLD-11,Archmage,2026-03-29,
MEM-00848,WIZ-01211,GLD-01,Archmage,2024-12-02,
MEM-00849,WIZ-01216,GLD-04,apprentice,2024-02-27,
MEM-00850,WIZ-01218,GLD-03,APPRENTICE,2025-02-07,
MEM-00851,WIZ-01219,GLD-11,apprentice,2023-09-22,
MEM-00852,WIZ-01222,GLD-02,apprentice,2024-12-02,
MEM-00853,WIZ-01223,GLD-07,ADEPT,2025-10-07,
MEM-00854,WIZ-01224,GLD-07,apprentice,2025-06-05,
MEM-00855,WIZ-01225,GLD-02,Apprentice,2025-09-14,
MEM-00856,WIZ-01226,GLD-09,apprentice,2026-06-17,
MEM-00857,WIZ-01227,GLD-10,apprentice,2025-07-15,
MEM-00858,WIZ-01228,GLD-02,apprentice,2026-03-30,
MEM-00859,WIZ-01229,GLD-09,apprentice,2026-05-12,
MEM-00860,WIZ-01230,GLD-06,apprentice,2025-01-06,
MEM-00861,WIZ-01231,GLD-12,APPRENTICE,2023-08-18,
MEM-00862,WIZ-01233,GLD-03,apprentice,2025-08-23,
MEM-00863,WIZ-01234,GLD-09,Apprentice,2026-04-08,
MEM-00864,WIZ-01235,GLD-02,Apprentice,2025-09-09,
MEM-00865,WIZ-01236,GLD-03,Adept,2026-06-05,
MEM-00866,WIZ-01237,GLD-02,archmage,2026-05-31,
MEM-00867,WIZ-01238,GLD-05,adept,2025-07-12,
MEM-00868,WIZ-01239,GLD-04,apprentice,2024-04-24,
MEM-00869,WIZ-01240,GLD-10,Apprentice,2026-04-22,2026-06-01
MEM-00870,WIZ-01240,GLD-10,adept,2026-06-01,
MEM-00871,WIZ-01241,GLD-02,Apprentice,2024-08-19,2026-01-12
MEM-00872,WIZ-01241,GLD-02,adept,2026-01-12,
MEM-00873,WIZ-01242,GLD-09,Apprentice,2024-02-22,
MEM-00874,WIZ-01246,GLD-06,archmage,2025-06-26,
MEM-00875,WIZ-01247,GLD-06,apprentice,2026-01-08,
MEM-00876,WIZ-01248,GLD-07,adept,2025-08-23,
MEM-00877,WIZ-01249,GLD-05,archmage,2026-06-10,
MEM-00878,WIZ-01251,GLD-10,adept,2026-04-04,2026-06-29
MEM-00879,WIZ-01251,GLD-10,archmage,2026-06-29,
MEM-00880,WIZ-01252,GLD-01,ADEPT,2024-09-19,
MEM-00881,WIZ-01254,GLD-04,apprentice,2026-04-09,2026-06-16
MEM-00882,WIZ-01254,GLD-04,adept,2026-06-16,
MEM-00883,WIZ-01256,GLD-09,apprentice,2024-10-23,2026-02-10
MEM-00884,WIZ-01256,GLD-09,adept,2026-02-10,
MEM-00885,WIZ-01257,GLD-08,adept,2025-08-10,
MEM-00886,WIZ-01259,GLD-04,apprentice,2026-04-03,
MEM-00887,WIZ-01260,GLD-01,adept,2023-08-12,
MEM-00888,WIZ-01261,GLD-09,apprentice,2026-06-22,
MEM-00889,WIZ-01263,GLD-01,Apprentice,2024-10-14,
MEM-00890,WIZ-01266,GLD-05,Apprentice,2026-05-31,
MEM-00891,WIZ-01267,GLD-06,adept,2026-06-25,
MEM-00892,WIZ-01268,GLD-07,apprentice,2024-02-19,
MEM-00893,WIZ-01269,GLD-10,apprentice,2024-07-07,
MEM-00894,WIZ-01271,GLD-04,Apprentice,2025-04-20,
MEM-00895,WIZ-01272,GLD-12,apprentice,2026-02-03,
MEM-00896,WIZ-01273,GLD-08,apprentice,2024-12-01,
MEM-00897,WIZ-01274,GLD-11,Apprentice,2025-03-16,
MEM-00898,WIZ-01275,GLD-12,apprentice,2023-12-27,
MEM-00899,WIZ-01276,GLD-11,apprentice,2026-06-06,
MEM-00900,WIZ-01277,GLD-08,apprentice,2024-11-14,
MEM-00901,WIZ-01280,GLD-07,adept,2025-05-29,
MEM-00902,WIZ-01284,GLD-02,adept,2024-09-08,
MEM-00903,WIZ-01285,GLD-11,apprentice,2025-11-25,
MEM-00904,WIZ-01287,GLD-08,apprentice,2025-11-24,
MEM-00905,WIZ-01288,GLD-09,Apprentice,2023-05-25,
MEM-00906,WIZ-01290,GLD-10,archmage,2026-06-12,
MEM-00907,WIZ-01291,GLD-01,adept,2026-02-22,
MEM-00908,WIZ-01292,GLD-07,adept,2026-04-18,
MEM-00909,WIZ-01294,GLD-09,apprentice,2025-10-28,2026-06-07
MEM-00910,WIZ-01294,GLD-09,adept,2026-06-07,
MEM-00911,WIZ-01295,GLD-10,Adept,2025-10-20,
MEM-00912,WIZ-01296,GLD-02,Apprentice,2023-11-09,
MEM-00913,WIZ-01297,GLD-07,Adept,2023-11-02,
MEM-00914,WIZ-01298,GLD-03,archmage,2026-04-09,
MEM-00915,WIZ-01299,GLD-07,archmage,2024-03-30,
MEM-00916,WIZ-01300,GLD-12,apprentice,2026-01-27,
MEM-00917,WIZ-01301,GLD-01,adept,2026-02-13,
MEM-00918,WIZ-01302,GLD-04,apprentice,2024-03-21,
MEM-00919,WIZ-01307,GLD-03,apprentice,2024-05-12,
MEM-00920,WIZ-01308,GLD-11,apprentice,2025-10-03,
MEM-00921,WIZ-01310,GLD-01,adept,2026-06-02,
MEM-00922,WIZ-01314,GLD-10,apprentice,2023-08-10,
MEM-00923,WIZ-01315,GLD-06,Apprentice,2025-06-08,
MEM-00924,WIZ-01316,GLD-02,Apprentice,2025-08-11,
MEM-00925,WIZ-01318,GLD-11,apprentice,2025-08-13,
MEM-00926,WIZ-01319,GLD-06,APPRENTICE,2025-05-21,2025-09-13
MEM-00927,WIZ-01319,GLD-06,adept,2025-09-13,
MEM-00928,WIZ-01321,GLD-09,Apprentice,2026-05-12,
MEM-00929,WIZ-01322,GLD-01,apprentice,2023-12-14,
MEM-00930,WIZ-01323,GLD-10,APPRENTICE,2026-02-05,
MEM-00931,WIZ-01324,GLD-02,apprentice,2024-03-11,
MEM-00932,WIZ-01325,GLD-02,apprentice,2024-06-16,
MEM-00933,WIZ-01327,GLD-08,apprentice,2025-05-12,2026-03-27
MEM-00934,WIZ-01327,GLD-08,adept,2026-03-27,
MEM-00935,WIZ-01329,GLD-04,adept,2024-09-19,2025-03-31
MEM-00936,WIZ-01329,GLD-04,Archmage,2025-03-31,
MEM-00937,WIZ-01332,GLD-08,archmage,2024-05-20,
MEM-00938,WIZ-01337,GLD-06,adept,2026-03-17,
MEM-00939,WIZ-01338,GLD-08,Apprentice,2025-08-27,
MEM-00940,WIZ-01339,GLD-11,ADEPT,2025-06-18,2025-08-04
MEM-00941,WIZ-01339,GLD-11,ARCHMAGE,2025-08-04,
MEM-00942,WIZ-01341,GLD-06,apprentice,2024-02-16,2025-04-01
MEM-00943,WIZ-01341,GLD-06,adept,2025-04-01,
MEM-00944,WIZ-01342,GLD-01,adept,2023-12-26,
MEM-00945,WIZ-01346,GLD-01,APPRENTICE,2025-01-29,
MEM-00946,WIZ-01347,GLD-01,apprentice,2025-11-17,
MEM-00947,WIZ-01349,GLD-09,Apprentice,2026-06-14,
MEM-00948,WIZ-01350,GLD-10,apprentice,2024-02-16,
MEM-00949,WIZ-01351,GLD-11,apprentice,2026-01-11,
MEM-00950,WIZ-01353,GLD-01,apprentice,2025-11-24,
MEM-00951,WIZ-01354,GLD-06,apprentice,2023-08-27,2025-03-16
MEM-00952,WIZ-01354,GLD-06,adept,2025-03-16,
MEM-00953,WIZ-01355,GLD-10,Apprentice,2025-08-12,
MEM-00954,WIZ-01356,GLD-07,apprentice,2026-05-04,
MEM-00955,WIZ-01358,GLD-12,Apprentice,2026-05-31,
MEM-00956,WIZ-01359,GLD-04,Apprentice,2024-02-10,
MEM-00957,WIZ-01360,GLD-05,apprentice,2025-05-09,
MEM-00958,WIZ-01361,GLD-12,apprentice,2026-03-17,
MEM-00959,WIZ-01363,GLD-04,apprentice,2026-04-26,
MEM-00960,WIZ-01365,GLD-07,apprentice,2024-12-10,
MEM-00961,WIZ-01366,GLD-11,apprentice,2024-01-19,
MEM-00962,WIZ-01368,GLD-11,adept,2025-11-22,
MEM-00963,WIZ-01370,GLD-04,adept,2024-08-26,
MEM-00964,WIZ-01371,GLD-06,Apprentice,2026-06-11,
MEM-00965,WIZ-01372,GLD-11,adept,2026-03-10,
MEM-00966,WIZ-01373,GLD-05,adept,2024-10-04,
MEM-00967,WIZ-01376,GLD-10,Archmage,2026-04-10,
MEM-00968,WIZ-01380,GLD-10,apprentice,2023-12-17,
MEM-00969,WIZ-01381,GLD-08,Apprentice,2026-04-11,
MEM-00970,WIZ-01382,GLD-03,adept,2025-09-04,
MEM-00971,WIZ-01384,GLD-03,archmage,2026-06-02,
MEM-00972,WIZ-01385,GLD-10,apprentice,2024-05-30,
MEM-00973,WIZ-01388,GLD-10,Apprentice,2023-09-29,
MEM-00974,WIZ-01389,GLD-07,apprentice,2026-03-22,
MEM-00975,WIZ-01390,GLD-06,apprentice,2025-08-19,
MEM-00976,WIZ-01397,GLD-06,apprentice,2023-10-01,
MEM-00977,WIZ-01398,GLD-06,apprentice,2025-09-12,
MEM-00978,WIZ-01399,GLD-09,apprentice,2025-07-24,
MEM-00979,WIZ-01400,GLD-03,APPRENTICE,2025-05-05,
MEM-00980,WIZ-01404,GLD-03,APPRENTICE,2024-11-30,
MEM-00981,WIZ-01407,GLD-12,apprentice,2025-05-19,
MEM-00982,WIZ-01409,GLD-10,apprentice,2024-06-12,
MEM-00983,WIZ-01410,GLD-10,apprentice,2026-05-04,
MEM-00984,WIZ-01412,GLD-12,Apprentice,2024-10-17,2025-04-16
MEM-00985,WIZ-01412,GLD-12,adept,2025-04-16,
MEM-00986,WIZ-01413,GLD-06,Apprentice,2025-08-06,
MEM-00987,WIZ-01415,GLD-08,APPRENTICE,2025-01-11,
MEM-00988,WIZ-01416,GLD-08,adept,2026-03-26,2026-05-20
MEM-00989,WIZ-01416,GLD-08,archmage,2026-05-20,
MEM-00990,WIZ-01418,GLD-07,apprentice,2026-04-15,
MEM-00991,WIZ-01419,GLD-09,ADEPT,2025-03-15,
MEM-00992,WIZ-01420,GLD-11,apprentice,2025-10-07,
MEM-00993,WIZ-01421,GLD-12,archmage,2024-02-01,
MEM-00994,WIZ-01422,GLD-02,apprentice,2024-10-29,
MEM-00995,WIZ-01425,GLD-01,apprentice,2026-05-28,
MEM-00996,WIZ-01427,GLD-04,Apprentice,2024-05-24,
MEM-00997,WIZ-01428,GLD-12,adept,2024-12-09,
MEM-00998,WIZ-01429,GLD-02,apprentice,2026-03-29,
MEM-00999,WIZ-01431,GLD-08,apprentice,2025-11-24,
MEM-01000,WIZ-01433,GLD-07,apprentice,2026-01-02,
MEM-01001,WIZ-01434,GLD-12,adept,2024-05-30,
MEM-01002,WIZ-01435,GLD-08,apprentice,2024-01-23,
MEM-01003,WIZ-01436,GLD-10,apprentice,2025-06-06,
MEM-01004,WIZ-01437,GLD-03,adept,2023-11-08,
MEM-01005,WIZ-01438,GLD-11,apprentice,2026-01-19,
MEM-01006,WIZ-01439,GLD-11,apprentice,2025-05-28,
MEM-01007,WIZ-01440,GLD-10,adept,2024-08-17,2025-09-23
MEM-01008,WIZ-01440,GLD-10,ARCHMAGE,2025-09-23,
MEM-01009,WIZ-01443,GLD-03,apprentice,2025-05-02,
MEM-01010,WIZ-01445,GLD-01,apprentice,2024-02-12,
MEM-01011,WIZ-01448,GLD-07,apprentice,2026-02-27,
MEM-01012,WIZ-01449,GLD-12,apprentice,2026-06-09,
MEM-01013,WIZ-01451,GLD-08,apprentice,2024-12-11,
MEM-01014,WIZ-01452,GLD-02,adept,2024-09-08,
MEM-01015,WIZ-01453,GLD-08,adept,2026-06-25,
MEM-01016,WIZ-01454,GLD-12,apprentice,2025-06-25,
MEM-01017,WIZ-01458,GLD-04,archmage,2026-06-16,
MEM-01018,WIZ-01459,GLD-12,Apprentice,2024-06-29,
MEM-01019,WIZ-01460,GLD-08,apprentice,2025-02-06,
MEM-01020,WIZ-01462,GLD-02,adept,2024-04-01,2025-05-10
MEM-01021,WIZ-01462,GLD-02,archmage,2025-05-10,
MEM-01022,WIZ-01463,GLD-07,Apprentice,2026-04-19,
MEM-01023,WIZ-01464,GLD-10,adept,2025-03-13,
MEM-01024,WIZ-01465,GLD-05,apprentice,2024-05-19,
MEM-01025,WIZ-01466,GLD-08,archmage,2023-11-22,
MEM-01026,WIZ-01468,GLD-07,apprentice,2024-02-06,
MEM-01027,WIZ-01469,GLD-07,APPRENTICE,2025-09-27,
MEM-01028,WIZ-01470,GLD-09,apprentice,2024-02-04,
MEM-01029,WIZ-01471,GLD-10,archmage,2024-06-27,
MEM-01030,WIZ-01472,GLD-09,apprentice,2025-09-03,2025-12-30
MEM-01031,WIZ-01472,GLD-09,adept,2025-12-30,
MEM-01032,WIZ-01473,GLD-03,ADEPT,2025-07-18,
MEM-01033,WIZ-01476,GLD-08,apprentice,2024-01-07,
MEM-01034,WIZ-01477,GLD-02,adept,2026-04-17,
MEM-01035,WIZ-01478,GLD-05,apprentice,2023-11-04,
MEM-01036,WIZ-01479,GLD-08,adept,2026-05-04,
MEM-01037,WIZ-01481,GLD-09,Adept,2026-02-10,
MEM-01038,WIZ-01482,GLD-10,apprentice,2023-07-24,
MEM-01039,WIZ-01484,GLD-11,adept,2025-11-09,
MEM-01040,WIZ-01488,GLD-09,apprentice,2026-04-28,
MEM-01041,WIZ-01489,GLD-08,Adept,2026-02-06,
MEM-01042,WIZ-01490,GLD-09,apprentice,2023-10-09,
MEM-01043,WIZ-01491,GLD-12,Apprentice,2025-07-30,
MEM-01044,WIZ-01493,GLD-02,apprentice,2025-11-14,
MEM-01045,WIZ-01494,GLD-02,apprentice,2024-07-02,
MEM-01046,WIZ-01495,GLD-05,archmage,2026-06-20,
MEM-01047,WIZ-01497,GLD-03,APPRENTICE,2024-07-16,
MEM-01048,WIZ-01498,GLD-06,apprentice,2026-01-29,
MEM-01049,WIZ-01499,GLD-08,apprentice,2026-04-16,
MEM-01050,WIZ-01502,GLD-12,APPRENTICE,2024-04-27,
MEM-01051,WIZ-01503,GLD-10,apprentice,2023-07-07,2025-03-28
MEM-01052,WIZ-01503,GLD-10,adept,2025-03-28,
MEM-01053,WIZ-01504,GLD-04,adept,2026-06-25,
MEM-01054,WIZ-01505,GLD-08,archmage,2023-08-15,
MEM-01055,WIZ-01506,GLD-04,apprentice,2026-02-15,
MEM-01056,WIZ-01508,GLD-04,archmage,2026-06-03,
MEM-01057,WIZ-01510,GLD-04,APPRENTICE,2025-09-13,
MEM-01058,WIZ-01511,GLD-05,apprentice,2025-01-17,
MEM-01059,WIZ-01513,GLD-07,adept,2024-09-19,2025-06-29
MEM-01060,WIZ-01513,GLD-07,archmage,2025-06-29,
MEM-01061,WIZ-01515,GLD-07,adept,2023-06-02,
MEM-01062,WIZ-01516,GLD-03,apprentice,2026-06-11,
MEM-01063,WIZ-01517,GLD-06,apprentice,2024-05-05,
MEM-01064,WIZ-01519,GLD-08,Apprentice,2023-10-21,
MEM-01065,WIZ-01520,GLD-12,adept,2024-11-30,
MEM-01066,WIZ-01524,GLD-11,Apprentice,2023-04-18,
MEM-01067,WIZ-01525,GLD-07,apprentice,2026-01-16,
MEM-01068,WIZ-01526,GLD-03,Apprentice,2024-03-09,2024-05-09
MEM-01069,WIZ-01526,GLD-03,adept,2024-05-09,
MEM-01070,WIZ-01527,GLD-05,Apprentice,2026-03-09,
MEM-01071,WIZ-01529,GLD-10,apprentice,2025-05-28,
MEM-01072,WIZ-01530,GLD-02,Archmage,2024-12-13,
MEM-01073,WIZ-01531,GLD-05,APPRENTICE,2023-09-05,2025-06-10
MEM-01074,WIZ-01531,GLD-05,adept,2025-06-10,
MEM-01075,WIZ-01532,GLD-03,apprentice,2025-11-24,2026-02-21
MEM-01076,WIZ-01532,GLD-03,Adept,2026-02-21,
MEM-01077,WIZ-01533,GLD-04,adept,2024-12-23,
MEM-01078,WIZ-01534,GLD-04,apprentice,2026-06-05,
MEM-01079,WIZ-01536,GLD-02,adept,2026-01-01,
MEM-01080,WIZ-01537,GLD-07,apprentice,2024-11-16,
MEM-01081,WIZ-01539,GLD-06,apprentice,2023-12-06,
MEM-01082,WIZ-01541,GLD-06,Apprentice,2026-03-06,2026-05-04
MEM-01083,WIZ-01541,GLD-06,adept,2026-05-04,
MEM-01084,WIZ-01542,GLD-03,adept,2026-04-21,
MEM-01085,WIZ-01543,GLD-06,Apprentice,2024-05-04,2024-07-29
MEM-01086,WIZ-01543,GLD-06,adept,2024-07-29,
MEM-01087,WIZ-01544,GLD-02,Apprentice,2025-09-30,
MEM-01088,WIZ-01545,GLD-11,APPRENTICE,2024-10-18,2025-02-10
MEM-01089,WIZ-01545,GLD-11,adept,2025-02-10,
MEM-01090,WIZ-01547,GLD-03,adept,2025-02-05,
MEM-01091,WIZ-01549,GLD-11,adept,2024-05-26,
MEM-01092,WIZ-01550,GLD-08,Adept,2024-10-26,
MEM-01093,WIZ-01551,GLD-09,Adept,2026-03-08,
MEM-01094,WIZ-01552,GLD-08,archmage,2026-03-07,
MEM-01095,WIZ-01553,GLD-10,Apprentice,2024-04-25,
MEM-01096,WIZ-01554,GLD-01,adept,2025-05-26,
MEM-01097,WIZ-01555,GLD-04,apprentice,2023-07-08,
MEM-01098,WIZ-01556,GLD-08,apprentice,2025-09-27,
MEM-01099,WIZ-01557,GLD-05,adept,2026-06-17,
MEM-01100,WIZ-01558,GLD-12,Adept,2024-12-22,
MEM-01101,WIZ-01562,GLD-04,Adept,2026-06-14,
MEM-01102,WIZ-01563,GLD-02,Adept,2026-06-13,
MEM-01103,WIZ-01566,GLD-12,Apprentice,2025-07-23,
MEM-01104,WIZ-01568,GLD-07,apprentice,2025-02-06,2026-01-20
MEM-01105,WIZ-01568,GLD-07,adept,2026-01-20,
MEM-01106,WIZ-01570,GLD-03,adept,2026-05-18,
MEM-01107,WIZ-01571,GLD-01,apprentice,2024-10-19,
MEM-01108,WIZ-01574,GLD-09,ADEPT,2026-05-12,
MEM-01109,WIZ-01575,GLD-12,Apprentice,2026-04-03,2026-06-28
MEM-01110,WIZ-01575,GLD-12,adept,2026-06-28,
MEM-01111,WIZ-01576,GLD-09,apprentice,2026-04-06,
MEM-01112,WIZ-01577,GLD-03,Adept,2025-09-17,
MEM-01113,WIZ-01578,GLD-09,apprentice,2024-06-11,
MEM-01114,WIZ-01579,GLD-02,adept,2023-03-08,
MEM-01115,WIZ-01582,GLD-04,apprentice,2025-08-16,
MEM-01116,WIZ-01585,GLD-02,APPRENTICE,2025-11-26,2026-04-11
MEM-01117,WIZ-01585,GLD-02,Adept,2026-04-11,
MEM-01118,WIZ-01586,GLD-09,adept,2024-06-19,
MEM-01119,WIZ-01588,GLD-01,Apprentice,2026-03-20,
MEM-01120,WIZ-01589,GLD-11,Adept,2026-05-24,
MEM-01121,WIZ-01590,GLD-01,adept,2023-08-04,
MEM-01122,WIZ-01591,GLD-12,apprentice,2026-04-25,
MEM-01123,WIZ-01592,GLD-06,apprentice,2026-01-12,
MEM-01124,WIZ-01594,GLD-12,adept,2023-05-02,
MEM-01125,WIZ-01595,GLD-03,apprentice,2024-03-31,
MEM-01126,WIZ-01598,GLD-10,apprentice,2024-06-08,
MEM-01127,WIZ-01600,GLD-04,APPRENTICE,2023-12-10,
MEM-01128,WIZ-01603,GLD-10,adept,2024-11-06,2025-02-19
MEM-01129,WIZ-01603,GLD-10,archmage,2025-02-19,
MEM-01130,WIZ-01604,GLD-12,Apprentice,2024-07-21,
MEM-01131,WIZ-01606,GLD-03,adept,2024-03-11,
MEM-01132,WIZ-01607,GLD-09,apprentice,2023-08-01,
MEM-01133,WIZ-01608,GLD-01,adept,2024-05-07,
MEM-01134,WIZ-01609,GLD-01,adept,2025-06-10,
MEM-01135,WIZ-01610,GLD-11,Adept,2025-10-22,2026-06-27
MEM-01136,WIZ-01610,GLD-11,ARCHMAGE,2026-06-27,
MEM-01137,WIZ-01611,GLD-07,APPRENTICE,2023-09-17,
MEM-01138,WIZ-01612,GLD-03,adept,2024-11-29,
MEM-01139,WIZ-01613,GLD-02,apprentice,2024-01-27,
MEM-01140,WIZ-01615,GLD-01,apprentice,2023-12-18,
MEM-01141,WIZ-01616,GLD-08,Apprentice,2025-10-11,
MEM-01142,WIZ-01617,GLD-11,APPRENTICE,2024-04-08,
MEM-01143,WIZ-01618,GLD-04,apprentice,2023-06-19,
MEM-01144,WIZ-01619,GLD-10,Adept,2024-11-10,
MEM-01145,WIZ-01621,GLD-04,apprentice,2026-02-15,
MEM-01146,WIZ-01622,GLD-07,APPRENTICE,2024-01-08,
MEM-01147,WIZ-01624,GLD-12,Apprentice,2026-04-29,
MEM-01148,WIZ-01625,GLD-11,Apprentice,2026-05-16,
MEM-01149,WIZ-01626,GLD-12,apprentice,2026-02-19,
MEM-01150,WIZ-01627,GLD-11,archmage,2026-04-13,
MEM-01151,WIZ-01629,GLD-07,ADEPT,2026-05-25,
MEM-01152,WIZ-01630,GLD-11,adept,2024-05-03,2024-11-12
MEM-01153,WIZ-01630,GLD-11,ARCHMAGE,2024-11-12,
MEM-01154,WIZ-01632,GLD-05,apprentice,2024-10-08,
MEM-01155,WIZ-01633,GLD-06,apprentice,2024-10-20,
MEM-01156,WIZ-01637,GLD-02,apprentice,2025-11-11,
MEM-01157,WIZ-01638,GLD-03,apprentice,2026-06-23,
MEM-01158,WIZ-01640,GLD-01,apprentice,2023-12-15,
MEM-01159,WIZ-01642,GLD-02,apprentice,2025-09-11,
MEM-01160,WIZ-01643,GLD-08,apprentice,2023-08-29,
MEM-01161,WIZ-01644,GLD-04,Apprentice,2025-02-09,2026-03-15
MEM-01162,WIZ-01644,GLD-04,adept,2026-03-15,
MEM-01163,WIZ-01645,GLD-04,archmage,2025-08-16,
MEM-01164,WIZ-01646,GLD-01,APPRENTICE,2025-05-26,
MEM-01165,WIZ-01649,GLD-09,Apprentice,2026-05-15,
MEM-01166,WIZ-01650,GLD-06,Apprentice,2024-07-24,
MEM-01167,WIZ-01652,GLD-09,apprentice,2023-04-15,
MEM-01168,WIZ-01653,GLD-06,apprentice,2025-07-14,
MEM-01169,WIZ-01654,GLD-08,Apprentice,2025-02-26,
MEM-01170,WIZ-01655,GLD-11,adept,2025-08-01,
MEM-01171,WIZ-01658,GLD-07,APPRENTICE,2024-09-02,
MEM-01172,WIZ-01659,GLD-05,adept,2026-04-16,
MEM-01173,WIZ-01661,GLD-05,apprentice,2025-12-12,
MEM-01174,WIZ-01662,GLD-09,adept,2024-05-07,
MEM-01175,WIZ-01663,GLD-05,apprentice,2026-02-26,
MEM-01176,WIZ-01664,GLD-06,apprentice,2026-02-19,
MEM-01177,WIZ-01665,GLD-11,Apprentice,2024-12-21,
MEM-01178,WIZ-01671,GLD-07,apprentice,2023-07-14,
MEM-01179,WIZ-01672,GLD-03,adept,2023-12-10,
MEM-01180,WIZ-01673,GLD-04,apprentice,2024-06-19,
MEM-01181,WIZ-01674,GLD-07,adept,2024-09-05,
MEM-01182,WIZ-01675,GLD-05,apprentice,2026-04-27,2026-06-17
MEM-01183,WIZ-01675,GLD-05,Adept,2026-06-17,
MEM-01184,WIZ-01677,GLD-05,archmage,2024-06-04,
MEM-01185,WIZ-01679,GLD-11,apprentice,2024-08-31,
MEM-01186,WIZ-01680,GLD-09,adept,2023-10-27,
MEM-01187,WIZ-01682,GLD-06,archmage,2026-04-30,
MEM-01188,WIZ-01684,GLD-05,archmage,2026-03-13,
MEM-01189,WIZ-01685,GLD-10,apprentice,2024-10-25,
MEM-01190,WIZ-01686,GLD-05,Apprentice,2023-03-16,2024-05-08
MEM-01191,WIZ-01686,GLD-05,adept,2024-05-08,
MEM-01192,WIZ-01687,GLD-04,Apprentice,2025-06-20,
MEM-01193,WIZ-01688,GLD-07,Apprentice,2024-11-13,
MEM-01194,WIZ-01689,GLD-01,Apprentice,2025-10-18,2026-05-25
MEM-01195,WIZ-01689,GLD-01,adept,2026-05-25,
MEM-01196,WIZ-01690,GLD-06,apprentice,2025-07-01,
MEM-01197,WIZ-01692,GLD-02,adept,2024-12-07,
MEM-01198,WIZ-01693,GLD-10,apprentice,2024-01-05,
MEM-01199,WIZ-01695,GLD-08,apprentice,2025-11-16,2026-01-09
MEM-01200,WIZ-01695,GLD-08,adept,2026-01-09,
MEM-01201,WIZ-01696,GLD-12,apprentice,2025-01-25,
MEM-01202,WIZ-01699,GLD-06,adept,2026-04-25,
MEM-01203,WIZ-01700,GLD-12,adept,2024-03-14,2025-10-28
MEM-01204,WIZ-01700,GLD-12,Archmage,2025-10-28,
MEM-01205,WIZ-01701,GLD-08,archmage,2024-11-23,
MEM-01206,WIZ-01703,GLD-01,apprentice,2024-09-02,2025-01-25
MEM-01207,WIZ-01703,GLD-01,Adept,2025-01-25,
MEM-01208,WIZ-01704,GLD-12,apprentice,2024-05-15,
MEM-01209,WIZ-01705,GLD-05,apprentice,2026-05-08,
MEM-01210,WIZ-01706,GLD-07,apprentice,2025-11-09,
MEM-01211,WIZ-01707,GLD-07,apprentice,2026-05-25,
MEM-01212,WIZ-01708,GLD-07,apprentice,2026-06-14,
MEM-01213,WIZ-01709,GLD-02,apprentice,2026-03-29,
MEM-01214,WIZ-01710,GLD-11,apprentice,2024-09-06,
MEM-01215,WIZ-01711,GLD-06,APPRENTICE,2025-07-01,
MEM-01216,WIZ-01712,GLD-05,apprentice,2025-10-06,
MEM-01217,WIZ-01713,GLD-07,ARCHMAGE,2025-03-11,
MEM-01218,WIZ-01716,GLD-08,adept,2023-03-20,
MEM-01219,WIZ-01717,GLD-02,adept,2023-08-19,
MEM-01220,WIZ-01718,GLD-12,apprentice,2024-01-07,
MEM-01221,WIZ-01719,GLD-07,adept,2026-04-28,
MEM-01222,WIZ-01722,GLD-04,apprentice,2025-05-08,
MEM-01223,WIZ-01723,GLD-09,APPRENTICE,2024-09-05,2025-09-15
MEM-01224,WIZ-01723,GLD-09,ADEPT,2025-09-15,
MEM-01225,WIZ-01724,GLD-10,APPRENTICE,2025-07-02,
MEM-01226,WIZ-01725,GLD-03,APPRENTICE,2026-03-31,
MEM-01227,WIZ-01726,GLD-03,apprentice,2024-07-21,
MEM-01228,WIZ-01728,GLD-10,adept,2026-05-02,
MEM-01229,WIZ-01736,GLD-12,apprentice,2025-12-25,
MEM-01230,WIZ-01737,GLD-04,Apprentice,2025-11-29,
MEM-01231,WIZ-01738,GLD-12,adept,2025-11-22,2026-06-04
MEM-01232,WIZ-01738,GLD-12,archmage,2026-06-04,
MEM-01233,WIZ-01739,GLD-10,apprentice,2024-04-22,
MEM-01234,WIZ-01741,GLD-02,apprentice,2025-07-12,
MEM-01235,WIZ-01742,GLD-09,apprentice,2025-10-24,
MEM-01236,WIZ-01743,GLD-01,apprentice,2025-04-19,2026-06-08
MEM-01237,WIZ-01743,GLD-01,adept,2026-06-08,
MEM-01238,WIZ-01744,GLD-07,Apprentice,2026-06-28,
MEM-01239,WIZ-01745,GLD-05,apprentice,2026-04-04,
MEM-01240,WIZ-01748,GLD-07,adept,2025-09-17,
MEM-01241,WIZ-01751,GLD-10,archmage,2025-11-11,
MEM-01242,WIZ-01752,GLD-08,APPRENTICE,2024-02-13,
MEM-01243,WIZ-01753,GLD-01,Apprentice,2026-05-07,
MEM-01244,WIZ-01754,GLD-11,Apprentice,2024-05-16,
MEM-01245,WIZ-01755,GLD-01,Adept,2024-01-28,
MEM-01246,WIZ-01756,GLD-02,apprentice,2026-04-11,
MEM-01247,WIZ-01757,GLD-11,adept,2024-05-06,
MEM-01248,WIZ-01758,GLD-02,adept,2025-02-12,
MEM-01249,WIZ-01759,GLD-07,Apprentice,2024-07-07,
MEM-01250,WIZ-01763,GLD-06,APPRENTICE,2026-04-19,
MEM-01251,WIZ-01764,GLD-01,apprentice,2023-06-20,2023-12-15
MEM-01252,WIZ-01764,GLD-01,adept,2023-12-15,
MEM-01253,WIZ-01765,GLD-09,apprentice,2025-06-30,
MEM-01254,WIZ-01766,GLD-07,apprentice,2024-12-17,
MEM-01255,WIZ-01767,GLD-12,apprentice,2023-05-22,
MEM-01256,WIZ-01768,GLD-01,apprentice,2025-07-11,
MEM-01257,WIZ-01770,GLD-06,archmage,2026-01-08,
MEM-01258,WIZ-01771,GLD-06,apprentice,2025-02-28,
MEM-01259,WIZ-01772,GLD-11,Apprentice,2025-12-24,
MEM-01260,WIZ-01773,GLD-07,archmage,2026-04-03,
MEM-01261,WIZ-01774,GLD-12,adept,2026-06-23,
MEM-01262,WIZ-01775,GLD-06,apprentice,2025-10-13,
MEM-01263,WIZ-01776,GLD-04,apprentice,2025-12-17,
MEM-01264,WIZ-01777,GLD-11,apprentice,2023-08-27,
MEM-01265,WIZ-01778,GLD-03,ADEPT,2024-07-16,
MEM-01266,WIZ-01780,GLD-07,apprentice,2024-09-14,
MEM-01267,WIZ-01781,GLD-06,apprentice,2025-08-06,
MEM-01268,WIZ-01783,GLD-10,APPRENTICE,2025-04-04,
MEM-01269,WIZ-01784,GLD-06,adept,2024-11-12,
MEM-01270,WIZ-01785,GLD-07,apprentice,2025-06-08,
MEM-01271,WIZ-01786,GLD-12,adept,2024-09-27,
MEM-01272,WIZ-01787,GLD-03,archmage,2025-01-31,
MEM-01273,WIZ-01788,GLD-08,apprentice,2026-03-02,
MEM-01274,WIZ-01791,GLD-01,apprentice,2024-03-05,
MEM-01275,WIZ-01792,GLD-12,archmage,2023-04-07,
MEM-01276,WIZ-01794,GLD-07,apprentice,2026-04-29,
MEM-01277,WIZ-01797,GLD-06,Apprentice,2024-01-30,
MEM-01278,WIZ-01798,GLD-01,ARCHMAGE,2023-11-13,
MEM-01279,WIZ-01799,GLD-08,adept,2026-05-10,
MEM-01280,WIZ-01801,GLD-10,apprentice,2024-12-11,
MEM-01281,WIZ-01802,GLD-02,Apprentice,2026-03-31,
MEM-01282,WIZ-01804,GLD-05,apprentice,2025-07-10,
MEM-01283,WIZ-01807,GLD-07,Apprentice,2026-01-07,
MEM-01284,WIZ-01810,GLD-03,Apprentice,2026-01-21,
MEM-01285,WIZ-01811,GLD-09,Adept,2025-12-24,
MEM-01286,WIZ-01812,GLD-03,apprentice,2024-12-31,
MEM-01287,WIZ-01813,GLD-12,Apprentice,2024-08-22,
MEM-01288,WIZ-01815,GLD-10,Apprentice,2024-05-09,
MEM-01289,WIZ-01816,GLD-01,Apprentice,2026-06-11,
MEM-01290,WIZ-01818,GLD-02,adept,2025-07-04,
MEM-01291,WIZ-01819,GLD-10,apprentice,2023-12-01,
MEM-01292,WIZ-01820,GLD-12,adept,2025-07-31,
MEM-01293,WIZ-01822,GLD-05,apprentice,2025-04-21,
MEM-01294,WIZ-01823,GLD-12,archmage,2026-05-14,
MEM-01295,WIZ-01825,GLD-05,Apprentice,2026-05-28,
MEM-01296,WIZ-01826,GLD-10,adept,2024-05-08,
MEM-01297,WIZ-01828,GLD-03,adept,2025-10-09,2026-06-30
MEM-01298,WIZ-01828,GLD-03,archmage,2026-06-30,
MEM-01299,WIZ-01831,GLD-02,adept,2024-09-13,
MEM-01300,WIZ-01832,GLD-10,Apprentice,2024-07-25,2026-05-04
MEM-01301,WIZ-01832,GLD-10,Adept,2026-05-04,
MEM-01302,WIZ-01833,GLD-12,adept,2026-03-17,
MEM-01303,WIZ-01834,GLD-08,apprentice,2023-11-24,
MEM-01304,WIZ-01836,GLD-06,adept,2024-10-28,
MEM-01305,WIZ-01837,GLD-04,apprentice,2025-04-04,
MEM-01306,WIZ-01838,GLD-07,apprentice,2025-06-16,
MEM-01307,WIZ-01840,GLD-04,APPRENTICE,2024-12-11,
MEM-01308,WIZ-01841,GLD-12,adept,2025-02-15,2025-10-18
MEM-01309,WIZ-01841,GLD-12,archmage,2025-10-18,
MEM-01310,WIZ-01842,GLD-11,Apprentice,2024-11-21,
MEM-01311,WIZ-01845,GLD-09,apprentice,2026-06-30,
MEM-01312,WIZ-01848,GLD-03,Adept,2026-06-23,
MEM-01313,WIZ-01849,GLD-12,apprentice,2025-04-26,
MEM-01314,WIZ-01850,GLD-02,ARCHMAGE,2026-05-25,
MEM-01315,WIZ-01851,GLD-05,APPRENTICE,2024-12-06,
MEM-01316,WIZ-01853,GLD-12,Apprentice,2026-04-03,
MEM-01317,WIZ-01854,GLD-06,apprentice,2024-12-08,
MEM-01318,WIZ-01857,GLD-04,apprentice,2024-09-11,
MEM-01319,WIZ-01859,GLD-04,apprentice,2024-07-01,
MEM-01320,WIZ-01860,GLD-11,Archmage,2026-01-15,
MEM-01321,WIZ-01863,GLD-10,adept,2026-01-08,
MEM-01322,WIZ-01864,GLD-07,Apprentice,2024-06-22,
MEM-01323,WIZ-01865,GLD-07,archmage,2026-06-02,
MEM-01324,WIZ-01868,GLD-09,apprentice,2026-02-03,
MEM-01325,WIZ-01869,GLD-05,apprentice,2024-08-02,
MEM-01326,WIZ-01870,GLD-12,apprentice,2023-09-12,2025-01-09
MEM-01327,WIZ-01870,GLD-12,adept,2025-01-09,
MEM-01328,WIZ-01872,GLD-03,Apprentice,2026-04-01,
MEM-01329,WIZ-01873,GLD-06,Adept,2025-03-05,
MEM-01330,WIZ-01875,GLD-07,apprentice,2026-06-09,
MEM-01331,WIZ-01877,GLD-05,adept,2026-03-12,
MEM-01332,WIZ-01878,GLD-09,adept,2023-11-01,
MEM-01333,WIZ-01879,GLD-06,APPRENTICE,2025-05-31,
MEM-01334,WIZ-01881,GLD-07,apprentice,2023-07-28,
MEM-01335,WIZ-01884,GLD-02,apprentice,2024-03-06,
MEM-01336,WIZ-01886,GLD-08,archmage,2024-12-05,
MEM-01337,WIZ-01888,GLD-03,Adept,2026-06-03,
MEM-01338,WIZ-01890,GLD-04,adept,2025-11-10,
MEM-01339,WIZ-01891,GLD-12,adept,2023-12-29,
MEM-01340,WIZ-01893,GLD-06,Apprentice,2026-01-17,
MEM-01341,WIZ-01895,GLD-01,adept,2025-01-25,
MEM-01342,WIZ-01896,GLD-08,APPRENTICE,2024-02-20,
MEM-01343,WIZ-01897,GLD-10,adept,2026-02-07,
MEM-01344,WIZ-01898,GLD-08,ADEPT,2025-09-12,2026-03-18
MEM-01345,WIZ-01898,GLD-08,archmage,2026-03-18,
MEM-01346,WIZ-01901,GLD-01,apprentice,2023-09-02,
MEM-01347,WIZ-01902,GLD-11,apprentice,2025-12-22,
MEM-01348,WIZ-01903,GLD-05,Archmage,2026-01-03,
MEM-01349,WIZ-01905,GLD-12,apprentice,2026-06-19,
MEM-01350,WIZ-01906,GLD-12,apprentice,2026-06-12,
MEM-01351,WIZ-01907,GLD-05,Apprentice,2026-05-30,
MEM-01352,WIZ-01908,GLD-07,apprentice,2025-01-11,
MEM-01353,WIZ-01910,GLD-10,apprentice,2024-12-03,
MEM-01354,WIZ-01913,GLD-10,apprentice,2025-03-06,
MEM-01355,WIZ-01914,GLD-07,Apprentice,2026-05-05,
MEM-01356,WIZ-01915,GLD-10,ADEPT,2026-06-26,
MEM-01357,WIZ-01916,GLD-04,ADEPT,2025-01-17,
MEM-01358,WIZ-01917,GLD-01,archmage,2026-03-11,
MEM-01359,WIZ-01918,GLD-03,APPRENTICE,2024-09-21,
MEM-01360,WIZ-01919,GLD-05,archmage,2026-05-23,
MEM-01361,WIZ-01920,GLD-12,apprentice,2025-05-29,
MEM-01362,WIZ-01921,GLD-12,Adept,2024-10-21,
MEM-01363,WIZ-01922,GLD-03,Adept,2024-05-03,
MEM-01364,WIZ-01923,GLD-06,Apprentice,2026-01-26,
MEM-01365,WIZ-01924,GLD-05,apprentice,2025-02-10,
MEM-01366,WIZ-01925,GLD-11,apprentice,2023-07-18,
MEM-01367,WIZ-01926,GLD-12,Adept,2023-10-11,
MEM-01368,WIZ-01928,GLD-01,APPRENTICE,2025-06-08,
MEM-01369,WIZ-01929,GLD-10,adept,2026-01-30,
MEM-01370,WIZ-01930,GLD-09,Adept,2025-09-23,
MEM-01371,WIZ-01932,GLD-05,apprentice,2026-05-12,
MEM-01372,WIZ-01933,GLD-10,adept,2024-07-08,
MEM-01373,WIZ-01934,GLD-12,apprentice,2025-04-05,
MEM-01374,WIZ-01937,GLD-10,apprentice,2024-10-19,
MEM-01375,WIZ-01938,GLD-05,Apprentice,2025-02-06,2025-10-31
MEM-01376,WIZ-01938,GLD-05,ADEPT,2025-10-31,
MEM-01377,WIZ-01939,GLD-05,Apprentice,2024-02-18,2025-12-03
MEM-01378,WIZ-01939,GLD-05,adept,2025-12-03,
MEM-01379,WIZ-01941,GLD-09,apprentice,2026-03-28,
MEM-01380,WIZ-01942,GLD-02,apprentice,2024-08-13,
MEM-01381,WIZ-01944,GLD-08,apprentice,2025-10-12,
MEM-01382,WIZ-01945,GLD-03,apprentice,2026-06-21,
MEM-01383,WIZ-01946,GLD-05,apprentice,2024-08-02,
MEM-01384,WIZ-01947,GLD-07,apprentice,2026-05-24,
MEM-01385,WIZ-01949,GLD-01,APPRENTICE,2024-11-13,
MEM-01386,WIZ-01950,GLD-12,adept,2026-04-22,
MEM-01387,WIZ-01952,GLD-02,apprentice,2026-02-09,
MEM-01388,WIZ-01953,GLD-02,apprentice,2024-01-14,
MEM-01389,WIZ-01955,GLD-11,apprentice,2025-06-04,2025-12-22
MEM-01390,WIZ-01955,GLD-11,adept,2025-12-22,
MEM-01391,WIZ-01957,GLD-07,apprentice,2023-11-13,
MEM-01392,WIZ-01959,GLD-06,Apprentice,2025-02-02,
MEM-01393,WIZ-01963,GLD-03,Apprentice,2023-11-27,
MEM-01394,WIZ-01964,GLD-02,apprentice,2026-04-02,
MEM-01395,WIZ-01965,GLD-01,Adept,2025-04-27,
MEM-01396,WIZ-01966,GLD-05,APPRENTICE,2026-06-05,
MEM-01397,WIZ-01969,GLD-05,archmage,2026-02-17,
MEM-01398,WIZ-01971,GLD-07,adept,2023-10-11,
MEM-01399,WIZ-01974,GLD-11,archmage,2024-08-23,
MEM-01400,WIZ-01975,GLD-12,ARCHMAGE,2023-10-11,
MEM-01401,WIZ-01978,GLD-02,apprentice,2026-06-09,
MEM-01402,WIZ-01980,GLD-03,apprentice,2025-05-22,
MEM-01403,WIZ-01981,GLD-07,apprentice,2026-03-03,
MEM-01404,WIZ-01982,GLD-06,apprentice,2024-02-27,
MEM-01405,WIZ-01989,GLD-03,Apprentice,2026-03-09,
MEM-01406,WIZ-01990,GLD-01,apprentice,2026-06-21,
MEM-01407,WIZ-01991,GLD-04,adept,2024-11-11,
MEM-01408,WIZ-01993,GLD-12,Apprentice,2024-10-04,
MEM-01409,WIZ-01994,GLD-07,Apprentice,2024-06-09,2025-06-08
MEM-01410,WIZ-01994,GLD-07,Adept,2025-06-08,
MEM-01411,WIZ-01995,GLD-02,apprentice,2023-12-16,
MEM-01412,WIZ-01996,GLD-01,apprentice,2025-04-08,
MEM-01413,WIZ-01999,GLD-03,ADEPT,2025-10-15,
MEM-01414,WIZ-02001,GLD-12,Apprentice,2025-01-08,
MEM-01415,WIZ-02002,GLD-02,Apprentice,2024-09-26,
MEM-01416,WIZ-02003,GLD-12,apprentice,2023-07-25,2024-10-23
MEM-01417,WIZ-02003,GLD-12,adept,2024-10-23,
MEM-01418,WIZ-02005,GLD-12,Adept,2025-09-27,
MEM-01419,WIZ-02006,GLD-12,apprentice,2025-09-03,2025-10-17
MEM-01420,WIZ-02006,GLD-12,adept,2025-10-17,
MEM-01421,WIZ-02008,GLD-07,adept,2025-11-11,
MEM-01422,WIZ-02010,GLD-03,adept,2025-12-26,
MEM-01423,WIZ-02011,GLD-04,Apprentice,2024-04-19,
MEM-01424,WIZ-02012,GLD-01,archmage,2026-06-09,
MEM-01425,WIZ-02013,GLD-11,Adept,2026-05-06,
MEM-01426,WIZ-02015,GLD-05,apprentice,2024-11-19,
MEM-01427,WIZ-02018,GLD-08,apprentice,2024-05-25,
MEM-01428,WIZ-02020,GLD-03,adept,2025-10-29,
MEM-01429,WIZ-02021,GLD-11,apprentice,2025-11-27,
MEM-01430,WIZ-02022,GLD-05,Apprentice,2024-04-26,
MEM-01431,WIZ-02023,GLD-01,apprentice,2024-11-13,
MEM-01432,WIZ-02024,GLD-08,Apprentice,2024-06-16,
MEM-01433,WIZ-02025,GLD-04,ADEPT,2026-05-30,
MEM-01434,WIZ-02026,GLD-08,apprentice,2026-05-12,
MEM-01435,WIZ-02027,GLD-09,apprentice,2023-09-25,
MEM-01436,WIZ-02030,GLD-12,apprentice,2025-01-17,
MEM-01437,WIZ-02033,GLD-11,archmage,2023-04-17,
MEM-01438,WIZ-02034,GLD-02,APPRENTICE,2025-11-28,
MEM-01439,WIZ-02035,GLD-05,adept,2024-11-22,
MEM-01440,WIZ-02036,GLD-12,adept,2026-05-18,
MEM-01441,WIZ-02037,GLD-09,apprentice,2026-04-20,
MEM-01442,WIZ-02040,GLD-10,apprentice,2025-03-20,
MEM-01443,WIZ-02041,GLD-11,Apprentice,2026-01-26,
MEM-01444,WIZ-02042,GLD-08,Apprentice,2026-03-27,
MEM-01445,WIZ-02043,GLD-08,apprentice,2026-03-16,
MEM-01446,WIZ-02044,GLD-03,apprentice,2025-05-21,
MEM-01447,WIZ-02047,GLD-11,Adept,2025-09-22,
MEM-01448,WIZ-02048,GLD-10,apprentice,2026-02-20,
MEM-01449,WIZ-02050,GLD-06,apprentice,2023-04-08,
MEM-01450,WIZ-02051,GLD-10,Adept,2026-05-07,
MEM-01451,WIZ-02052,GLD-10,apprentice,2025-12-19,
MEM-01452,WIZ-02054,GLD-06,adept,2025-06-03,
MEM-01453,WIZ-02056,GLD-10,apprentice,2024-02-05,
MEM-01454,WIZ-02057,GLD-04,APPRENTICE,2025-11-23,2025-12-30
MEM-01455,WIZ-02057,GLD-04,adept,2025-12-30,
MEM-01456,WIZ-02058,GLD-10,apprentice,2025-03-24,
MEM-01457,WIZ-02059,GLD-02,apprentice,2024-07-14,
MEM-01458,WIZ-02060,GLD-08,apprentice,2026-06-23,
MEM-01459,WIZ-02061,GLD-03,apprentice,2024-10-16,
MEM-01460,WIZ-02063,GLD-10,adept,2025-05-02,2025-11-02
MEM-01461,WIZ-02063,GLD-10,archmage,2025-11-02,
MEM-01462,WIZ-02064,GLD-09,Apprentice,2024-12-16,
MEM-01463,WIZ-02066,GLD-04,adept,2023-04-07,
MEM-01464,WIZ-02067,GLD-03,apprentice,2025-06-23,2026-06-09
MEM-01465,WIZ-02067,GLD-03,Adept,2026-06-09,
MEM-01466,WIZ-02073,GLD-10,apprentice,2023-11-15,2025-02-20
MEM-01467,WIZ-02073,GLD-10,adept,2025-02-20,
MEM-01468,WIZ-02074,GLD-03,archmage,2024-05-19,
MEM-01469,WIZ-02075,GLD-08,Apprentice,2026-05-17,
MEM-01470,WIZ-02076,GLD-06,APPRENTICE,2026-01-24,2026-03-18
MEM-01471,WIZ-02076,GLD-06,adept,2026-03-18,
MEM-01472,WIZ-02077,GLD-12,APPRENTICE,2025-08-18,
MEM-01473,WIZ-02078,GLD-08,apprentice,2023-09-13,
MEM-01474,WIZ-02083,GLD-10,apprentice,2024-03-03,
MEM-01475,WIZ-02084,GLD-10,Apprentice,2026-04-25,
MEM-01476,WIZ-02085,GLD-06,adept,2025-01-09,
MEM-01477,WIZ-02086,GLD-11,apprentice,2026-04-14,2026-06-01
MEM-01478,WIZ-02086,GLD-11,adept,2026-06-01,
MEM-01479,WIZ-02087,GLD-05,archmage,2024-08-22,
MEM-01480,WIZ-02088,GLD-06,APPRENTICE,2025-04-09,
MEM-01481,WIZ-02090,GLD-09,Archmage,2024-08-07,
MEM-01482,WIZ-02092,GLD-01,archmage,2023-09-05,
MEM-01483,WIZ-02093,GLD-12,ADEPT,2025-03-31,
MEM-01484,WIZ-02094,GLD-12,adept,2025-04-15,
MEM-01485,WIZ-02097,GLD-01,Apprentice,2024-06-21,2024-10-12
MEM-01486,WIZ-02097,GLD-01,adept,2024-10-12,
MEM-01487,WIZ-02099,GLD-11,apprentice,2025-04-11,
MEM-01488,WIZ-02100,GLD-10,apprentice,2024-06-03,
MEM-01489,WIZ-02101,GLD-03,Adept,2024-10-25,
MEM-01490,WIZ-02102,GLD-02,APPRENTICE,2023-05-29,
MEM-01491,WIZ-02103,GLD-09,apprentice,2026-03-19,
MEM-01492,WIZ-02104,GLD-10,apprentice,2024-06-24,
MEM-01493,WIZ-02105,GLD-01,apprentice,2025-06-18,
MEM-01494,WIZ-02106,GLD-04,apprentice,2025-09-15,2026-04-27
MEM-01495,WIZ-02106,GLD-04,adept,2026-04-27,
MEM-01496,WIZ-02108,GLD-04,APPRENTICE,2025-03-15,
MEM-01497,WIZ-02109,GLD-04,apprentice,2026-06-13,
MEM-01498,WIZ-02110,GLD-05,apprentice,2024-07-10,
MEM-01499,WIZ-02111,GLD-05,ARCHMAGE,2024-09-28,
MEM-01500,WIZ-02113,GLD-06,apprentice,2025-01-08,
MEM-01501,WIZ-02114,GLD-04,apprentice,2025-04-23,
MEM-01502,WIZ-02115,GLD-11,Apprentice,2025-07-15,2026-04-17
MEM-01503,WIZ-02115,GLD-11,adept,2026-04-17,
MEM-01504,WIZ-02116,GLD-06,apprentice,2025-09-10,
MEM-01505,WIZ-02117,GLD-11,apprentice,2024-09-25,
MEM-01506,WIZ-02119,GLD-01,apprentice,2025-08-10,
MEM-01507,WIZ-02120,GLD-09,apprentice,2025-11-23,
MEM-01508,WIZ-02122,GLD-03,apprentice,2026-04-04,
MEM-01509,WIZ-02123,GLD-10,apprentice,2025-03-20,
MEM-01510,WIZ-02124,GLD-06,Apprentice,2023-12-27,
MEM-01511,WIZ-02126,GLD-01,apprentice,2025-07-30,
MEM-01512,WIZ-02127,GLD-12,APPRENTICE,2023-12-17,
MEM-01513,WIZ-02132,GLD-07,adept,2023-09-19,
MEM-01514,WIZ-02133,GLD-02,archmage,2025-02-20,
MEM-01515,WIZ-02137,GLD-04,apprentice,2023-07-23,
MEM-01516,WIZ-02138,GLD-11,archmage,2026-02-02,
MEM-01517,WIZ-02139,GLD-09,apprentice,2025-06-20,
MEM-01518,WIZ-02140,GLD-10,adept,2024-07-06,
MEM-01519,WIZ-02141,GLD-08,apprentice,2024-08-26,
MEM-01520,WIZ-02142,GLD-12,apprentice,2026-02-27,
MEM-01521,WIZ-02143,GLD-09,Adept,2025-09-25,
MEM-01522,WIZ-02145,GLD-12,adept,2026-05-20,
MEM-01523,WIZ-02146,GLD-05,adept,2023-09-13,
MEM-01524,WIZ-02149,GLD-03,apprentice,2025-04-10,2025-06-12
MEM-01525,WIZ-02149,GLD-03,Adept,2025-06-12,
MEM-01526,WIZ-02151,GLD-06,archmage,2024-10-25,
MEM-01527,WIZ-02152,GLD-12,archmage,2025-10-31,
MEM-01528,WIZ-02153,GLD-11,apprentice,2024-09-01,
MEM-01529,WIZ-02154,GLD-04,Apprentice,2026-03-12,
MEM-01530,WIZ-02156,GLD-09,apprentice,2026-03-15,
MEM-01531,WIZ-02157,GLD-12,Apprentice,2024-02-09,
MEM-01532,WIZ-02158,GLD-07,adept,2025-10-16,2026-04-25
MEM-01533,WIZ-02158,GLD-07,archmage,2026-04-25,
MEM-01534,WIZ-02160,GLD-04,Apprentice,2024-01-13,
MEM-01535,WIZ-02162,GLD-08,APPRENTICE,2025-12-21,
MEM-01536,WIZ-02163,GLD-10,ADEPT,2024-04-29,
MEM-01537,WIZ-02164,GLD-09,apprentice,2025-06-13,
MEM-01538,WIZ-02166,GLD-06,apprentice,2024-07-02,2026-03-23
MEM-01539,WIZ-02166,GLD-06,Adept,2026-03-23,
MEM-01540,WIZ-02167,GLD-07,archmage,2025-10-10,
MEM-01541,WIZ-02168,GLD-09,adept,2026-03-05,
MEM-01542,WIZ-02169,GLD-02,archmage,2026-05-19,
MEM-01543,WIZ-02171,GLD-08,apprentice,2025-06-17,
MEM-01544,WIZ-02172,GLD-06,archmage,2025-09-02,
MEM-01545,WIZ-02174,GLD-12,apprentice,2023-08-16,
MEM-01546,WIZ-02175,GLD-11,Apprentice,2026-03-31,
MEM-01547,WIZ-02176,GLD-03,apprentice,2024-06-22,
MEM-01548,WIZ-02179,GLD-08,apprentice,2023-05-05,2024-09-09
MEM-01549,WIZ-02179,GLD-08,Adept,2024-09-09,
MEM-01550,WIZ-02180,GLD-08,adept,2025-03-23,
MEM-01551,WIZ-02184,GLD-08,apprentice,2024-06-06,
MEM-01552,WIZ-02185,GLD-11,apprentice,2023-02-04,
MEM-01553,WIZ-02186,GLD-01,Archmage,2025-05-17,
MEM-01554,WIZ-02188,GLD-11,Apprentice,2026-01-16,2026-04-17
MEM-01555,WIZ-02188,GLD-11,adept,2026-04-17,
MEM-01556,WIZ-02190,GLD-09,apprentice,2024-12-17,
MEM-01557,WIZ-02192,GLD-05,apprentice,2025-06-16,2026-02-07
MEM-01558,WIZ-02192,GLD-05,adept,2026-02-07,
MEM-01559,WIZ-02193,GLD-08,adept,2024-05-01,
MEM-01560,WIZ-02195,GLD-02,apprentice,2026-03-08,
MEM-01561,WIZ-02196,GLD-09,adept,2026-01-17,
MEM-01562,WIZ-02198,GLD-02,Archmage,2026-04-14,
MEM-01563,WIZ-02199,GLD-01,adept,2024-10-02,
MEM-01564,WIZ-02200,GLD-07,apprentice,2025-11-08,
MEM-01565,WIZ-02202,GLD-12,apprentice,2025-11-16,2026-02-10
MEM-01566,WIZ-02202,GLD-12,adept,2026-02-10,
MEM-01567,WIZ-02203,GLD-03,apprentice,2026-06-26,
MEM-01568,WIZ-02206,GLD-07,ADEPT,2025-12-22,
MEM-01569,WIZ-02207,GLD-06,apprentice,2024-05-05,
MEM-01570,WIZ-02208,GLD-07,apprentice,2025-02-14,
MEM-01571,WIZ-02209,GLD-04,apprentice,2024-12-21,
MEM-01572,WIZ-02210,GLD-02,apprentice,2025-04-17,
MEM-01573,WIZ-02215,GLD-05,apprentice,2025-02-12,
MEM-01574,WIZ-02216,GLD-11,apprentice,2025-05-09,
MEM-01575,WIZ-02217,GLD-05,apprentice,2026-06-19,
MEM-01576,WIZ-02219,GLD-07,apprentice,2025-01-09,
MEM-01577,WIZ-02220,GLD-04,apprentice,2024-05-24,
MEM-01578,WIZ-02224,GLD-04,Adept,2025-06-12,
MEM-01579,WIZ-02226,GLD-01,adept,2025-01-15,
MEM-01580,WIZ-02227,GLD-03,apprentice,2023-07-10,2023-10-09
MEM-01581,WIZ-02227,GLD-03,Adept,2023-10-09,
MEM-01582,WIZ-02228,GLD-09,APPRENTICE,2025-08-18,2026-03-27
MEM-01583,WIZ-02228,GLD-09,ADEPT,2026-03-27,
MEM-01584,WIZ-02230,GLD-10,apprentice,2026-05-25,
MEM-01585,WIZ-02232,GLD-04,Adept,2024-08-22,
MEM-01586,WIZ-02233,GLD-01,adept,2023-07-13,
MEM-01587,WIZ-02235,GLD-02,apprentice,2025-01-17,
MEM-01588,WIZ-02236,GLD-12,apprentice,2025-08-28,
MEM-01589,WIZ-02238,GLD-10,ARCHMAGE,2024-12-09,
MEM-01590,WIZ-02240,GLD-08,apprentice,2025-06-28,
MEM-01591,WIZ-02242,GLD-04,apprentice,2024-02-06,2025-01-12
MEM-01592,WIZ-02242,GLD-04,adept,2025-01-12,
MEM-01593,WIZ-02243,GLD-10,apprentice,2024-06-21,
MEM-01594,WIZ-02245,GLD-08,apprentice,2025-11-23,
MEM-01595,WIZ-02246,GLD-10,apprentice,2026-06-21,
MEM-01596,WIZ-02247,GLD-05,apprentice,2024-03-12,
MEM-01597,WIZ-02248,GLD-09,APPRENTICE,2024-12-02,
MEM-01598,WIZ-02249,GLD-07,apprentice,2024-02-27,2026-01-17
MEM-01599,WIZ-02249,GLD-07,adept,2026-01-17,
MEM-01600,WIZ-02250,GLD-01,apprentice,2026-06-05,
MEM-01601,WIZ-02252,GLD-05,APPRENTICE,2025-03-18,
MEM-01602,WIZ-02253,GLD-08,apprentice,2025-11-08,
MEM-01603,WIZ-02257,GLD-04,apprentice,2024-12-06,2026-05-08
MEM-01604,WIZ-02257,GLD-04,adept,2026-05-08,
MEM-01605,WIZ-02258,GLD-10,Archmage,2024-11-15,
MEM-01606,WIZ-02261,GLD-01,apprentice,2026-04-04,
MEM-01607,WIZ-02262,GLD-03,apprentice,2024-04-01,
MEM-01608,WIZ-02264,GLD-09,apprentice,2026-04-11,
MEM-01609,WIZ-02266,GLD-10,archmage,2023-09-26,
MEM-01610,WIZ-02267,GLD-12,apprentice,2023-07-01,
MEM-01611,WIZ-02270,GLD-12,adept,2025-01-23,
MEM-01612,WIZ-02271,GLD-01,Archmage,2025-04-13,
MEM-01613,WIZ-02274,GLD-11,apprentice,2026-06-07,
MEM-01614,WIZ-02277,GLD-08,Apprentice,2026-04-03,
MEM-01615,WIZ-02278,GLD-06,Apprentice,2024-10-20,
MEM-01616,WIZ-02281,GLD-09,apprentice,2026-06-30,
MEM-01617,WIZ-02284,GLD-09,apprentice,2026-01-02,
MEM-01618,WIZ-02285,GLD-08,Apprentice,2024-05-12,
MEM-01619,WIZ-02286,GLD-11,adept,2024-06-06,
MEM-01620,WIZ-02287,GLD-10,apprentice,2024-07-27,
MEM-01621,WIZ-02288,GLD-08,archmage,2026-05-26,
MEM-01622,WIZ-02290,GLD-03,APPRENTICE,2024-11-09,
MEM-01623,WIZ-02291,GLD-01,adept,2025-08-13,
MEM-01624,WIZ-02292,GLD-01,apprentice,2026-01-25,
MEM-01625,WIZ-02293,GLD-06,apprentice,2026-04-03,
MEM-01626,WIZ-02295,GLD-11,archmage,2024-07-08,
MEM-01627,WIZ-02297,GLD-03,apprentice,2024-09-17,
MEM-01628,WIZ-02300,GLD-04,Apprentice,2025-03-10,2025-12-11
MEM-01629,WIZ-02300,GLD-04,adept,2025-12-11,
MEM-01630,WIZ-02301,GLD-10,apprentice,2025-06-05,
MEM-01631,WIZ-02304,GLD-06,adept,2026-06-11,
MEM-01632,WIZ-02306,GLD-04,apprentice,2026-06-27,
MEM-01633,WIZ-02308,GLD-03,apprentice,2026-02-11,2026-05-12
MEM-01634,WIZ-02308,GLD-03,adept,2026-05-12,
MEM-01635,WIZ-02309,GLD-02,apprentice,2025-01-22,2025-09-29
MEM-01636,WIZ-02309,GLD-02,adept,2025-09-29,
MEM-01637,WIZ-02310,GLD-04,Adept,2025-08-01,
MEM-01638,WIZ-02312,GLD-11,archmage,2023-12-03,
MEM-01639,WIZ-02313,GLD-09,apprentice,2026-03-26,
MEM-01640,WIZ-02314,GLD-01,Adept,2025-07-02,
MEM-01641,WIZ-02315,GLD-10,Adept,2025-04-01,2025-08-10
MEM-01642,WIZ-02315,GLD-10,archmage,2025-08-10,
MEM-01643,WIZ-02316,GLD-03,adept,2024-11-16,
MEM-01644,WIZ-02317,GLD-10,adept,2024-10-16,2025-07-25
MEM-01645,WIZ-02317,GLD-10,archmage,2025-07-25,
MEM-01646,WIZ-02318,GLD-12,Adept,2026-01-09,
MEM-01647,WIZ-02319,GLD-09,apprentice,2026-01-31,
MEM-01648,WIZ-02320,GLD-09,apprentice,2023-12-22,
MEM-01649,WIZ-02321,GLD-09,APPRENTICE,2026-05-10,
MEM-01650,WIZ-02322,GLD-11,archmage,2025-11-12,
MEM-01651,WIZ-02324,GLD-09,APPRENTICE,2026-06-17,
MEM-01652,WIZ-02325,GLD-06,apprentice,2026-06-14,
MEM-01653,WIZ-02326,GLD-03,apprentice,2025-11-13,
MEM-01654,WIZ-02327,GLD-05,Apprentice,2024-06-12,
MEM-01655,WIZ-02328,GLD-05,apprentice,2023-04-26,
MEM-01656,WIZ-02331,GLD-10,ADEPT,2025-11-29,
MEM-01657,WIZ-02332,GLD-07,apprentice,2026-06-07,
MEM-01658,WIZ-02333,GLD-10,ARCHMAGE,2024-05-05,
MEM-01659,WIZ-02336,GLD-01,archmage,2025-03-18,
MEM-01660,WIZ-02337,GLD-02,archmage,2023-12-01,
MEM-01661,WIZ-02338,GLD-06,adept,2024-05-05,
MEM-01662,WIZ-02339,GLD-09,adept,2024-11-14,
MEM-01663,WIZ-02340,GLD-07,apprentice,2024-05-14,2025-05-04
MEM-01664,WIZ-02340,GLD-07,adept,2025-05-04,
MEM-01665,WIZ-02341,GLD-10,apprentice,2023-10-22,
MEM-01666,WIZ-02342,GLD-04,apprentice,2024-05-01,
MEM-01667,WIZ-02343,GLD-12,adept,2023-06-24,
MEM-01668,WIZ-02344,GLD-10,Apprentice,2025-08-12,
MEM-01669,WIZ-02345,GLD-08,apprentice,2024-06-19,2025-09-12
MEM-01670,WIZ-02345,GLD-08,Adept,2025-09-12,
MEM-01671,WIZ-02347,GLD-06,adept,2026-04-27,
MEM-01672,WIZ-02348,GLD-11,adept,2024-10-20,
MEM-01673,WIZ-02350,GLD-06,Apprentice,2023-06-18,
MEM-01674,WIZ-02351,GLD-11,apprentice,2025-03-20,
MEM-01675,WIZ-02353,GLD-10,archmage,2026-06-28,
MEM-01676,WIZ-02354,GLD-02,APPRENTICE,2023-12-03,2025-04-26
MEM-01677,WIZ-02354,GLD-02,adept,2025-04-26,
MEM-01678,WIZ-02355,GLD-05,adept,2026-06-09,
MEM-01679,WIZ-02356,GLD-07,apprentice,2024-04-20,
MEM-01680,WIZ-02357,GLD-08,ADEPT,2023-11-05,
MEM-01681,WIZ-02358,GLD-06,adept,2024-10-14,
MEM-01682,WIZ-02360,GLD-03,Apprentice,2024-09-11,
MEM-01683,WIZ-02361,GLD-07,archmage,2024-12-26,
MEM-01684,WIZ-02362,GLD-09,apprentice,2025-01-19,
MEM-01685,WIZ-02363,GLD-02,APPRENTICE,2025-10-21,2026-05-03
MEM-01686,WIZ-02363,GLD-02,adept,2026-05-03,
MEM-01687,WIZ-02364,GLD-11,apprentice,2025-01-24,
MEM-01688,WIZ-02365,GLD-02,adept,2025-12-10,
MEM-01689,WIZ-02366,GLD-08,apprentice,2025-03-11,2025-08-22
MEM-01690,WIZ-02366,GLD-08,adept,2025-08-22,
MEM-01691,WIZ-02367,GLD-10,adept,2024-02-25,
MEM-01692,WIZ-02368,GLD-03,adept,2024-04-09,
MEM-01693,WIZ-02370,GLD-06,Archmage,2025-11-14,
MEM-01694,WIZ-02371,GLD-03,archmage,2026-05-27,
MEM-01695,WIZ-02375,GLD-01,apprentice,2025-02-19,
MEM-01696,WIZ-02376,GLD-03,Apprentice,2026-03-08,
MEM-01697,WIZ-02377,GLD-09,apprentice,2026-02-03,
MEM-01698,WIZ-02379,GLD-08,apprentice,2023-11-20,
MEM-01699,WIZ-02380,GLD-03,apprentice,2024-03-25,
MEM-01700,WIZ-02381,GLD-12,adept,2026-06-20,
MEM-01701,WIZ-02382,GLD-10,apprentice,2024-01-15,
MEM-01702,WIZ-02383,GLD-07,apprentice,2025-07-10,
MEM-01703,WIZ-02384,GLD-12,apprentice,2024-03-29,
MEM-01704,WIZ-02387,GLD-06,Apprentice,2024-01-22,
MEM-01705,WIZ-02389,GLD-09,apprentice,2026-02-25,
MEM-01706,WIZ-02391,GLD-10,apprentice,2025-05-21,
MEM-01707,WIZ-02392,GLD-03,apprentice,2023-11-30,
MEM-01708,WIZ-02393,GLD-07,adept,2026-06-26,
MEM-01709,WIZ-02394,GLD-08,Apprentice,2026-04-11,
MEM-01710,WIZ-02395,GLD-11,Archmage,2024-12-15,
MEM-01711,WIZ-02397,GLD-06,apprentice,2025-02-27,
MEM-01712,WIZ-02400,GLD-07,apprentice,2025-10-05,
MEM-01713,WIZ-02401,GLD-01,Apprentice,2024-11-22,2026-04-07
MEM-01714,WIZ-02401,GLD-01,adept,2026-04-07,
MEM-01715,WIZ-02402,GLD-06,APPRENTICE,2026-04-18,
MEM-01716,WIZ-02404,GLD-09,apprentice,2024-03-14,
MEM-01717,WIZ-02406,GLD-10,Apprentice,2024-08-26,
MEM-01718,WIZ-02407,GLD-01,adept,2026-06-27,
MEM-01719,WIZ-02408,GLD-12,apprentice,2026-05-24,
MEM-01720,WIZ-02410,GLD-04,apprentice,2024-12-23,
MEM-01721,WIZ-02411,GLD-07,APPRENTICE,2025-11-10,2026-01-29
MEM-01722,WIZ-02411,GLD-07,Adept,2026-01-29,
MEM-01723,WIZ-02412,GLD-09,apprentice,2024-08-22,2025-05-28
MEM-01724,WIZ-02412,GLD-09,adept,2025-05-28,
MEM-01725,WIZ-02413,GLD-05,adept,2023-06-20,
MEM-01726,WIZ-02414,GLD-06,apprentice,2025-08-23,
MEM-01727,WIZ-02416,GLD-01,archmage,2023-11-13,
MEM-01728,WIZ-02417,GLD-10,Archmage,2023-02-07,
MEM-01729,WIZ-02419,GLD-10,adept,2024-10-26,
MEM-01730,WIZ-02423,GLD-03,adept,2025-01-08,
MEM-01731,WIZ-02425,GLD-11,apprentice,2026-06-30,
MEM-01732,WIZ-02426,GLD-12,ADEPT,2025-06-02,
MEM-01733,WIZ-02428,GLD-11,apprentice,2026-02-01,
MEM-01734,WIZ-02430,GLD-09,apprentice,2026-06-06,
MEM-01735,WIZ-02435,GLD-11,Apprentice,2026-05-05,
MEM-01736,WIZ-02436,GLD-07,adept,2025-09-17,
MEM-01737,WIZ-02437,GLD-05,apprentice,2025-07-28,
MEM-01738,WIZ-02441,GLD-03,Adept,2024-06-22,
MEM-01739,WIZ-02442,GLD-12,apprentice,2025-11-17,
MEM-01740,WIZ-02444,GLD-03,APPRENTICE,2026-03-31,
MEM-01741,WIZ-02446,GLD-07,archmage,2024-04-06,
MEM-01742,WIZ-02447,GLD-09,Adept,2024-08-19,2025-08-21
MEM-01743,WIZ-02447,GLD-09,Archmage,2025-08-21,
MEM-01744,WIZ-02449,GLD-08,ADEPT,2024-06-28,2024-11-18
MEM-01745,WIZ-02449,GLD-08,archmage,2024-11-18,
MEM-01746,WIZ-02450,GLD-07,apprentice,2026-03-17,2026-04-26
MEM-01747,WIZ-02450,GLD-07,Adept,2026-04-26,
MEM-01748,WIZ-02451,GLD-08,APPRENTICE,2026-06-30,
MEM-01749,WIZ-02452,GLD-11,apprentice,2024-12-21,
MEM-01750,WIZ-02455,GLD-05,apprentice,2025-08-07,
MEM-01751,WIZ-02457,GLD-07,apprentice,2025-08-28,
MEM-01752,WIZ-02458,GLD-04,apprentice,2026-02-26,2026-04-07
MEM-01753,WIZ-02458,GLD-04,ADEPT,2026-04-07,
MEM-01754,WIZ-02459,GLD-06,Apprentice,2026-02-18,2026-05-21
MEM-01755,WIZ-02459,GLD-06,Adept,2026-05-21,
MEM-01756,WIZ-02461,GLD-08,apprentice,2026-03-13,
MEM-01757,WIZ-02462,GLD-01,adept,2026-06-17,
MEM-01758,WIZ-02463,GLD-08,apprentice,2025-01-01,
MEM-01759,WIZ-02466,GLD-12,adept,2026-05-19,
MEM-01760,WIZ-02467,GLD-10,apprentice,2024-11-23,
MEM-01761,WIZ-02468,GLD-09,APPRENTICE,2024-03-09,
MEM-01762,WIZ-02471,GLD-06,adept,2026-04-18,
MEM-01763,WIZ-02472,GLD-11,apprentice,2024-12-23,
MEM-01764,WIZ-02473,GLD-12,ADEPT,2024-06-13,
MEM-01765,WIZ-02474,GLD-05,Apprentice,2025-05-01,
MEM-01766,WIZ-02476,GLD-05,apprentice,2025-12-30,
MEM-01767,WIZ-02477,GLD-01,Archmage,2024-12-22,
MEM-01768,WIZ-02479,GLD-01,adept,2024-08-16,
MEM-01769,WIZ-02481,GLD-08,Adept,2026-04-08,
MEM-01770,WIZ-02484,GLD-06,Adept,2026-06-28,
MEM-01771,WIZ-02485,GLD-02,apprentice,2026-02-17,
MEM-01772,WIZ-02486,GLD-01,apprentice,2026-04-01,
MEM-01773,WIZ-02487,GLD-02,Archmage,2026-05-29,
MEM-01774,WIZ-02488,GLD-01,APPRENTICE,2026-04-20,
MEM-01775,WIZ-02489,GLD-07,apprentice,2025-05-17,
MEM-01776,WIZ-02491,GLD-05,Apprentice,2026-02-04,
MEM-01777,WIZ-02493,GLD-03,apprentice,2025-05-05,
MEM-01778,WIZ-02494,GLD-11,APPRENTICE,2023-08-13,
MEM-01779,WIZ-02495,GLD-03,ADEPT,2024-12-07,
MEM-01780,WIZ-02496,GLD-07,Adept,2026-06-07,
MEM-01781,WIZ-02497,GLD-10,adept,2024-08-25,2026-05-29
MEM-01782,WIZ-02497,GLD-10,Archmage,2026-05-29,
MEM-01783,WIZ-02499,GLD-11,apprentice,2023-04-04,
MEM-01784,WIZ-02500,GLD-03,adept,2026-05-17,
MEM-01785,WIZ-02501,GLD-07,apprentice,2026-04-13,
MEM-01786,WIZ-02503,GLD-08,archmage,2026-06-18,
MEM-01787,WIZ-02504,GLD-06,APPRENTICE,2025-08-22,
MEM-01788,WIZ-02505,GLD-11,Adept,2023-06-13,
MEM-01789,WIZ-02507,GLD-02,APPRENTICE,2023-12-09,
MEM-01790,WIZ-02508,GLD-10,Apprentice,2023-08-19,
MEM-01791,WIZ-02509,GLD-02,APPRENTICE,2024-01-27,
MEM-01792,WIZ-02510,GLD-10,APPRENTICE,2023-05-11,
MEM-01793,WIZ-02511,GLD-07,apprentice,2026-06-30,
MEM-01794,WIZ-02512,GLD-11,archmage,2026-04-12,
MEM-01795,WIZ-02513,GLD-09,APPRENTICE,2025-10-22,
MEM-01796,WIZ-02516,GLD-05,apprentice,2024-11-16,
MEM-01797,WIZ-02518,GLD-03,apprentice,2026-04-02,
MEM-01798,WIZ-02520,GLD-07,Apprentice,2025-06-19,
MEM-01799,WIZ-02521,GLD-09,adept,2024-01-02,
MEM-01800,WIZ-02522,GLD-04,apprentice,2025-11-05,
MEM-01801,WIZ-02526,GLD-01,apprentice,2025-04-08,
MEM-01802,WIZ-02527,GLD-11,apprentice,2024-08-11,
MEM-01803,WIZ-02528,GLD-05,apprentice,2023-06-22,
MEM-01804,WIZ-02530,GLD-10,apprentice,2025-05-18,2025-08-27
MEM-01805,WIZ-02530,GLD-10,adept,2025-08-27,
MEM-01806,WIZ-02532,GLD-06,APPRENTICE,2025-09-09,
MEM-01807,WIZ-02533,GLD-06,Apprentice,2024-06-28,
MEM-01808,WIZ-02534,GLD-12,apprentice,2025-12-24,
MEM-01809,WIZ-02536,GLD-02,ADEPT,2025-06-16,
MEM-01810,WIZ-02537,GLD-04,APPRENTICE,2025-06-07,
MEM-01811,WIZ-02538,GLD-04,apprentice,2024-01-28,
MEM-01812,WIZ-02539,GLD-04,apprentice,2026-05-03,
MEM-01813,WIZ-02542,GLD-08,Apprentice,2024-09-05,
MEM-01814,WIZ-02543,GLD-01,apprentice,2025-11-30,
MEM-01815,WIZ-02544,GLD-11,APPRENTICE,2025-12-17,
MEM-01816,WIZ-02545,GLD-09,adept,2025-04-18,
MEM-01817,WIZ-02546,GLD-07,apprentice,2024-11-28,
MEM-01818,WIZ-02547,GLD-04,apprentice,2025-06-21,2026-04-24
MEM-01819,WIZ-02547,GLD-04,adept,2026-04-24,
MEM-01820,WIZ-02548,GLD-09,apprentice,2025-12-19,
MEM-01821,WIZ-02549,GLD-07,apprentice,2023-11-09,2024-11-28
MEM-01822,WIZ-02549,GLD-07,ADEPT,2024-11-28,
MEM-01823,WIZ-02550,GLD-04,apprentice,2026-04-22,
MEM-01824,WIZ-02551,GLD-09,adept,2026-04-02,
MEM-01825,WIZ-02552,GLD-12,apprentice,2024-07-06,
MEM-01826,WIZ-02554,GLD-10,adept,2026-06-24,
MEM-01827,WIZ-02557,GLD-12,adept,2026-03-12,
MEM-01828,WIZ-02558,GLD-07,archmage,2026-01-04,
MEM-01829,WIZ-02559,GLD-07,Apprentice,2024-10-03,
MEM-01830,WIZ-02561,GLD-01,archmage,2025-03-16,
MEM-01831,WIZ-02563,GLD-12,adept,2024-03-20,2024-04-23
MEM-01832,WIZ-02563,GLD-12,Archmage,2024-04-23,
MEM-01833,WIZ-02564,GLD-09,Apprentice,2026-01-13,
MEM-01834,WIZ-02565,GLD-08,adept,2026-06-12,
MEM-01835,WIZ-02566,GLD-07,ADEPT,2025-03-29,
MEM-01836,WIZ-02568,GLD-08,adept,2026-03-05,2026-06-01
MEM-01837,WIZ-02568,GLD-08,archmage,2026-06-01,
MEM-01838,WIZ-02571,GLD-11,Adept,2024-03-02,
MEM-01839,WIZ-02573,GLD-12,Adept,2026-06-30,
MEM-01840,WIZ-02577,GLD-10,apprentice,2024-09-17,2025-05-03
MEM-01841,WIZ-02577,GLD-10,adept,2025-05-03,
MEM-01842,WIZ-02578,GLD-12,ADEPT,2026-05-16,
MEM-01843,WIZ-02579,GLD-10,apprentice,2026-06-25,
MEM-01844,WIZ-02581,GLD-12,apprentice,2025-09-03,2025-11-30
MEM-01845,WIZ-02581,GLD-12,ADEPT,2025-11-30,
MEM-01846,WIZ-02582,GLD-11,ADEPT,2026-03-11,
MEM-01847,WIZ-02583,GLD-11,APPRENTICE,2026-05-31,
MEM-01848,WIZ-02585,GLD-12,apprentice,2026-01-27,
MEM-01849,WIZ-02586,GLD-10,apprentice,2025-02-19,
MEM-01850,WIZ-02589,GLD-03,Adept,2026-01-18,
MEM-01851,WIZ-02593,GLD-08,apprentice,2025-07-31,
MEM-01852,WIZ-02594,GLD-09,adept,2026-06-24,
MEM-01853,WIZ-02596,GLD-04,apprentice,2024-10-26,
MEM-01854,WIZ-02600,GLD-11,apprentice,2024-12-03,
MEM-01855,WIZ-02603,GLD-02,apprentice,2024-03-22,
MEM-01856,WIZ-02604,GLD-09,APPRENTICE,2025-09-05,
MEM-01857,WIZ-02605,GLD-11,archmage,2024-08-15,
MEM-01858,WIZ-02608,GLD-09,apprentice,2026-06-15,
MEM-01859,WIZ-02609,GLD-01,apprentice,2026-05-15,
MEM-01860,WIZ-02610,GLD-11,APPRENTICE,2026-04-17,
MEM-01861,WIZ-02612,GLD-01,apprentice,2026-02-01,
MEM-01862,WIZ-02613,GLD-05,adept,2026-01-30,
MEM-01863,WIZ-02615,GLD-06,APPRENTICE,2026-04-20,
MEM-01864,WIZ-02616,GLD-03,apprentice,2025-12-25,
MEM-01865,WIZ-02617,GLD-02,adept,2025-12-13,2026-03-31
MEM-01866,WIZ-02617,GLD-02,archmage,2026-03-31,
MEM-01867,WIZ-02618,GLD-07,Apprentice,2023-08-06,
MEM-01868,WIZ-02619,GLD-11,ADEPT,2024-02-04,
MEM-01869,WIZ-02621,GLD-02,apprentice,2026-03-17,
MEM-01870,WIZ-02622,GLD-11,apprentice,2023-04-06,
MEM-01871,WIZ-02623,GLD-11,ADEPT,2024-10-14,
MEM-01872,WIZ-02624,GLD-04,adept,2026-02-28,
MEM-01873,WIZ-02626,GLD-03,ADEPT,2026-05-21,
MEM-01874,WIZ-02627,GLD-07,apprentice,2025-03-21,
MEM-01875,WIZ-02630,GLD-12,APPRENTICE,2026-02-18,2026-05-27
MEM-01876,WIZ-02630,GLD-12,adept,2026-05-27,
MEM-01877,WIZ-02632,GLD-04,APPRENTICE,2025-05-07,
MEM-01878,WIZ-02633,GLD-04,Adept,2026-06-25,
MEM-01879,WIZ-02634,GLD-12,apprentice,2023-10-06,
MEM-01880,WIZ-02635,GLD-07,APPRENTICE,2024-12-10,
MEM-01881,WIZ-02636,GLD-06,apprentice,2024-05-25,
MEM-01882,WIZ-02637,GLD-03,archmage,2024-10-13,
MEM-01883,WIZ-02638,GLD-01,APPRENTICE,2025-03-04,
MEM-01884,WIZ-02639,GLD-04,Apprentice,2025-10-17,
MEM-01885,WIZ-02641,GLD-11,adept,2023-12-10,
MEM-01886,WIZ-02642,GLD-10,apprentice,2024-11-22,2026-04-16
MEM-01887,WIZ-02642,GLD-10,adept,2026-04-16,
MEM-01888,WIZ-02643,GLD-08,apprentice,2025-11-26,
MEM-01889,WIZ-02646,GLD-04,archmage,2024-02-16,
MEM-01890,WIZ-02647,GLD-06,apprentice,2025-02-08,2025-11-18
MEM-01891,WIZ-02647,GLD-06,adept,2025-11-18,
MEM-01892,WIZ-02648,GLD-05,adept,2024-05-29,
MEM-01893,WIZ-02651,GLD-08,apprentice,2026-02-07,
MEM-01894,WIZ-02652,GLD-05,adept,2026-02-13,
MEM-01895,WIZ-02655,GLD-04,adept,2025-10-17,
MEM-01896,WIZ-02659,GLD-10,Apprentice,2025-06-28,
MEM-01897,WIZ-02660,GLD-07,adept,2026-03-03,
MEM-01898,WIZ-02661,GLD-09,Adept,2023-10-09,
MEM-01899,WIZ-02662,GLD-04,ADEPT,2026-06-27,
MEM-01900,WIZ-02663,GLD-01,adept,2025-07-24,
MEM-01901,WIZ-02665,GLD-01,apprentice,2024-06-16,
MEM-01902,WIZ-02667,GLD-08,apprentice,2023-10-18,
MEM-01903,WIZ-02668,GLD-08,apprentice,2024-04-12,
MEM-01904,WIZ-02669,GLD-11,Adept,2024-04-28,
MEM-01905,WIZ-02670,GLD-02,apprentice,2023-11-25,
MEM-01906,WIZ-02671,GLD-09,Adept,2026-03-31,
MEM-01907,WIZ-02673,GLD-07,apprentice,2024-03-20,
MEM-01908,WIZ-02674,GLD-09,Apprentice,2026-06-04,
MEM-01909,WIZ-02675,GLD-04,Archmage,2024-07-04,
MEM-01910,WIZ-02676,GLD-05,apprentice,2025-10-16,
MEM-01911,WIZ-02679,GLD-12,archmage,2024-07-20,
MEM-01912,WIZ-02681,GLD-01,apprentice,2025-08-14,2026-02-18
MEM-01913,WIZ-02681,GLD-01,adept,2026-02-18,
MEM-01914,WIZ-02683,GLD-02,apprentice,2025-08-19,
MEM-01915,WIZ-02688,GLD-04,apprentice,2026-03-24,
MEM-01916,WIZ-02689,GLD-07,adept,2026-05-29,
MEM-01917,WIZ-02691,GLD-02,archmage,2025-05-30,
MEM-01918,WIZ-02692,GLD-07,adept,2026-04-29,
MEM-01919,WIZ-02696,GLD-07,Apprentice,2025-02-11,
MEM-01920,WIZ-02697,GLD-12,apprentice,2024-06-23,
MEM-01921,WIZ-02698,GLD-03,Adept,2025-06-10,
MEM-01922,WIZ-02699,GLD-05,apprentice,2026-06-13,
MEM-01923,WIZ-02700,GLD-02,APPRENTICE,2026-06-01,
MEM-01924,WIZ-02702,GLD-10,apprentice,2026-03-06,
MEM-01925,WIZ-02705,GLD-10,apprentice,2024-07-12,
MEM-01926,WIZ-02706,GLD-02,ARCHMAGE,2026-06-06,
MEM-01927,WIZ-02707,GLD-10,apprentice,2025-03-18,
MEM-01928,WIZ-02709,GLD-04,apprentice,2025-12-22,
MEM-01929,WIZ-02710,GLD-10,apprentice,2025-05-28,
MEM-01930,WIZ-02711,GLD-09,Adept,2026-06-11,
MEM-01931,WIZ-02712,GLD-03,adept,2026-06-20,
MEM-01932,WIZ-02713,GLD-06,Adept,2024-12-14,
MEM-01933,WIZ-02714,GLD-02,adept,2026-04-10,
MEM-01934,WIZ-02717,GLD-11,adept,2026-05-03,
MEM-01935,WIZ-02719,GLD-05,apprentice,2025-12-25,2026-05-31
MEM-01936,WIZ-02719,GLD-05,adept,2026-05-31,
MEM-01937,WIZ-02721,GLD-10,APPRENTICE,2024-10-28,
MEM-01938,WIZ-02722,GLD-02,apprentice,2026-06-07,
MEM-01939,WIZ-02723,GLD-04,Apprentice,2026-05-24,
MEM-01940,WIZ-02725,GLD-07,archmage,2025-10-28,
MEM-01941,WIZ-02726,GLD-11,adept,2024-04-05,
MEM-01942,WIZ-02728,GLD-11,apprentice,2024-03-28,
MEM-01943,WIZ-02730,GLD-05,adept,2025-03-26,
MEM-01944,WIZ-02732,GLD-09,Apprentice,2026-05-15,
MEM-01945,WIZ-02734,GLD-01,apprentice,2024-07-24,2025-08-28
MEM-01946,WIZ-02734,GLD-01,adept,2025-08-28,
MEM-01947,WIZ-02736,GLD-08,adept,2026-02-24,
MEM-01948,WIZ-02737,GLD-08,apprentice,2026-01-08,
MEM-01949,WIZ-02738,GLD-11,apprentice,2025-01-16,
MEM-01950,WIZ-02740,GLD-08,apprentice,2023-06-12,2025-03-27
MEM-01951,WIZ-02740,GLD-08,adept,2025-03-27,
MEM-01952,WIZ-02741,GLD-12,adept,2026-03-22,
MEM-01953,WIZ-02742,GLD-05,Apprentice,2024-06-20,
MEM-01954,WIZ-02743,GLD-09,apprentice,2024-08-14,
MEM-01955,WIZ-02745,GLD-10,Apprentice,2025-03-07,2025-09-29
MEM-01956,WIZ-02745,GLD-10,adept,2025-09-29,
MEM-01957,WIZ-02746,GLD-07,apprentice,2026-04-29,
MEM-01958,WIZ-02747,GLD-09,APPRENTICE,2024-10-13,
MEM-01959,WIZ-02748,GLD-09,Apprentice,2026-05-22,
MEM-01960,WIZ-02750,GLD-01,apprentice,2026-06-15,
MEM-01961,WIZ-02752,GLD-05,Apprentice,2026-03-26,
MEM-01962,WIZ-02753,GLD-09,Apprentice,2025-10-16,2026-06-28
MEM-01963,WIZ-02753,GLD-09,adept,2026-06-28,
MEM-01964,WIZ-02754,GLD-01,Apprentice,2023-06-14,
MEM-01965,WIZ-02755,GLD-08,Apprentice,2023-11-30,
MEM-01966,WIZ-02757,GLD-03,apprentice,2024-11-16,
MEM-01967,WIZ-02758,GLD-05,apprentice,2025-01-29,
MEM-01968,WIZ-02759,GLD-05,apprentice,2023-04-14,
MEM-01969,WIZ-02760,GLD-01,Apprentice,2026-06-30,
MEM-01970,WIZ-02762,GLD-12,Apprentice,2026-03-09,2026-06-01
MEM-01971,WIZ-02762,GLD-12,adept,2026-06-01,
MEM-01972,WIZ-02763,GLD-11,apprentice,2026-05-20,
MEM-01973,WIZ-02765,GLD-12,apprentice,2024-10-09,
MEM-01974,WIZ-02766,GLD-04,apprentice,2025-10-02,
MEM-01975,WIZ-02767,GLD-09,Apprentice,2024-07-28,2025-01-15
MEM-01976,WIZ-02767,GLD-09,adept,2025-01-15,
MEM-01977,WIZ-02768,GLD-08,adept,2024-12-20,
MEM-01978,WIZ-02769,GLD-09,apprentice,2025-06-24,2025-11-04
MEM-01979,WIZ-02769,GLD-09,adept,2025-11-04,
MEM-01980,WIZ-02770,GLD-11,adept,2026-05-17,
MEM-01981,WIZ-02771,GLD-09,apprentice,2025-07-12,
MEM-01982,WIZ-02772,GLD-05,apprentice,2024-12-01,
MEM-01983,WIZ-02773,GLD-09,apprentice,2024-07-22,
MEM-01984,WIZ-02777,GLD-12,apprentice,2025-10-20,
MEM-01985,WIZ-02780,GLD-05,apprentice,2026-04-23,
MEM-01986,WIZ-02782,GLD-04,apprentice,2024-07-24,
MEM-01987,WIZ-02783,GLD-03,apprentice,2026-06-13,
MEM-01988,WIZ-02787,GLD-08,apprentice,2026-03-03,
MEM-01989,WIZ-02788,GLD-05,ADEPT,2023-12-10,
MEM-01990,WIZ-02789,GLD-08,apprentice,2025-10-28,2026-04-14
MEM-01991,WIZ-02789,GLD-08,adept,2026-04-14,
MEM-01992,WIZ-02793,GLD-04,Apprentice,2025-07-06,2026-01-28
MEM-01993,WIZ-02793,GLD-04,adept,2026-01-28,
MEM-01994,WIZ-02794,GLD-05,adept,2024-08-28,
MEM-01995,WIZ-02795,GLD-03,archmage,2024-04-17,
MEM-01996,WIZ-02796,GLD-11,apprentice,2023-12-03,
MEM-01997,WIZ-02797,GLD-10,adept,2024-02-13,
MEM-01998,WIZ-02801,GLD-06,Archmage,2024-06-24,
MEM-01999,WIZ-02802,GLD-11,apprentice,2025-10-02,
MEM-02000,WIZ-02803,GLD-02,adept,2025-10-18,
MEM-02001,WIZ-02805,GLD-02,Adept,2025-11-04,
MEM-02002,WIZ-02806,GLD-12,apprentice,2026-03-27,
MEM-02003,WIZ-02808,GLD-07,apprentice,2025-09-21,
MEM-02004,WIZ-02809,GLD-01,apprentice,2025-12-04,
MEM-02005,WIZ-02810,GLD-06,apprentice,2026-03-13,
MEM-02006,WIZ-02812,GLD-01,apprentice,2024-06-25,
MEM-02007,WIZ-02813,GLD-07,apprentice,2023-10-11,
MEM-02008,WIZ-02814,GLD-10,archmage,2024-09-17,
MEM-02009,WIZ-02815,GLD-08,adept,2024-02-21,
MEM-02010,WIZ-02816,GLD-03,Adept,2026-05-29,
MEM-02011,WIZ-02817,GLD-09,apprentice,2024-05-30,
MEM-02012,WIZ-02818,GLD-03,apprentice,2025-04-21,
MEM-02013,WIZ-02819,GLD-12,adept,2024-09-17,
MEM-02014,WIZ-02821,GLD-01,Adept,2025-11-05,
MEM-02015,WIZ-02822,GLD-11,apprentice,2026-01-27,
MEM-02016,WIZ-02823,GLD-12,apprentice,2025-12-01,
MEM-02017,WIZ-02824,GLD-02,APPRENTICE,2024-06-26,
MEM-02018,WIZ-02826,GLD-05,apprentice,2026-06-27,
MEM-02019,WIZ-02827,GLD-01,adept,2025-02-27,
MEM-02020,WIZ-02828,GLD-08,apprentice,2026-03-25,
MEM-02021,WIZ-02829,GLD-09,Adept,2025-03-18,
MEM-02022,WIZ-02830,GLD-04,APPRENTICE,2023-08-26,
MEM-02023,WIZ-02832,GLD-09,apprentice,2025-10-30,
MEM-02024,WIZ-02835,GLD-08,apprentice,2024-03-26,
MEM-02025,WIZ-02836,GLD-06,apprentice,2026-03-28,
MEM-02026,WIZ-02837,GLD-07,Apprentice,2023-08-10,
MEM-02027,WIZ-02839,GLD-10,apprentice,2023-07-31,
MEM-02028,WIZ-02840,GLD-12,APPRENTICE,2026-06-01,
MEM-02029,WIZ-02841,GLD-07,archmage,2024-01-19,
MEM-02030,WIZ-02842,GLD-04,apprentice,2025-09-30,
MEM-02031,WIZ-02844,GLD-08,apprentice,2025-03-26,
MEM-02032,WIZ-02846,GLD-12,adept,2026-05-18,
MEM-02033,WIZ-02847,GLD-08,Apprentice,2026-04-08,
MEM-02034,WIZ-02848,GLD-01,Apprentice,2024-07-27,
MEM-02035,WIZ-02849,GLD-10,apprentice,2023-10-19,
MEM-02036,WIZ-02850,GLD-08,Adept,2026-02-09,
MEM-02037,WIZ-02851,GLD-02,adept,2025-11-09,2026-05-27
MEM-02038,WIZ-02851,GLD-02,archmage,2026-05-27,
MEM-02039,WIZ-02852,GLD-11,apprentice,2024-08-12,
MEM-02040,WIZ-02853,GLD-09,archmage,2025-08-15,
MEM-02041,WIZ-02854,GLD-09,adept,2025-05-21,
MEM-02042,WIZ-02855,GLD-03,adept,2024-10-15,
MEM-02043,WIZ-02857,GLD-07,apprentice,2023-12-11,
MEM-02044,WIZ-02858,GLD-04,ADEPT,2024-06-23,
MEM-02045,WIZ-02859,GLD-10,apprentice,2026-02-23,
MEM-02046,WIZ-02860,GLD-05,adept,2026-01-18,2026-06-10
MEM-02047,WIZ-02860,GLD-05,Archmage,2026-06-10,
MEM-02048,WIZ-02861,GLD-04,adept,2026-02-02,
MEM-02049,WIZ-02862,GLD-01,APPRENTICE,2023-08-26,
MEM-02050,WIZ-02865,GLD-02,apprentice,2024-01-08,
MEM-02051,WIZ-02866,GLD-12,Apprentice,2024-05-04,2024-11-13
MEM-02052,WIZ-02866,GLD-12,adept,2024-11-13,
MEM-02053,WIZ-02868,GLD-04,Apprentice,2025-12-06,
MEM-02054,WIZ-02869,GLD-06,apprentice,2026-04-13,
MEM-02055,WIZ-02872,GLD-05,apprentice,2024-02-18,
MEM-02056,WIZ-02873,GLD-06,APPRENTICE,2024-01-20,2025-08-05
MEM-02057,WIZ-02873,GLD-06,adept,2025-08-05,
MEM-02058,WIZ-02874,GLD-05,adept,2026-05-30,
MEM-02059,WIZ-02876,GLD-10,apprentice,2025-12-13,
MEM-02060,WIZ-02877,GLD-06,adept,2025-07-19,
MEM-02061,WIZ-02878,GLD-12,Adept,2026-01-28,
MEM-02062,WIZ-02879,GLD-09,archmage,2024-03-28,
MEM-02063,WIZ-02881,GLD-01,adept,2026-01-09,
MEM-02064,WIZ-02882,GLD-03,APPRENTICE,2026-04-10,
MEM-02065,WIZ-02883,GLD-05,Apprentice,2023-07-04,
MEM-02066,WIZ-02884,GLD-06,apprentice,2025-01-04,
MEM-02067,WIZ-02886,GLD-05,Adept,2026-01-24,
MEM-02068,WIZ-02889,GLD-11,adept,2024-06-12,
MEM-02069,WIZ-02890,GLD-09,archmage,2024-02-02,
MEM-02070,WIZ-02891,GLD-03,adept,2025-10-09,
MEM-02071,WIZ-02892,GLD-07,apprentice,2026-02-22,
MEM-02072,WIZ-02893,GLD-02,apprentice,2025-05-29,
MEM-02073,WIZ-02895,GLD-02,adept,2025-11-29,2026-03-21
MEM-02074,WIZ-02895,GLD-02,archmage,2026-03-21,
MEM-02075,WIZ-02897,GLD-01,archmage,2026-06-06,
MEM-02076,WIZ-02898,GLD-01,apprentice,2024-10-13,
MEM-02077,WIZ-02900,GLD-03,APPRENTICE,2026-03-13,
MEM-02078,WIZ-02901,GLD-09,Apprentice,2026-06-19,
MEM-02079,WIZ-02902,GLD-01,archmage,2025-05-28,
MEM-02080,WIZ-02903,GLD-04,Apprentice,2024-01-24,
MEM-02081,WIZ-02905,GLD-12,apprentice,2023-12-22,
MEM-02082,WIZ-02907,GLD-09,Apprentice,2025-05-04,
MEM-02083,WIZ-02908,GLD-07,Adept,2024-09-06,
MEM-02084,WIZ-02910,GLD-02,apprentice,2024-05-13,
MEM-02085,WIZ-02912,GLD-06,Apprentice,2023-05-30,
MEM-02086,WIZ-02913,GLD-10,apprentice,2025-11-05,
MEM-02087,WIZ-02914,GLD-01,apprentice,2026-06-28,
MEM-02088,WIZ-02918,GLD-11,adept,2026-04-26,
MEM-02089,WIZ-02919,GLD-01,apprentice,2025-01-05,
MEM-02090,WIZ-02920,GLD-05,apprentice,2025-09-09,
MEM-02091,WIZ-02923,GLD-04,adept,2023-12-21,
MEM-02092,WIZ-02924,GLD-02,apprentice,2025-12-15,2026-01-15
MEM-02093,WIZ-02924,GLD-02,adept,2026-01-15,
MEM-02094,WIZ-02925,GLD-04,apprentice,2026-01-07,2026-02-24
MEM-02095,WIZ-02925,GLD-04,adept,2026-02-24,
MEM-02096,WIZ-02926,GLD-07,Adept,2025-06-06,
MEM-02097,WIZ-02928,GLD-11,APPRENTICE,2026-05-21,
MEM-02098,WIZ-02930,GLD-11,apprentice,2024-06-27,
MEM-02099,WIZ-02931,GLD-12,archmage,2025-07-24,
MEM-02100,WIZ-02933,GLD-07,apprentice,2024-10-04,
MEM-02101,WIZ-02934,GLD-04,apprentice,2025-10-19,2026-01-19
MEM-02102,WIZ-02934,GLD-04,Adept,2026-01-19,
MEM-02103,WIZ-02935,GLD-04,apprentice,2024-05-01,
MEM-02104,WIZ-02936,GLD-11,Apprentice,2023-02-15,
MEM-02105,WIZ-02937,GLD-02,apprentice,2023-10-15,
MEM-02106,WIZ-02939,GLD-01,apprentice,2023-09-06,
MEM-02107,WIZ-02941,GLD-02,APPRENTICE,2026-05-02,
MEM-02108,WIZ-02943,GLD-05,ADEPT,2025-05-21,
MEM-02109,WIZ-02944,GLD-03,adept,2025-07-08,2025-12-10
MEM-02110,WIZ-02944,GLD-03,archmage,2025-12-10,
MEM-02111,WIZ-02947,GLD-08,apprentice,2026-02-05,
MEM-02112,WIZ-02949,GLD-08,adept,2023-06-05,
MEM-02113,WIZ-02950,GLD-12,Apprentice,2026-02-21,
MEM-02114,WIZ-02951,GLD-02,adept,2023-09-23,
MEM-02115,WIZ-02953,GLD-01,adept,2023-12-05,
MEM-02116,WIZ-02954,GLD-09,archmage,2024-08-30,
MEM-02117,WIZ-02956,GLD-11,adept,2024-08-22,
MEM-02118,WIZ-02957,GLD-01,apprentice,2026-01-09,
MEM-02119,WIZ-02959,GLD-03,apprentice,2026-03-14,
MEM-02120,WIZ-02961,GLD-02,Apprentice,2025-03-18,
MEM-02121,WIZ-02964,GLD-05,adept,2026-03-11,
MEM-02122,WIZ-02966,GLD-11,adept,2023-12-21,
MEM-02123,WIZ-02967,GLD-03,adept,2025-07-09,
MEM-02124,WIZ-02969,GLD-06,apprentice,2026-02-12,2026-05-08
MEM-02125,WIZ-02969,GLD-06,Adept,2026-05-08,
MEM-02126,WIZ-02970,GLD-11,apprentice,2025-01-30,
MEM-02127,WIZ-02971,GLD-04,adept,2026-05-06,
MEM-02128,WIZ-02972,GLD-07,archmage,2024-11-25,
MEM-02129,WIZ-02975,GLD-04,adept,2025-11-18,
MEM-02130,WIZ-02976,GLD-08,Apprentice,2025-12-30,
MEM-02131,WIZ-02977,GLD-02,Adept,2024-02-13,2024-08-10
MEM-02132,WIZ-02977,GLD-02,archmage,2024-08-10,
MEM-02133,WIZ-02978,GLD-07,adept,2025-11-01,2026-02-18
MEM-02134,WIZ-02978,GLD-07,Archmage,2026-02-18,
MEM-02135,WIZ-02979,GLD-04,apprentice,2024-01-23,
MEM-02136,WIZ-02980,GLD-03,Apprentice,2026-06-11,
MEM-02137,WIZ-02981,GLD-08,apprentice,2025-03-04,
MEM-02138,WIZ-02984,GLD-05,adept,2025-08-03,
MEM-02139,WIZ-02987,GLD-11,apprentice,2026-01-18,
MEM-02140,WIZ-02988,GLD-06,Apprentice,2024-09-15,
MEM-02141,WIZ-02989,GLD-05,apprentice,2026-04-26,
MEM-02142,WIZ-02990,GLD-12,adept,2025-12-16,
MEM-02143,WIZ-02991,GLD-07,apprentice,2025-03-18,
MEM-02144,WIZ-02992,GLD-03,apprentice,2024-07-22,
MEM-02145,WIZ-02993,GLD-12,Adept,2023-12-10,
MEM-02146,WIZ-02994,GLD-05,adept,2024-08-25,
MEM-02147,WIZ-02995,GLD-03,adept,2026-03-05,
MEM-02148,WIZ-02996,GLD-07,apprentice,2026-05-09,
MEM-02149,WIZ-02997,GLD-11,archmage,2025-10-14,
MEM-02150,WIZ-02999,GLD-03,apprentice,2024-11-08,
MEM-02151,WIZ-03000,GLD-08,Apprentice,2025-08-13,
MEM-02152,WIZ-03002,GLD-06,ADEPT,2025-02-13,2025-08-05
MEM-02153,WIZ-03002,GLD-06,archmage,2025-08-05,
MEM-02154,WIZ-03003,GLD-10,apprentice,2024-07-30,
MEM-02155,WIZ-03004,GLD-10,archmage,2026-04-02,
MEM-02156,WIZ-03005,GLD-06,apprentice,2024-07-17,
MEM-02157,WIZ-03006,GLD-05,apprentice,2026-05-01,2026-06-23
MEM-02158,WIZ-03006,GLD-05,adept,2026-06-23,
MEM-02159,WIZ-03007,GLD-02,apprentice,2025-02-03,
MEM-02160,WIZ-03008,GLD-08,Apprentice,2024-05-22,
MEM-02161,WIZ-03011,GLD-07,Apprentice,2025-01-29,
MEM-02162,WIZ-03012,GLD-04,archmage,2024-02-10,
MEM-02163,WIZ-03013,GLD-11,adept,2024-05-22,2025-12-28
MEM-02164,WIZ-03013,GLD-11,Archmage,2025-12-28,
MEM-02165,WIZ-03014,GLD-09,apprentice,2024-04-22,
MEM-02166,WIZ-03015,GLD-06,apprentice,2025-06-07,
MEM-02167,WIZ-03016,GLD-12,ARCHMAGE,2026-06-10,
MEM-02168,WIZ-03017,GLD-10,apprentice,2024-09-06,
MEM-02169,WIZ-03019,GLD-12,Adept,2023-03-23,
MEM-02170,WIZ-03021,GLD-07,apprentice,2025-04-06,
MEM-02171,WIZ-03024,GLD-06,adept,2026-04-21,
MEM-02172,WIZ-03025,GLD-09,apprentice,2024-01-13,
MEM-02173,WIZ-03028,GLD-10,ARCHMAGE,2026-06-03,
MEM-02174,WIZ-03030,GLD-08,Apprentice,2023-12-24,
MEM-02175,WIZ-03032,GLD-08,adept,2024-02-12,2025-07-15
MEM-02176,WIZ-03032,GLD-08,Archmage,2025-07-15,
MEM-02177,WIZ-03033,GLD-08,adept,2024-04-11,
MEM-02178,WIZ-03034,GLD-07,apprentice,2026-03-01,
MEM-02179,WIZ-03035,GLD-11,adept,2024-10-08,
MEM-02180,WIZ-03037,GLD-12,adept,2026-01-13,
MEM-02181,WIZ-03040,GLD-11,archmage,2024-04-06,
MEM-02182,WIZ-03041,GLD-05,adept,2026-03-18,
MEM-02183,WIZ-03042,GLD-12,apprentice,2024-04-06,2024-07-19
MEM-02184,WIZ-03042,GLD-12,adept,2024-07-19,
MEM-02185,WIZ-03043,GLD-02,apprentice,2025-12-25,
MEM-02186,WIZ-03046,GLD-11,apprentice,2025-04-03,
MEM-02187,WIZ-03047,GLD-03,apprentice,2023-09-07,
MEM-02188,WIZ-03050,GLD-10,archmage,2024-08-16,
MEM-02189,WIZ-03051,GLD-02,adept,2024-03-12,
MEM-02190,WIZ-03055,GLD-05,apprentice,2026-05-30,
MEM-02191,WIZ-03056,GLD-03,apprentice,2024-12-27,
MEM-02192,WIZ-03057,GLD-12,apprentice,2024-01-08,
MEM-02193,WIZ-03058,GLD-05,APPRENTICE,2025-12-17,
MEM-02194,WIZ-03059,GLD-11,Apprentice,2025-09-08,
MEM-02195,WIZ-03060,GLD-03,APPRENTICE,2026-05-15,
MEM-02196,WIZ-03062,GLD-12,apprentice,2024-10-26,
MEM-02197,WIZ-03063,GLD-11,apprentice,2024-06-25,
MEM-02198,WIZ-03064,GLD-06,apprentice,2026-06-06,
MEM-02199,WIZ-03065,GLD-08,Apprentice,2024-02-22,
MEM-02200,WIZ-03066,GLD-09,adept,2025-06-21,2025-08-07
MEM-02201,WIZ-03066,GLD-09,archmage,2025-08-07,
MEM-02202,WIZ-03067,GLD-02,apprentice,2023-10-04,
MEM-02203,WIZ-03070,GLD-08,apprentice,2026-03-21,
MEM-02204,WIZ-03071,GLD-03,archmage,2025-11-18,
MEM-02205,WIZ-03072,GLD-07,apprentice,2025-01-01,
MEM-02206,WIZ-03073,GLD-11,adept,2026-05-01,
MEM-02207,WIZ-03075,GLD-07,ADEPT,2024-05-08,
MEM-02208,WIZ-03076,GLD-04,archmage,2025-08-20,
MEM-02209,WIZ-03077,GLD-05,apprentice,2026-06-24,
MEM-02210,WIZ-03078,GLD-08,APPRENTICE,2024-01-31,2024-09-23
MEM-02211,WIZ-03078,GLD-08,adept,2024-09-23,
MEM-02212,WIZ-03079,GLD-05,adept,2025-02-12,2025-05-13
MEM-02213,WIZ-03079,GLD-05,archmage,2025-05-13,
MEM-02214,WIZ-03082,GLD-05,Apprentice,2025-11-06,
MEM-02215,WIZ-03083,GLD-04,adept,2024-09-26,
MEM-02216,WIZ-03085,GLD-12,apprentice,2024-01-21,
MEM-02217,WIZ-03086,GLD-08,ADEPT,2024-04-05,
MEM-02218,WIZ-03087,GLD-01,adept,2026-04-03,
MEM-02219,WIZ-03088,GLD-05,Adept,2023-01-29,
MEM-02220,WIZ-03089,GLD-08,adept,2026-02-09,
MEM-02221,WIZ-03090,GLD-10,apprentice,2026-04-14,
MEM-02222,WIZ-03091,GLD-03,apprentice,2024-07-14,
MEM-02223,WIZ-03092,GLD-01,apprentice,2024-03-05,
MEM-02224,WIZ-03093,GLD-05,APPRENTICE,2023-09-03,
MEM-02225,WIZ-03094,GLD-09,adept,2026-02-09,
MEM-02226,WIZ-03097,GLD-03,apprentice,2024-03-02,
MEM-02227,WIZ-03098,GLD-01,adept,2025-03-24,
MEM-02228,WIZ-03099,GLD-01,apprentice,2026-01-28,2026-05-26
MEM-02229,WIZ-03099,GLD-01,adept,2026-05-26,
MEM-02230,WIZ-03100,GLD-02,apprentice,2024-08-23,
MEM-02231,WIZ-03103,GLD-07,apprentice,2024-02-21,
MEM-02232,WIZ-03104,GLD-09,apprentice,2024-09-25,
MEM-02233,WIZ-03105,GLD-08,Adept,2025-08-05,2025-11-17
MEM-02234,WIZ-03105,GLD-08,archmage,2025-11-17,
MEM-02235,WIZ-03106,GLD-01,apprentice,2026-05-21,
MEM-02236,WIZ-03108,GLD-02,apprentice,2026-05-29,
MEM-02237,WIZ-03109,GLD-09,apprentice,2026-03-05,
MEM-02238,WIZ-03110,GLD-11,adept,2026-04-17,
MEM-02239,WIZ-03111,GLD-01,archmage,2025-10-02,
MEM-02240,WIZ-03112,GLD-04,apprentice,2024-05-29,
MEM-02241,WIZ-03114,GLD-04,adept,2026-06-17,
MEM-02242,WIZ-03115,GLD-06,adept,2024-02-06,
MEM-02243,WIZ-03116,GLD-10,adept,2025-08-26,
MEM-02244,WIZ-03119,GLD-09,apprentice,2026-04-22,
MEM-02245,WIZ-03120,GLD-08,APPRENTICE,2024-05-21,
MEM-02246,WIZ-03122,GLD-09,Apprentice,2026-04-24,
MEM-02247,WIZ-03123,GLD-05,apprentice,2025-06-03,
MEM-02248,WIZ-03124,GLD-01,apprentice,2024-06-27,2026-04-20
MEM-02249,WIZ-03124,GLD-01,adept,2026-04-20,
MEM-02250,WIZ-03125,GLD-07,apprentice,2026-03-06,
MEM-02251,WIZ-03129,GLD-11,apprentice,2023-10-08,
MEM-02252,WIZ-03133,GLD-04,Apprentice,2026-02-19,
MEM-02253,WIZ-03134,GLD-01,apprentice,2023-11-14,
MEM-02254,WIZ-03135,GLD-06,APPRENTICE,2025-12-09,
MEM-02255,WIZ-03136,GLD-06,apprentice,2026-04-11,
MEM-02256,WIZ-03137,GLD-09,Adept,2025-12-18,
MEM-02257,WIZ-03138,GLD-07,APPRENTICE,2023-09-22,
MEM-02258,WIZ-03139,GLD-12,Archmage,2025-05-13,
MEM-02259,WIZ-03141,GLD-01,adept,2024-10-22,
MEM-02260,WIZ-03143,GLD-10,archmage,2026-06-21,
MEM-02261,WIZ-03144,GLD-11,adept,2026-03-09,
MEM-02262,WIZ-03147,GLD-11,Apprentice,2024-04-18,
MEM-02263,WIZ-03148,GLD-10,Apprentice,2024-11-11,
MEM-02264,WIZ-03151,GLD-04,adept,2025-08-04,
MEM-02265,WIZ-03152,GLD-12,apprentice,2026-06-01,
MEM-02266,WIZ-03154,GLD-05,apprentice,2025-12-14,
MEM-02267,WIZ-03155,GLD-11,apprentice,2025-06-25,
MEM-02268,WIZ-03156,GLD-03,apprentice,2026-06-21,
MEM-02269,WIZ-03157,GLD-12,Adept,2025-05-13,
MEM-02270,WIZ-03158,GLD-02,apprentice,2025-07-14,
MEM-02271,WIZ-03159,GLD-06,apprentice,2023-08-26,
MEM-02272,WIZ-03161,GLD-10,apprentice,2024-07-15,
MEM-02273,WIZ-03163,GLD-08,Adept,2025-03-19,
MEM-02274,WIZ-03164,GLD-05,apprentice,2024-08-10,
MEM-02275,WIZ-03165,GLD-01,archmage,2024-07-13,
MEM-02276,WIZ-03166,GLD-06,Apprentice,2024-03-29,
MEM-02277,WIZ-03167,GLD-05,adept,2025-12-17,
MEM-02278,WIZ-03168,GLD-03,Apprentice,2024-04-12,
MEM-02279,WIZ-03169,GLD-10,Apprentice,2024-06-04,
MEM-02280,WIZ-03173,GLD-10,archmage,2025-11-30,
MEM-02281,WIZ-03175,GLD-03,apprentice,2024-02-07,
MEM-02282,WIZ-03177,GLD-09,adept,2026-03-11,
MEM-02283,WIZ-03179,GLD-06,APPRENTICE,2024-06-11,
MEM-02284,WIZ-03181,GLD-12,apprentice,2024-03-27,2025-10-22
MEM-02285,WIZ-03181,GLD-12,adept,2025-10-22,
MEM-02286,WIZ-03182,GLD-01,apprentice,2025-02-02,
MEM-02287,WIZ-03184,GLD-10,APPRENTICE,2025-06-11,
MEM-02288,WIZ-03185,GLD-06,apprentice,2026-01-16,
MEM-02289,WIZ-03187,GLD-02,apprentice,2024-11-02,
MEM-02290,WIZ-03190,GLD-04,apprentice,2025-03-22,
MEM-02291,WIZ-03192,GLD-04,adept,2024-05-09,
MEM-02292,WIZ-03194,GLD-11,apprentice,2026-06-17,
MEM-02293,WIZ-03195,GLD-12,Archmage,2026-05-01,
MEM-02294,WIZ-03196,GLD-02,apprentice,2025-07-05,
MEM-02295,WIZ-03198,GLD-03,Archmage,2024-04-11,
MEM-02296,WIZ-03200,GLD-06,apprentice,2026-05-19,
MEM-02297,WIZ-03203,GLD-03,ADEPT,2026-05-31,
MEM-02298,WIZ-03204,GLD-11,apprentice,2026-04-30,2026-06-04
MEM-02299,WIZ-03204,GLD-11,adept,2026-06-04,
MEM-02300,WIZ-03205,GLD-08,Apprentice,2024-04-26,
MEM-02301,WIZ-03206,GLD-11,Apprentice,2025-06-26,
MEM-02302,WIZ-03207,GLD-03,adept,2025-04-18,
MEM-02303,WIZ-03208,GLD-08,adept,2025-07-18,
MEM-02304,WIZ-03209,GLD-10,archmage,2026-04-09,
MEM-02305,WIZ-03210,GLD-04,archmage,2026-06-27,
MEM-02306,WIZ-03211,GLD-08,apprentice,2025-07-02,2026-03-10
MEM-02307,WIZ-03211,GLD-08,adept,2026-03-10,
MEM-02308,WIZ-03212,GLD-06,apprentice,2025-11-17,
MEM-02309,WIZ-03215,GLD-02,Apprentice,2026-06-13,
MEM-02310,WIZ-03216,GLD-09,Apprentice,2025-04-19,
MEM-02311,WIZ-03217,GLD-10,apprentice,2024-01-14,
MEM-02312,WIZ-03218,GLD-03,apprentice,2024-02-13,
MEM-02313,WIZ-03219,GLD-07,adept,2024-11-04,2026-04-18
MEM-02314,WIZ-03219,GLD-07,archmage,2026-04-18,
MEM-02315,WIZ-03222,GLD-09,apprentice,2023-11-11,
MEM-02316,WIZ-03223,GLD-03,apprentice,2025-05-12,
MEM-02317,WIZ-03224,GLD-10,adept,2026-06-19,
MEM-02318,WIZ-03226,GLD-06,apprentice,2025-06-23,
MEM-02319,WIZ-03227,GLD-01,Adept,2023-12-15,
MEM-02320,WIZ-03228,GLD-06,archmage,2024-08-13,
MEM-02321,WIZ-03229,GLD-01,apprentice,2026-04-04,
MEM-02322,WIZ-03231,GLD-01,apprentice,2026-01-07,
MEM-02323,WIZ-03232,GLD-03,Apprentice,2025-04-09,
MEM-02324,WIZ-03234,GLD-03,apprentice,2024-04-21,
MEM-02325,WIZ-03235,GLD-06,Archmage,2024-03-18,
MEM-02326,WIZ-03237,GLD-07,adept,2025-03-13,2025-06-30
MEM-02327,WIZ-03237,GLD-07,archmage,2025-06-30,
MEM-02328,WIZ-03238,GLD-06,apprentice,2025-12-29,
MEM-02329,WIZ-03240,GLD-04,adept,2025-03-20,
MEM-02330,WIZ-03241,GLD-03,Apprentice,2024-07-10,
MEM-02331,WIZ-03243,GLD-11,adept,2026-06-21,
MEM-02332,WIZ-03244,GLD-07,apprentice,2026-06-05,
MEM-02333,WIZ-03245,GLD-05,ADEPT,2025-01-13,2025-11-30
MEM-02334,WIZ-03245,GLD-05,archmage,2025-11-30,
MEM-02335,WIZ-03246,GLD-08,adept,2024-03-26,
MEM-02336,WIZ-03249,GLD-05,apprentice,2025-07-21,
MEM-02337,WIZ-03251,GLD-12,adept,2023-05-21,
MEM-02338,WIZ-03252,GLD-07,APPRENTICE,2025-07-06,
MEM-02339,WIZ-03256,GLD-01,apprentice,2023-07-18,
MEM-02340,WIZ-03258,GLD-01,apprentice,2025-03-11,
MEM-02341,WIZ-03259,GLD-01,apprentice,2025-08-30,
MEM-02342,WIZ-03261,GLD-06,Apprentice,2026-04-02,
MEM-02343,WIZ-03262,GLD-10,adept,2023-03-26,
MEM-02344,WIZ-03265,GLD-07,apprentice,2025-06-07,
MEM-02345,WIZ-03267,GLD-06,adept,2025-06-09,
MEM-02346,WIZ-03268,GLD-06,adept,2024-03-07,2025-02-14
MEM-02347,WIZ-03268,GLD-06,ARCHMAGE,2025-02-14,
MEM-02348,WIZ-03269,GLD-08,apprentice,2024-07-13,
MEM-02349,WIZ-03270,GLD-04,apprentice,2024-12-23,
MEM-02350,WIZ-03271,GLD-01,apprentice,2025-03-01,
MEM-02351,WIZ-03272,GLD-04,apprentice,2023-04-29,2024-03-19
MEM-02352,WIZ-03272,GLD-04,ADEPT,2024-03-19,
MEM-02353,WIZ-03273,GLD-02,adept,2025-01-22,
MEM-02354,WIZ-03274,GLD-04,apprentice,2024-06-24,2025-12-28
MEM-02355,WIZ-03274,GLD-04,adept,2025-12-28,
MEM-02356,WIZ-03275,GLD-04,apprentice,2024-03-17,
MEM-02357,WIZ-03276,GLD-11,apprentice,2026-04-05,
MEM-02358,WIZ-03277,GLD-10,ARCHMAGE,2024-11-11,
MEM-02359,WIZ-03278,GLD-08,apprentice,2023-07-02,2024-11-04
MEM-02360,WIZ-03278,GLD-08,adept,2024-11-04,
MEM-02361,WIZ-03281,GLD-07,apprentice,2025-03-15,
MEM-02362,WIZ-03283,GLD-03,apprentice,2024-03-21,
MEM-02363,WIZ-03284,GLD-07,apprentice,2023-08-11,
MEM-02364,WIZ-03287,GLD-10,apprentice,2026-03-20,2026-05-16
MEM-02365,WIZ-03287,GLD-10,adept,2026-05-16,
MEM-02366,WIZ-03289,GLD-08,apprentice,2026-05-23,
MEM-02367,WIZ-03291,GLD-09,Adept,2024-04-28,2026-02-10
MEM-02368,WIZ-03291,GLD-09,archmage,2026-02-10,
MEM-02369,WIZ-03294,GLD-11,APPRENTICE,2025-03-30,2026-02-11
MEM-02370,WIZ-03294,GLD-11,adept,2026-02-11,
MEM-02371,WIZ-03296,GLD-12,apprentice,2026-01-08,
MEM-02372,WIZ-03297,GLD-02,adept,2025-03-27,
MEM-02373,WIZ-03299,GLD-07,apprentice,2023-10-01,
MEM-02374,WIZ-03300,GLD-12,adept,2026-06-30,
MEM-02375,WIZ-03301,GLD-07,apprentice,2025-10-16,
MEM-02376,WIZ-03304,GLD-06,apprentice,2025-01-20,
MEM-02377,WIZ-03305,GLD-04,archmage,2025-05-05,
MEM-02378,WIZ-03309,GLD-06,apprentice,2025-04-01,
MEM-02379,WIZ-03310,GLD-04,apprentice,2024-03-03,
MEM-02380,WIZ-03312,GLD-12,adept,2025-01-18,
MEM-02381,WIZ-03313,GLD-05,archmage,2026-05-04,
MEM-02382,WIZ-03314,GLD-12,apprentice,2024-05-22,
MEM-02383,WIZ-03315,GLD-04,adept,2024-08-19,
MEM-02384,WIZ-03317,GLD-02,apprentice,2024-03-17,2024-10-22
MEM-02385,WIZ-03317,GLD-02,adept,2024-10-22,
MEM-02386,WIZ-03319,GLD-01,adept,2026-03-01,2026-05-14
MEM-02387,WIZ-03319,GLD-01,archmage,2026-05-14,
MEM-02388,WIZ-03323,GLD-03,Apprentice,2024-05-08,
MEM-02389,WIZ-03325,GLD-09,adept,2024-09-11,
MEM-02390,WIZ-03327,GLD-08,apprentice,2024-03-31,
MEM-02391,WIZ-03328,GLD-09,APPRENTICE,2025-01-06,
MEM-02392,WIZ-03331,GLD-08,apprentice,2024-10-14,
MEM-02393,WIZ-03333,GLD-08,adept,2023-12-24,
MEM-02394,WIZ-03335,GLD-04,apprentice,2026-06-29,
MEM-02395,WIZ-03336,GLD-11,APPRENTICE,2024-07-24,
MEM-02396,WIZ-03337,GLD-08,Apprentice,2024-07-23,
MEM-02397,WIZ-03339,GLD-10,apprentice,2024-11-29,
MEM-02398,WIZ-03341,GLD-07,apprentice,2025-08-23,
MEM-02399,WIZ-03342,GLD-08,archmage,2025-09-29,
MEM-02400,WIZ-03344,GLD-10,Apprentice,2026-06-14,
MEM-02401,WIZ-03345,GLD-10,Apprentice,2023-05-12,2025-03-06
MEM-02402,WIZ-03345,GLD-10,adept,2025-03-06,
MEM-02403,WIZ-03346,GLD-09,apprentice,2024-08-16,
MEM-02404,WIZ-03347,GLD-01,Apprentice,2026-06-13,
MEM-02405,WIZ-03348,GLD-11,archmage,2024-10-18,
MEM-02406,WIZ-03349,GLD-06,apprentice,2024-10-09,
MEM-02407,WIZ-03351,GLD-08,ADEPT,2026-04-13,
MEM-02408,WIZ-03352,GLD-07,apprentice,2025-12-03,
MEM-02409,WIZ-03353,GLD-06,Archmage,2026-03-27,
MEM-02410,WIZ-03354,GLD-02,APPRENTICE,2025-08-01,
MEM-02411,WIZ-03355,GLD-12,apprentice,2025-12-25,
MEM-02412,WIZ-03357,GLD-05,apprentice,2024-02-11,
MEM-02413,WIZ-03360,GLD-11,adept,2026-01-03,
MEM-02414,WIZ-03361,GLD-06,Archmage,2025-10-15,
MEM-02415,WIZ-03362,GLD-05,apprentice,2024-10-02,
MEM-02416,WIZ-03365,GLD-03,apprentice,2025-08-18,
MEM-02417,WIZ-03367,GLD-08,archmage,2023-10-29,
MEM-02418,WIZ-03369,GLD-08,archmage,2025-11-20,
MEM-02419,WIZ-03370,GLD-09,adept,2025-10-22,
MEM-02420,WIZ-03372,GLD-06,adept,2024-07-05,
MEM-02421,WIZ-03373,GLD-08,apprentice,2026-05-05,
MEM-02422,WIZ-03375,GLD-12,APPRENTICE,2025-04-15,
MEM-02423,WIZ-03376,GLD-03,apprentice,2025-12-31,
MEM-02424,WIZ-03377,GLD-09,APPRENTICE,2026-01-26,
MEM-02425,WIZ-03378,GLD-06,adept,2023-08-23,
MEM-02426,WIZ-03380,GLD-09,apprentice,2024-01-05,
MEM-02427,WIZ-03381,GLD-05,apprentice,2023-11-29,2025-05-25
MEM-02428,WIZ-03381,GLD-05,adept,2025-05-25,
MEM-02429,WIZ-03382,GLD-11,Apprentice,2025-11-25,
MEM-02430,WIZ-03383,GLD-12,archmage,2023-08-06,
MEM-02431,WIZ-03384,GLD-12,adept,2025-10-20,2025-12-13
MEM-02432,WIZ-03384,GLD-12,archmage,2025-12-13,
MEM-02433,WIZ-03385,GLD-04,adept,2026-03-06,
MEM-02434,WIZ-03391,GLD-12,Apprentice,2024-01-22,
MEM-02435,WIZ-03392,GLD-06,adept,2024-02-17,
MEM-02436,WIZ-03393,GLD-09,archmage,2025-12-31,
MEM-02437,WIZ-03394,GLD-05,APPRENTICE,2025-10-16,
MEM-02438,WIZ-03395,GLD-02,apprentice,2023-07-26,
MEM-02439,WIZ-03396,GLD-10,apprentice,2024-09-16,2025-08-30
MEM-02440,WIZ-03396,GLD-10,adept,2025-08-30,
MEM-02441,WIZ-03399,GLD-03,adept,2023-06-10,
MEM-02442,WIZ-03400,GLD-09,Apprentice,2026-01-12,
MEM-02443,WIZ-03401,GLD-02,Archmage,2026-02-04,
MEM-02444,WIZ-03402,GLD-05,Apprentice,2024-07-17,2026-02-02
MEM-02445,WIZ-03402,GLD-05,adept,2026-02-02,
MEM-02446,WIZ-03403,GLD-03,adept,2025-01-26,
MEM-02447,WIZ-03404,GLD-03,archmage,2026-01-16,
MEM-02448,WIZ-03405,GLD-01,apprentice,2025-10-23,
MEM-02449,WIZ-03406,GLD-09,apprentice,2025-06-20,2026-03-19
MEM-02450,WIZ-03406,GLD-09,adept,2026-03-19,
MEM-02451,WIZ-03408,GLD-08,apprentice,2025-08-26,
MEM-02452,WIZ-03409,GLD-02,apprentice,2024-09-01,
MEM-02453,WIZ-03410,GLD-02,Apprentice,2025-11-06,2026-01-18
MEM-02454,WIZ-03410,GLD-02,Adept,2026-01-18,
MEM-02455,WIZ-03411,GLD-05,adept,2026-06-05,
MEM-02456,WIZ-03415,GLD-12,adept,2025-03-25,
MEM-02457,WIZ-03416,GLD-09,ADEPT,2025-01-23,
MEM-02458,WIZ-03418,GLD-08,archmage,2025-10-13,
MEM-02459,WIZ-03419,GLD-07,adept,2026-05-04,
MEM-02460,WIZ-03420,GLD-01,apprentice,2025-12-14,2026-03-12
MEM-02461,WIZ-03420,GLD-01,Adept,2026-03-12,
MEM-02462,WIZ-03421,GLD-12,Adept,2025-05-13,
MEM-02463,WIZ-03422,GLD-04,apprentice,2024-04-11,
MEM-02464,WIZ-03423,GLD-12,apprentice,2026-01-07,
MEM-02465,WIZ-03424,GLD-02,apprentice,2025-11-11,
MEM-02466,WIZ-03425,GLD-02,Archmage,2024-08-28,
MEM-02467,WIZ-03426,GLD-05,apprentice,2025-08-25,
MEM-02468,WIZ-03428,GLD-12,apprentice,2023-06-11,
MEM-02469,WIZ-03429,GLD-01,Adept,2025-10-30,
MEM-02470,WIZ-03430,GLD-08,Apprentice,2025-12-08,
MEM-02471,WIZ-03431,GLD-10,Apprentice,2026-04-13,
MEM-02472,WIZ-03433,GLD-05,archmage,2024-10-06,
MEM-02473,WIZ-03434,GLD-01,APPRENTICE,2023-05-02,
MEM-02474,WIZ-03436,GLD-05,apprentice,2026-05-27,
MEM-02475,WIZ-03439,GLD-10,apprentice,2026-01-19,2026-06-19
MEM-02476,WIZ-03439,GLD-10,Adept,2026-06-19,
MEM-02477,WIZ-03440,GLD-11,adept,2025-12-08,2026-03-09
MEM-02478,WIZ-03440,GLD-11,ARCHMAGE,2026-03-09,
MEM-02479,WIZ-03441,GLD-08,apprentice,2025-12-17,
MEM-02480,WIZ-03442,GLD-10,apprentice,2025-05-21,
MEM-02481,WIZ-03443,GLD-10,apprentice,2026-02-19,
MEM-02482,WIZ-03444,GLD-05,adept,2026-05-20,
MEM-02483,WIZ-03445,GLD-07,apprentice,2025-02-28,
MEM-02484,WIZ-03446,GLD-09,Adept,2024-10-27,
MEM-02485,WIZ-03447,GLD-02,adept,2024-09-22,
MEM-02486,WIZ-03450,GLD-07,apprentice,2026-05-03,
MEM-02487,WIZ-03451,GLD-09,apprentice,2024-02-16,2025-02-18
MEM-02488,WIZ-03451,GLD-09,adept,2025-02-18,
MEM-02489,WIZ-03453,GLD-11,adept,2026-06-06,
MEM-02490,WIZ-03454,GLD-01,apprentice,2026-06-26,
MEM-02491,WIZ-03455,GLD-04,Apprentice,2023-10-13,2024-02-20
MEM-02492,WIZ-03455,GLD-04,adept,2024-02-20,
MEM-02493,WIZ-03458,GLD-08,apprentice,2024-01-04,
MEM-02494,WIZ-03459,GLD-07,Archmage,2025-07-06,
MEM-02495,WIZ-03460,GLD-01,apprentice,2023-10-07,
MEM-02496,WIZ-03461,GLD-02,apprentice,2025-06-15,
MEM-02497,WIZ-03462,GLD-10,Adept,2026-04-17,
MEM-02498,WIZ-03463,GLD-02,apprentice,2024-04-04,
MEM-02499,WIZ-03464,GLD-12,apprentice,2025-10-16,2026-01-30
MEM-02500,WIZ-03464,GLD-12,adept,2026-01-30,
MEM-02501,WIZ-03466,GLD-10,Apprentice,2026-05-09,
MEM-02502,WIZ-03468,GLD-01,adept,2026-04-17,
MEM-02503,WIZ-03469,GLD-02,apprentice,2024-12-17,
MEM-02504,WIZ-03470,GLD-10,apprentice,2025-06-12,
MEM-02505,WIZ-03471,GLD-09,Apprentice,2024-09-26,
MEM-02506,WIZ-03472,GLD-02,archmage,2024-07-01,
MEM-02507,WIZ-03476,GLD-08,APPRENTICE,2026-03-25,
MEM-02508,WIZ-03477,GLD-03,apprentice,2026-03-23,2026-05-11
MEM-02509,WIZ-03477,GLD-03,adept,2026-05-11,
MEM-02510,WIZ-03478,GLD-04,apprentice,2026-03-20,2026-06-21
MEM-02511,WIZ-03478,GLD-04,adept,2026-06-21,
MEM-02512,WIZ-03481,GLD-10,adept,2026-04-26,2026-06-17
MEM-02513,WIZ-03481,GLD-10,archmage,2026-06-17,
MEM-02514,WIZ-03482,GLD-04,Apprentice,2024-12-31,
MEM-02515,WIZ-03483,GLD-10,Adept,2026-05-19,
MEM-02516,WIZ-03484,GLD-08,apprentice,2026-03-21,2026-06-17
MEM-02517,WIZ-03484,GLD-08,adept,2026-06-17,
MEM-02518,WIZ-03486,GLD-04,apprentice,2026-01-21,2026-04-17
MEM-02519,WIZ-03486,GLD-04,Adept,2026-04-17,
MEM-02520,WIZ-03488,GLD-06,apprentice,2026-05-25,
MEM-02521,WIZ-03489,GLD-06,apprentice,2026-01-28,
MEM-02522,WIZ-03491,GLD-05,apprentice,2026-02-03,
MEM-02523,WIZ-03495,GLD-04,apprentice,2026-06-14,
MEM-02524,WIZ-03496,GLD-11,apprentice,2025-07-11,2026-01-22
MEM-02525,WIZ-03496,GLD-11,adept,2026-01-22,
MEM-02526,WIZ-03497,GLD-05,Apprentice,2024-08-28,
MEM-02527,WIZ-03498,GLD-05,apprentice,2025-05-09,
MEM-02528,WIZ-03505,GLD-01,Apprentice,2024-04-04,
MEM-02529,WIZ-03507,GLD-10,APPRENTICE,2025-05-23,
MEM-02530,WIZ-03508,GLD-02,apprentice,2024-03-16,
MEM-02531,WIZ-03509,GLD-01,APPRENTICE,2023-11-08,
MEM-02532,WIZ-03510,GLD-02,APPRENTICE,2023-10-17,2025-07-31
MEM-02533,WIZ-03510,GLD-02,Adept,2025-07-31,
MEM-02534,WIZ-03511,GLD-07,apprentice,2025-08-02,2026-01-26
MEM-02535,WIZ-03511,GLD-07,adept,2026-01-26,
MEM-02536,WIZ-03512,GLD-11,ADEPT,2024-07-19,
MEM-02537,WIZ-03513,GLD-01,Adept,2025-05-25,
MEM-02538,WIZ-03515,GLD-02,apprentice,2023-04-24,2023-08-10
MEM-02539,WIZ-03515,GLD-02,Adept,2023-08-10,
MEM-02540,WIZ-03516,GLD-02,Adept,2024-09-26,
MEM-02541,WIZ-03517,GLD-03,apprentice,2024-09-01,
MEM-02542,WIZ-03518,GLD-07,Apprentice,2023-09-04,
MEM-02543,WIZ-03520,GLD-07,adept,2024-05-29,
MEM-02544,WIZ-03521,GLD-12,Adept,2023-12-12,
MEM-02545,WIZ-03522,GLD-11,Archmage,2026-06-29,
MEM-02546,WIZ-03523,GLD-09,Adept,2026-06-09,
MEM-02547,WIZ-03524,GLD-05,apprentice,2024-01-12,2024-07-29
MEM-02548,WIZ-03524,GLD-05,adept,2024-07-29,
MEM-02549,WIZ-03526,GLD-07,Apprentice,2024-06-12,
MEM-02550,WIZ-03529,GLD-08,apprentice,2024-07-17,
MEM-02551,WIZ-03530,GLD-12,archmage,2026-06-24,
MEM-02552,WIZ-03531,GLD-03,adept,2023-05-03,
MEM-02553,WIZ-03532,GLD-02,Apprentice,2025-06-07,2025-08-13
MEM-02554,WIZ-03532,GLD-02,adept,2025-08-13,
MEM-02555,WIZ-03533,GLD-09,apprentice,2024-06-17,
MEM-02556,WIZ-03534,GLD-03,Archmage,2024-03-17,
MEM-02557,WIZ-03535,GLD-05,apprentice,2024-05-22,
MEM-02558,WIZ-03536,GLD-11,apprentice,2023-10-24,
MEM-02559,WIZ-03537,GLD-12,APPRENTICE,2023-11-10,2025-01-13
MEM-02560,WIZ-03537,GLD-12,Adept,2025-01-13,
MEM-02561,WIZ-03538,GLD-07,apprentice,2024-08-29,
MEM-02562,WIZ-03539,GLD-10,adept,2024-11-14,
MEM-02563,WIZ-03540,GLD-09,adept,2025-04-04,2026-04-05
MEM-02564,WIZ-03540,GLD-09,archmage,2026-04-05,
MEM-02565,WIZ-03542,GLD-01,apprentice,2025-07-04,
MEM-02566,WIZ-03543,GLD-10,Apprentice,2025-03-01,
MEM-02567,WIZ-03544,GLD-12,archmage,2024-11-21,
MEM-02568,WIZ-03546,GLD-01,APPRENTICE,2024-09-06,
MEM-02569,WIZ-03547,GLD-08,ADEPT,2026-06-09,
MEM-02570,WIZ-03548,GLD-05,apprentice,2024-12-30,
MEM-02571,WIZ-03550,GLD-02,adept,2026-03-05,
MEM-02572,WIZ-03553,GLD-08,adept,2024-05-05,
MEM-02573,WIZ-03555,GLD-06,Apprentice,2026-04-10,
MEM-02574,WIZ-03557,GLD-03,apprentice,2024-06-23,
MEM-02575,WIZ-03558,GLD-11,apprentice,2025-03-12,
MEM-02576,WIZ-03559,GLD-05,apprentice,2025-10-13,
MEM-02577,WIZ-03560,GLD-01,apprentice,2024-04-07,
MEM-02578,WIZ-03561,GLD-06,APPRENTICE,2025-12-31,
MEM-02579,WIZ-03562,GLD-08,adept,2026-06-14,
MEM-02580,WIZ-03563,GLD-01,adept,2025-04-10,
MEM-02581,WIZ-03565,GLD-11,apprentice,2025-09-17,
MEM-02582,WIZ-03566,GLD-07,apprentice,2026-05-14,
MEM-02583,WIZ-03568,GLD-03,apprentice,2026-03-07,
MEM-02584,WIZ-03572,GLD-04,apprentice,2024-09-20,
MEM-02585,WIZ-03573,GLD-03,adept,2024-10-24,2025-11-25
MEM-02586,WIZ-03573,GLD-03,archmage,2025-11-25,
MEM-02587,WIZ-03576,GLD-04,APPRENTICE,2025-11-23,
MEM-02588,WIZ-03577,GLD-11,apprentice,2024-01-26,
MEM-02589,WIZ-03578,GLD-04,adept,2026-06-16,
MEM-02590,WIZ-03579,GLD-12,apprentice,2026-04-12,
MEM-02591,WIZ-03581,GLD-08,apprentice,2026-06-10,
MEM-02592,WIZ-03582,GLD-12,adept,2024-01-04,
MEM-02593,WIZ-03583,GLD-12,apprentice,2024-10-11,
MEM-02594,WIZ-03584,GLD-11,apprentice,2025-11-25,2026-02-02
MEM-02595,WIZ-03584,GLD-11,Adept,2026-02-02,
MEM-02596,WIZ-03585,GLD-09,adept,2024-12-23,
MEM-02597,WIZ-03587,GLD-02,Adept,2026-04-08,
MEM-02598,WIZ-03589,GLD-02,APPRENTICE,2026-04-22,
MEM-02599,WIZ-03592,GLD-07,archmage,2026-04-16,
MEM-02600,WIZ-03593,GLD-07,archmage,2025-06-27,
MEM-02601,WIZ-03594,GLD-02,apprentice,2025-06-20,
MEM-02602,WIZ-03596,GLD-02,adept,2026-06-12,
MEM-02603,WIZ-03598,GLD-04,APPRENTICE,2023-08-26,
MEM-02604,WIZ-03599,GLD-06,adept,2024-09-22,
MEM-02605,WIZ-03600,GLD-01,archmage,2026-05-09,
MEM-02606,WIZ-03602,GLD-11,Adept,2025-09-24,
MEM-02607,WIZ-03603,GLD-03,Adept,2026-06-08,
MEM-02608,WIZ-03604,GLD-07,Adept,2026-04-20,
MEM-02609,WIZ-03606,GLD-12,archmage,2024-06-30,
MEM-02610,WIZ-03607,GLD-01,apprentice,2025-12-20,
MEM-02611,WIZ-03609,GLD-12,apprentice,2024-07-22,
MEM-02612,WIZ-03611,GLD-04,adept,2024-04-23,
MEM-02613,WIZ-03612,GLD-08,archmage,2026-06-05,
MEM-02614,WIZ-03613,GLD-09,apprentice,2026-04-13,
MEM-02615,WIZ-03614,GLD-03,adept,2024-04-24,2026-02-18
MEM-02616,WIZ-03614,GLD-03,archmage,2026-02-18,
MEM-02617,WIZ-03616,GLD-05,Adept,2024-01-20,
MEM-02618,WIZ-03617,GLD-10,adept,2025-08-01,
MEM-02619,WIZ-03618,GLD-02,apprentice,2023-11-27,
MEM-02620,WIZ-03619,GLD-12,Apprentice,2025-12-06,
MEM-02621,WIZ-03621,GLD-02,adept,2026-04-21,
MEM-02622,WIZ-03623,GLD-11,apprentice,2026-06-13,
MEM-02623,WIZ-03625,GLD-04,apprentice,2026-04-06,2026-06-14
MEM-02624,WIZ-03625,GLD-04,adept,2026-06-14,
MEM-02625,WIZ-03626,GLD-05,adept,2025-09-10,
MEM-02626,WIZ-03628,GLD-03,adept,2024-05-11,
MEM-02627,WIZ-03630,GLD-09,apprentice,2026-06-02,
MEM-02628,WIZ-03631,GLD-08,adept,2026-05-24,
MEM-02629,WIZ-03632,GLD-12,adept,2026-01-04,
MEM-02630,WIZ-03633,GLD-09,apprentice,2026-05-08,
MEM-02631,WIZ-03635,GLD-09,Apprentice,2026-05-28,
MEM-02632,WIZ-03636,GLD-12,apprentice,2024-06-11,
MEM-02633,WIZ-03637,GLD-08,APPRENTICE,2026-04-30,
MEM-02634,WIZ-03638,GLD-05,apprentice,2026-03-03,
MEM-02635,WIZ-03639,GLD-09,archmage,2023-11-04,
MEM-02636,WIZ-03640,GLD-03,APPRENTICE,2025-01-09,
MEM-02637,WIZ-03642,GLD-11,apprentice,2026-06-24,
MEM-02638,WIZ-03643,GLD-03,apprentice,2024-11-12,
MEM-02639,WIZ-03644,GLD-07,APPRENTICE,2024-09-03,
MEM-02640,WIZ-03645,GLD-04,Apprentice,2023-06-30,
MEM-02641,WIZ-03646,GLD-03,adept,2026-05-26,
MEM-02642,WIZ-03648,GLD-02,apprentice,2024-08-21,
MEM-02643,WIZ-03649,GLD-02,Archmage,2025-05-29,
MEM-02644,WIZ-03650,GLD-07,apprentice,2025-02-23,
MEM-02645,WIZ-03651,GLD-03,adept,2024-03-09,
MEM-02646,WIZ-03652,GLD-05,adept,2026-05-15,
MEM-02647,WIZ-03653,GLD-05,apprentice,2025-05-31,
MEM-02648,WIZ-03655,GLD-10,apprentice,2026-06-11,
MEM-02649,WIZ-03656,GLD-04,Apprentice,2026-01-10,
MEM-02650,WIZ-03657,GLD-11,Adept,2024-05-18,
MEM-02651,WIZ-03659,GLD-07,Adept,2024-06-17,
MEM-02652,WIZ-03660,GLD-03,Apprentice,2024-09-16,
MEM-02653,WIZ-03662,GLD-05,apprentice,2024-12-22,
MEM-02654,WIZ-03663,GLD-04,Apprentice,2023-10-16,
MEM-02655,WIZ-03664,GLD-04,Apprentice,2025-10-07,
MEM-02656,WIZ-03665,GLD-05,adept,2023-09-08,2025-05-13
MEM-02657,WIZ-03665,GLD-05,archmage,2025-05-13,
MEM-02658,WIZ-03666,GLD-08,adept,2023-12-11,
MEM-02659,WIZ-03667,GLD-02,APPRENTICE,2024-12-07,
MEM-02660,WIZ-03668,GLD-06,ADEPT,2024-04-05,
MEM-02661,WIZ-03670,GLD-06,apprentice,2026-03-19,
MEM-02662,WIZ-03671,GLD-07,apprentice,2026-06-08,
MEM-02663,WIZ-03673,GLD-04,adept,2024-04-25,
MEM-02664,WIZ-03676,GLD-06,apprentice,2024-08-10,
MEM-02665,WIZ-03678,GLD-09,adept,2025-08-17,2026-05-13
MEM-02666,WIZ-03678,GLD-09,archmage,2026-05-13,
MEM-02667,WIZ-03679,GLD-11,ADEPT,2026-03-12,
MEM-02668,WIZ-03680,GLD-11,APPRENTICE,2026-02-23,
MEM-02669,WIZ-03681,GLD-03,ADEPT,2026-06-14,
MEM-02670,WIZ-03682,GLD-12,Adept,2024-12-23,
MEM-02671,WIZ-03685,GLD-12,apprentice,2026-04-24,2026-06-10
MEM-02672,WIZ-03685,GLD-12,adept,2026-06-10,
MEM-02673,WIZ-03687,GLD-09,adept,2023-01-29,
MEM-02674,WIZ-03688,GLD-06,Archmage,2026-06-24,
MEM-02675,WIZ-03690,GLD-10,APPRENTICE,2024-05-02,
MEM-02676,WIZ-03691,GLD-06,Apprentice,2023-07-05,
MEM-02677,WIZ-03692,GLD-02,apprentice,2025-07-28,
MEM-02678,WIZ-03693,GLD-04,Apprentice,2026-04-07,
MEM-02679,WIZ-03696,GLD-06,apprentice,2025-10-31,2026-02-07
MEM-02680,WIZ-03696,GLD-06,Adept,2026-02-07,
MEM-02681,WIZ-03697,GLD-04,APPRENTICE,2026-06-11,
MEM-02682,WIZ-03698,GLD-10,apprentice,2024-03-01,
MEM-02683,WIZ-03699,GLD-03,apprentice,2024-11-07,2025-01-10
MEM-02684,WIZ-03699,GLD-03,adept,2025-01-10,
MEM-02685,WIZ-03700,GLD-02,apprentice,2023-11-14,
MEM-02686,WIZ-03701,GLD-05,apprentice,2026-05-28,
MEM-02687,WIZ-03702,GLD-06,adept,2026-06-21,
MEM-02688,WIZ-03703,GLD-01,ADEPT,2026-02-24,
MEM-02689,WIZ-03704,GLD-10,adept,2025-04-18,
MEM-02690,WIZ-03705,GLD-06,apprentice,2025-07-12,
MEM-02691,WIZ-03706,GLD-07,Apprentice,2023-11-12,
MEM-02692,WIZ-03707,GLD-09,apprentice,2024-02-04,
MEM-02693,WIZ-03708,GLD-06,apprentice,2024-04-10,
MEM-02694,WIZ-03709,GLD-03,apprentice,2025-01-10,
MEM-02695,WIZ-03710,GLD-08,Apprentice,2026-06-30,
MEM-02696,WIZ-03711,GLD-01,adept,2023-11-19,
MEM-02697,WIZ-03712,GLD-06,Adept,2023-11-02,
MEM-02698,WIZ-03714,GLD-11,apprentice,2024-08-14,
MEM-02699,WIZ-03715,GLD-02,Apprentice,2025-12-02,
MEM-02700,WIZ-03716,GLD-03,ARCHMAGE,2023-12-06,
MEM-02701,WIZ-03717,GLD-03,adept,2026-01-23,
MEM-02702,WIZ-03718,GLD-11,Apprentice,2026-04-28,
MEM-02703,WIZ-03720,GLD-03,apprentice,2025-03-30,
MEM-02704,WIZ-03721,GLD-06,adept,2026-05-09,
MEM-02705,WIZ-03722,GLD-04,adept,2026-05-25,
MEM-02706,WIZ-03724,GLD-05,adept,2024-05-25,
MEM-02707,WIZ-03725,GLD-10,apprentice,2024-02-02,
MEM-02708,WIZ-03728,GLD-07,adept,2026-02-27,
MEM-02709,WIZ-03729,GLD-08,Apprentice,2025-09-23,
MEM-02710,WIZ-03730,GLD-05,Apprentice,2024-09-24,
MEM-02711,WIZ-03731,GLD-01,apprentice,2024-03-17,
MEM-02712,WIZ-03734,GLD-06,apprentice,2025-08-12,2026-05-14
MEM-02713,WIZ-03734,GLD-06,adept,2026-05-14,
MEM-02714,WIZ-03735,GLD-03,Apprentice,2025-10-30,
MEM-02715,WIZ-03736,GLD-12,apprentice,2024-10-30,
MEM-02716,WIZ-03738,GLD-05,Adept,2025-01-30,
MEM-02717,WIZ-03739,GLD-10,apprentice,2025-10-14,2025-12-03
MEM-02718,WIZ-03739,GLD-10,adept,2025-12-03,
MEM-02719,WIZ-03740,GLD-12,apprentice,2025-01-16,
MEM-02720,WIZ-03741,GLD-05,adept,2024-02-08,
MEM-02721,WIZ-03745,GLD-01,apprentice,2025-01-19,
MEM-02722,WIZ-03746,GLD-12,apprentice,2026-05-07,
MEM-02723,WIZ-03748,GLD-01,Adept,2026-05-10,
MEM-02724,WIZ-03750,GLD-01,Archmage,2023-06-04,
MEM-02725,WIZ-03751,GLD-01,adept,2023-07-11,
MEM-02726,WIZ-03752,GLD-06,Apprentice,2026-05-11,
MEM-02727,WIZ-03753,GLD-02,apprentice,2024-06-26,
MEM-02728,WIZ-03755,GLD-05,adept,2025-08-02,
MEM-02729,WIZ-03756,GLD-01,archmage,2024-04-16,
MEM-02730,WIZ-03757,GLD-05,apprentice,2025-10-01,2026-02-14
MEM-02731,WIZ-03757,GLD-05,ADEPT,2026-02-14,
MEM-02732,WIZ-03759,GLD-12,apprentice,2023-12-24,
MEM-02733,WIZ-03760,GLD-02,adept,2025-09-23,
MEM-02734,WIZ-03762,GLD-05,apprentice,2025-09-07,
MEM-02735,WIZ-03767,GLD-04,adept,2025-09-12,
MEM-02736,WIZ-03768,GLD-06,apprentice,2025-02-13,2025-12-08
MEM-02737,WIZ-03768,GLD-06,adept,2025-12-08,
MEM-02738,WIZ-03770,GLD-08,Apprentice,2026-03-02,
MEM-02739,WIZ-03772,GLD-12,apprentice,2025-10-20,
MEM-02740,WIZ-03773,GLD-11,adept,2023-08-09,2024-09-17
MEM-02741,WIZ-03773,GLD-11,archmage,2024-09-17,
MEM-02742,WIZ-03775,GLD-09,adept,2024-04-25,
MEM-02743,WIZ-03776,GLD-06,archmage,2024-04-18,
MEM-02744,WIZ-03777,GLD-12,Adept,2026-05-21,
MEM-02745,WIZ-03780,GLD-01,Archmage,2024-11-10,
MEM-02746,WIZ-03785,GLD-01,Apprentice,2026-01-27,
MEM-02747,WIZ-03786,GLD-02,apprentice,2026-03-31,2026-06-19
MEM-02748,WIZ-03786,GLD-02,Adept,2026-06-19,
MEM-02749,WIZ-03787,GLD-03,apprentice,2025-10-28,
MEM-02750,WIZ-03788,GLD-09,apprentice,2025-01-05,
MEM-02751,WIZ-03789,GLD-10,apprentice,2025-02-14,2025-05-10
MEM-02752,WIZ-03789,GLD-10,adept,2025-05-10,
MEM-02753,WIZ-03791,GLD-01,adept,2024-08-25,
MEM-02754,WIZ-03792,GLD-12,apprentice,2025-10-22,2026-06-02
MEM-02755,WIZ-03792,GLD-12,adept,2026-06-02,
MEM-02756,WIZ-03794,GLD-07,apprentice,2025-09-14,
MEM-02757,WIZ-03799,GLD-10,apprentice,2026-02-01,
MEM-02758,WIZ-03800,GLD-06,archmage,2025-09-27,
MEM-02759,WIZ-03801,GLD-01,APPRENTICE,2023-08-22,
MEM-02760,WIZ-03803,GLD-11,Adept,2024-01-14,
MEM-02761,WIZ-03804,GLD-03,apprentice,2025-05-07,
MEM-02762,WIZ-03806,GLD-05,apprentice,2026-06-22,
MEM-02763,WIZ-03807,GLD-03,apprentice,2025-10-04,
MEM-02764,WIZ-03809,GLD-10,apprentice,2024-04-03,
MEM-02765,WIZ-03811,GLD-03,APPRENTICE,2023-05-30,
MEM-02766,WIZ-03812,GLD-07,Apprentice,2023-03-13,
MEM-02767,WIZ-03813,GLD-02,apprentice,2026-01-27,
MEM-02768,WIZ-03814,GLD-08,apprentice,2025-04-30,
MEM-02769,WIZ-03815,GLD-04,archmage,2026-01-05,
MEM-02770,WIZ-03816,GLD-05,adept,2024-01-21,
MEM-02771,WIZ-03817,GLD-04,APPRENTICE,2026-06-23,
MEM-02772,WIZ-03818,GLD-07,apprentice,2025-06-21,2026-03-19
MEM-02773,WIZ-03818,GLD-07,adept,2026-03-19,
MEM-02774,WIZ-03819,GLD-07,apprentice,2026-06-26,
MEM-02775,WIZ-03820,GLD-01,apprentice,2024-12-10,
MEM-02776,WIZ-03823,GLD-01,Apprentice,2025-10-14,
MEM-02777,WIZ-03825,GLD-01,apprentice,2025-02-17,
MEM-02778,WIZ-03827,GLD-08,Apprentice,2025-05-03,
MEM-02779,WIZ-03830,GLD-12,adept,2024-09-01,
MEM-02780,WIZ-03831,GLD-09,apprentice,2023-11-23,
MEM-02781,WIZ-03832,GLD-11,archmage,2026-03-18,
MEM-02782,WIZ-03834,GLD-11,apprentice,2026-05-08,
MEM-02783,WIZ-03836,GLD-08,Archmage,2026-04-21,
MEM-02784,WIZ-03839,GLD-09,APPRENTICE,2024-08-28,
MEM-02785,WIZ-03840,GLD-03,Apprentice,2025-05-26,
MEM-02786,WIZ-03842,GLD-11,apprentice,2025-01-15,
MEM-02787,WIZ-03843,GLD-01,apprentice,2026-04-06,
MEM-02788,WIZ-03846,GLD-11,apprentice,2026-05-13,
MEM-02789,WIZ-03848,GLD-05,adept,2025-03-19,
MEM-02790,WIZ-03849,GLD-11,apprentice,2023-11-04,
MEM-02791,WIZ-03850,GLD-04,Archmage,2024-11-16,
MEM-02792,WIZ-03851,GLD-03,adept,2025-01-06,2025-09-22
MEM-02793,WIZ-03851,GLD-03,archmage,2025-09-22,
MEM-02794,WIZ-03852,GLD-09,adept,2025-12-16,
MEM-02795,WIZ-03853,GLD-11,apprentice,2026-02-06,2026-04-27
MEM-02796,WIZ-03853,GLD-11,adept,2026-04-27,
MEM-02797,WIZ-03854,GLD-08,apprentice,2023-06-26,2024-12-01
MEM-02798,WIZ-03854,GLD-08,adept,2024-12-01,
MEM-02799,WIZ-03855,GLD-05,apprentice,2026-06-24,
MEM-02800,WIZ-03856,GLD-08,adept,2025-07-19,
MEM-02801,WIZ-03860,GLD-07,Apprentice,2024-07-03,
MEM-02802,WIZ-03861,GLD-02,apprentice,2025-10-02,
MEM-02803,WIZ-03862,GLD-01,APPRENTICE,2024-03-24,
MEM-02804,WIZ-03863,GLD-10,apprentice,2024-09-08,
MEM-02805,WIZ-03864,GLD-09,apprentice,2024-04-01,
MEM-02806,WIZ-03865,GLD-06,apprentice,2024-06-14,2026-04-25
MEM-02807,WIZ-03865,GLD-06,Adept,2026-04-25,
MEM-02808,WIZ-03866,GLD-07,archmage,2025-11-13,
MEM-02809,WIZ-03873,GLD-11,adept,2024-12-10,
MEM-02810,WIZ-03874,GLD-08,apprentice,2024-01-09,
MEM-02811,WIZ-03875,GLD-04,archmage,2025-05-27,
MEM-02812,WIZ-03876,GLD-08,adept,2024-10-30,
MEM-02813,WIZ-03877,GLD-02,Adept,2024-12-01,
MEM-02814,WIZ-03878,GLD-09,apprentice,2024-06-02,2025-01-06
MEM-02815,WIZ-03878,GLD-09,Adept,2025-01-06,
MEM-02816,WIZ-03880,GLD-09,apprentice,2024-11-20,
MEM-02817,WIZ-03882,GLD-05,Apprentice,2023-12-14,
MEM-02818,WIZ-03883,GLD-11,adept,2025-06-20,2025-11-24
MEM-02819,WIZ-03883,GLD-11,archmage,2025-11-24,
MEM-02820,WIZ-03884,GLD-12,adept,2025-01-23,
MEM-02821,WIZ-03886,GLD-12,APPRENTICE,2024-03-25,2024-06-24
MEM-02822,WIZ-03886,GLD-12,adept,2024-06-24,
MEM-02823,WIZ-03888,GLD-01,apprentice,2023-09-20,2025-05-03
MEM-02824,WIZ-03888,GLD-01,adept,2025-05-03,
MEM-02825,WIZ-03889,GLD-05,adept,2025-05-19,
MEM-02826,WIZ-03890,GLD-11,APPRENTICE,2024-01-30,
MEM-02827,WIZ-03892,GLD-04,APPRENTICE,2024-02-18,
MEM-02828,WIZ-03893,GLD-09,Apprentice,2025-07-16,
MEM-02829,WIZ-03894,GLD-11,apprentice,2023-09-02,
MEM-02830,WIZ-03896,GLD-06,adept,2024-05-18,2026-03-09
MEM-02831,WIZ-03896,GLD-06,archmage,2026-03-09,
MEM-02832,WIZ-03897,GLD-06,apprentice,2024-09-21,
MEM-02833,WIZ-03899,GLD-08,apprentice,2025-04-17,2025-05-21
MEM-02834,WIZ-03899,GLD-08,adept,2025-05-21,
MEM-02835,WIZ-03900,GLD-07,apprentice,2026-04-10,
MEM-02836,WIZ-03901,GLD-10,apprentice,2026-03-28,
MEM-02837,WIZ-03903,GLD-07,apprentice,2026-01-30,
MEM-02838,WIZ-03904,GLD-08,apprentice,2023-09-10,
MEM-02839,WIZ-03905,GLD-08,adept,2024-08-08,
MEM-02840,WIZ-03906,GLD-01,adept,2025-12-20,
MEM-02841,WIZ-03907,GLD-01,adept,2025-12-23,
MEM-02842,WIZ-03909,GLD-04,Adept,2024-05-25,
MEM-02843,WIZ-03913,GLD-05,adept,2023-08-09,
MEM-02844,WIZ-03915,GLD-02,adept,2026-03-19,
MEM-02845,WIZ-03916,GLD-09,adept,2025-05-21,2026-04-25
MEM-02846,WIZ-03916,GLD-09,archmage,2026-04-25,
MEM-02847,WIZ-03917,GLD-07,adept,2024-01-25,
MEM-02848,WIZ-03918,GLD-02,apprentice,2026-06-14,
MEM-02849,WIZ-03919,GLD-02,adept,2026-06-13,
MEM-02850,WIZ-03921,GLD-01,apprentice,2024-10-08,
MEM-02851,WIZ-03922,GLD-12,Apprentice,2023-07-23,
MEM-02852,WIZ-03924,GLD-11,apprentice,2026-02-11,
MEM-02853,WIZ-03925,GLD-10,adept,2026-03-02,
MEM-02854,WIZ-03926,GLD-04,apprentice,2026-06-17,
MEM-02855,WIZ-03927,GLD-10,apprentice,2024-06-06,
MEM-02856,WIZ-03929,GLD-12,APPRENTICE,2023-05-02,
MEM-02857,WIZ-03930,GLD-07,adept,2024-03-30,
MEM-02858,WIZ-03934,GLD-09,apprentice,2025-03-22,
MEM-02859,WIZ-03935,GLD-07,adept,2026-04-13,
MEM-02860,WIZ-03936,GLD-11,adept,2025-02-17,
MEM-02861,WIZ-03938,GLD-12,ARCHMAGE,2024-10-29,
MEM-02862,WIZ-03941,GLD-02,ADEPT,2023-11-14,2025-05-21
MEM-02863,WIZ-03941,GLD-02,Archmage,2025-05-21,
MEM-02864,WIZ-03942,GLD-07,adept,2025-01-04,
MEM-02865,WIZ-03944,GLD-11,apprentice,2024-08-02,
MEM-02866,WIZ-03945,GLD-12,Apprentice,2024-11-30,
MEM-02867,WIZ-03946,GLD-10,ADEPT,2026-05-21,
MEM-02868,WIZ-03947,GLD-11,apprentice,2025-09-22,
MEM-02869,WIZ-03948,GLD-09,APPRENTICE,2026-01-10,2026-06-01
MEM-02870,WIZ-03948,GLD-09,adept,2026-06-01,
MEM-02871,WIZ-03949,GLD-04,Adept,2024-02-01,
MEM-02872,WIZ-03950,GLD-11,Apprentice,2024-09-14,
MEM-02873,WIZ-03951,GLD-09,apprentice,2026-06-29,
MEM-02874,WIZ-03952,GLD-01,ADEPT,2024-09-22,
MEM-02875,WIZ-03953,GLD-01,apprentice,2023-10-04,
MEM-02876,WIZ-03955,GLD-09,APPRENTICE,2025-05-31,2026-03-19
MEM-02877,WIZ-03955,GLD-09,adept,2026-03-19,
MEM-02878,WIZ-03956,GLD-01,Apprentice,2026-02-27,
MEM-02879,WIZ-03958,GLD-06,archmage,2026-05-31,
MEM-02880,WIZ-03959,GLD-12,adept,2026-01-06,
MEM-02881,WIZ-03960,GLD-03,apprentice,2025-07-12,
MEM-02882,WIZ-03961,GLD-08,Apprentice,2026-05-28,
MEM-02883,WIZ-03962,GLD-05,apprentice,2025-07-14,
MEM-02884,WIZ-03964,GLD-02,apprentice,2024-06-22,
MEM-02885,WIZ-03965,GLD-01,apprentice,2026-03-13,
MEM-02886,WIZ-03966,GLD-12,archmage,2026-06-18,
MEM-02887,WIZ-03967,GLD-05,adept,2023-09-11,
MEM-02888,WIZ-03969,GLD-12,apprentice,2025-10-16,
MEM-02889,WIZ-03970,GLD-09,apprentice,2026-02-23,
MEM-02890,WIZ-03971,GLD-10,apprentice,2024-09-24,
MEM-02891,WIZ-03972,GLD-05,ARCHMAGE,2024-08-20,
MEM-02892,WIZ-03973,GLD-08,apprentice,2026-01-17,
MEM-02893,WIZ-03974,GLD-08,adept,2024-05-05,
MEM-02894,WIZ-03975,GLD-06,adept,2025-06-16,
MEM-02895,WIZ-03977,GLD-09,apprentice,2026-03-02,
MEM-02896,WIZ-03978,GLD-10,apprentice,2025-07-21,
MEM-02897,WIZ-03979,GLD-04,ADEPT,2023-03-29,
MEM-02898,WIZ-03980,GLD-06,APPRENTICE,2025-04-16,
MEM-02899,WIZ-03982,GLD-09,adept,2025-07-31,
MEM-02900,WIZ-03983,GLD-02,apprentice,2024-04-10,
MEM-02901,WIZ-03984,GLD-02,adept,2026-03-19,
MEM-02902,WIZ-03985,GLD-07,adept,2026-01-24,
MEM-02903,WIZ-03987,GLD-06,Apprentice,2026-05-21,
MEM-02904,WIZ-03989,GLD-12,apprentice,2024-07-07,
MEM-02905,WIZ-03994,GLD-08,Adept,2025-10-01,
MEM-02906,WIZ-03995,GLD-01,apprentice,2026-03-07,
MEM-02907,WIZ-03997,GLD-01,APPRENTICE,2025-08-07,2025-09-10
MEM-02908,WIZ-03997,GLD-01,ADEPT,2025-09-10,
MEM-02909,WIZ-03999,GLD-05,apprentice,2025-08-29,2026-02-16
MEM-02910,WIZ-03999,GLD-05,adept,2026-02-16,
MEM-02911,WIZ-04001,GLD-09,adept,2024-07-11,
MEM-02912,WIZ-04002,GLD-11,Adept,2023-11-21,
MEM-02913,WIZ-04003,GLD-05,APPRENTICE,2026-01-12,
MEM-02914,WIZ-04004,GLD-09,Apprentice,2023-11-06,
MEM-02915,WIZ-04005,GLD-01,apprentice,2025-12-01,
MEM-02916,WIZ-04006,GLD-07,apprentice,2024-03-04,
MEM-02917,WIZ-04008,GLD-12,apprentice,2024-03-13,
MEM-02918,WIZ-04010,GLD-11,Apprentice,2025-11-16,
MEM-02919,WIZ-04011,GLD-08,adept,2024-12-04,2025-02-05
MEM-02920,WIZ-04011,GLD-08,archmage,2025-02-05,
MEM-02921,WIZ-04014,GLD-11,apprentice,2024-09-22,
MEM-02922,WIZ-04015,GLD-01,apprentice,2026-06-20,
MEM-02923,WIZ-04016,GLD-07,Adept,2024-07-16,
MEM-02924,WIZ-04017,GLD-10,APPRENTICE,2025-04-23,2025-08-07
MEM-02925,WIZ-04017,GLD-10,Adept,2025-08-07,
MEM-02926,WIZ-04019,GLD-05,apprentice,2025-12-16,
MEM-02927,WIZ-04020,GLD-05,adept,2026-02-14,
MEM-02928,WIZ-04021,GLD-06,apprentice,2025-01-09,
MEM-02929,WIZ-04022,GLD-04,adept,2026-06-18,
MEM-02930,WIZ-04023,GLD-07,archmage,2024-10-28,
MEM-02931,WIZ-04024,GLD-06,archmage,2025-05-03,
MEM-02932,WIZ-04026,GLD-08,apprentice,2024-07-23,
MEM-02933,WIZ-04028,GLD-05,adept,2023-12-30,
MEM-02934,WIZ-04029,GLD-12,adept,2025-04-27,
MEM-02935,WIZ-04030,GLD-12,adept,2023-12-08,2025-10-29
MEM-02936,WIZ-04030,GLD-12,archmage,2025-10-29,
MEM-02937,WIZ-04031,GLD-12,Apprentice,2024-01-15,
MEM-02938,WIZ-04032,GLD-06,Adept,2026-05-30,
MEM-02939,WIZ-04033,GLD-02,ADEPT,2026-06-09,
MEM-02940,WIZ-04034,GLD-01,adept,2025-04-10,
MEM-02941,WIZ-04035,GLD-11,adept,2025-10-04,
MEM-02942,WIZ-04036,GLD-06,adept,2025-04-01,2025-07-27
MEM-02943,WIZ-04036,GLD-06,archmage,2025-07-27,
MEM-02944,WIZ-04037,GLD-02,adept,2025-12-18,
MEM-02945,WIZ-04038,GLD-01,apprentice,2026-02-19,
MEM-02946,WIZ-04039,GLD-10,Adept,2026-05-16,
MEM-02947,WIZ-04040,GLD-03,adept,2023-11-01,
MEM-02948,WIZ-04041,GLD-08,apprentice,2023-03-09,2024-05-09
MEM-02949,WIZ-04041,GLD-08,Adept,2024-05-09,
MEM-02950,WIZ-04042,GLD-06,adept,2026-01-23,
MEM-02951,WIZ-04045,GLD-09,apprentice,2024-03-16,
MEM-02952,WIZ-04046,GLD-02,apprentice,2024-10-26,
MEM-02953,WIZ-04049,GLD-12,apprentice,2024-05-23,
MEM-02954,WIZ-04050,GLD-12,apprentice,2025-05-28,
MEM-02955,WIZ-04052,GLD-09,apprentice,2025-03-06,
MEM-02956,WIZ-04053,GLD-06,apprentice,2023-10-07,
MEM-02957,WIZ-04054,GLD-01,Apprentice,2025-04-08,2026-02-11
MEM-02958,WIZ-04054,GLD-01,adept,2026-02-11,
MEM-02959,WIZ-04055,GLD-05,adept,2025-06-19,
MEM-02960,WIZ-04056,GLD-06,apprentice,2025-06-28,
MEM-02961,WIZ-04058,GLD-11,apprentice,2026-04-01,
MEM-02962,WIZ-04059,GLD-09,adept,2025-12-23,
MEM-02963,WIZ-04063,GLD-08,apprentice,2025-09-18,
MEM-02964,WIZ-04064,GLD-09,Apprentice,2026-04-29,
MEM-02965,WIZ-04065,GLD-09,Apprentice,2026-05-09,
MEM-02966,WIZ-04066,GLD-04,apprentice,2026-02-01,
MEM-02967,WIZ-04067,GLD-10,apprentice,2024-12-09,
MEM-02968,WIZ-04068,GLD-11,apprentice,2023-09-08,
MEM-02969,WIZ-04069,GLD-07,Apprentice,2025-09-20,2026-01-12
MEM-02970,WIZ-04069,GLD-07,adept,2026-01-12,
MEM-02971,WIZ-04072,GLD-02,apprentice,2024-12-17,
MEM-02972,WIZ-04073,GLD-12,apprentice,2024-01-27,
MEM-02973,WIZ-04074,GLD-09,apprentice,2023-12-14,
MEM-02974,WIZ-04075,GLD-06,apprentice,2025-06-03,
MEM-02975,WIZ-04076,GLD-02,adept,2026-06-29,
MEM-02976,WIZ-04077,GLD-04,adept,2025-04-28,2026-04-30
MEM-02977,WIZ-04077,GLD-04,archmage,2026-04-30,
MEM-02978,WIZ-04078,GLD-02,adept,2024-04-16,
MEM-02979,WIZ-04079,GLD-05,Apprentice,2024-12-20,
MEM-02980,WIZ-04080,GLD-04,Archmage,2026-06-09,
MEM-02981,WIZ-04081,GLD-03,Apprentice,2026-03-24,
MEM-02982,WIZ-04083,GLD-12,apprentice,2026-03-26,
MEM-02983,WIZ-04084,GLD-07,Apprentice,2026-04-11,
MEM-02984,WIZ-04087,GLD-02,apprentice,2025-06-22,2026-05-03
MEM-02985,WIZ-04087,GLD-02,ADEPT,2026-05-03,
MEM-02986,WIZ-04088,GLD-11,apprentice,2026-04-15,2026-05-15
MEM-02987,WIZ-04088,GLD-11,adept,2026-05-15,
MEM-02988,WIZ-04092,GLD-05,adept,2026-06-20,
MEM-02989,WIZ-04093,GLD-03,Apprentice,2026-03-14,
MEM-02990,WIZ-04094,GLD-12,APPRENTICE,2026-05-26,
MEM-02991,WIZ-04096,GLD-06,adept,2026-04-09,
MEM-02992,WIZ-04098,GLD-08,Adept,2025-08-21,2026-01-23
MEM-02993,WIZ-04098,GLD-08,Archmage,2026-01-23,
MEM-02994,WIZ-04099,GLD-01,apprentice,2024-07-14,
MEM-02995,WIZ-04102,GLD-09,Apprentice,2026-05-21,
MEM-02996,WIZ-04104,GLD-04,adept,2024-05-03,
MEM-02997,WIZ-04108,GLD-06,archmage,2025-01-14,
MEM-02998,WIZ-04109,GLD-08,Apprentice,2026-02-20,
MEM-02999,WIZ-04110,GLD-09,adept,2025-10-29,2026-05-22
MEM-03000,WIZ-04110,GLD-09,archmage,2026-05-22,
MEM-03001,WIZ-04111,GLD-04,adept,2026-06-05,
MEM-03002,WIZ-04112,GLD-03,apprentice,2025-12-25,
MEM-03003,WIZ-04116,GLD-11,APPRENTICE,2026-01-25,
MEM-03004,WIZ-04118,GLD-07,Apprentice,2024-10-13,2026-02-16
MEM-03005,WIZ-04118,GLD-07,adept,2026-02-16,
MEM-03006,WIZ-04119,GLD-08,apprentice,2024-09-28,
MEM-03007,WIZ-04123,GLD-08,apprentice,2025-02-06,
MEM-03008,WIZ-04125,GLD-12,adept,2024-11-29,2026-05-25
MEM-03009,WIZ-04125,GLD-12,archmage,2026-05-25,
MEM-03010,WIZ-04129,GLD-05,apprentice,2023-03-16,
MEM-03011,WIZ-04130,GLD-03,archmage,2023-08-14,
MEM-03012,WIZ-04134,GLD-07,apprentice,2026-06-29,
MEM-03013,WIZ-04135,GLD-01,apprentice,2025-11-14,
MEM-03014,WIZ-04136,GLD-04,apprentice,2024-10-17,
MEM-03015,WIZ-04137,GLD-06,apprentice,2026-04-27,
MEM-03016,WIZ-04140,GLD-05,Apprentice,2026-05-22,
MEM-03017,WIZ-04141,GLD-12,ADEPT,2026-02-08,
MEM-03018,WIZ-04142,GLD-05,apprentice,2023-08-04,
MEM-03019,WIZ-04145,GLD-11,adept,2025-09-05,
MEM-03020,WIZ-04146,GLD-12,Adept,2026-04-18,
MEM-03021,WIZ-04147,GLD-06,Adept,2024-04-28,
MEM-03022,WIZ-04148,GLD-11,archmage,2026-01-27,
MEM-03023,WIZ-04149,GLD-09,Apprentice,2026-05-31,
MEM-03024,WIZ-04150,GLD-11,ADEPT,2026-04-20,
MEM-03025,WIZ-04151,GLD-09,APPRENTICE,2026-06-19,
MEM-03026,WIZ-04154,GLD-04,archmage,2026-05-14,
MEM-03027,WIZ-04156,GLD-09,adept,2025-05-07,
MEM-03028,WIZ-04157,GLD-08,apprentice,2025-08-31,
MEM-03029,WIZ-04158,GLD-03,Apprentice,2025-09-17,
MEM-03030,WIZ-04159,GLD-02,apprentice,2026-06-21,
MEM-03031,WIZ-04161,GLD-05,apprentice,2024-07-01,
MEM-03032,WIZ-04162,GLD-09,apprentice,2023-11-08,
MEM-03033,WIZ-04163,GLD-03,adept,2026-05-27,
MEM-03034,WIZ-04164,GLD-01,apprentice,2025-07-16,
MEM-03035,WIZ-04165,GLD-07,adept,2026-04-26,2026-05-30
MEM-03036,WIZ-04165,GLD-07,ARCHMAGE,2026-05-30,
MEM-03037,WIZ-04166,GLD-09,Apprentice,2024-03-09,
MEM-03038,WIZ-04167,GLD-04,adept,2026-06-13,
MEM-03039,WIZ-04169,GLD-03,Apprentice,2024-08-31,
MEM-03040,WIZ-04170,GLD-07,adept,2026-01-01,2026-04-08
MEM-03041,WIZ-04170,GLD-07,Archmage,2026-04-08,
MEM-03042,WIZ-04171,GLD-01,apprentice,2023-03-11,
MEM-03043,WIZ-04172,GLD-08,adept,2026-05-09,
MEM-03044,WIZ-04173,GLD-04,Archmage,2026-06-09,
MEM-03045,WIZ-04174,GLD-08,apprentice,2023-08-09,
MEM-03046,WIZ-04175,GLD-01,ADEPT,2026-06-13,
MEM-03047,WIZ-04176,GLD-12,adept,2024-07-24,
MEM-03048,WIZ-04178,GLD-03,APPRENTICE,2024-05-20,
MEM-03049,WIZ-04179,GLD-02,apprentice,2026-06-08,
MEM-03050,WIZ-04180,GLD-04,apprentice,2025-11-28,
MEM-03051,WIZ-04182,GLD-12,Apprentice,2024-02-18,
MEM-03052,WIZ-04184,GLD-03,adept,2024-04-08,
MEM-03053,WIZ-04185,GLD-09,Archmage,2026-03-26,
MEM-03054,WIZ-04187,GLD-05,archmage,2025-07-01,
MEM-03055,WIZ-04189,GLD-11,apprentice,2025-06-07,
MEM-03056,WIZ-04190,GLD-12,Apprentice,2026-06-02,
MEM-03057,WIZ-04192,GLD-03,apprentice,2023-09-23,
MEM-03058,WIZ-04193,GLD-06,archmage,2023-09-05,
MEM-03059,WIZ-04194,GLD-11,apprentice,2025-02-12,
MEM-03060,WIZ-04196,GLD-05,Apprentice,2024-02-24,
MEM-03061,WIZ-04197,GLD-09,apprentice,2024-06-15,
MEM-03062,WIZ-04198,GLD-05,Adept,2026-01-03,
MEM-03063,WIZ-04199,GLD-07,apprentice,2025-08-29,2026-03-01
MEM-03064,WIZ-04199,GLD-07,adept,2026-03-01,
MEM-03065,WIZ-04201,GLD-04,apprentice,2026-04-04,
MEM-03066,WIZ-04204,GLD-02,apprentice,2025-06-11,
MEM-03067,WIZ-04205,GLD-11,apprentice,2024-01-05,
MEM-03068,WIZ-04207,GLD-05,Archmage,2026-03-15,
MEM-03069,WIZ-04209,GLD-03,apprentice,2024-12-02,
MEM-03070,WIZ-04211,GLD-12,apprentice,2024-05-24,
MEM-03071,WIZ-04214,GLD-10,apprentice,2024-10-05,
MEM-03072,WIZ-04215,GLD-09,apprentice,2024-10-17,
MEM-03073,WIZ-04216,GLD-01,ARCHMAGE,2026-06-18,
MEM-03074,WIZ-04217,GLD-01,apprentice,2025-03-15,2025-08-03
MEM-03075,WIZ-04217,GLD-01,adept,2025-08-03,
MEM-03076,WIZ-04218,GLD-10,Adept,2026-04-10,
MEM-03077,WIZ-04220,GLD-08,apprentice,2023-03-28,
MEM-03078,WIZ-04221,GLD-02,apprentice,2023-12-11,
MEM-03079,WIZ-04222,GLD-08,apprentice,2026-03-25,
MEM-03080,WIZ-04223,GLD-09,apprentice,2026-06-13,
MEM-03081,WIZ-04224,GLD-02,apprentice,2024-12-15,2026-03-08
MEM-03082,WIZ-04224,GLD-02,adept,2026-03-08,
MEM-03083,WIZ-04225,GLD-11,archmage,2025-12-27,
MEM-03084,WIZ-04226,GLD-02,APPRENTICE,2025-02-25,
MEM-03085,WIZ-04227,GLD-12,apprentice,2023-12-06,
MEM-03086,WIZ-04228,GLD-02,adept,2023-08-06,
MEM-03087,WIZ-04231,GLD-11,APPRENTICE,2025-02-01,
MEM-03088,WIZ-04232,GLD-04,adept,2026-04-28,
MEM-03089,WIZ-04233,GLD-11,APPRENTICE,2024-06-12,2024-11-21
MEM-03090,WIZ-04233,GLD-11,adept,2024-11-21,
MEM-03091,WIZ-04235,GLD-11,Adept,2024-01-30,2024-09-30
MEM-03092,WIZ-04235,GLD-11,ARCHMAGE,2024-09-30,
MEM-03093,WIZ-04237,GLD-03,apprentice,2024-01-23,
MEM-03094,WIZ-04238,GLD-02,Adept,2024-05-07,
MEM-03095,WIZ-04239,GLD-05,adept,2024-06-19,
MEM-03096,WIZ-04240,GLD-03,Apprentice,2026-01-07,
MEM-03097,WIZ-04242,GLD-11,apprentice,2024-09-24,
MEM-03098,WIZ-04245,GLD-02,apprentice,2024-01-22,
MEM-03099,WIZ-04246,GLD-04,apprentice,2026-05-13,
MEM-03100,WIZ-04247,GLD-07,Apprentice,2025-10-30,
MEM-03101,WIZ-04248,GLD-11,adept,2024-05-16,
MEM-03102,WIZ-04250,GLD-07,apprentice,2025-08-28,
MEM-03103,WIZ-04251,GLD-04,archmage,2026-06-08,
MEM-03104,WIZ-04255,GLD-08,adept,2025-08-29,
MEM-03105,WIZ-04257,GLD-09,Apprentice,2024-12-26,
MEM-03106,WIZ-04259,GLD-11,apprentice,2025-04-10,2025-06-27
MEM-03107,WIZ-04259,GLD-11,adept,2025-06-27,
MEM-03108,WIZ-04262,GLD-09,apprentice,2024-11-05,
MEM-03109,WIZ-04263,GLD-04,adept,2026-04-05,
MEM-03110,WIZ-04264,GLD-11,apprentice,2023-12-19,
MEM-03111,WIZ-04265,GLD-05,Apprentice,2026-06-07,
MEM-03112,WIZ-04267,GLD-03,apprentice,2025-06-20,
MEM-03113,WIZ-04268,GLD-11,adept,2023-12-24,
MEM-03114,WIZ-04270,GLD-05,Apprentice,2026-04-22,
MEM-03115,WIZ-04271,GLD-03,apprentice,2025-11-07,
MEM-03116,WIZ-04273,GLD-07,apprentice,2025-10-10,
MEM-03117,WIZ-04274,GLD-06,apprentice,2023-12-27,
MEM-03118,WIZ-04276,GLD-11,adept,2023-04-15,
MEM-03119,WIZ-04277,GLD-07,adept,2025-06-08,
MEM-03120,WIZ-04278,GLD-05,APPRENTICE,2025-10-31,
MEM-03121,WIZ-04280,GLD-05,archmage,2024-11-06,
MEM-03122,WIZ-04281,GLD-10,adept,2024-09-27,
MEM-03123,WIZ-04284,GLD-04,apprentice,2025-05-10,
MEM-03124,WIZ-04286,GLD-02,ADEPT,2024-04-14,
MEM-03125,WIZ-04287,GLD-10,apprentice,2024-08-20,
MEM-03126,WIZ-04289,GLD-12,apprentice,2024-03-18,
MEM-03127,WIZ-04291,GLD-12,Adept,2025-12-23,
MEM-03128,WIZ-04292,GLD-03,APPRENTICE,2024-04-23,2025-02-12
MEM-03129,WIZ-04292,GLD-03,adept,2025-02-12,
MEM-03130,WIZ-04295,GLD-05,Adept,2024-05-20,
MEM-03131,WIZ-04296,GLD-04,apprentice,2025-08-27,
MEM-03132,WIZ-04297,GLD-04,adept,2026-06-07,
MEM-03133,WIZ-04299,GLD-10,Adept,2024-06-25,
MEM-03134,WIZ-04301,GLD-09,apprentice,2024-07-01,2025-08-28
MEM-03135,WIZ-04301,GLD-09,ADEPT,2025-08-28,
MEM-03136,WIZ-04303,GLD-02,APPRENTICE,2025-06-21,
MEM-03137,WIZ-04304,GLD-11,APPRENTICE,2025-01-30,
MEM-03138,WIZ-04306,GLD-11,Apprentice,2025-09-10,
MEM-03139,WIZ-04309,GLD-08,adept,2024-08-31,
MEM-03140,WIZ-04310,GLD-06,adept,2023-10-20,
MEM-03141,WIZ-04311,GLD-02,ADEPT,2026-01-11,
MEM-03142,WIZ-04312,GLD-04,apprentice,2025-08-29,
MEM-03143,WIZ-04314,GLD-01,APPRENTICE,2025-06-12,
MEM-03144,WIZ-04317,GLD-03,apprentice,2024-11-27,
MEM-03145,WIZ-04319,GLD-07,apprentice,2025-02-03,
MEM-03146,WIZ-04320,GLD-05,Apprentice,2026-01-24,
MEM-03147,WIZ-04323,GLD-01,apprentice,2025-11-13,
MEM-03148,WIZ-04324,GLD-11,Adept,2026-02-03,2026-05-11
MEM-03149,WIZ-04324,GLD-11,archmage,2026-05-11,
MEM-03150,WIZ-04325,GLD-01,ADEPT,2026-06-10,
MEM-03151,WIZ-04327,GLD-03,APPRENTICE,2024-04-28,
MEM-03152,WIZ-04329,GLD-01,apprentice,2023-08-07,2024-08-01
MEM-03153,WIZ-04329,GLD-01,adept,2024-08-01,
MEM-03154,WIZ-04330,GLD-07,apprentice,2025-01-29,
MEM-03155,WIZ-04333,GLD-01,Apprentice,2025-07-27,
MEM-03156,WIZ-04335,GLD-03,apprentice,2026-04-23,
MEM-03157,WIZ-04336,GLD-03,Apprentice,2026-05-13,
MEM-03158,WIZ-04337,GLD-10,Apprentice,2026-03-10,2026-05-13
MEM-03159,WIZ-04337,GLD-10,adept,2026-05-13,
MEM-03160,WIZ-04339,GLD-11,Adept,2025-11-18,
MEM-03161,WIZ-04341,GLD-09,adept,2025-07-21,
MEM-03162,WIZ-04343,GLD-10,APPRENTICE,2026-01-05,
MEM-03163,WIZ-04344,GLD-04,apprentice,2025-08-14,
MEM-03164,WIZ-04345,GLD-09,apprentice,2026-02-27,2026-06-05
MEM-03165,WIZ-04345,GLD-09,adept,2026-06-05,
MEM-03166,WIZ-04346,GLD-01,adept,2026-03-19,
MEM-03167,WIZ-04348,GLD-05,Apprentice,2026-03-04,
MEM-03168,WIZ-04350,GLD-08,apprentice,2025-04-20,
MEM-03169,WIZ-04351,GLD-05,apprentice,2025-01-10,
MEM-03170,WIZ-04352,GLD-06,Apprentice,2023-06-05,
MEM-03171,WIZ-04353,GLD-07,Adept,2023-10-29,2024-06-02
MEM-03172,WIZ-04353,GLD-07,archmage,2024-06-02,
MEM-03173,WIZ-04354,GLD-11,adept,2024-05-15,
MEM-03174,WIZ-04355,GLD-11,Apprentice,2026-06-26,
MEM-03175,WIZ-04356,GLD-05,apprentice,2025-08-06,
MEM-03176,WIZ-04357,GLD-03,APPRENTICE,2024-01-06,
MEM-03177,WIZ-04358,GLD-07,apprentice,2026-04-12,
MEM-03178,WIZ-04360,GLD-01,apprentice,2026-06-12,
MEM-03179,WIZ-04361,GLD-02,Adept,2024-11-08,
MEM-03180,WIZ-04362,GLD-11,Apprentice,2025-09-07,
MEM-03181,WIZ-04363,GLD-03,apprentice,2026-03-11,
MEM-03182,WIZ-04365,GLD-08,archmage,2026-06-14,
MEM-03183,WIZ-04366,GLD-08,archmage,2026-06-29,
MEM-03184,WIZ-04367,GLD-03,apprentice,2026-05-12,
MEM-03185,WIZ-04369,GLD-03,apprentice,2025-11-28,
MEM-03186,WIZ-04370,GLD-01,apprentice,2024-03-21,
MEM-03187,WIZ-04371,GLD-03,ARCHMAGE,2026-05-18,
MEM-03188,WIZ-04372,GLD-09,archmage,2026-06-02,
MEM-03189,WIZ-04373,GLD-05,apprentice,2025-08-24,
MEM-03190,WIZ-04374,GLD-06,Archmage,2025-08-15,
MEM-03191,WIZ-04376,GLD-05,Adept,2025-10-09,
MEM-03192,WIZ-04377,GLD-04,apprentice,2025-05-21,
MEM-03193,WIZ-04379,GLD-11,APPRENTICE,2026-02-25,
MEM-03194,WIZ-04382,GLD-09,apprentice,2025-06-07,
MEM-03195,WIZ-04383,GLD-08,ADEPT,2024-10-10,
MEM-03196,WIZ-04384,GLD-05,apprentice,2026-06-20,
MEM-03197,WIZ-04388,GLD-01,apprentice,2024-01-16,
MEM-03198,WIZ-04389,GLD-03,archmage,2025-12-17,
MEM-03199,WIZ-04390,GLD-05,APPRENTICE,2024-06-26,2024-09-04
MEM-03200,WIZ-04390,GLD-05,adept,2024-09-04,
MEM-03201,WIZ-04391,GLD-08,apprentice,2026-06-29,
MEM-03202,WIZ-04392,GLD-05,apprentice,2024-09-07,
MEM-03203,WIZ-04393,GLD-10,Adept,2025-05-19,2026-06-14
MEM-03204,WIZ-04393,GLD-10,archmage,2026-06-14,
MEM-03205,WIZ-04395,GLD-06,apprentice,2024-12-05,
MEM-03206,WIZ-04399,GLD-04,archmage,2024-07-22,
MEM-03207,WIZ-04400,GLD-02,Apprentice,2024-11-25,
MEM-03208,WIZ-04401,GLD-12,apprentice,2024-01-09,
MEM-03209,WIZ-04402,GLD-11,Adept,2026-01-18,
MEM-03210,WIZ-04404,GLD-08,adept,2026-06-07,
MEM-03211,WIZ-04405,GLD-02,Adept,2023-12-03,
MEM-03212,WIZ-04406,GLD-02,apprentice,2026-06-27,
MEM-03213,WIZ-04407,GLD-11,adept,2026-02-17,
MEM-03214,WIZ-04409,GLD-12,adept,2025-07-17,
MEM-03215,WIZ-04410,GLD-05,adept,2026-01-31,
MEM-03216,WIZ-04411,GLD-11,apprentice,2025-02-26,
MEM-03217,WIZ-04412,GLD-08,Apprentice,2023-07-16,
MEM-03218,WIZ-04418,GLD-07,Adept,2023-05-24,
MEM-03219,WIZ-04419,GLD-08,ARCHMAGE,2025-02-21,
MEM-03220,WIZ-04420,GLD-10,adept,2026-06-02,
MEM-03221,WIZ-04421,GLD-05,Apprentice,2026-01-11,
MEM-03222,WIZ-04422,GLD-09,Adept,2024-06-25,
MEM-03223,WIZ-04425,GLD-09,apprentice,2025-09-13,
MEM-03224,WIZ-04426,GLD-03,APPRENTICE,2026-05-29,
MEM-03225,WIZ-04427,GLD-09,Adept,2026-05-11,
MEM-03226,WIZ-04428,GLD-12,apprentice,2023-09-08,2024-04-24
MEM-03227,WIZ-04428,GLD-12,adept,2024-04-24,
MEM-03228,WIZ-04429,GLD-05,apprentice,2026-03-19,
MEM-03229,WIZ-04430,GLD-08,Apprentice,2024-12-15,
MEM-03230,WIZ-04431,GLD-03,apprentice,2025-03-09,
MEM-03231,WIZ-04432,GLD-08,apprentice,2025-03-19,2025-09-17
MEM-03232,WIZ-04432,GLD-08,adept,2025-09-17,
MEM-03233,WIZ-04434,GLD-06,adept,2025-05-22,
MEM-03234,WIZ-04435,GLD-11,archmage,2026-05-15,
MEM-03235,WIZ-04436,GLD-09,adept,2024-12-28,
MEM-03236,WIZ-04438,GLD-11,archmage,2026-06-13,
MEM-03237,WIZ-04442,GLD-09,apprentice,2025-08-19,
MEM-03238,WIZ-04445,GLD-01,apprentice,2026-06-05,
MEM-03239,WIZ-04446,GLD-08,apprentice,2024-06-12,
MEM-03240,WIZ-04447,GLD-01,apprentice,2025-10-24,2026-06-03
MEM-03241,WIZ-04447,GLD-01,ADEPT,2026-06-03,
MEM-03242,WIZ-04448,GLD-11,archmage,2024-07-14,
MEM-03243,WIZ-04449,GLD-04,ADEPT,2026-03-04,
MEM-03244,WIZ-04450,GLD-04,adept,2025-01-26,
MEM-03245,WIZ-04451,GLD-06,Apprentice,2026-03-21,
MEM-03246,WIZ-04452,GLD-12,apprentice,2024-11-05,
MEM-03247,WIZ-04453,GLD-06,Archmage,2026-06-24,
MEM-03248,WIZ-04454,GLD-05,apprentice,2026-02-08,
MEM-03249,WIZ-04455,GLD-01,apprentice,2025-04-30,
MEM-03250,WIZ-04456,GLD-11,archmage,2026-02-14,
MEM-03251,WIZ-04457,GLD-02,apprentice,2025-11-03,
MEM-03252,WIZ-04458,GLD-04,apprentice,2024-10-08,
MEM-03253,WIZ-04460,GLD-01,Apprentice,2023-11-26,2023-12-29
MEM-03254,WIZ-04460,GLD-01,adept,2023-12-29,
MEM-03255,WIZ-04461,GLD-12,Adept,2025-11-28,
MEM-03256,WIZ-04462,GLD-02,apprentice,2026-01-29,2026-05-04
MEM-03257,WIZ-04462,GLD-02,adept,2026-05-04,
MEM-03258,WIZ-04463,GLD-05,Apprentice,2025-02-27,
MEM-03259,WIZ-04464,GLD-10,apprentice,2024-09-18,
MEM-03260,WIZ-04465,GLD-03,apprentice,2026-01-01,
MEM-03261,WIZ-04466,GLD-03,apprentice,2025-10-07,
MEM-03262,WIZ-04467,GLD-01,adept,2026-06-04,
MEM-03263,WIZ-04468,GLD-05,apprentice,2025-09-23,
MEM-03264,WIZ-04469,GLD-04,adept,2025-05-19,
MEM-03265,WIZ-04470,GLD-06,apprentice,2025-02-19,
MEM-03266,WIZ-04472,GLD-05,apprentice,2024-08-22,
MEM-03267,WIZ-04474,GLD-12,apprentice,2025-04-19,
MEM-03268,WIZ-04476,GLD-03,apprentice,2026-02-18,
MEM-03269,WIZ-04477,GLD-03,Adept,2023-10-16,
MEM-03270,WIZ-04478,GLD-06,apprentice,2023-06-17,
MEM-03271,WIZ-04479,GLD-07,Apprentice,2025-09-03,
MEM-03272,WIZ-04481,GLD-05,apprentice,2024-06-13,
MEM-03273,WIZ-04483,GLD-07,adept,2026-05-31,
MEM-03274,WIZ-04484,GLD-01,apprentice,2023-11-24,
MEM-03275,WIZ-04485,GLD-07,apprentice,2024-02-18,
MEM-03276,WIZ-04486,GLD-09,APPRENTICE,2026-04-06,
MEM-03277,WIZ-04488,GLD-01,apprentice,2026-01-08,
MEM-03278,WIZ-04489,GLD-03,Apprentice,2025-08-23,
MEM-03279,WIZ-04490,GLD-06,Apprentice,2025-09-05,2025-11-30
MEM-03280,WIZ-04490,GLD-06,ADEPT,2025-11-30,
MEM-03281,WIZ-04491,GLD-02,apprentice,2023-05-18,
MEM-03282,WIZ-04492,GLD-07,apprentice,2024-07-07,
MEM-03283,WIZ-04496,GLD-12,apprentice,2026-02-27,
MEM-03284,WIZ-04498,GLD-03,apprentice,2025-05-31,
MEM-03285,WIZ-04499,GLD-06,adept,2023-12-14,
MEM-03286,WIZ-04500,GLD-02,apprentice,2024-11-29,
MEM-03287,WIZ-04501,GLD-05,apprentice,2023-07-10,
MEM-03288,WIZ-04504,GLD-11,apprentice,2024-09-19,
MEM-03289,WIZ-04507,GLD-09,archmage,2026-02-01,
MEM-03290,WIZ-04510,GLD-02,apprentice,2025-12-11,
MEM-03291,WIZ-04511,GLD-06,Archmage,2026-03-09,
MEM-03292,WIZ-04512,GLD-10,apprentice,2025-12-09,
MEM-03293,WIZ-04513,GLD-01,Apprentice,2025-04-01,
MEM-03294,WIZ-04516,GLD-03,Apprentice,2026-04-27,
MEM-03295,WIZ-04517,GLD-11,apprentice,2025-03-10,
MEM-03296,WIZ-04520,GLD-07,adept,2025-07-11,
MEM-03297,WIZ-04521,GLD-12,apprentice,2024-04-27,
MEM-03298,WIZ-04522,GLD-12,adept,2026-04-20,
MEM-03299,WIZ-04523,GLD-10,apprentice,2025-08-01,
MEM-03300,WIZ-04525,GLD-03,apprentice,2026-03-25,
MEM-03301,WIZ-04526,GLD-05,apprentice,2025-08-17,
MEM-03302,WIZ-04527,GLD-11,Apprentice,2025-03-22,
MEM-03303,WIZ-04531,GLD-10,adept,2024-02-12,
MEM-03304,WIZ-04532,GLD-04,adept,2026-03-30,
MEM-03305,WIZ-04533,GLD-01,Apprentice,2025-03-20,
MEM-03306,WIZ-04534,GLD-10,Apprentice,2023-07-30,2023-08-30
MEM-03307,WIZ-04534,GLD-10,adept,2023-08-30,
MEM-03308,WIZ-04536,GLD-04,adept,2023-10-01,
MEM-03309,WIZ-04537,GLD-01,Apprentice,2026-06-17,
MEM-03310,WIZ-04538,GLD-04,apprentice,2025-10-22,
MEM-03311,WIZ-04541,GLD-06,apprentice,2024-10-14,
MEM-03312,WIZ-04542,GLD-04,Apprentice,2023-09-27,
MEM-03313,WIZ-04543,GLD-10,adept,2025-10-10,
MEM-03314,WIZ-04544,GLD-12,archmage,2026-05-21,
MEM-03315,WIZ-04545,GLD-10,apprentice,2024-10-03,2025-01-06
MEM-03316,WIZ-04545,GLD-10,adept,2025-01-06,
MEM-03317,WIZ-04546,GLD-09,apprentice,2023-12-01,
MEM-03318,WIZ-04547,GLD-12,apprentice,2025-04-25,
MEM-03319,WIZ-04549,GLD-12,archmage,2025-07-29,
MEM-03320,WIZ-04550,GLD-05,apprentice,2026-05-21,
MEM-03321,WIZ-04552,GLD-12,APPRENTICE,2023-04-19,
MEM-03322,WIZ-04553,GLD-12,apprentice,2024-01-17,
MEM-03323,WIZ-04554,GLD-02,apprentice,2026-03-17,
MEM-03324,WIZ-04555,GLD-08,adept,2025-01-09,
MEM-03325,WIZ-04556,GLD-07,adept,2023-11-20,2025-04-18
MEM-03326,WIZ-04556,GLD-07,archmage,2025-04-18,
MEM-03327,WIZ-04557,GLD-09,apprentice,2026-06-28,
MEM-03328,WIZ-04558,GLD-04,adept,2026-01-25,
MEM-03329,WIZ-04559,GLD-05,apprentice,2024-04-07,
MEM-03330,WIZ-04560,GLD-05,apprentice,2023-12-12,
MEM-03331,WIZ-04562,GLD-12,adept,2025-04-13,
MEM-03332,WIZ-04563,GLD-02,Archmage,2023-12-08,
MEM-03333,WIZ-04565,GLD-04,Adept,2024-06-26,
MEM-03334,WIZ-04566,GLD-10,adept,2024-10-04,
MEM-03335,WIZ-04568,GLD-04,apprentice,2024-08-15,
MEM-03336,WIZ-04569,GLD-04,adept,2025-11-26,
MEM-03337,WIZ-04570,GLD-10,adept,2026-01-03,
MEM-03338,WIZ-04571,GLD-10,adept,2026-01-18,
MEM-03339,WIZ-04573,GLD-02,apprentice,2026-03-09,2026-05-28
MEM-03340,WIZ-04573,GLD-02,ADEPT,2026-05-28,
MEM-03341,WIZ-04574,GLD-03,apprentice,2025-04-03,
MEM-03342,WIZ-04575,GLD-06,apprentice,2026-04-15,
MEM-03343,WIZ-04579,GLD-11,adept,2024-12-05,
MEM-03344,WIZ-04581,GLD-11,Adept,2025-09-21,
MEM-03345,WIZ-04582,GLD-09,adept,2024-11-20,
MEM-03346,WIZ-04586,GLD-12,apprentice,2024-05-13,
MEM-03347,WIZ-04587,GLD-07,Apprentice,2024-05-03,
MEM-03348,WIZ-04588,GLD-03,apprentice,2024-07-26,
MEM-03349,WIZ-04591,GLD-05,apprentice,2026-05-20,
MEM-03350,WIZ-04592,GLD-08,apprentice,2025-01-30,
MEM-03351,WIZ-04594,GLD-08,Adept,2023-12-02,
MEM-03352,WIZ-04596,GLD-10,apprentice,2023-12-15,
MEM-03353,WIZ-04597,GLD-07,archmage,2023-12-28,
MEM-03354,WIZ-04598,GLD-02,adept,2026-03-01,
MEM-03355,WIZ-04599,GLD-04,adept,2026-03-05,
MEM-03356,WIZ-04600,GLD-03,archmage,2026-02-18,
MEM-03357,WIZ-04602,GLD-03,apprentice,2024-12-10,
MEM-03358,WIZ-04603,GLD-02,apprentice,2024-07-14,
MEM-03359,WIZ-04604,GLD-07,apprentice,2026-02-10,
MEM-03360,WIZ-04605,GLD-03,apprentice,2025-02-02,
MEM-03361,WIZ-04606,GLD-01,APPRENTICE,2026-02-08,
MEM-03362,WIZ-04607,GLD-09,archmage,2023-08-29,
MEM-03363,WIZ-04609,GLD-07,Adept,2023-12-24,
MEM-03364,WIZ-04610,GLD-03,apprentice,2026-06-20,
MEM-03365,WIZ-04615,GLD-06,adept,2026-03-09,
MEM-03366,WIZ-04617,GLD-10,apprentice,2026-06-26,
MEM-03367,WIZ-04619,GLD-03,adept,2025-12-22,
MEM-03368,WIZ-04620,GLD-01,apprentice,2025-06-12,
MEM-03369,WIZ-04621,GLD-12,apprentice,2024-05-16,
MEM-03370,WIZ-04622,GLD-09,apprentice,2026-04-22,
MEM-03371,WIZ-04623,GLD-11,apprentice,2026-05-10,
MEM-03372,WIZ-04624,GLD-12,apprentice,2024-03-03,
MEM-03373,WIZ-04625,GLD-09,Apprentice,2025-05-13,2026-01-21
MEM-03374,WIZ-04625,GLD-09,Adept,2026-01-21,
MEM-03375,WIZ-04627,GLD-09,apprentice,2025-11-16,2026-01-13
MEM-03376,WIZ-04627,GLD-09,adept,2026-01-13,
MEM-03377,WIZ-04628,GLD-09,apprentice,2025-03-22,
MEM-03378,WIZ-04630,GLD-11,apprentice,2025-05-30,
MEM-03379,WIZ-04633,GLD-06,archmage,2025-02-12,
MEM-03380,WIZ-04635,GLD-06,apprentice,2025-10-08,
MEM-03381,WIZ-04638,GLD-02,apprentice,2025-04-27,
MEM-03382,WIZ-04639,GLD-04,apprentice,2025-05-02,
MEM-03383,WIZ-04640,GLD-01,adept,2026-05-15,
MEM-03384,WIZ-04642,GLD-05,apprentice,2023-10-13,
MEM-03385,WIZ-04644,GLD-07,Apprentice,2025-12-26,
MEM-03386,WIZ-04647,GLD-09,apprentice,2025-01-17,
MEM-03387,WIZ-04648,GLD-06,Apprentice,2023-12-20,
MEM-03388,WIZ-04649,GLD-04,apprentice,2025-02-12,
MEM-03389,WIZ-04650,GLD-07,apprentice,2023-09-21,
MEM-03390,WIZ-04651,GLD-06,apprentice,2025-10-08,
MEM-03391,WIZ-04655,GLD-07,ADEPT,2025-12-18,
MEM-03392,WIZ-04656,GLD-02,apprentice,2024-11-18,
MEM-03393,WIZ-04659,GLD-02,adept,2025-12-02,2026-01-08
MEM-03394,WIZ-04659,GLD-02,ARCHMAGE,2026-01-08,
MEM-03395,WIZ-04661,GLD-06,apprentice,2024-10-25,
MEM-03396,WIZ-04662,GLD-08,apprentice,2023-08-04,
MEM-03397,WIZ-04663,GLD-05,apprentice,2025-07-12,
MEM-03398,WIZ-04664,GLD-03,apprentice,2026-05-30,
MEM-03399,WIZ-04667,GLD-08,apprentice,2024-10-29,
MEM-03400,WIZ-04668,GLD-09,apprentice,2024-04-10,
MEM-03401,WIZ-04669,GLD-12,adept,2025-09-04,2026-04-01
MEM-03402,WIZ-04669,GLD-12,Archmage,2026-04-01,
MEM-03403,WIZ-04671,GLD-05,APPRENTICE,2025-12-24,
MEM-03404,WIZ-04672,GLD-09,APPRENTICE,2026-04-23,
MEM-03405,WIZ-04673,GLD-04,apprentice,2026-05-17,
MEM-03406,WIZ-04674,GLD-02,Apprentice,2025-11-27,
MEM-03407,WIZ-04676,GLD-09,adept,2024-09-08,
MEM-03408,WIZ-04678,GLD-03,archmage,2024-03-07,
MEM-03409,WIZ-04680,GLD-09,apprentice,2025-06-18,
MEM-03410,WIZ-04681,GLD-08,apprentice,2026-06-20,
MEM-03411,WIZ-04683,GLD-03,adept,2026-04-26,
MEM-03412,WIZ-04686,GLD-09,apprentice,2025-03-02,2025-05-13
MEM-03413,WIZ-04686,GLD-09,adept,2025-05-13,
MEM-03414,WIZ-04687,GLD-07,Apprentice,2026-06-11,
MEM-03415,WIZ-04688,GLD-01,adept,2025-10-06,
MEM-03416,WIZ-04691,GLD-03,Apprentice,2026-06-26,
MEM-03417,WIZ-04693,GLD-02,apprentice,2025-06-29,
MEM-03418,WIZ-04695,GLD-08,apprentice,2024-08-21,
MEM-03419,WIZ-04697,GLD-05,adept,2025-01-01,
MEM-03420,WIZ-04698,GLD-10,apprentice,2024-08-13,
MEM-03421,WIZ-04699,GLD-01,apprentice,2026-06-05,
MEM-03422,WIZ-04702,GLD-02,apprentice,2025-10-29,
MEM-03423,WIZ-04704,GLD-02,apprentice,2025-02-07,2026-01-12
MEM-03424,WIZ-04704,GLD-02,Adept,2026-01-12,
MEM-03425,WIZ-04705,GLD-05,adept,2023-10-06,
MEM-03426,WIZ-04706,GLD-07,apprentice,2024-05-15,
MEM-03427,WIZ-04709,GLD-11,adept,2024-07-20,
MEM-03428,WIZ-04711,GLD-05,apprentice,2026-05-04,
MEM-03429,WIZ-04712,GLD-07,apprentice,2024-04-01,
MEM-03430,WIZ-04716,GLD-06,adept,2025-02-24,
MEM-03431,WIZ-04717,GLD-09,Apprentice,2026-06-14,
MEM-03432,WIZ-04718,GLD-06,adept,2026-02-20,2026-04-03
MEM-03433,WIZ-04718,GLD-06,archmage,2026-04-03,
MEM-03434,WIZ-04720,GLD-01,apprentice,2024-06-12,2025-01-27
MEM-03435,WIZ-04720,GLD-01,adept,2025-01-27,
MEM-03436,WIZ-04721,GLD-03,apprentice,2025-03-04,2025-07-26
MEM-03437,WIZ-04721,GLD-03,Adept,2025-07-26,
MEM-03438,WIZ-04723,GLD-08,apprentice,2025-05-10,
MEM-03439,WIZ-04728,GLD-04,adept,2024-12-06,
MEM-03440,WIZ-04730,GLD-07,apprentice,2026-05-25,
MEM-03441,WIZ-04731,GLD-07,apprentice,2025-10-04,
MEM-03442,WIZ-04733,GLD-01,apprentice,2025-02-08,
MEM-03443,WIZ-04734,GLD-05,Apprentice,2024-07-28,2025-01-29
MEM-03444,WIZ-04734,GLD-05,Adept,2025-01-29,
MEM-03445,WIZ-04736,GLD-11,apprentice,2025-07-22,
MEM-03446,WIZ-04737,GLD-03,archmage,2026-05-10,
MEM-03447,WIZ-04738,GLD-05,apprentice,2024-02-05,
MEM-03448,WIZ-04739,GLD-04,apprentice,2024-12-10,2026-01-08
MEM-03449,WIZ-04739,GLD-04,ADEPT,2026-01-08,
MEM-03450,WIZ-04742,GLD-02,apprentice,2024-09-07,
MEM-03451,WIZ-04745,GLD-06,apprentice,2024-03-03,2024-12-01
MEM-03452,WIZ-04745,GLD-06,Adept,2024-12-01,
MEM-03453,WIZ-04746,GLD-12,Apprentice,2025-10-28,
MEM-03454,WIZ-04748,GLD-10,apprentice,2023-11-16,
MEM-03455,WIZ-04750,GLD-08,ADEPT,2024-08-23,
MEM-03456,WIZ-04751,GLD-01,Apprentice,2026-03-09,
MEM-03457,WIZ-04753,GLD-06,adept,2025-06-25,
MEM-03458,WIZ-04754,GLD-11,apprentice,2025-10-28,
MEM-03459,WIZ-04758,GLD-10,apprentice,2024-04-16,2025-03-28
MEM-03460,WIZ-04758,GLD-10,adept,2025-03-28,
MEM-03461,WIZ-04759,GLD-05,adept,2026-05-10,
MEM-03462,WIZ-04762,GLD-08,apprentice,2026-01-15,
MEM-03463,WIZ-04763,GLD-05,apprentice,2025-09-10,
MEM-03464,WIZ-04764,GLD-03,adept,2026-04-06,2026-05-06
MEM-03465,WIZ-04764,GLD-03,archmage,2026-05-06,
MEM-03466,WIZ-04767,GLD-06,apprentice,2025-09-22,2026-06-12
MEM-03467,WIZ-04767,GLD-06,adept,2026-06-12,
MEM-03468,WIZ-04768,GLD-07,Adept,2026-06-23,
MEM-03469,WIZ-04770,GLD-02,Archmage,2026-03-12,
MEM-03470,WIZ-04771,GLD-10,apprentice,2024-11-25,
MEM-03471,WIZ-04775,GLD-06,adept,2025-02-05,
MEM-03472,WIZ-04780,GLD-01,apprentice,2026-02-19,2026-06-04
MEM-03473,WIZ-04780,GLD-01,adept,2026-06-04,
MEM-03474,WIZ-04781,GLD-04,apprentice,2024-07-07,
MEM-03475,WIZ-04782,GLD-07,Archmage,2024-10-11,
MEM-03476,WIZ-04783,GLD-06,apprentice,2026-05-06,
MEM-03477,WIZ-04784,GLD-01,archmage,2025-03-05,
MEM-03478,WIZ-04786,GLD-12,adept,2024-01-22,
MEM-03479,WIZ-04787,GLD-08,adept,2023-12-27,2025-07-30
MEM-03480,WIZ-04787,GLD-08,Archmage,2025-07-30,
MEM-03481,WIZ-04789,GLD-02,adept,2025-07-21,
MEM-03482,WIZ-04790,GLD-07,Adept,2025-03-03,
MEM-03483,WIZ-04791,GLD-09,archmage,2026-06-29,
MEM-03484,WIZ-04792,GLD-07,apprentice,2026-05-11,
MEM-03485,WIZ-04794,GLD-12,adept,2026-01-28,2026-03-09
MEM-03486,WIZ-04794,GLD-12,Archmage,2026-03-09,
MEM-03487,WIZ-04795,GLD-02,ADEPT,2024-08-25,2024-10-15
MEM-03488,WIZ-04795,GLD-02,ARCHMAGE,2024-10-15,
MEM-03489,WIZ-04796,GLD-05,Apprentice,2024-11-14,
MEM-03490,WIZ-04797,GLD-10,adept,2023-09-07,
MEM-03491,WIZ-04799,GLD-09,adept,2024-05-08,
MEM-03492,WIZ-04801,GLD-09,APPRENTICE,2024-11-08,
MEM-03493,WIZ-04802,GLD-04,adept,2025-06-11,
MEM-03494,WIZ-04804,GLD-10,apprentice,2025-06-01,
MEM-03495,WIZ-04805,GLD-01,apprentice,2024-09-18,
MEM-03496,WIZ-04806,GLD-08,adept,2025-12-21,
MEM-03497,WIZ-04807,GLD-11,apprentice,2024-05-07,
MEM-03498,WIZ-04809,GLD-05,apprentice,2023-08-16,
MEM-03499,WIZ-04811,GLD-04,APPRENTICE,2024-11-30,
MEM-03500,WIZ-04813,GLD-03,adept,2024-11-14,
MEM-03501,WIZ-04814,GLD-04,apprentice,2025-11-18,
MEM-03502,WIZ-04815,GLD-09,adept,2023-05-30,2023-12-10
MEM-03503,WIZ-04815,GLD-09,archmage,2023-12-10,
MEM-03504,WIZ-04816,GLD-02,apprentice,2026-04-25,
MEM-03505,WIZ-04821,GLD-06,APPRENTICE,2026-04-16,
MEM-03506,WIZ-04823,GLD-11,apprentice,2025-11-26,
MEM-03507,WIZ-04825,GLD-08,apprentice,2026-04-29,
MEM-03508,WIZ-04827,GLD-09,apprentice,2025-03-09,
MEM-03509,WIZ-04828,GLD-06,adept,2023-12-29,
MEM-03510,WIZ-04830,GLD-09,apprentice,2024-05-10,
MEM-03511,WIZ-04831,GLD-04,APPRENTICE,2024-03-07,
MEM-03512,WIZ-04832,GLD-12,Apprentice,2023-09-13,
MEM-03513,WIZ-04833,GLD-11,adept,2026-06-08,
MEM-03514,WIZ-04834,GLD-03,Adept,2026-06-03,
MEM-03515,WIZ-04836,GLD-06,adept,2026-06-06,
MEM-03516,WIZ-04838,GLD-02,APPRENTICE,2026-04-03,2026-05-06
MEM-03517,WIZ-04838,GLD-02,adept,2026-05-06,
MEM-03518,WIZ-04839,GLD-11,apprentice,2025-07-03,
MEM-03519,WIZ-04841,GLD-03,adept,2026-04-09,
MEM-03520,WIZ-04842,GLD-05,adept,2024-09-25,
MEM-03521,WIZ-04843,GLD-03,adept,2023-02-26,
MEM-03522,WIZ-04845,GLD-11,Apprentice,2024-08-22,2025-04-06
MEM-03523,WIZ-04845,GLD-11,adept,2025-04-06,
MEM-03524,WIZ-04846,GLD-09,adept,2026-03-22,
MEM-03525,WIZ-04849,GLD-02,apprentice,2024-11-04,
MEM-03526,WIZ-04850,GLD-11,Apprentice,2026-04-02,
MEM-03527,WIZ-04851,GLD-07,apprentice,2026-05-02,
MEM-03528,WIZ-04852,GLD-09,apprentice,2026-06-08,
MEM-03529,WIZ-04853,GLD-02,apprentice,2024-04-12,
MEM-03530,WIZ-04854,GLD-04,apprentice,2026-05-08,
MEM-03531,WIZ-04855,GLD-07,apprentice,2023-06-19,
MEM-03532,WIZ-04856,GLD-07,Apprentice,2025-02-12,2026-02-27
MEM-03533,WIZ-04856,GLD-07,adept,2026-02-27,
MEM-03534,WIZ-04858,GLD-05,adept,2023-05-10,
MEM-03535,WIZ-04860,GLD-06,Adept,2025-01-28,
MEM-03536,WIZ-04861,GLD-01,adept,2024-06-05,
MEM-03537,WIZ-04862,GLD-08,apprentice,2026-06-23,
MEM-03538,WIZ-04863,GLD-02,apprentice,2026-04-09,
MEM-03539,WIZ-04865,GLD-01,apprentice,2024-06-23,
MEM-03540,WIZ-04866,GLD-01,apprentice,2024-02-16,
MEM-03541,WIZ-04867,GLD-05,apprentice,2026-06-18,
MEM-03542,WIZ-04868,GLD-04,APPRENTICE,2023-12-18,2025-06-19
MEM-03543,WIZ-04868,GLD-04,ADEPT,2025-06-19,
MEM-03544,WIZ-04871,GLD-09,apprentice,2023-10-03,
MEM-03545,WIZ-04872,GLD-10,apprentice,2026-03-22,
MEM-03546,WIZ-04873,GLD-10,adept,2025-05-22,
MEM-03547,WIZ-04874,GLD-04,apprentice,2025-04-12,
MEM-03548,WIZ-04879,GLD-06,apprentice,2026-01-25,
MEM-03549,WIZ-04881,GLD-03,apprentice,2024-03-04,2025-08-17
MEM-03550,WIZ-04881,GLD-03,adept,2025-08-17,
MEM-03551,WIZ-04882,GLD-03,apprentice,2023-11-10,
MEM-03552,WIZ-04886,GLD-11,apprentice,2026-01-11,
MEM-03553,WIZ-04887,GLD-04,apprentice,2024-10-01,2026-05-30
MEM-03554,WIZ-04887,GLD-04,adept,2026-05-30,
MEM-03555,WIZ-04888,GLD-05,apprentice,2026-04-16,
MEM-03556,WIZ-04889,GLD-05,adept,2025-07-19,
MEM-03557,WIZ-04890,GLD-04,apprentice,2023-12-28,2025-07-03
MEM-03558,WIZ-04890,GLD-04,adept,2025-07-03,
MEM-03559,WIZ-04891,GLD-10,apprentice,2024-04-09,
MEM-03560,WIZ-04892,GLD-06,adept,2024-05-01,
MEM-03561,WIZ-04894,GLD-10,archmage,2024-05-21,
MEM-03562,WIZ-04895,GLD-04,Apprentice,2026-05-26,
MEM-03563,WIZ-04896,GLD-04,adept,2025-01-09,
MEM-03564,WIZ-04898,GLD-02,apprentice,2026-03-02,
MEM-03565,WIZ-04899,GLD-03,Apprentice,2026-05-31,
MEM-03566,WIZ-04900,GLD-06,adept,2026-03-04,
MEM-03567,WIZ-04901,GLD-02,ARCHMAGE,2025-10-10,
MEM-03568,WIZ-04903,GLD-11,APPRENTICE,2024-10-31,
MEM-03569,WIZ-04906,GLD-03,adept,2025-07-11,
MEM-03570,WIZ-04907,GLD-04,archmage,2023-09-28,
MEM-03571,WIZ-04909,GLD-04,archmage,2024-01-19,
MEM-03572,WIZ-04912,GLD-06,adept,2025-01-14,
MEM-03573,WIZ-04913,GLD-07,APPRENTICE,2023-02-10,
MEM-03574,WIZ-04915,GLD-12,Adept,2024-08-18,
MEM-03575,WIZ-04916,GLD-11,adept,2024-03-23,
MEM-03576,WIZ-04917,GLD-06,adept,2026-05-13,
MEM-03577,WIZ-04920,GLD-03,Apprentice,2025-08-07,
MEM-03578,WIZ-04921,GLD-11,Apprentice,2024-02-27,
MEM-03579,WIZ-04923,GLD-02,adept,2023-11-19,
MEM-03580,WIZ-04926,GLD-12,adept,2026-04-29,
MEM-03581,WIZ-04927,GLD-05,adept,2024-01-08,
MEM-03582,WIZ-04928,GLD-05,apprentice,2025-06-15,
MEM-03583,WIZ-04929,GLD-04,ADEPT,2025-09-25,
MEM-03584,WIZ-04930,GLD-11,apprentice,2026-03-12,
MEM-03585,WIZ-04931,GLD-05,apprentice,2026-06-19,
MEM-03586,WIZ-04932,GLD-06,apprentice,2026-03-14,
MEM-03587,WIZ-04934,GLD-03,archmage,2025-02-27,
MEM-03588,WIZ-04935,GLD-02,apprentice,2026-05-25,
MEM-03589,WIZ-04937,GLD-08,apprentice,2025-07-19,
MEM-03590,WIZ-04939,GLD-12,APPRENTICE,2024-12-01,
MEM-03591,WIZ-04940,GLD-07,adept,2024-11-01,
MEM-03592,WIZ-04941,GLD-10,Apprentice,2024-12-17,2025-07-01
MEM-03593,WIZ-04941,GLD-10,ADEPT,2025-07-01,
MEM-03594,WIZ-04942,GLD-07,apprentice,2024-12-26,
MEM-03595,WIZ-04943,GLD-11,archmage,2026-06-28,
MEM-03596,WIZ-04947,GLD-11,apprentice,2025-11-11,
MEM-03597,WIZ-04948,GLD-10,apprentice,2025-10-18,
MEM-03598,WIZ-04949,GLD-03,Adept,2026-06-29,
MEM-03599,WIZ-04950,GLD-07,apprentice,2024-01-09,
MEM-03600,WIZ-04953,GLD-11,apprentice,2026-03-13,
MEM-03601,WIZ-04954,GLD-01,apprentice,2025-05-16,
MEM-03602,WIZ-04956,GLD-04,apprentice,2025-06-03,
MEM-03603,WIZ-04958,GLD-12,apprentice,2026-05-05,
MEM-03604,WIZ-04959,GLD-08,adept,2025-10-06,
MEM-03605,WIZ-04960,GLD-09,apprentice,2024-09-04,2025-08-28
MEM-03606,WIZ-04960,GLD-09,adept,2025-08-28,
MEM-03607,WIZ-04961,GLD-08,Apprentice,2025-12-22,
MEM-03608,WIZ-04962,GLD-10,apprentice,2026-03-03,
MEM-03609,WIZ-04963,GLD-10,apprentice,2023-10-06,
MEM-03610,WIZ-04964,GLD-12,Apprentice,2024-02-20,
MEM-03611,WIZ-04967,GLD-08,apprentice,2025-01-11,
MEM-03612,WIZ-04969,GLD-12,adept,2023-12-16,
MEM-03613,WIZ-04970,GLD-07,adept,2026-06-07,
MEM-03614,WIZ-04971,GLD-01,apprentice,2025-09-21,
MEM-03615,WIZ-04975,GLD-11,Apprentice,2025-08-05,2026-05-16
MEM-03616,WIZ-04975,GLD-11,adept,2026-05-16,
MEM-03617,WIZ-04976,GLD-01,adept,2025-05-19,
MEM-03618,WIZ-04977,GLD-08,archmage,2025-12-07,
MEM-03619,WIZ-04978,GLD-03,apprentice,2023-05-28,
MEM-03620,WIZ-04979,GLD-06,apprentice,2025-02-03,
MEM-03621,WIZ-04980,GLD-04,apprentice,2025-04-07,
MEM-03622,WIZ-04981,GLD-12,adept,2026-06-05,
MEM-03623,WIZ-04982,GLD-02,apprentice,2024-01-25,
MEM-03624,WIZ-04983,GLD-04,adept,2026-01-16,
MEM-03625,WIZ-04985,GLD-12,archmage,2024-04-24,
MEM-03626,WIZ-04986,GLD-06,adept,2025-02-05,
MEM-03627,WIZ-04987,GLD-01,archmage,2026-06-29,
MEM-03628,WIZ-04988,GLD-10,apprentice,2025-09-06,
MEM-03629,WIZ-04989,GLD-03,Apprentice,2025-06-30,2026-04-26
MEM-03630,WIZ-04989,GLD-03,ADEPT,2026-04-26,
MEM-03631,WIZ-04991,GLD-01,APPRENTICE,2023-07-12,
MEM-03632,WIZ-04992,GLD-12,archmage,2026-05-14,
MEM-03633,WIZ-04994,GLD-04,apprentice,2026-04-18,
MEM-03634,WIZ-04996,GLD-07,Apprentice,2026-04-17,
MEM-03635,WIZ-04998,GLD-03,Apprentice,2026-06-13,
MEM-03636,WIZ-04999,GLD-12,Apprentice,2024-08-21,
