customer_id,full_name,email,home_region,signed_up_at,birth_year,favored_discipline
WIZ-00001,Zephyrine Gorsebush,zephyrine.gorsebush179@ravenpost.net,Crystal Vale,2023-11-03,1956,Enchantment
WIZ-00002,Grizelda Ravenscroft,grizelda.ravenscroft228@owlmail.co,NR,2023-03-05,1972,ENCHANTMENT
WIZ-00003,Maribel Duskwater,maribel.duskwater67@owlmail.co,CV,2024-09-15,1901,HEALING
WIZ-00004,Vesper Ashgrove,vesper.ashgrove947@moonmail.net,Ember Coast,2024-04-17,1948,Healing
WIZ-00005,Wendeline Winterbourne,wendeline.winterbourne905@owlmail.co,nr,2025-04-08,1916,Enchantment
WIZ-00006,Juniper Everbright,juniper.everbright430@owlmail.co,Silverwood,2023-10-14,1916,ENCHANTMENT
WIZ-00007,Bramble Wyrmwood,bramble.wyrmwood801@grimoire.org,ec,2025-07-03,1926,Transmutation
WIZ-00008,Oleander Mossheart,oleander.mossheart484@moonmail.net,ec,2023-10-15,1914,Divination
WIZ-00009,Rowan Ironquill,rowan.ironquill971@owlmail.co,silverwood,2024-08-27,1934,ALCHEMY
WIZ-00010,Lyra Stormbottle,lyra.stormbottle715@crystalball.io,CV,2023-11-22,1974,ALCHEMY
WIZ-00011,Corvin Copperkettle,corvin.copperkettle180@grimoire.org,NR,2025-11-17,1962,Divination
WIZ-00012,Vesper Netherfield,vesper.netherfield182@crystalball.io,NR,2023-05-14,1975,Divination
WIZ-00013,Xanthe Wandwright,xanthe.wandwright345@crystalball.io,ember coast,2024-02-10,1978,Transmutation
WIZ-00014,Umbra Stormbottle,umbra.stormbottle952@moonmail.net,ML,2026-01-27,1960,Illusion
WIZ-00015,Seraphine Ravenscroft,seraphine.ravenscroft972@moonmail.net,ember coast,2023-01-02,1957,Healing
WIZ-00016,Petra Mossheart,petra.mossheart145@crystalball.io,ML,2024-10-15,1925,Divination
WIZ-00017,Vesper Crowfeather,vesper.crowfeather70@crystalball.io,NR,2023-08-03,1885,Healing
WIZ-00018,Kestrel Zellandine,kestrel.zellandine385@ravenpost.net,The Marshlands,2025-07-23,1958,Enchantment
WIZ-00019,Caspian Wandwright,caspian.wandwright327@crystalball.io,CV,2024-08-04,1906,Transmutation
WIZ-00020,Fenwick Tanglewood,fenwick.tanglewood722@ravenpost.net,ec,2026-03-21,1962,Transmutation
WIZ-00021,Nimbus Copperkettle,nimbus.copperkettle748@moonmail.net,NR,2026-01-19,1915,Healing
WIZ-00022,Fiora Foxglove,fiora.foxglove302@moonmail.net,EC,2023-01-04,1911,Divination
WIZ-00023,Edric Ashgrove,edric.ashgrove917@crystalball.io,nr,2024-02-12,1908,Alchemy
WIZ-00024,Caspian Moonbrook,caspian.moonbrook858@crystalball.io,SW,2024-04-21,1974,Enchantment
WIZ-00025,Ignatius Zellandine,ignatius.zellandine63@grimoire.org,ML,2026-02-24,1953,Enchantment
WIZ-00026,Peregrine Everbright,peregrine.everbright732@ravenpost.net,ember coast,2024-02-09,1987,Herbalism
WIZ-00027,Hawthorne Crowfeather,hawthorne.crowfeather828@owlmail.co,NR,2023-06-21,1972,Transmutation
WIZ-00028,Jasper Mistlethorn,jasper.mistlethorn570@grimoire.org,Silverwood,2023-03-10,1951,TRANSMUTATION
WIZ-00029,Petra Larkspur,petra.larkspur154@owlmail.co,sw,2025-09-03,2005,HEALING
WIZ-00030,Grizelda Owlsworth,grizelda.owlsworth271@grimoire.org,sw,2025-06-18,1945,Healing
WIZ-00031,Petra Mistlethorn,petra.mistlethorn911@crystalball.io,SW,2025-08-16,1945,Alchemy
WIZ-00032,Thaddeus Quickbramble,thaddeus.quickbramble702@ravenpost.net,CV,2024-05-18,1923,Enchantment
WIZ-00033,Rowan Zellandine,rowan.zellandine217@grimoire.org,The Marshlands,2024-09-30,1996,Alchemy
WIZ-00034,Kestrel Wandwright,kestrel.wandwright800@moonmail.net,CV,2024-06-02,1909,Illusion
WIZ-00035,Cassia Dimbleby,cassia.dimbleby281@crystalball.io,ml,2024-01-05,1966,Healing
WIZ-00036,Fiora Mistlethorn,fiora.mistlethorn359@crystalball.io,Northern Reaches,2025-10-29,1980,Illusion
WIZ-00037,Yarrow Cinderfell,yarrow.cinderfell663@owlmail.co,SW,2023-08-08,1937,Herbalism
WIZ-00038,Alaric Everbright,alaric.everbright821@ravenpost.net,nr,2026-04-24,2005,Alchemy
WIZ-00039,Rowan Barrowmere,rowan.barrowmere224@grimoire.org,ec,2025-06-23,1964,Transmutation
WIZ-00040,Xanthe Jackdaw,xanthe.jackdaw701@ravenpost.net,EC,2026-03-16,1920,Enchantment
WIZ-00041,Thaddeus Copperkettle,thaddeus.copperkettle825@moonmail.net,EC,2023-09-04,1902,Enchantment
WIZ-00042,Seraphine Duskwater,seraphine.duskwater37@moonmail.net,sw,2025-08-19,1909,Alchemy
WIZ-00043,Ignatius Everbright,ignatius.everbright308@owlmail.co,The Marshlands,2026-05-19,1908,Alchemy
WIZ-00044,Quilla Jackdaw,quilla.jackdaw922@crystalball.io,SW,2025-01-04,1913,Enchantment
WIZ-00045,Vesper Vexley,vesper.vexley121@grimoire.org,nr,2023-10-29,1959,Herbalism
WIZ-00046,Gideon Ashgrove,gideon.ashgrove424@ravenpost.net,CV,2025-07-26,1910,Alchemy
WIZ-00047,Delphine Foxglove,delphine.foxglove500@crystalball.io,SW,2023-07-04,1966,Healing
WIZ-00048,Kestrel Kilnworth,kestrel.kilnworth799@ravenpost.net,NR,2025-11-14,1939,Transmutation
WIZ-00049,Alaric Moonbrook,alaric.moonbrook914@crystalball.io,ml,2025-07-18,1887,Enchantment
WIZ-00050,Oswin Umberfall,oswin.umberfall603@crystalball.io,Northern Reaches,2023-04-16,1923,Alchemy
WIZ-00051,Hesper Tanglewood,hesper.tanglewood351@grimoire.org,EC,2026-06-04,2006,Illusion
WIZ-00052,Isolde Winterbourne,isolde.winterbourne127@crystalball.io,The Marshlands,2026-02-24,1933,Enchantment
WIZ-00053,Dorian Mistlethorn,dorian.mistlethorn857@ravenpost.net,NR,2026-05-09,1941,Transmutation
WIZ-00054,Jasper Winterbourne,,EC,2026-04-07,1951,Alchemy
WIZ-00055,Ambrose Nightbloom,ambrose.nightbloom117@ravenpost.net,ec,2026-03-25,1984,Alchemy
WIZ-00056,Wendeline Zellandine,wendeline.zellandine933@owlmail.co,sw,2023-02-10,1915,Healing
WIZ-00057,Hawthorne Kilnworth,hawthorne.kilnworth799@moonmail.net,Northern Reaches,2024-11-30,2000,Alchemy
WIZ-00058,Seraphine Duskwater,seraphine.duskwater896@ravenpost.net,ML,2024-10-11,1971,Alchemy
WIZ-00059,Cassia Thistledown,cassia.thistledown337@crystalball.io,crystal vale,2026-05-11,1919,Enchantment
WIZ-00060,Lyra Ashgrove,lyra.ashgrove395@grimoire.org,ml,2025-10-11,1987,Divination
WIZ-00061,Dorian Hollowbranch,dorian.hollowbranch695@grimoire.org,NR,2024-05-09,1930,Herbalism
WIZ-00062,Isolde Everbright,isolde.everbright452@ravenpost.net,nr,2024-10-24,1886,Enchantment
WIZ-00063,Corvin Kilnworth,corvin.kilnworth705@moonmail.net,nr,2023-12-13,1916,Transmutation
WIZ-00064,Yarrow Foxglove,yarrow.foxglove628@ravenpost.net,northern reaches,2026-01-23,1949,Illusion
WIZ-00065,Kestrel Wandwright,kestrel.wandwright994@crystalball.io,NR,2025-05-25,1967,Transmutation
WIZ-00066,Delphine Crowfeather,delphine.crowfeather511@grimoire.org,ember coast,2025-10-02,1980,Enchantment
WIZ-00067,Cassia Jackdaw,cassia.jackdaw987@moonmail.net,Silverwood,2024-10-02,1956,Divination
WIZ-00068,Vesper Vexley,vesper.vexley340@moonmail.net,ml,2025-02-14,1976,Enchantment
WIZ-00069,Grizelda Mossheart,grizelda.mossheart988@crystalball.io,SW,2023-12-30,1898,Healing
WIZ-00070,Ambrose Nightbloom,ambrose.nightbloom953@grimoire.org,Northern Reaches,2023-07-20,1909,Enchantment
WIZ-00071,Cassia Larkspur,cassia.larkspur604@moonmail.net,nr,2024-04-06,1952,Enchantment
WIZ-00072,Maribel Everbright,maribel.everbright178@owlmail.co,nr,2024-12-29,1962,Alchemy
WIZ-00073,Oleander Fernwhistle,oleander.fernwhistle464@owlmail.co,nr,2023-12-18,1998,Enchantment
WIZ-00074,Juniper Saltmarsh,juniper.saltmarsh206@owlmail.co,SW,2026-01-18,1929,Enchantment
WIZ-00075,Lyra Gorsebush,lyra.gorsebush119@crystalball.io,sw,2026-04-14,2005,Enchantment
WIZ-00076,Ignatius Owlsworth,ignatius.owlsworth536@ravenpost.net,NR,2025-09-06,1970,Healing
WIZ-00077,Kestrel Owlsworth,kestrel.owlsworth708@crystalball.io,nr,2024-11-27,1930,Illusion
WIZ-00078,Juniper Mossheart,juniper.mossheart524@crystalball.io,SW,2026-01-26,1933,Transmutation
WIZ-00079,Umbra Jackdaw,umbra.jackdaw890@grimoire.org,the marshlands,2023-09-15,1975,Enchantment
WIZ-00080,Ignatius Mistlethorn,ignatius.mistlethorn182@ravenpost.net,NR,2023-07-18,1950,Healing
WIZ-00081,Juniper Duskwater,,ember coast,2023-09-19,1890,DIVINATION
WIZ-00082,Petra Quickbramble,petra.quickbramble75@crystalball.io,silverwood,2026-02-07,1951,Healing
WIZ-00083,Ignatius Ironquill,ignatius.ironquill219@crystalball.io,EC,2025-06-23,2006,Illusion
WIZ-00084,Juniper Thistledown,juniper.thistledown927@moonmail.net,CV,2023-12-21,1890,Enchantment
WIZ-00085,Hawthorne Wyrmwood,hawthorne.wyrmwood530@crystalball.io,sw,2023-10-17,1947,Healing
WIZ-00086,Umbra Gorsebush,umbra.gorsebush980@moonmail.net,sw,2023-04-09,1911,Enchantment
WIZ-00087,Belladonna Nightbloom,belladonna.nightbloom963@ravenpost.net,ML,2024-03-21,1943,Enchantment
WIZ-00088,Dorian Stormbottle,dorian.stormbottle842@owlmail.co,CV,2026-01-23,1942,Enchantment
WIZ-00089,Yarrow Ashgrove,yarrow.ashgrove65@moonmail.net,Northern Reaches,2026-04-18,1930,Herbalism
WIZ-00090,Thaddeus Mistlethorn,thaddeus.mistlethorn842@ravenpost.net,ec,2024-03-24,1902,Enchantment
WIZ-00091,Ignatius Owlsworth,ignatius.owlsworth909@crystalball.io,CV,2024-11-25,1996,Herbalism
WIZ-00092,Corvin Mistlethorn,corvin.mistlethorn767@crystalball.io,northern reaches,2023-03-29,1993,Herbalism
WIZ-00093,Petra Duskwater,petra.duskwater581@ravenpost.net,the marshlands,2023-07-05,1955,Transmutation
WIZ-00094,Elowen Duskwater,elowen.duskwater366@owlmail.co,SW,2024-05-13,1921,Herbalism
WIZ-00095,Fiora Crowfeather,fiora.crowfeather157@moonmail.net,Silverwood,2023-11-10,2007,Transmutation
WIZ-00096,Oswin Barrowmere,oswin.barrowmere751@crystalball.io,cv,2024-01-04,1930,Illusion
WIZ-00097,Lyra Mistlethorn,lyra.mistlethorn144@moonmail.net,Northern Reaches,2023-10-15,1965,Healing
WIZ-00098,Gideon Emberwhisk,gideon.emberwhisk605@owlmail.co,cv,2026-02-13,1954,Herbalism
WIZ-00099,Xanthe Yewbarrow,xanthe.yewbarrow514@moonmail.net,NR,2023-10-25,1886,Enchantment
WIZ-00100,Petra Hollowbranch,petra.hollowbranch184@moonmail.net,cv,2024-11-21,1903,Enchantment
WIZ-00101,Cassia Mossheart,cassia.mossheart379@owlmail.co,NR,2025-02-23,2001,Illusion
WIZ-00102,Delphine Moonbrook,delphine.moonbrook992@moonmail.net,SW,2023-11-28,1979,Alchemy
WIZ-00103,Yarrow Wyrmwood,yarrow.wyrmwood386@owlmail.co,SW,2023-03-21,1996,Alchemy
WIZ-00104,Oleander Thistledown,oleander.thistledown236@ravenpost.net,SW,2024-11-20,1904,Divination
WIZ-00105,Hawthorne Mossheart,hawthorne.mossheart494@grimoire.org,ec,2025-06-04,1967,Illusion
WIZ-00106,Isolde Kilnworth,isolde.kilnworth41@moonmail.net,NR,2024-11-15,2003,Divination
WIZ-00107,Corvin Emberwhisk,corvin.emberwhisk970@ravenpost.net,nr,2026-05-09,1945,Illusion
WIZ-00108,Ambrose Mistlethorn,ambrose.mistlethorn524@crystalball.io,nr,2023-07-06,2003,Transmutation
WIZ-00109,Yarrow Wyrmwood,yarrow.wyrmwood881@moonmail.net,Silverwood,2023-01-17,1962,Healing
WIZ-00110,Oleander Moonbrook,oleander.moonbrook121@ravenpost.net,EC,2025-12-27,1962,Herbalism
WIZ-00111,Belladonna Hazelrigg,belladonna.hazelrigg440@owlmail.co,cv,2024-08-14,1983,Transmutation
WIZ-00112,Corvin Nightbloom,corvin.nightbloom239@ravenpost.net,Ember Coast,2025-03-18,1937,Alchemy
WIZ-00113,Alaric Kilnworth,,sw,2025-12-15,1925,Transmutation
WIZ-00114,Maribel Duskwater,maribel.duskwater627@crystalball.io,CV,2024-03-09,1911,Transmutation
WIZ-00115,Lyra Vexley,lyra.vexley315@moonmail.net,Ember Coast,2025-11-08,1979,Divination
WIZ-00116,Oswin Crowfeather,oswin.crowfeather521@grimoire.org,The Marshlands,2024-12-13,1963,Enchantment
WIZ-00117,Yarrow Thistledown,yarrow.thistledown615@grimoire.org,NR,2024-11-26,1932,Healing
WIZ-00118,Zephyrine Netherfield,zephyrine.netherfield612@ravenpost.net,Crystal Vale,2025-04-20,1966,Transmutation
WIZ-00119,Hesper Owlsworth,hesper.owlsworth238@moonmail.net,NR,2024-06-06,1915,Enchantment
WIZ-00120,Rowan Yewbarrow,rowan.yewbarrow206@moonmail.net,Northern Reaches,2024-02-09,2002,Healing
WIZ-00121,Juniper Larkspur,juniper.larkspur987@owlmail.co,EC,2023-10-11,1885,Alchemy
WIZ-00122,Juniper Wandwright,juniper.wandwright823@moonmail.net,Crystal Vale,2025-06-14,1989,Illusion
WIZ-00123,Yarrow Kilnworth,yarrow.kilnworth985@grimoire.org,Silverwood,2025-03-07,1995,Healing
WIZ-00124,Yarrow Mossheart,yarrow.mossheart423@crystalball.io,SW,2025-02-21,1991,Alchemy
WIZ-00125,Vesper Wandwright,vesper.wandwright363@owlmail.co,CV,2024-12-30,2006,Enchantment
WIZ-00126,Fiora Copperkettle,fiora.copperkettle212@owlmail.co,NR,2023-09-05,1964,Alchemy
WIZ-00127,Fenwick Frostpetal,fenwick.frostpetal869@grimoire.org,EC,2026-01-06,1999,Herbalism
WIZ-00128,Gideon Brightmantle,gideon.brightmantle819@grimoire.org,ec,2023-05-12,1949,Alchemy
WIZ-00129,Lyra Dimbleby,lyra.dimbleby324@ravenpost.net,NR,2026-06-16,1959,Healing
WIZ-00130,Quilla Stormbottle,quilla.stormbottle982@moonmail.net,EC,2025-02-28,1939,Divination
WIZ-00131,Xanthe Yewbarrow,xanthe.yewbarrow590@owlmail.co,The Marshlands,2023-07-04,1987,Divination
WIZ-00132,Morwenna Foxglove,morwenna.foxglove10@owlmail.co,EC,2024-12-01,1999,Illusion
WIZ-00133,Umbra Frostpetal,umbra.frostpetal708@owlmail.co,Northern Reaches,2023-02-18,1945,Illusion
WIZ-00134,Vesper Duskwater,vesper.duskwater422@ravenpost.net,ec,2023-09-21,1962,Divination
WIZ-00135,Ignatius Stormbottle,ignatius.stormbottle690@moonmail.net,Ember Coast,2025-04-18,1998,Healing
WIZ-00136,Jasper Hollowbranch,jasper.hollowbranch628@moonmail.net,ember coast,2025-06-11,1895,Divination
WIZ-00137,Seraphine Brightmantle,seraphine.brightmantle456@crystalball.io,ml,2025-08-09,1942,Transmutation
WIZ-00138,Isolde Fernwhistle,isolde.fernwhistle407@ravenpost.net,northern reaches,2024-09-20,1945,Herbalism
WIZ-00139,Hesper Glimmerstone,hesper.glimmerstone954@grimoire.org,EC,2023-06-09,1921,Transmutation
WIZ-00140,Kestrel Emberwhisk,kestrel.emberwhisk334@grimoire.org,Ember Coast,2024-01-01,2004,Alchemy
WIZ-00141,Ignatius Stormbottle,ignatius.stormbottle652@moonmail.net,ec,2025-10-11,1953,ALCHEMY
WIZ-00142,Oswin Glimmerstone,oswin.glimmerstone160@crystalball.io,nr,2025-07-10,1982,Illusion
WIZ-00143,Ignatius Thistledown,ignatius.thistledown489@crystalball.io,NR,2025-11-16,1922,Herbalism
WIZ-00144,Xanthe Copperkettle,xanthe.copperkettle256@owlmail.co,ml,2026-01-26,1991,Transmutation
WIZ-00145,Peregrine Hazelrigg,peregrine.hazelrigg702@crystalball.io,Ember Coast,2026-03-20,1988,Alchemy
WIZ-00146,Lyra Ravenscroft,lyra.ravenscroft279@moonmail.net,EC,2024-04-11,1904,HEALING
WIZ-00147,Grizelda Owlsworth,grizelda.owlsworth239@ravenpost.net,nr,2024-03-24,1928,Transmutation
WIZ-00148,Xanthe Dimbleby,xanthe.dimbleby864@owlmail.co,Northern Reaches,2024-08-02,1894,Herbalism
WIZ-00149,Quilla Wyrmwood,quilla.wyrmwood732@owlmail.co,ember coast,2024-11-02,1916,ENCHANTMENT
WIZ-00150,Grizelda Hazelrigg,grizelda.hazelrigg698@crystalball.io,CV,2025-01-30,1978,Healing
WIZ-00151,Hawthorne Duskwater,hawthorne.duskwater909@ravenpost.net,ML,2025-05-02,1899,Divination
WIZ-00152,Kestrel Brightmantle,kestrel.brightmantle10@ravenpost.net,sw,2025-08-10,1973,Herbalism
WIZ-00153,Peregrine Hollowbranch,peregrine.hollowbranch954@ravenpost.net,nr,2026-06-03,1974,Herbalism
WIZ-00154,Oswin Saltmarsh,oswin.saltmarsh825@grimoire.org,ML,2026-04-22,1933,Alchemy
WIZ-00155,Cassia Frostpetal,cassia.frostpetal714@grimoire.org,NR,2026-01-24,1929,Alchemy
WIZ-00156,Oleander Jackdaw,oleander.jackdaw303@crystalball.io,sw,2024-06-27,1984,Enchantment
WIZ-00157,Bramble Netherfield,bramble.netherfield739@ravenpost.net,sw,2026-03-28,1934,Divination
WIZ-00158,Juniper Foxglove,juniper.foxglove330@ravenpost.net,nr,2025-05-27,1890,ILLUSION
WIZ-00159,Cassia Copperkettle,cassia.copperkettle585@grimoire.org,sw,2023-07-16,1974,Herbalism
WIZ-00160,Oleander Wandwright,oleander.wandwright951@ravenpost.net,ec,2023-08-02,1931,Herbalism
WIZ-00161,Xanthe Cinderfell,xanthe.cinderfell752@ravenpost.net,ML,2025-03-30,1912,Herbalism
WIZ-00162,Ignatius Wyrmwood,ignatius.wyrmwood584@owlmail.co,sw,2024-06-22,1980,Healing
WIZ-00163,Delphine Barrowmere,delphine.barrowmere564@grimoire.org,ec,2024-12-18,1953,Herbalism
WIZ-00164,Umbra Jackdaw,umbra.jackdaw423@grimoire.org,ML,2025-05-29,1915,Herbalism
WIZ-00165,Juniper Duskwater,juniper.duskwater407@ravenpost.net,the marshlands,2024-04-08,1961,Healing
WIZ-00166,Thaddeus Thistledown,thaddeus.thistledown323@ravenpost.net,the marshlands,2023-08-16,1990,ALCHEMY
WIZ-00167,Corvin Kilnworth,corvin.kilnworth160@owlmail.co,Northern Reaches,2023-02-08,1916,Divination
WIZ-00168,Corvin Yewbarrow,corvin.yewbarrow741@crystalball.io,ML,2025-02-08,1990,Enchantment
WIZ-00169,Grizelda Mistlethorn,grizelda.mistlethorn591@grimoire.org,NR,2024-08-08,1983,Alchemy
WIZ-00170,Ambrose Ashgrove,ambrose.ashgrove870@moonmail.net,cv,2025-02-18,1965,Transmutation
WIZ-00171,Umbra Ironquill,umbra.ironquill227@owlmail.co,Northern Reaches,2025-05-31,1935,Transmutation
WIZ-00172,Fenwick Mossheart,fenwick.mossheart345@ravenpost.net,Ember Coast,2025-08-08,1955,Transmutation
WIZ-00173,Belladonna Ravenscroft,belladonna.ravenscroft500@grimoire.org,SW,2025-11-05,1963,Enchantment
WIZ-00174,Rowan Barrowmere,rowan.barrowmere424@grimoire.org,EC,2023-04-02,1929,Herbalism
WIZ-00175,Kestrel Umberfall,kestrel.umberfall452@ravenpost.net,CV,2025-09-26,1972,Alchemy
WIZ-00176,Fenwick Ashgrove,fenwick.ashgrove949@owlmail.co,The Marshlands,2025-03-06,1886,Alchemy
WIZ-00177,Caspian Everbright,caspian.everbright217@owlmail.co,Silverwood,2023-08-03,1955,Transmutation
WIZ-00178,Bramble Wyrmwood,bramble.wyrmwood262@owlmail.co,NR,2026-05-11,1974,Herbalism
WIZ-00179,Alaric Wandwright,alaric.wandwright935@crystalball.io,ML,2023-10-05,1996,Enchantment
WIZ-00180,Gideon Nightbloom,gideon.nightbloom545@ravenpost.net,nr,2025-11-09,1943,HERBALISM
WIZ-00181,Peregrine Hazelrigg,peregrine.hazelrigg161@ravenpost.net,EC,2024-05-16,1965,Alchemy
WIZ-00182,Gideon Brightmantle,gideon.brightmantle397@ravenpost.net,crystal vale,2026-04-02,1913,Divination
WIZ-00183,Isolde Glimmerstone,isolde.glimmerstone628@owlmail.co,ec,2025-12-16,1939,ALCHEMY
WIZ-00184,Ignatius Ravenscroft,ignatius.ravenscroft701@owlmail.co,ML,2023-05-22,1975,HERBALISM
WIZ-00185,Jasper Kilnworth,jasper.kilnworth546@ravenpost.net,Northern Reaches,2025-05-22,1903,Enchantment
WIZ-00186,Ambrose Zellandine,ambrose.zellandine193@ravenpost.net,NR,2023-10-08,1963,Herbalism
WIZ-00187,Oswin Mistlethorn,oswin.mistlethorn705@grimoire.org,Northern Reaches,2023-01-27,1945,Enchantment
WIZ-00188,Yarrow Frostpetal,yarrow.frostpetal34@grimoire.org,ML,2024-12-15,1919,Transmutation
WIZ-00189,Morwenna Winterbourne,morwenna.winterbourne502@crystalball.io,The Marshlands,2024-03-25,1939,Transmutation
WIZ-00190,Yarrow Saltmarsh,yarrow.saltmarsh722@ravenpost.net,sw,2024-06-21,1990,Healing
WIZ-00191,Ignatius Yewbarrow,ignatius.yewbarrow529@ravenpost.net,NR,2024-08-10,1998,Alchemy
WIZ-00192,Kestrel Barrowmere,kestrel.barrowmere926@owlmail.co,ec,2023-02-25,1896,Enchantment
WIZ-00193,Maribel Ironquill,maribel.ironquill26@owlmail.co,Ember Coast,2024-02-28,1999,Divination
WIZ-00194,Umbra Hollowbranch,umbra.hollowbranch724@grimoire.org,SW,2024-11-04,1975,Transmutation
WIZ-00195,Petra Hollowbranch,petra.hollowbranch175@crystalball.io,sw,2024-01-25,1904,Divination
WIZ-00196,Dorian Zellandine,dorian.zellandine186@ravenpost.net,crystal vale,2024-04-01,1885,Herbalism
WIZ-00197,Fiora Frostpetal,fiora.frostpetal506@owlmail.co,nr,2024-07-06,1943,Transmutation
WIZ-00198,Alaric Fernwhistle,alaric.fernwhistle571@owlmail.co,NR,2025-04-11,1968,Alchemy
WIZ-00199,Corvin Mistlethorn,corvin.mistlethorn427@owlmail.co,NR,2023-03-31,1969,Enchantment
WIZ-00200,Juniper Stormbottle,juniper.stormbottle37@ravenpost.net,ML,2026-02-13,1999,Transmutation
WIZ-00201,Juniper Wandwright,juniper.wandwright881@crystalball.io,EC,2023-05-18,1911,Enchantment
WIZ-00202,Corvin Hazelrigg,corvin.hazelrigg620@crystalball.io,Ember Coast,2025-11-08,1918,Herbalism
WIZ-00203,Isolde Netherfield,isolde.netherfield510@grimoire.org,The Marshlands,2025-12-15,1914,Enchantment
WIZ-00204,Hawthorne Emberwhisk,hawthorne.emberwhisk213@moonmail.net,CV,2024-10-29,1927,Alchemy
WIZ-00205,Alaric Copperkettle,alaric.copperkettle316@crystalball.io,EC,2025-03-18,1885,Healing
WIZ-00206,Corvin Netherfield,corvin.netherfield854@crystalball.io,cv,2024-12-27,1945,Illusion
WIZ-00207,Jasper Dimbleby,jasper.dimbleby474@grimoire.org,CV,2026-01-01,1951,Alchemy
WIZ-00208,Juniper Ironquill,juniper.ironquill910@crystalball.io,NR,2023-12-06,1992,Healing
WIZ-00209,Ignatius Hollowbranch,ignatius.hollowbranch120@crystalball.io,SW,2025-08-03,1889,Alchemy
WIZ-00210,Peregrine Vexley,peregrine.vexley310@owlmail.co,Northern Reaches,2025-05-06,1984,DIVINATION
WIZ-00211,Bramble Everbright,bramble.everbright946@grimoire.org,ml,2024-12-05,1984,Alchemy
WIZ-00212,Hesper Ravenscroft,hesper.ravenscroft731@moonmail.net,NR,2023-02-07,1890,Enchantment
WIZ-00213,Vesper Dimbleby,vesper.dimbleby675@crystalball.io,Northern Reaches,2024-10-14,1966,Divination
WIZ-00214,Rowan Ironquill,rowan.ironquill280@owlmail.co,NR,2024-03-27,2007,Herbalism
WIZ-00215,Ignatius Umberfall,ignatius.umberfall722@crystalball.io,SW,2025-04-04,1924,Herbalism
WIZ-00216,Dorian Ravenscroft,dorian.ravenscroft56@ravenpost.net,EC,2023-02-21,1961,Herbalism
WIZ-00217,Caspian Netherfield,caspian.netherfield731@moonmail.net,northern reaches,2023-12-07,1982,Transmutation
WIZ-00218,Delphine Nightbloom,delphine.nightbloom785@grimoire.org,ember coast,2026-06-01,1903,Illusion
WIZ-00219,Xanthe Yewbarrow,xanthe.yewbarrow904@crystalball.io,EC,2023-12-05,1945,Healing
WIZ-00220,Kestrel Owlsworth,kestrel.owlsworth521@ravenpost.net,Ember Coast,2026-03-11,1898,Alchemy
WIZ-00221,Thaddeus Ironquill,thaddeus.ironquill636@owlmail.co,silverwood,2026-02-25,1934,Healing
WIZ-00222,Maribel Barrowmere,maribel.barrowmere351@moonmail.net,SW,2025-09-19,1970,Healing
WIZ-00223,Fiora Ashgrove,fiora.ashgrove100@grimoire.org,northern reaches,2025-10-18,1893,Herbalism
WIZ-00224,Yarrow Saltmarsh,yarrow.saltmarsh223@owlmail.co,crystal vale,2026-05-08,1966,Illusion
WIZ-00225,Jasper Crowfeather,jasper.crowfeather458@owlmail.co,Northern Reaches,2025-08-04,1923,Herbalism
WIZ-00226,Belladonna Umberfall,,CV,2026-02-17,1901,Illusion
WIZ-00227,Juniper Cinderfell,juniper.cinderfell289@ravenpost.net,Northern Reaches,2024-01-03,1935,Enchantment
WIZ-00228,Yarrow Barrowmere,yarrow.barrowmere143@owlmail.co,Silverwood,2026-05-10,1931,Illusion
WIZ-00229,Isolde Ravenscroft,isolde.ravenscroft907@grimoire.org,silverwood,2023-01-17,1902,Healing
WIZ-00230,Delphine Mistlethorn,delphine.mistlethorn522@grimoire.org,sw,2026-03-31,1930,Divination
WIZ-00231,Corvin Frostpetal,corvin.frostpetal276@grimoire.org,cv,2025-02-28,1889,Healing
WIZ-00232,Hawthorne Larkspur,hawthorne.larkspur748@moonmail.net,crystal vale,2026-06-08,1984,Alchemy
WIZ-00233,Petra Glimmerstone,petra.glimmerstone553@moonmail.net,EC,2023-03-21,1928,Herbalism
WIZ-00234,Gideon Everbright,gideon.everbright984@crystalball.io,EC,2025-06-05,2003,Herbalism
WIZ-00235,Corvin Duskwater,corvin.duskwater587@ravenpost.net,SW,2024-04-29,1979,Herbalism
WIZ-00236,Isolde Gorsebush,isolde.gorsebush631@crystalball.io,NR,2023-10-12,1979,Healing
WIZ-00237,Jasper Crowfeather,jasper.crowfeather718@owlmail.co,Ember Coast,2023-06-29,1995,Healing
WIZ-00238,Jasper Mistlethorn,jasper.mistlethorn771@grimoire.org,ML,2024-12-05,1941,Enchantment
WIZ-00239,Wendeline Cinderfell,wendeline.cinderfell476@grimoire.org,ec,2024-10-27,2006,ILLUSION
WIZ-00240,Yarrow Everbright,yarrow.everbright13@crystalball.io,CV,2024-06-27,1971,ALCHEMY
WIZ-00241,Cassia Nightbloom,cassia.nightbloom865@grimoire.org,sw,2026-04-14,1919,Alchemy
WIZ-00242,Quilla Larkspur,quilla.larkspur603@owlmail.co,sw,2023-09-05,1908,Alchemy
WIZ-00243,Elowen Thistledown,elowen.thistledown457@crystalball.io,NR,2025-12-20,1909,Healing
WIZ-00244,Oleander Winterbourne,oleander.winterbourne981@ravenpost.net,nr,2026-04-15,1933,Enchantment
WIZ-00245,Lyra Ashgrove,lyra.ashgrove677@ravenpost.net,silverwood,2025-03-17,1920,Illusion
WIZ-00246,Umbra Duskwater,umbra.duskwater64@grimoire.org,ember coast,2023-03-17,1918,Illusion
WIZ-00247,Fiora Copperkettle,fiora.copperkettle112@owlmail.co,SW,2024-12-30,1963,Enchantment
WIZ-00248,Quilla Nightbloom,quilla.nightbloom257@grimoire.org,nr,2023-03-14,1968,Enchantment
WIZ-00249,Yarrow Brightmantle,yarrow.brightmantle589@ravenpost.net,silverwood,2023-12-04,1947,Transmutation
WIZ-00250,Elowen Ironquill,elowen.ironquill838@grimoire.org,nr,2024-01-29,1930,Alchemy
WIZ-00251,Fenwick Vexley,fenwick.vexley471@crystalball.io,SW,2025-06-14,1890,Transmutation
WIZ-00252,Yarrow Nightbloom,yarrow.nightbloom907@grimoire.org,ML,2025-07-03,1909,Healing
WIZ-00253,Fiora Wyrmwood,fiora.wyrmwood989@grimoire.org,CV,2023-11-12,1928,Healing
WIZ-00254,Zephyrine Ashgrove,zephyrine.ashgrove695@moonmail.net,nr,2024-06-19,2003,Healing
WIZ-00255,Bramble Everbright,bramble.everbright719@owlmail.co,nr,2026-03-26,2000,Alchemy
WIZ-00256,Petra Hollowbranch,petra.hollowbranch109@ravenpost.net,Ember Coast,2024-09-04,1913,Healing
WIZ-00257,Zephyrine Saltmarsh,zephyrine.saltmarsh988@owlmail.co,ml,2023-05-21,1927,Healing
WIZ-00258,Ambrose Hollowbranch,ambrose.hollowbranch250@moonmail.net,NR,2026-01-18,1993,Enchantment
WIZ-00259,Bramble Frostpetal,bramble.frostpetal92@moonmail.net,CV,2023-01-08,1988,Illusion
WIZ-00260,Nimbus Foxglove,nimbus.foxglove245@owlmail.co,SW,2025-12-18,1908,Enchantment
WIZ-00261,Thaddeus Umberfall,thaddeus.umberfall121@moonmail.net,cv,2026-01-23,1995,ILLUSION
WIZ-00262,Delphine Winterbourne,delphine.winterbourne153@grimoire.org,EC,2023-07-18,2003,Healing
WIZ-00263,Nimbus Barrowmere,nimbus.barrowmere759@ravenpost.net,CV,2024-04-09,1985,Healing
WIZ-00264,Peregrine Crowfeather,peregrine.crowfeather766@crystalball.io,NR,2025-05-30,1914,Healing
WIZ-00265,Morwenna Wyrmwood,morwenna.wyrmwood497@ravenpost.net,CV,2024-09-14,2003,Herbalism
WIZ-00266,Isolde Dimbleby,isolde.dimbleby277@owlmail.co,EC,2026-04-09,1957,Healing
WIZ-00267,Delphine Dimbleby,delphine.dimbleby303@moonmail.net,Northern Reaches,2025-06-17,2006,HERBALISM
WIZ-00268,Juniper Mossheart,juniper.mossheart222@moonmail.net,ec,2024-06-18,1886,Enchantment
WIZ-00269,Peregrine Saltmarsh,peregrine.saltmarsh606@owlmail.co,Crystal Vale,2025-02-13,1938,Healing
WIZ-00270,Gideon Moonbrook,gideon.moonbrook818@ravenpost.net,EC,2025-08-08,1956,Illusion
WIZ-00271,Nimbus Ravenscroft,nimbus.ravenscroft93@ravenpost.net,EC,2023-09-02,1975,Transmutation
WIZ-00272,Bramble Dimbleby,bramble.dimbleby416@owlmail.co,ML,2024-11-19,1944,Enchantment
WIZ-00273,Elowen Wyrmwood,elowen.wyrmwood304@grimoire.org,ml,2025-06-06,1963,Herbalism
WIZ-00274,Fenwick Netherfield,fenwick.netherfield932@crystalball.io,CV,2024-08-26,1931,Transmutation
WIZ-00275,Lyra Jackdaw,lyra.jackdaw210@owlmail.co,CV,2026-01-26,1899,Enchantment
WIZ-00276,Maribel Winterbourne,maribel.winterbourne920@crystalball.io,EC,2025-02-16,1891,Healing
WIZ-00277,Gideon Hazelrigg,gideon.hazelrigg695@moonmail.net,cv,2025-10-25,1932,Illusion
WIZ-00278,Elowen Copperkettle,elowen.copperkettle401@owlmail.co,ember coast,2025-10-12,1898,Divination
WIZ-00279,Fiora Foxglove,fiora.foxglove24@crystalball.io,ec,2025-12-16,2004,Divination
WIZ-00280,Bramble Owlsworth,bramble.owlsworth238@moonmail.net,SW,2023-01-23,1928,Enchantment
WIZ-00281,Maribel Hazelrigg,maribel.hazelrigg581@owlmail.co,CV,2025-09-29,1986,Alchemy
WIZ-00282,Seraphine Cinderfell,seraphine.cinderfell171@moonmail.net,Crystal Vale,2023-10-19,1921,DIVINATION
WIZ-00283,Jasper Hollowbranch,jasper.hollowbranch589@owlmail.co,EC,2023-02-12,1911,Herbalism
WIZ-00284,Wendeline Foxglove,wendeline.foxglove125@ravenpost.net,ec,2023-06-16,1903,TRANSMUTATION
WIZ-00285,Ignatius Gorsebush,ignatius.gorsebush297@moonmail.net,Silverwood,2023-10-30,1978,Transmutation
WIZ-00286,Edric Moonbrook,edric.moonbrook412@moonmail.net,ML,2023-04-30,1896,Alchemy
WIZ-00287,Maribel Hazelrigg,maribel.hazelrigg86@moonmail.net,ml,2023-10-12,2007,HEALING
WIZ-00288,Fiora Saltmarsh,fiora.saltmarsh931@crystalball.io,Ember Coast,2025-12-06,1939,Alchemy
WIZ-00289,Wendeline Umberfall,wendeline.umberfall90@owlmail.co,ML,2024-04-01,1938,Illusion
WIZ-00290,Belladonna Zellandine,belladonna.zellandine311@grimoire.org,cv,2023-03-30,1927,HEALING
WIZ-00291,Yarrow Glimmerstone,yarrow.glimmerstone570@grimoire.org,The Marshlands,2023-10-07,1902,Divination
WIZ-00292,Juniper Frostpetal,juniper.frostpetal312@grimoire.org,sw,2023-11-06,1888,Illusion
WIZ-00293,Edric Ashgrove,edric.ashgrove504@owlmail.co,Northern Reaches,2025-04-21,1948,Healing
WIZ-00294,Edric Kilnworth,edric.kilnworth488@ravenpost.net,Ember Coast,2025-03-22,1887,Illusion
WIZ-00295,Jasper Saltmarsh,jasper.saltmarsh168@ravenpost.net,NR,2026-06-10,2001,Alchemy
WIZ-00296,Elowen Gorsebush,elowen.gorsebush614@owlmail.co,Silverwood,2023-07-07,1990,Illusion
WIZ-00297,Xanthe Nightbloom,xanthe.nightbloom14@owlmail.co,SW,2025-06-26,1947,Transmutation
WIZ-00298,Grizelda Winterbourne,grizelda.winterbourne815@moonmail.net,Silverwood,2023-08-15,1952,Illusion
WIZ-00299,Hawthorne Zellandine,hawthorne.zellandine135@ravenpost.net,EC,2024-09-17,1931,Divination
WIZ-00300,Oleander Hazelrigg,oleander.hazelrigg312@ravenpost.net,ML,2025-06-16,1901,Illusion
WIZ-00301,Thaddeus Ravenscroft,thaddeus.ravenscroft782@ravenpost.net,Northern Reaches,2023-03-22,1981,Transmutation
WIZ-00302,Gideon Larkspur,gideon.larkspur45@ravenpost.net,EC,2023-05-02,1897,Illusion
WIZ-00303,Maribel Copperkettle,maribel.copperkettle150@crystalball.io,CV,2023-12-26,1905,Illusion
WIZ-00304,Peregrine Gorsebush,peregrine.gorsebush782@ravenpost.net,Silverwood,2024-10-10,1921,DIVINATION
WIZ-00305,Grizelda Winterbourne,grizelda.winterbourne604@owlmail.co,ember coast,2025-10-30,1908,Illusion
WIZ-00306,Nimbus Gorsebush,nimbus.gorsebush322@ravenpost.net,ec,2023-04-26,1948,Illusion
WIZ-00307,Cassia Glimmerstone,cassia.glimmerstone468@moonmail.net,ml,2023-04-29,1992,Transmutation
WIZ-00308,Belladonna Copperkettle,belladonna.copperkettle377@owlmail.co,nr,2025-10-31,1971,Healing
WIZ-00309,Fenwick Ashgrove,fenwick.ashgrove105@owlmail.co,northern reaches,2024-02-15,1928,Divination
WIZ-00310,Hawthorne Mossheart,hawthorne.mossheart731@moonmail.net,Silverwood,2025-11-24,1987,ENCHANTMENT
WIZ-00311,Oleander Yewbarrow,oleander.yewbarrow787@grimoire.org,NR,2025-12-06,1948,Divination
WIZ-00312,Grizelda Cinderfell,grizelda.cinderfell996@owlmail.co,ec,2025-11-23,1904,Alchemy
WIZ-00313,Elowen Hazelrigg,elowen.hazelrigg678@grimoire.org,EC,2025-10-21,1928,Illusion
WIZ-00314,Cassia Barrowmere,cassia.barrowmere323@grimoire.org,EC,2024-10-30,1907,Herbalism
WIZ-00315,Kestrel Frostpetal,kestrel.frostpetal500@ravenpost.net,sw,2025-05-16,1955,Enchantment
WIZ-00316,Juniper Hollowbranch,juniper.hollowbranch606@grimoire.org,SW,2025-08-05,1921,Alchemy
WIZ-00317,Isolde Vexley,isolde.vexley641@crystalball.io,EC,2023-01-28,1930,Transmutation
WIZ-00318,Peregrine Fernwhistle,peregrine.fernwhistle705@ravenpost.net,ML,2026-02-27,1906,Healing
WIZ-00319,Belladonna Kilnworth,belladonna.kilnworth713@grimoire.org,silverwood,2025-09-05,1933,Herbalism
WIZ-00320,Fiora Nightbloom,fiora.nightbloom515@crystalball.io,NR,2025-01-27,1940,Divination
WIZ-00321,Elowen Ironquill,elowen.ironquill588@grimoire.org,ml,2023-09-29,2007,Healing
WIZ-00322,Maribel Tanglewood,maribel.tanglewood215@crystalball.io,ml,2024-06-27,1923,Herbalism
WIZ-00323,Ignatius Saltmarsh,ignatius.saltmarsh528@grimoire.org,sw,2024-02-16,1997,Healing
WIZ-00324,Lyra Kilnworth,lyra.kilnworth761@grimoire.org,nr,2026-05-08,1988,Herbalism
WIZ-00325,Corvin Cinderfell,corvin.cinderfell247@owlmail.co,The Marshlands,2025-07-09,1993,Transmutation
WIZ-00326,Elowen Winterbourne,elowen.winterbourne662@owlmail.co,nr,2025-03-31,1936,Divination
WIZ-00327,Peregrine Quickbramble,peregrine.quickbramble433@ravenpost.net,NR,2026-01-25,1888,Alchemy
WIZ-00328,Juniper Stormbottle,juniper.stormbottle498@ravenpost.net,Northern Reaches,2024-08-13,1925,Herbalism
WIZ-00329,Ambrose Vexley,ambrose.vexley860@owlmail.co,nr,2024-10-01,1949,Healing
WIZ-00330,Hesper Duskwater,hesper.duskwater126@crystalball.io,ec,2024-10-01,1934,Illusion
WIZ-00331,Belladonna Winterbourne,belladonna.winterbourne282@grimoire.org,Ember Coast,2023-06-29,1892,Transmutation
WIZ-00332,Hawthorne Saltmarsh,hawthorne.saltmarsh987@crystalball.io,crystal vale,2025-10-30,1931,Transmutation
WIZ-00333,Bramble Mistlethorn,bramble.mistlethorn808@owlmail.co,NR,2023-02-25,1966,Enchantment
WIZ-00334,Hawthorne Ironquill,hawthorne.ironquill932@grimoire.org,crystal vale,2025-09-27,1923,HEALING
WIZ-00335,Thaddeus Winterbourne,thaddeus.winterbourne647@crystalball.io,Crystal Vale,2024-12-12,1937,Illusion
WIZ-00336,Fiora Everbright,fiora.everbright898@ravenpost.net,ml,2025-06-06,1949,Healing
WIZ-00337,Juniper Saltmarsh,juniper.saltmarsh657@owlmail.co,Silverwood,2024-07-29,1902,Healing
WIZ-00338,Umbra Kilnworth,umbra.kilnworth731@owlmail.co,ml,2023-06-11,1986,Alchemy
WIZ-00339,Isolde Duskwater,isolde.duskwater204@ravenpost.net,EC,2023-12-02,1997,TRANSMUTATION
WIZ-00340,Oswin Emberwhisk,oswin.emberwhisk642@owlmail.co,crystal vale,2026-01-23,1910,Alchemy
WIZ-00341,Zephyrine Netherfield,zephyrine.netherfield982@crystalball.io,nr,2025-03-24,1886,Enchantment
WIZ-00342,Delphine Frostpetal,delphine.frostpetal883@crystalball.io,ec,2023-07-28,1901,Transmutation
WIZ-00343,Seraphine Copperkettle,seraphine.copperkettle30@crystalball.io,CV,2025-08-23,1942,Divination
WIZ-00344,Delphine Glimmerstone,delphine.glimmerstone998@grimoire.org,Silverwood,2023-05-17,1975,Transmutation
WIZ-00345,Grizelda Jackdaw,grizelda.jackdaw483@crystalball.io,crystal vale,2023-12-07,1987,Herbalism
WIZ-00346,Alaric Duskwater,alaric.duskwater405@crystalball.io,Northern Reaches,2025-07-26,1890,Herbalism
WIZ-00347,Fiora Tanglewood,fiora.tanglewood728@moonmail.net,EC,2024-11-13,1925,HEALING
WIZ-00348,Rowan Vexley,rowan.vexley270@moonmail.net,the marshlands,2025-04-16,1951,Alchemy
WIZ-00349,Fiora Foxglove,fiora.foxglove451@ravenpost.net,NR,2026-05-05,1908,Healing
WIZ-00350,Delphine Barrowmere,delphine.barrowmere366@moonmail.net,ec,2024-05-21,1993,Enchantment
WIZ-00351,Fenwick Winterbourne,fenwick.winterbourne768@moonmail.net,ml,2025-01-01,1969,Herbalism
WIZ-00352,Alaric Hazelrigg,alaric.hazelrigg79@owlmail.co,ml,2025-01-01,1998,Alchemy
WIZ-00353,Hawthorne Yewbarrow,hawthorne.yewbarrow158@ravenpost.net,Northern Reaches,2023-04-19,1969,Transmutation
WIZ-00354,Oleander Thistledown,oleander.thistledown974@grimoire.org,Ember Coast,2023-02-14,1978,Illusion
WIZ-00355,Dorian Owlsworth,dorian.owlsworth561@moonmail.net,EC,2023-02-26,1907,DIVINATION
WIZ-00356,Fenwick Emberwhisk,fenwick.emberwhisk413@crystalball.io,silverwood,2024-12-14,1904,Healing
WIZ-00357,Thaddeus Mistlethorn,thaddeus.mistlethorn525@owlmail.co,Ember Coast,2023-04-09,1945,Alchemy
WIZ-00358,Belladonna Vexley,belladonna.vexley96@ravenpost.net,silverwood,2025-09-18,1971,Divination
WIZ-00359,Fiora Hazelrigg,fiora.hazelrigg480@grimoire.org,Northern Reaches,2025-12-20,1923,DIVINATION
WIZ-00360,Thaddeus Fernwhistle,thaddeus.fernwhistle565@ravenpost.net,cv,2025-04-29,1950,Transmutation
WIZ-00361,Corvin Duskwater,corvin.duskwater17@ravenpost.net,ml,2023-03-25,1985,Divination
WIZ-00362,Ambrose Quickbramble,ambrose.quickbramble461@moonmail.net,ML,2024-04-10,2002,Illusion
WIZ-00363,Fenwick Mistlethorn,fenwick.mistlethorn19@ravenpost.net,EC,2023-04-19,1968,Transmutation
WIZ-00364,Oleander Frostpetal,oleander.frostpetal987@grimoire.org,ML,2024-01-05,1902,Healing
WIZ-00365,Morwenna Emberwhisk,morwenna.emberwhisk447@moonmail.net,NR,2023-05-29,1944,Divination
WIZ-00366,Kestrel Foxglove,kestrel.foxglove483@ravenpost.net,ml,2025-09-29,1910,Alchemy
WIZ-00367,Dorian Tanglewood,dorian.tanglewood869@grimoire.org,ml,2024-03-18,1955,Alchemy
WIZ-00368,Gideon Larkspur,gideon.larkspur889@grimoire.org,NR,2026-05-26,1887,Transmutation
WIZ-00369,Rowan Zellandine,rowan.zellandine962@crystalball.io,EC,2024-10-28,1905,Alchemy
WIZ-00370,Caspian Mossheart,caspian.mossheart348@moonmail.net,The Marshlands,2026-02-22,1944,Divination
WIZ-00371,Yarrow Zellandine,yarrow.zellandine369@grimoire.org,The Marshlands,2026-05-21,1964,Divination
WIZ-00372,Edric Ravenscroft,edric.ravenscroft104@grimoire.org,cv,2023-06-10,1915,Divination
WIZ-00373,Wendeline Duskwater,wendeline.duskwater881@moonmail.net,NR,2023-06-12,1940,Healing
WIZ-00374,Oswin Frostpetal,oswin.frostpetal788@ravenpost.net,ml,2023-12-15,1999,Divination
WIZ-00375,Oleander Nightbloom,oleander.nightbloom986@ravenpost.net,Crystal Vale,2025-09-22,1963,Illusion
WIZ-00376,Juniper Moonbrook,juniper.moonbrook892@owlmail.co,CV,2024-12-19,1922,Enchantment
WIZ-00377,Grizelda Foxglove,grizelda.foxglove126@owlmail.co,EC,2025-06-08,1983,Healing
WIZ-00378,Vesper Owlsworth,vesper.owlsworth733@grimoire.org,ec,2024-09-26,1904,Illusion
WIZ-00379,Oswin Ravenscroft,oswin.ravenscroft920@grimoire.org,cv,2025-08-28,1972,ALCHEMY
WIZ-00380,Alaric Hazelrigg,alaric.hazelrigg412@owlmail.co,EC,2024-09-25,1889,ENCHANTMENT
WIZ-00381,Corvin Cinderfell,corvin.cinderfell997@crystalball.io,Ember Coast,2026-05-08,1974,Herbalism
WIZ-00382,Umbra Umberfall,umbra.umberfall626@owlmail.co,SW,2023-10-14,1911,Herbalism
WIZ-00383,Caspian Umberfall,caspian.umberfall203@crystalball.io,nr,2026-04-26,1934,Enchantment
WIZ-00384,Hesper Ironquill,hesper.ironquill320@moonmail.net,ec,2023-04-06,1887,Healing
WIZ-00385,Quilla Fernwhistle,quilla.fernwhistle518@ravenpost.net,The Marshlands,2025-05-08,1918,Enchantment
WIZ-00386,Hawthorne Crowfeather,hawthorne.crowfeather242@moonmail.net,Silverwood,2023-01-06,1965,Enchantment
WIZ-00387,Wendeline Quickbramble,wendeline.quickbramble533@owlmail.co,nr,2023-05-24,1909,Illusion
WIZ-00388,Jasper Barrowmere,jasper.barrowmere436@owlmail.co,EC,2024-09-22,1932,Enchantment
WIZ-00389,Hesper Yewbarrow,hesper.yewbarrow434@grimoire.org,silverwood,2026-02-19,1978,Transmutation
WIZ-00390,Isolde Frostpetal,isolde.frostpetal526@moonmail.net,NR,2024-11-10,1945,Healing
WIZ-00391,Xanthe Ashgrove,xanthe.ashgrove379@moonmail.net,ec,2025-08-23,1900,Alchemy
WIZ-00392,Seraphine Frostpetal,seraphine.frostpetal604@grimoire.org,Northern Reaches,2023-05-27,1998,Alchemy
WIZ-00393,Fiora Thistledown,fiora.thistledown46@grimoire.org,EC,2023-12-24,1942,Alchemy
WIZ-00394,Oleander Ravenscroft,oleander.ravenscroft780@grimoire.org,SW,2025-11-29,1978,Alchemy
WIZ-00395,Petra Zellandine,petra.zellandine47@grimoire.org,ml,2024-02-09,1995,Divination
WIZ-00396,Thaddeus Jackdaw,thaddeus.jackdaw198@moonmail.net,Silverwood,2026-04-21,2007,Herbalism
WIZ-00397,Gideon Emberwhisk,gideon.emberwhisk20@crystalball.io,ML,2024-06-28,1975,Illusion
WIZ-00398,Ignatius Mistlethorn,ignatius.mistlethorn957@ravenpost.net,EC,2023-02-16,1888,Illusion
WIZ-00399,Fenwick Ashgrove,fenwick.ashgrove148@owlmail.co,NR,2026-01-06,1924,Transmutation
WIZ-00400,Umbra Stormbottle,umbra.stormbottle102@crystalball.io,Northern Reaches,2023-03-01,1918,TRANSMUTATION
WIZ-00401,Dorian Copperkettle,dorian.copperkettle771@moonmail.net,EC,2023-08-31,1892,Alchemy
WIZ-00402,Edric Emberwhisk,edric.emberwhisk20@crystalball.io,sw,2025-02-25,1897,Divination
WIZ-00403,Isolde Quickbramble,isolde.quickbramble652@moonmail.net,northern reaches,2025-09-30,1932,HERBALISM
WIZ-00404,Ignatius Barrowmere,ignatius.barrowmere2@grimoire.org,cv,2026-01-20,1968,Divination
WIZ-00405,Edric Brightmantle,edric.brightmantle360@owlmail.co,sw,2026-05-28,1890,Divination
WIZ-00406,Thaddeus Glimmerstone,thaddeus.glimmerstone743@moonmail.net,Crystal Vale,2023-05-06,1911,Herbalism
WIZ-00407,Vesper Duskwater,vesper.duskwater679@crystalball.io,ec,2025-10-07,1961,Alchemy
WIZ-00408,Alaric Mistlethorn,alaric.mistlethorn424@moonmail.net,Crystal Vale,2024-07-10,1982,Transmutation
WIZ-00409,Elowen Ironquill,elowen.ironquill362@grimoire.org,ML,2024-03-31,1907,Illusion
WIZ-00410,Alaric Ashgrove,alaric.ashgrove227@ravenpost.net,ml,2025-01-14,1975,Alchemy
WIZ-00411,Thaddeus Mossheart,thaddeus.mossheart38@crystalball.io,Ember Coast,2024-05-20,1962,Divination
WIZ-00412,Zephyrine Ashgrove,zephyrine.ashgrove175@moonmail.net,Northern Reaches,2026-02-03,1971,Enchantment
WIZ-00413,Maribel Ravenscroft,maribel.ravenscroft584@owlmail.co,Crystal Vale,2024-11-08,1920,Divination
WIZ-00414,Ignatius Netherfield,,ec,2024-04-09,1968,Healing
WIZ-00415,Ambrose Brightmantle,ambrose.brightmantle371@moonmail.net,The Marshlands,2024-06-14,1913,Healing
WIZ-00416,Caspian Saltmarsh,caspian.saltmarsh902@moonmail.net,the marshlands,2023-07-19,1913,Enchantment
WIZ-00417,Peregrine Copperkettle,peregrine.copperkettle641@ravenpost.net,NR,2023-11-15,1888,Herbalism
WIZ-00418,Quilla Fernwhistle,quilla.fernwhistle853@ravenpost.net,ml,2023-09-02,1915,Healing
WIZ-00419,Grizelda Crowfeather,grizelda.crowfeather939@ravenpost.net,Ember Coast,2024-09-26,1973,Healing
WIZ-00420,Caspian Cinderfell,caspian.cinderfell694@ravenpost.net,SW,2024-03-18,1933,Transmutation
WIZ-00421,Oswin Mistlethorn,,Ember Coast,2026-03-31,1997,Herbalism
WIZ-00422,Bramble Dimbleby,bramble.dimbleby106@ravenpost.net,SW,2026-02-22,1986,Illusion
WIZ-00423,Gideon Duskwater,gideon.duskwater456@owlmail.co,Northern Reaches,2024-05-07,1892,Divination
WIZ-00424,Wendeline Quickbramble,wendeline.quickbramble151@grimoire.org,EC,2026-01-06,1932,Healing
WIZ-00425,Jasper Cinderfell,jasper.cinderfell201@owlmail.co,SW,2023-02-25,1893,Alchemy
WIZ-00426,Delphine Mistlethorn,delphine.mistlethorn344@moonmail.net,EC,2026-02-13,1898,Transmutation
WIZ-00427,Fiora Mossheart,fiora.mossheart236@grimoire.org,SW,2026-04-16,1979,ILLUSION
WIZ-00428,Yarrow Winterbourne,yarrow.winterbourne76@crystalball.io,NR,2024-07-07,1922,Transmutation
WIZ-00429,Xanthe Moonbrook,xanthe.moonbrook179@owlmail.co,Crystal Vale,2025-01-20,1928,Illusion
WIZ-00430,Bramble Stormbottle,bramble.stormbottle694@owlmail.co,Ember Coast,2024-10-12,1899,ALCHEMY
WIZ-00431,Peregrine Vexley,peregrine.vexley540@moonmail.net,Crystal Vale,2026-05-08,1893,Healing
WIZ-00432,Morwenna Copperkettle,morwenna.copperkettle614@grimoire.org,CV,2026-06-12,1890,Illusion
WIZ-00433,Ignatius Owlsworth,ignatius.owlsworth645@crystalball.io,Crystal Vale,2025-06-01,1959,Transmutation
WIZ-00434,Edric Netherfield,edric.netherfield904@moonmail.net,ec,2024-06-04,1907,Alchemy
WIZ-00435,Edric Frostpetal,edric.frostpetal944@moonmail.net,SW,2026-02-16,1999,Divination
WIZ-00436,Nimbus Quickbramble,nimbus.quickbramble958@crystalball.io,NR,2025-07-22,1981,Healing
WIZ-00437,Oswin Larkspur,oswin.larkspur437@grimoire.org,EC,2024-06-08,1987,Transmutation
WIZ-00438,Lyra Crowfeather,lyra.crowfeather85@crystalball.io,ml,2023-03-19,1967,Healing
WIZ-00439,Grizelda Ashgrove,grizelda.ashgrove342@owlmail.co,SW,2023-02-09,1980,Illusion
WIZ-00440,Morwenna Mistlethorn,morwenna.mistlethorn9@crystalball.io,EC,2026-01-08,1936,Transmutation
WIZ-00441,Alaric Everbright,alaric.everbright234@owlmail.co,ML,2024-11-30,1914,Herbalism
WIZ-00442,Delphine Dimbleby,delphine.dimbleby193@grimoire.org,ml,2023-03-29,1911,Transmutation
WIZ-00443,Xanthe Ravenscroft,xanthe.ravenscroft756@ravenpost.net,ec,2024-11-09,1930,Alchemy
WIZ-00444,Zephyrine Ironquill,zephyrine.ironquill33@owlmail.co,northern reaches,2023-01-24,1927,Herbalism
WIZ-00445,Oleander Kilnworth,oleander.kilnworth401@ravenpost.net,SW,2025-07-26,1898,Alchemy
WIZ-00446,Thaddeus Glimmerstone,thaddeus.glimmerstone706@moonmail.net,EC,2023-07-01,1893,Transmutation
WIZ-00447,Hesper Wandwright,hesper.wandwright176@crystalball.io,ML,2025-07-13,1905,Healing
WIZ-00448,Elowen Wyrmwood,elowen.wyrmwood211@crystalball.io,Ember Coast,2025-01-28,1945,Divination
WIZ-00449,Maribel Copperkettle,maribel.copperkettle207@ravenpost.net,CV,2026-06-02,1990,Transmutation
WIZ-00450,Vesper Kilnworth,vesper.kilnworth41@ravenpost.net,Ember Coast,2025-10-15,1943,Alchemy
WIZ-00451,Thaddeus Yewbarrow,thaddeus.yewbarrow184@moonmail.net,ml,2024-12-27,2001,Enchantment
WIZ-00452,Zephyrine Moonbrook,zephyrine.moonbrook644@moonmail.net,ember coast,2023-06-11,1974,Enchantment
WIZ-00453,Fiora Zellandine,fiora.zellandine378@ravenpost.net,ml,2026-01-18,1984,Alchemy
WIZ-00454,Nimbus Gorsebush,nimbus.gorsebush712@grimoire.org,Ember Coast,2023-01-28,1994,Divination
WIZ-00455,Hawthorne Ravenscroft,hawthorne.ravenscroft70@ravenpost.net,SW,2024-04-20,2006,Transmutation
WIZ-00456,Kestrel Hollowbranch,kestrel.hollowbranch302@ravenpost.net,SW,2026-03-14,1894,Enchantment
WIZ-00457,Jasper Crowfeather,jasper.crowfeather915@moonmail.net,nr,2023-08-10,1992,Enchantment
WIZ-00458,Grizelda Wyrmwood,grizelda.wyrmwood5@ravenpost.net,The Marshlands,2025-09-28,2003,Divination
WIZ-00459,Fenwick Emberwhisk,fenwick.emberwhisk197@ravenpost.net,Northern Reaches,2024-07-15,1987,Illusion
WIZ-00460,Kestrel Moonbrook,kestrel.moonbrook331@moonmail.net,sw,2024-10-19,2004,Herbalism
WIZ-00461,Oswin Winterbourne,oswin.winterbourne412@crystalball.io,NR,2023-11-28,1913,Healing
WIZ-00462,Petra Vexley,petra.vexley786@moonmail.net,ember coast,2023-08-12,1976,Herbalism
WIZ-00463,Corvin Hollowbranch,corvin.hollowbranch647@grimoire.org,silverwood,2023-04-08,1973,Divination
WIZ-00464,Umbra Everbright,umbra.everbright600@grimoire.org,ec,2023-01-19,1914,Herbalism
WIZ-00465,Oswin Emberwhisk,oswin.emberwhisk756@grimoire.org,ml,2024-11-05,1892,Divination
WIZ-00466,Jasper Wyrmwood,jasper.wyrmwood743@moonmail.net,CV,2023-02-08,1997,Alchemy
WIZ-00467,Cassia Hazelrigg,cassia.hazelrigg296@ravenpost.net,Northern Reaches,2025-08-29,1928,Divination
WIZ-00468,Peregrine Mossheart,peregrine.mossheart188@grimoire.org,SW,2025-07-26,1947,HEALING
WIZ-00469,Jasper Winterbourne,jasper.winterbourne852@owlmail.co,NR,2023-06-27,1977,Transmutation
WIZ-00470,Peregrine Barrowmere,peregrine.barrowmere591@grimoire.org,CV,2023-09-12,1995,Illusion
WIZ-00471,Xanthe Yewbarrow,xanthe.yewbarrow518@moonmail.net,The Marshlands,2024-04-27,1989,Illusion
WIZ-00472,Belladonna Glimmerstone,belladonna.glimmerstone157@moonmail.net,ML,2025-05-04,1944,Alchemy
WIZ-00473,Oleander Everbright,oleander.everbright201@owlmail.co,CV,2023-05-20,1995,Herbalism
WIZ-00474,Zephyrine Zellandine,zephyrine.zellandine316@moonmail.net,Northern Reaches,2025-07-18,2002,Healing
WIZ-00475,Morwenna Barrowmere,morwenna.barrowmere501@crystalball.io,sw,2025-06-22,2003,Transmutation
WIZ-00476,Cassia Vexley,cassia.vexley682@owlmail.co,nr,2026-05-24,1972,Divination
WIZ-00477,Kestrel Thistledown,kestrel.thistledown939@grimoire.org,ec,2023-04-05,2000,Healing
WIZ-00478,Belladonna Hollowbranch,belladonna.hollowbranch513@moonmail.net,SW,2025-03-16,1924,Enchantment
WIZ-00479,Fenwick Nightbloom,fenwick.nightbloom276@owlmail.co,CV,2025-06-18,1924,HEALING
WIZ-00480,Alaric Nightbloom,alaric.nightbloom671@crystalball.io,ML,2024-03-03,1932,Divination
WIZ-00481,Lyra Gorsebush,lyra.gorsebush218@owlmail.co,Northern Reaches,2025-10-05,1988,Illusion
WIZ-00482,Ambrose Crowfeather,ambrose.crowfeather652@owlmail.co,NR,2026-04-01,1900,Alchemy
WIZ-00483,Peregrine Everbright,,northern reaches,2024-10-12,1970,Herbalism
WIZ-00484,Nimbus Hazelrigg,nimbus.hazelrigg986@crystalball.io,cv,2025-07-20,1928,Herbalism
WIZ-00485,Vesper Saltmarsh,vesper.saltmarsh388@moonmail.net,NR,2025-07-05,1927,Illusion
WIZ-00486,Zephyrine Ravenscroft,zephyrine.ravenscroft287@owlmail.co,ec,2023-05-06,1969,Illusion
WIZ-00487,Morwenna Thistledown,,EC,2025-05-26,1988,Enchantment
WIZ-00488,Oleander Frostpetal,oleander.frostpetal357@grimoire.org,crystal vale,2026-03-20,1945,Enchantment
WIZ-00489,Yarrow Owlsworth,yarrow.owlsworth898@moonmail.net,The Marshlands,2024-11-24,1889,Divination
WIZ-00490,Juniper Dimbleby,juniper.dimbleby494@moonmail.net,NR,2024-04-01,1981,Enchantment
WIZ-00491,Bramble Hollowbranch,bramble.hollowbranch785@crystalball.io,NR,2025-05-31,1945,Enchantment
WIZ-00492,Ignatius Frostpetal,ignatius.frostpetal955@moonmail.net,ml,2023-12-07,1967,Alchemy
WIZ-00493,Yarrow Jackdaw,yarrow.jackdaw229@crystalball.io,NR,2025-09-21,1896,Alchemy
WIZ-00494,Hawthorne Kilnworth,hawthorne.kilnworth591@ravenpost.net,ec,2023-11-17,1909,Illusion
WIZ-00495,Xanthe Ravenscroft,xanthe.ravenscroft110@grimoire.org,Northern Reaches,2026-03-09,1925,Divination
WIZ-00496,Oswin Frostpetal,oswin.frostpetal150@ravenpost.net,SW,2024-11-28,1973,Healing
WIZ-00497,Corvin Everbright,corvin.everbright722@grimoire.org,Northern Reaches,2025-02-06,1904,Illusion
WIZ-00498,Oswin Cinderfell,oswin.cinderfell745@grimoire.org,Ember Coast,2024-12-31,2001,Illusion
WIZ-00499,Zephyrine Tanglewood,zephyrine.tanglewood776@grimoire.org,ec,2025-10-28,1921,Alchemy
WIZ-00500,Juniper Yewbarrow,juniper.yewbarrow595@ravenpost.net,The Marshlands,2023-11-28,1943,Enchantment
WIZ-00501,Edric Owlsworth,edric.owlsworth767@owlmail.co,ML,2025-01-31,1977,Illusion
WIZ-00502,Jasper Wyrmwood,jasper.wyrmwood173@ravenpost.net,northern reaches,2025-09-11,1907,Healing
WIZ-00503,Vesper Larkspur,vesper.larkspur414@owlmail.co,NR,2024-11-30,1947,Alchemy
WIZ-00504,Yarrow Glimmerstone,yarrow.glimmerstone648@grimoire.org,EC,2026-04-27,1895,Healing
WIZ-00505,Gideon Mossheart,gideon.mossheart764@ravenpost.net,ML,2024-05-06,1946,Enchantment
WIZ-00506,Isolde Nightbloom,isolde.nightbloom718@ravenpost.net,Ember Coast,2023-07-09,1985,Illusion
WIZ-00507,Maribel Ironquill,maribel.ironquill772@owlmail.co,Crystal Vale,2026-04-29,1908,Illusion
WIZ-00508,Juniper Crowfeather,juniper.crowfeather589@owlmail.co,SW,2024-11-03,1917,Illusion
WIZ-00509,Hawthorne Gorsebush,hawthorne.gorsebush968@ravenpost.net,NR,2023-06-25,2006,HERBALISM
WIZ-00510,Ignatius Crowfeather,ignatius.crowfeather536@crystalball.io,sw,2024-05-17,1973,Healing
WIZ-00511,Cassia Copperkettle,cassia.copperkettle617@moonmail.net,NR,2023-08-09,1901,Enchantment
WIZ-00512,Quilla Duskwater,quilla.duskwater86@crystalball.io,silverwood,2023-06-17,1903,Herbalism
WIZ-00513,Rowan Copperkettle,rowan.copperkettle841@moonmail.net,SW,2026-01-29,1904,ALCHEMY
WIZ-00514,Bramble Mistlethorn,bramble.mistlethorn113@moonmail.net,EC,2023-10-04,1896,ALCHEMY
WIZ-00515,Jasper Mossheart,jasper.mossheart993@owlmail.co,EC,2023-04-11,2003,Healing
WIZ-00516,Thaddeus Larkspur,thaddeus.larkspur358@moonmail.net,ml,2025-11-14,1962,Healing
WIZ-00517,Yarrow Stormbottle,yarrow.stormbottle904@grimoire.org,EC,2024-06-28,1886,Enchantment
WIZ-00518,Isolde Foxglove,isolde.foxglove743@crystalball.io,SW,2023-10-01,1962,Transmutation
WIZ-00519,Wendeline Dimbleby,wendeline.dimbleby534@owlmail.co,Ember Coast,2025-04-09,2006,Alchemy
WIZ-00520,Fenwick Glimmerstone,fenwick.glimmerstone170@moonmail.net,Northern Reaches,2023-09-03,1955,Transmutation
WIZ-00521,Belladonna Gorsebush,belladonna.gorsebush528@moonmail.net,SW,2024-11-17,1963,DIVINATION
WIZ-00522,Belladonna Ironquill,belladonna.ironquill678@moonmail.net,SW,2025-03-08,1942,Divination
WIZ-00523,Hesper Mossheart,hesper.mossheart527@crystalball.io,CV,2024-01-11,1933,Divination
WIZ-00524,Peregrine Ironquill,peregrine.ironquill495@crystalball.io,NR,2024-10-29,1965,Herbalism
WIZ-00525,Gideon Moonbrook,gideon.moonbrook59@crystalball.io,nr,2026-03-25,1923,Alchemy
WIZ-00526,Lyra Yewbarrow,lyra.yewbarrow203@ravenpost.net,Silverwood,2023-04-14,1937,HEALING
WIZ-00527,Quilla Mossheart,quilla.mossheart439@owlmail.co,SW,2025-07-19,1941,Enchantment
WIZ-00528,Wendeline Barrowmere,wendeline.barrowmere292@ravenpost.net,NR,2023-07-23,1927,Healing
WIZ-00529,Edric Brightmantle,edric.brightmantle820@owlmail.co,Ember Coast,2024-05-15,1997,Transmutation
WIZ-00530,Yarrow Ravenscroft,yarrow.ravenscroft130@owlmail.co,EC,2023-04-21,1972,Divination
WIZ-00531,Belladonna Mistlethorn,belladonna.mistlethorn289@grimoire.org,NR,2025-09-18,1964,Divination
WIZ-00532,Rowan Ashgrove,rowan.ashgrove440@owlmail.co,Ember Coast,2025-03-11,1898,Enchantment
WIZ-00533,Morwenna Larkspur,morwenna.larkspur136@grimoire.org,northern reaches,2024-11-30,2003,Divination
WIZ-00534,Fenwick Cinderfell,fenwick.cinderfell649@owlmail.co,NR,2024-06-21,1892,Herbalism
WIZ-00535,Hawthorne Brightmantle,hawthorne.brightmantle253@crystalball.io,CV,2023-12-26,1885,Healing
WIZ-00536,Seraphine Everbright,seraphine.everbright259@grimoire.org,EC,2023-04-14,1897,Enchantment
WIZ-00537,Isolde Tanglewood,isolde.tanglewood604@moonmail.net,SW,2024-01-06,1920,Divination
WIZ-00538,Grizelda Ravenscroft,grizelda.ravenscroft601@owlmail.co,NR,2026-03-09,1897,HEALING
WIZ-00539,Thaddeus Everbright,thaddeus.everbright158@ravenpost.net,NR,2025-01-23,1976,Alchemy
WIZ-00540,Juniper Umberfall,juniper.umberfall121@grimoire.org,NR,2025-10-03,2004,Herbalism
WIZ-00541,Rowan Ravenscroft,rowan.ravenscroft711@owlmail.co,ML,2023-03-04,1972,Herbalism
WIZ-00542,Kestrel Crowfeather,kestrel.crowfeather400@grimoire.org,SW,2025-07-29,1885,Divination
WIZ-00543,Alaric Gorsebush,alaric.gorsebush873@owlmail.co,EC,2025-12-20,1900,Divination
WIZ-00544,Seraphine Moonbrook,seraphine.moonbrook277@ravenpost.net,SW,2025-04-11,1990,Divination
WIZ-00545,Wendeline Mistlethorn,wendeline.mistlethorn723@moonmail.net,NR,2025-05-29,1999,Herbalism
WIZ-00546,Alaric Umberfall,alaric.umberfall995@ravenpost.net,silverwood,2023-10-14,1984,Illusion
WIZ-00547,Yarrow Duskwater,yarrow.duskwater212@grimoire.org,NR,2026-04-11,1959,Enchantment
WIZ-00548,Jasper Crowfeather,jasper.crowfeather924@grimoire.org,NR,2024-03-20,1908,Illusion
WIZ-00549,Fiora Stormbottle,fiora.stormbottle907@owlmail.co,ml,2024-07-22,1909,Healing
WIZ-00550,Delphine Yewbarrow,delphine.yewbarrow769@ravenpost.net,SW,2024-06-23,1887,Healing
WIZ-00551,Cassia Ravenscroft,cassia.ravenscroft962@moonmail.net,northern reaches,2023-03-27,2007,Illusion
WIZ-00552,Vesper Glimmerstone,vesper.glimmerstone914@grimoire.org,ML,2024-05-06,1946,Divination
WIZ-00553,Rowan Ironquill,rowan.ironquill304@ravenpost.net,Silverwood,2023-02-15,1903,HEALING
WIZ-00554,Belladonna Wyrmwood,belladonna.wyrmwood901@grimoire.org,Silverwood,2023-10-21,2000,Healing
WIZ-00555,Oswin Nightbloom,oswin.nightbloom631@crystalball.io,northern reaches,2025-04-15,2002,Healing
WIZ-00556,Lyra Barrowmere,lyra.barrowmere436@owlmail.co,cv,2026-03-07,1964,Illusion
WIZ-00557,Rowan Frostpetal,rowan.frostpetal729@ravenpost.net,The Marshlands,2025-03-29,1904,Illusion
WIZ-00558,Yarrow Crowfeather,yarrow.crowfeather116@moonmail.net,Ember Coast,2025-11-02,1903,Healing
WIZ-00559,Yarrow Umberfall,yarrow.umberfall997@grimoire.org,sw,2024-03-10,1902,ILLUSION
WIZ-00560,Yarrow Zellandine,yarrow.zellandine546@moonmail.net,ML,2026-01-03,1959,Enchantment
WIZ-00561,Oswin Glimmerstone,oswin.glimmerstone872@ravenpost.net,ec,2023-01-03,1902,Healing
WIZ-00562,Isolde Owlsworth,isolde.owlsworth935@grimoire.org,Northern Reaches,2026-01-16,1892,Enchantment
WIZ-00563,Jasper Wyrmwood,jasper.wyrmwood381@ravenpost.net,sw,2026-06-13,1894,Transmutation
WIZ-00564,Bramble Foxglove,bramble.foxglove13@moonmail.net,ML,2023-03-22,1982,Divination
WIZ-00565,Hesper Quickbramble,hesper.quickbramble661@ravenpost.net,EC,2025-06-11,1997,Enchantment
WIZ-00566,Gideon Hollowbranch,gideon.hollowbranch897@grimoire.org,Silverwood,2024-03-09,2002,Herbalism
WIZ-00567,Belladonna Hollowbranch,belladonna.hollowbranch974@owlmail.co,ML,2023-04-05,1892,Divination
WIZ-00568,Juniper Mistlethorn,juniper.mistlethorn321@grimoire.org,ML,2026-06-10,1987,Alchemy
WIZ-00569,Grizelda Nightbloom,grizelda.nightbloom289@owlmail.co,SW,2023-12-10,1961,Healing
WIZ-00570,Juniper Copperkettle,juniper.copperkettle88@moonmail.net,sw,2024-08-03,1986,Transmutation
WIZ-00571,Thaddeus Thistledown,thaddeus.thistledown513@owlmail.co,EC,2025-04-16,1930,Divination
WIZ-00572,Ambrose Gorsebush,ambrose.gorsebush816@grimoire.org,Ember Coast,2023-06-03,1889,Alchemy
WIZ-00573,Fenwick Glimmerstone,fenwick.glimmerstone827@owlmail.co,ML,2025-02-23,1949,HERBALISM
WIZ-00574,Hesper Tanglewood,hesper.tanglewood369@moonmail.net,ML,2024-11-12,1999,Enchantment
WIZ-00575,Nimbus Netherfield,nimbus.netherfield510@ravenpost.net,ML,2024-12-04,1996,Alchemy
WIZ-00576,Fenwick Frostpetal,fenwick.frostpetal303@owlmail.co,nr,2023-11-18,1930,Healing
WIZ-00577,Delphine Duskwater,delphine.duskwater453@owlmail.co,crystal vale,2025-03-20,1947,Healing
WIZ-00578,Ambrose Netherfield,ambrose.netherfield525@moonmail.net,CV,2024-11-10,1972,Transmutation
WIZ-00579,Cassia Netherfield,cassia.netherfield251@moonmail.net,Northern Reaches,2024-08-28,1922,Transmutation
WIZ-00580,Elowen Mossheart,elowen.mossheart358@grimoire.org,ec,2024-04-18,1989,Transmutation
WIZ-00581,Grizelda Yewbarrow,grizelda.yewbarrow67@crystalball.io,ec,2025-01-21,1912,Enchantment
WIZ-00582,Delphine Moonbrook,delphine.moonbrook219@crystalball.io,silverwood,2025-10-25,1984,Transmutation
WIZ-00583,Belladonna Everbright,belladonna.everbright976@grimoire.org,nr,2023-08-05,1895,Divination
WIZ-00584,Thaddeus Crowfeather,thaddeus.crowfeather915@crystalball.io,NR,2025-12-20,1999,Transmutation
WIZ-00585,Kestrel Copperkettle,kestrel.copperkettle549@owlmail.co,CV,2024-03-05,2001,Enchantment
WIZ-00586,Juniper Mistlethorn,juniper.mistlethorn844@crystalball.io,Northern Reaches,2023-05-29,2004,Divination
WIZ-00587,Ambrose Duskwater,ambrose.duskwater966@owlmail.co,sw,2024-07-04,1959,Healing
WIZ-00588,Morwenna Zellandine,morwenna.zellandine222@crystalball.io,NR,2024-12-18,1971,HERBALISM
WIZ-00589,Xanthe Emberwhisk,xanthe.emberwhisk889@ravenpost.net,sw,2023-11-11,1943,Transmutation
WIZ-00590,Ignatius Barrowmere,ignatius.barrowmere181@grimoire.org,EC,2025-06-09,1961,Divination
WIZ-00591,Belladonna Owlsworth,belladonna.owlsworth826@ravenpost.net,NR,2024-10-10,2004,Transmutation
WIZ-00592,Petra Ironquill,petra.ironquill826@ravenpost.net,Silverwood,2024-03-30,1912,Divination
WIZ-00593,Hawthorne Copperkettle,hawthorne.copperkettle813@grimoire.org,Ember Coast,2024-11-05,1975,Illusion
WIZ-00594,Xanthe Mossheart,xanthe.mossheart271@crystalball.io,The Marshlands,2025-04-01,1938,Enchantment
WIZ-00595,Ambrose Moonbrook,ambrose.moonbrook861@moonmail.net,ml,2023-06-07,1927,DIVINATION
WIZ-00596,Peregrine Jackdaw,peregrine.jackdaw403@ravenpost.net,ml,2025-01-14,1901,Enchantment
WIZ-00597,Zephyrine Saltmarsh,zephyrine.saltmarsh728@owlmail.co,ec,2025-09-21,1985,Transmutation
WIZ-00598,Quilla Jackdaw,quilla.jackdaw96@ravenpost.net,ec,2023-11-27,1960,Divination
WIZ-00599,Fenwick Kilnworth,fenwick.kilnworth650@crystalball.io,nr,2023-05-14,1913,Alchemy
WIZ-00600,Yarrow Duskwater,yarrow.duskwater148@ravenpost.net,sw,2025-04-08,1898,Healing
WIZ-00601,Grizelda Foxglove,grizelda.foxglove507@crystalball.io,CV,2023-07-04,1897,Transmutation
WIZ-00602,Fiora Wandwright,fiora.wandwright322@grimoire.org,ML,2024-03-05,1886,Divination
WIZ-00603,Cassia Ashgrove,cassia.ashgrove629@moonmail.net,SW,2025-06-21,1979,ALCHEMY
WIZ-00604,Bramble Ironquill,bramble.ironquill222@crystalball.io,NR,2024-06-08,1926,Divination
WIZ-00605,Isolde Brightmantle,isolde.brightmantle357@moonmail.net,sw,2023-07-24,1988,Transmutation
WIZ-00606,Morwenna Duskwater,morwenna.duskwater106@moonmail.net,ml,2023-10-15,1906,Illusion
WIZ-00607,Belladonna Crowfeather,belladonna.crowfeather638@ravenpost.net,SW,2025-04-05,1957,Alchemy
WIZ-00608,Elowen Crowfeather,elowen.crowfeather260@moonmail.net,ec,2023-02-04,1997,ENCHANTMENT
WIZ-00609,Zephyrine Emberwhisk,zephyrine.emberwhisk191@crystalball.io,NR,2023-11-27,1932,Alchemy
WIZ-00610,Alaric Saltmarsh,alaric.saltmarsh582@crystalball.io,cv,2025-06-02,1934,Alchemy
WIZ-00611,Grizelda Jackdaw,grizelda.jackdaw662@grimoire.org,SW,2023-03-18,1989,Alchemy
WIZ-00612,Fiora Frostpetal,fiora.frostpetal128@grimoire.org,NR,2023-10-09,1934,Divination
WIZ-00613,Corvin Thistledown,corvin.thistledown991@grimoire.org,nr,2025-04-18,1952,Healing
WIZ-00614,Edric Nightbloom,edric.nightbloom282@crystalball.io,ML,2025-08-30,1956,Illusion
WIZ-00615,Zephyrine Quickbramble,zephyrine.quickbramble657@ravenpost.net,the marshlands,2025-10-09,1898,Healing
WIZ-00616,Isolde Nightbloom,isolde.nightbloom232@owlmail.co,Northern Reaches,2026-06-05,1988,Alchemy
WIZ-00617,Alaric Cinderfell,alaric.cinderfell970@crystalball.io,NR,2023-02-14,1963,Illusion
WIZ-00618,Kestrel Ravenscroft,kestrel.ravenscroft883@owlmail.co,The Marshlands,2024-10-31,1999,Transmutation
WIZ-00619,Hesper Hazelrigg,hesper.hazelrigg288@crystalball.io,ml,2024-05-04,1896,Alchemy
WIZ-00620,Wendeline Jackdaw,wendeline.jackdaw753@owlmail.co,SW,2025-03-06,1948,Healing
WIZ-00621,Delphine Wyrmwood,delphine.wyrmwood834@moonmail.net,ml,2023-04-18,1925,ILLUSION
WIZ-00622,Jasper Gorsebush,jasper.gorsebush373@grimoire.org,Crystal Vale,2023-05-14,1950,Divination
WIZ-00623,Rowan Barrowmere,rowan.barrowmere592@ravenpost.net,Northern Reaches,2023-11-11,1980,Healing
WIZ-00624,Lyra Brightmantle,lyra.brightmantle272@ravenpost.net,CV,2024-06-27,1940,Divination
WIZ-00625,Gideon Tanglewood,gideon.tanglewood51@grimoire.org,ML,2023-10-07,1922,Divination
WIZ-00626,Hesper Mistlethorn,hesper.mistlethorn52@owlmail.co,CV,2025-09-17,1891,Healing
WIZ-00627,Ignatius Nightbloom,ignatius.nightbloom104@owlmail.co,The Marshlands,2024-02-19,1919,Transmutation
WIZ-00628,Wendeline Owlsworth,wendeline.owlsworth97@owlmail.co,Ember Coast,2025-04-21,1946,Enchantment
WIZ-00629,Peregrine Hollowbranch,peregrine.hollowbranch341@grimoire.org,NR,2023-03-13,1945,Transmutation
WIZ-00630,Quilla Wandwright,quilla.wandwright993@grimoire.org,sw,2023-01-10,1916,Transmutation
WIZ-00631,Corvin Owlsworth,corvin.owlsworth774@owlmail.co,ML,2025-12-20,1987,Enchantment
WIZ-00632,Wendeline Ironquill,wendeline.ironquill470@ravenpost.net,ML,2024-05-13,1927,Herbalism
WIZ-00633,Oleander Everbright,oleander.everbright22@owlmail.co,Crystal Vale,2024-06-15,1969,Divination
WIZ-00634,Corvin Barrowmere,corvin.barrowmere978@grimoire.org,silverwood,2023-04-02,1997,Enchantment
WIZ-00635,Caspian Hazelrigg,caspian.hazelrigg401@moonmail.net,ember coast,2023-12-24,1924,Divination
WIZ-00636,Vesper Netherfield,vesper.netherfield812@crystalball.io,ember coast,2024-04-10,1948,Enchantment
WIZ-00637,Hesper Owlsworth,hesper.owlsworth499@crystalball.io,NR,2026-05-12,1943,Healing
WIZ-00638,Hawthorne Cinderfell,hawthorne.cinderfell677@ravenpost.net,NR,2024-07-06,1997,Alchemy
WIZ-00639,Juniper Foxglove,juniper.foxglove751@owlmail.co,ember coast,2025-04-04,1922,Divination
WIZ-00640,Peregrine Wyrmwood,peregrine.wyrmwood943@crystalball.io,SW,2024-10-09,1940,Enchantment
WIZ-00641,Isolde Copperkettle,isolde.copperkettle309@crystalball.io,nr,2024-03-02,1965,Transmutation
WIZ-00642,Belladonna Nightbloom,belladonna.nightbloom516@crystalball.io,EC,2024-03-28,1938,Transmutation
WIZ-00643,Bramble Zellandine,bramble.zellandine310@owlmail.co,SW,2023-05-24,1964,Herbalism
WIZ-00644,Dorian Yewbarrow,dorian.yewbarrow782@moonmail.net,EC,2023-01-07,1892,Alchemy
WIZ-00645,Vesper Mistlethorn,vesper.mistlethorn708@crystalball.io,ML,2023-10-25,1959,Enchantment
WIZ-00646,Nimbus Hazelrigg,nimbus.hazelrigg917@owlmail.co,EC,2024-05-22,2004,Healing
WIZ-00647,Morwenna Ashgrove,morwenna.ashgrove124@moonmail.net,NR,2023-06-06,1945,Healing
WIZ-00648,Dorian Ashgrove,dorian.ashgrove840@owlmail.co,ml,2024-05-10,1990,Herbalism
WIZ-00649,Petra Ashgrove,petra.ashgrove146@owlmail.co,Northern Reaches,2026-04-13,1954,Divination
WIZ-00650,Grizelda Larkspur,grizelda.larkspur396@ravenpost.net,Ember Coast,2026-05-15,1903,Healing
WIZ-00651,Yarrow Thistledown,yarrow.thistledown915@moonmail.net,ember coast,2024-08-04,1930,Divination
WIZ-00652,Rowan Thistledown,rowan.thistledown882@moonmail.net,northern reaches,2025-07-02,1952,Transmutation
WIZ-00653,Jasper Umberfall,jasper.umberfall733@owlmail.co,Northern Reaches,2026-01-28,1923,Transmutation
WIZ-00654,Edric Wyrmwood,edric.wyrmwood590@moonmail.net,ml,2026-03-13,1901,Enchantment
WIZ-00655,Wendeline Larkspur,wendeline.larkspur31@owlmail.co,nr,2025-08-18,1948,Enchantment
WIZ-00656,Peregrine Nightbloom,peregrine.nightbloom394@grimoire.org,CV,2024-12-26,1917,Healing
WIZ-00657,Caspian Vexley,caspian.vexley329@ravenpost.net,SW,2024-07-31,1966,Herbalism
WIZ-00658,Fiora Crowfeather,fiora.crowfeather166@grimoire.org,The Marshlands,2025-02-16,1909,Healing
WIZ-00659,Grizelda Winterbourne,grizelda.winterbourne369@grimoire.org,Silverwood,2023-05-24,1928,Divination
WIZ-00660,Hesper Frostpetal,hesper.frostpetal486@moonmail.net,ec,2023-08-01,1956,Illusion
WIZ-00661,Belladonna Wyrmwood,belladonna.wyrmwood802@moonmail.net,EC,2026-02-03,1914,Healing
WIZ-00662,Oswin Owlsworth,oswin.owlsworth367@ravenpost.net,CV,2025-03-15,1921,Healing
WIZ-00663,Hesper Netherfield,hesper.netherfield560@ravenpost.net,silverwood,2025-08-13,1918,Enchantment
WIZ-00664,Quilla Copperkettle,quilla.copperkettle561@crystalball.io,cv,2023-03-02,1997,Healing
WIZ-00665,Corvin Netherfield,corvin.netherfield73@grimoire.org,sw,2024-08-06,1895,Herbalism
WIZ-00666,Cassia Nightbloom,cassia.nightbloom359@grimoire.org,Ember Coast,2024-06-03,1997,Divination
WIZ-00667,Morwenna Ironquill,morwenna.ironquill756@ravenpost.net,SW,2025-07-24,1983,Transmutation
WIZ-00668,Belladonna Jackdaw,belladonna.jackdaw631@crystalball.io,EC,2024-03-24,2002,Healing
WIZ-00669,Alaric Mossheart,alaric.mossheart822@ravenpost.net,CV,2026-01-01,1892,Healing
WIZ-00670,Seraphine Moonbrook,seraphine.moonbrook133@moonmail.net,ec,2023-09-08,1969,Healing
WIZ-00671,Nimbus Frostpetal,nimbus.frostpetal880@owlmail.co,EC,2025-07-01,1931,Illusion
WIZ-00672,Peregrine Hazelrigg,peregrine.hazelrigg516@ravenpost.net,northern reaches,2025-05-23,1975,Herbalism
WIZ-00673,Isolde Hazelrigg,isolde.hazelrigg743@owlmail.co,NR,2023-08-04,1941,Enchantment
WIZ-00674,Bramble Frostpetal,bramble.frostpetal394@crystalball.io,ML,2025-04-03,1920,Illusion
WIZ-00675,Yarrow Wyrmwood,yarrow.wyrmwood189@grimoire.org,sw,2025-02-15,1889,Herbalism
WIZ-00676,Oleander Tanglewood,oleander.tanglewood606@owlmail.co,ML,2025-03-26,1991,Herbalism
WIZ-00677,Dorian Nightbloom,dorian.nightbloom961@moonmail.net,ec,2026-05-26,1957,Illusion
WIZ-00678,Yarrow Dimbleby,yarrow.dimbleby16@crystalball.io,the marshlands,2025-03-01,1895,Divination
WIZ-00679,Corvin Yewbarrow,corvin.yewbarrow676@crystalball.io,The Marshlands,2023-10-08,1962,Healing
WIZ-00680,Umbra Duskwater,umbra.duskwater451@ravenpost.net,ember coast,2025-09-28,1946,Enchantment
WIZ-00681,Dorian Larkspur,dorian.larkspur565@crystalball.io,CV,2025-04-10,1918,Illusion
WIZ-00682,Fiora Ravenscroft,fiora.ravenscroft633@ravenpost.net,nr,2023-06-28,1908,Enchantment
WIZ-00683,Umbra Moonbrook,umbra.moonbrook732@crystalball.io,CV,2025-02-19,1993,Illusion
WIZ-00684,Cassia Mistlethorn,cassia.mistlethorn455@ravenpost.net,SW,2023-04-22,1926,Herbalism
WIZ-00685,Ambrose Wandwright,ambrose.wandwright335@moonmail.net,ML,2025-04-16,1937,Enchantment
WIZ-00686,Seraphine Netherfield,seraphine.netherfield953@owlmail.co,CV,2024-01-13,1962,Divination
WIZ-00687,Gideon Larkspur,gideon.larkspur597@ravenpost.net,SW,2025-02-06,1982,Enchantment
WIZ-00688,Oswin Kilnworth,oswin.kilnworth752@grimoire.org,SW,2026-02-09,1997,Herbalism
WIZ-00689,Hesper Hazelrigg,hesper.hazelrigg590@crystalball.io,CV,2025-04-02,1987,ILLUSION
WIZ-00690,Umbra Ashgrove,umbra.ashgrove902@grimoire.org,EC,2025-09-29,1949,HEALING
WIZ-00691,Oleander Mossheart,oleander.mossheart848@owlmail.co,CV,2025-09-02,2001,Transmutation
WIZ-00692,Oleander Duskwater,oleander.duskwater84@grimoire.org,ember coast,2025-06-15,1958,Transmutation
WIZ-00693,Lyra Dimbleby,lyra.dimbleby784@moonmail.net,ml,2023-05-04,1897,Divination
WIZ-00694,Bramble Hollowbranch,bramble.hollowbranch543@grimoire.org,CV,2024-11-13,1936,Enchantment
WIZ-00695,Hawthorne Tanglewood,hawthorne.tanglewood632@ravenpost.net,CV,2025-06-10,1979,ALCHEMY
WIZ-00696,Caspian Barrowmere,caspian.barrowmere752@owlmail.co,ml,2024-05-03,1989,Herbalism
WIZ-00697,Maribel Larkspur,maribel.larkspur450@owlmail.co,ec,2024-04-09,2005,Illusion
WIZ-00698,Vesper Cinderfell,vesper.cinderfell865@grimoire.org,EC,2025-12-20,1981,DIVINATION
WIZ-00699,Nimbus Barrowmere,nimbus.barrowmere322@ravenpost.net,EC,2026-02-09,1921,Alchemy
WIZ-00700,Kestrel Owlsworth,kestrel.owlsworth772@ravenpost.net,cv,2025-03-23,1903,Healing
WIZ-00701,Kestrel Emberwhisk,kestrel.emberwhisk553@moonmail.net,ML,2024-08-10,1991,Illusion
WIZ-00702,Corvin Barrowmere,corvin.barrowmere465@crystalball.io,Crystal Vale,2025-12-16,2002,Illusion
WIZ-00703,Fiora Duskwater,fiora.duskwater750@ravenpost.net,Crystal Vale,2023-05-21,1980,Illusion
WIZ-00704,Kestrel Gorsebush,kestrel.gorsebush526@ravenpost.net,SW,2024-04-09,2003,Healing
WIZ-00705,Hesper Saltmarsh,hesper.saltmarsh643@ravenpost.net,nr,2023-02-06,1996,Divination
WIZ-00706,Jasper Frostpetal,jasper.frostpetal204@ravenpost.net,Crystal Vale,2025-11-21,1980,Divination
WIZ-00707,Juniper Netherfield,juniper.netherfield705@crystalball.io,sw,2023-07-02,1915,Enchantment
WIZ-00708,Lyra Quickbramble,lyra.quickbramble502@grimoire.org,sw,2025-04-26,1922,Healing
WIZ-00709,Seraphine Zellandine,seraphine.zellandine436@ravenpost.net,northern reaches,2025-05-30,1969,Healing
WIZ-00710,Isolde Everbright,isolde.everbright704@owlmail.co,NR,2025-11-13,1912,Illusion
WIZ-00711,Umbra Duskwater,umbra.duskwater453@grimoire.org,ember coast,2025-08-26,1919,Transmutation
WIZ-00712,Cassia Quickbramble,cassia.quickbramble171@moonmail.net,nr,2025-02-12,2006,Herbalism
WIZ-00713,Ignatius Emberwhisk,ignatius.emberwhisk93@crystalball.io,Crystal Vale,2024-07-22,1955,Healing
WIZ-00714,Xanthe Ironquill,xanthe.ironquill406@owlmail.co,EC,2023-06-10,1932,Alchemy
WIZ-00715,Peregrine Thistledown,peregrine.thistledown540@ravenpost.net,Ember Coast,2023-01-21,1890,Divination
WIZ-00716,Peregrine Moonbrook,peregrine.moonbrook387@grimoire.org,Northern Reaches,2023-05-07,1919,Illusion
WIZ-00717,Ambrose Emberwhisk,ambrose.emberwhisk603@grimoire.org,nr,2023-06-05,1924,Illusion
WIZ-00718,Bramble Quickbramble,bramble.quickbramble993@moonmail.net,EC,2023-07-27,1896,DIVINATION
WIZ-00719,Edric Owlsworth,edric.owlsworth392@ravenpost.net,Crystal Vale,2025-12-29,2006,Alchemy
WIZ-00720,Caspian Mossheart,caspian.mossheart238@grimoire.org,ec,2024-07-26,1967,Alchemy
WIZ-00721,Fenwick Nightbloom,fenwick.nightbloom502@moonmail.net,NR,2025-01-29,1963,Illusion
WIZ-00722,Corvin Mossheart,corvin.mossheart319@crystalball.io,ML,2024-05-20,1973,Herbalism
WIZ-00723,Rowan Winterbourne,rowan.winterbourne321@owlmail.co,Ember Coast,2025-11-13,1950,Herbalism
WIZ-00724,Fenwick Nightbloom,fenwick.nightbloom776@ravenpost.net,Northern Reaches,2024-09-18,1906,Divination
WIZ-00725,Cassia Barrowmere,cassia.barrowmere499@owlmail.co,ml,2026-04-03,1936,Healing
WIZ-00726,Seraphine Brightmantle,seraphine.brightmantle578@owlmail.co,nr,2026-03-22,1911,Illusion
WIZ-00727,Hesper Mistlethorn,hesper.mistlethorn339@owlmail.co,Northern Reaches,2024-04-18,1945,Healing
WIZ-00728,Edric Wandwright,edric.wandwright193@owlmail.co,sw,2024-07-06,1927,Healing
WIZ-00729,Kestrel Wandwright,kestrel.wandwright15@owlmail.co,Northern Reaches,2023-08-20,1996,Transmutation
WIZ-00730,Petra Yewbarrow,petra.yewbarrow676@owlmail.co,NR,2026-01-26,1978,Divination
WIZ-00731,Grizelda Ravenscroft,grizelda.ravenscroft393@crystalball.io,Silverwood,2026-02-22,1962,ALCHEMY
WIZ-00732,Petra Everbright,petra.everbright222@ravenpost.net,cv,2023-01-03,1903,Divination
WIZ-00733,Elowen Cinderfell,elowen.cinderfell484@crystalball.io,Ember Coast,2024-03-26,1915,Herbalism
WIZ-00734,Edric Umberfall,edric.umberfall81@moonmail.net,the marshlands,2024-06-18,2006,Enchantment
WIZ-00735,Belladonna Jackdaw,belladonna.jackdaw702@ravenpost.net,SW,2026-06-12,1929,Divination
WIZ-00736,Delphine Umberfall,delphine.umberfall898@owlmail.co,EC,2025-02-04,1980,Healing
WIZ-00737,Morwenna Thistledown,morwenna.thistledown378@crystalball.io,EC,2025-06-02,1919,Healing
WIZ-00738,Zephyrine Moonbrook,zephyrine.moonbrook59@moonmail.net,The Marshlands,2025-03-17,2003,TRANSMUTATION
WIZ-00739,Fiora Stormbottle,fiora.stormbottle827@ravenpost.net,NR,2026-04-25,1999,Enchantment
WIZ-00740,Isolde Glimmerstone,isolde.glimmerstone653@ravenpost.net,Ember Coast,2024-10-31,1920,Illusion
WIZ-00741,Bramble Tanglewood,bramble.tanglewood174@moonmail.net,ML,2025-05-21,1886,Enchantment
WIZ-00742,Dorian Wandwright,dorian.wandwright274@ravenpost.net,NR,2024-05-28,1962,Divination
WIZ-00743,Alaric Quickbramble,alaric.quickbramble478@moonmail.net,ML,2023-12-26,2004,Transmutation
WIZ-00744,Lyra Glimmerstone,lyra.glimmerstone808@ravenpost.net,NR,2023-01-21,1895,ENCHANTMENT
WIZ-00745,Morwenna Ravenscroft,morwenna.ravenscroft183@crystalball.io,NR,2024-01-24,1913,Illusion
WIZ-00746,Lyra Owlsworth,lyra.owlsworth502@crystalball.io,SW,2024-03-26,1967,Herbalism
WIZ-00747,Kestrel Moonbrook,kestrel.moonbrook551@moonmail.net,Northern Reaches,2026-02-20,1929,Enchantment
WIZ-00748,Nimbus Tanglewood,nimbus.tanglewood761@crystalball.io,Northern Reaches,2025-11-28,1918,Divination
WIZ-00749,Hawthorne Hazelrigg,hawthorne.hazelrigg479@moonmail.net,ec,2025-01-07,1969,HERBALISM
WIZ-00750,Grizelda Umberfall,grizelda.umberfall487@crystalball.io,ember coast,2024-07-09,1908,Alchemy
WIZ-00751,Lyra Emberwhisk,lyra.emberwhisk590@grimoire.org,ml,2026-03-24,1916,Alchemy
WIZ-00752,Edric Yewbarrow,edric.yewbarrow923@moonmail.net,NR,2023-08-28,1919,Herbalism
WIZ-00753,Gideon Hollowbranch,gideon.hollowbranch966@moonmail.net,northern reaches,2026-03-04,1981,Divination
WIZ-00754,Dorian Glimmerstone,dorian.glimmerstone470@grimoire.org,NR,2023-05-25,1903,Divination
WIZ-00755,Fenwick Stormbottle,fenwick.stormbottle742@owlmail.co,nr,2023-07-28,1984,Alchemy
WIZ-00756,Grizelda Everbright,grizelda.everbright935@grimoire.org,Silverwood,2025-08-08,1975,Divination
WIZ-00757,Isolde Saltmarsh,isolde.saltmarsh335@crystalball.io,The Marshlands,2024-11-14,1939,Herbalism
WIZ-00758,Fiora Larkspur,fiora.larkspur378@crystalball.io,Ember Coast,2023-07-02,1963,Herbalism
WIZ-00759,Oswin Ravenscroft,oswin.ravenscroft446@ravenpost.net,ec,2024-08-15,1939,Divination
WIZ-00760,Edric Moonbrook,edric.moonbrook408@moonmail.net,ml,2024-03-07,1895,Alchemy
WIZ-00761,Zephyrine Thistledown,zephyrine.thistledown394@grimoire.org,nr,2023-05-12,1970,Transmutation
WIZ-00762,Belladonna Duskwater,belladonna.duskwater822@grimoire.org,Ember Coast,2024-10-27,1976,Alchemy
WIZ-00763,Hawthorne Stormbottle,hawthorne.stormbottle892@ravenpost.net,NR,2025-12-27,2004,Enchantment
WIZ-00764,Petra Dimbleby,petra.dimbleby125@grimoire.org,EC,2025-10-19,1961,Enchantment
WIZ-00765,Seraphine Emberwhisk,seraphine.emberwhisk428@ravenpost.net,EC,2024-12-31,1889,Herbalism
WIZ-00766,Ignatius Yewbarrow,ignatius.yewbarrow130@owlmail.co,SW,2023-03-28,1920,ALCHEMY
WIZ-00767,Peregrine Hazelrigg,peregrine.hazelrigg382@ravenpost.net,northern reaches,2024-08-11,1966,Illusion
WIZ-00768,Fenwick Tanglewood,fenwick.tanglewood23@owlmail.co,CV,2025-05-06,1968,Enchantment
WIZ-00769,Belladonna Ashgrove,belladonna.ashgrove311@moonmail.net,Silverwood,2026-02-05,1916,Enchantment
WIZ-00770,Edric Winterbourne,edric.winterbourne706@owlmail.co,nr,2025-09-21,1962,TRANSMUTATION
WIZ-00771,Rowan Thistledown,rowan.thistledown673@owlmail.co,nr,2024-07-20,1986,Enchantment
WIZ-00772,Bramble Saltmarsh,bramble.saltmarsh624@grimoire.org,sw,2023-10-22,1927,Herbalism
WIZ-00773,Alaric Tanglewood,alaric.tanglewood156@grimoire.org,ml,2023-12-21,1953,Enchantment
WIZ-00774,Zephyrine Moonbrook,zephyrine.moonbrook647@grimoire.org,SW,2026-02-06,1911,ENCHANTMENT
WIZ-00775,Seraphine Saltmarsh,seraphine.saltmarsh640@moonmail.net,NR,2025-10-22,1940,TRANSMUTATION
WIZ-00776,Seraphine Jackdaw,seraphine.jackdaw551@owlmail.co,ember coast,2025-02-26,1900,Healing
WIZ-00777,Hawthorne Kilnworth,hawthorne.kilnworth753@grimoire.org,SW,2023-06-12,1912,TRANSMUTATION
WIZ-00778,Xanthe Nightbloom,xanthe.nightbloom781@crystalball.io,ec,2026-06-04,1913,Illusion
WIZ-00779,Seraphine Crowfeather,seraphine.crowfeather4@moonmail.net,The Marshlands,2023-07-01,1968,Divination
WIZ-00780,Maribel Zellandine,maribel.zellandine30@moonmail.net,nr,2025-08-25,1949,Healing
WIZ-00781,Bramble Saltmarsh,bramble.saltmarsh484@ravenpost.net,CV,2024-12-18,1961,Illusion
WIZ-00782,Morwenna Hollowbranch,morwenna.hollowbranch960@owlmail.co,EC,2025-03-03,1999,Healing
WIZ-00783,Peregrine Mistlethorn,peregrine.mistlethorn997@grimoire.org,EC,2025-03-05,1962,Illusion
WIZ-00784,Kestrel Fernwhistle,,nr,2024-09-10,1995,HERBALISM
WIZ-00785,Elowen Zellandine,elowen.zellandine796@moonmail.net,sw,2026-01-02,1888,Transmutation
WIZ-00786,Seraphine Yewbarrow,seraphine.yewbarrow734@moonmail.net,SW,2024-08-10,1985,Healing
WIZ-00787,Maribel Ashgrove,maribel.ashgrove348@owlmail.co,Crystal Vale,2025-07-11,1911,Alchemy
WIZ-00788,Elowen Dimbleby,elowen.dimbleby776@crystalball.io,ec,2025-11-16,1927,Illusion
WIZ-00789,Rowan Mistlethorn,rowan.mistlethorn296@ravenpost.net,NR,2023-05-24,1931,Enchantment
WIZ-00790,Kestrel Kilnworth,kestrel.kilnworth690@crystalball.io,Northern Reaches,2025-10-30,1901,Divination
WIZ-00791,Quilla Mossheart,quilla.mossheart152@moonmail.net,NR,2023-08-05,1950,Enchantment
WIZ-00792,Edric Netherfield,edric.netherfield602@moonmail.net,EC,2025-06-18,1995,Transmutation
WIZ-00793,Edric Stormbottle,,CV,2025-07-24,1924,Divination
WIZ-00794,Hawthorne Copperkettle,hawthorne.copperkettle654@ravenpost.net,The Marshlands,2024-04-15,1985,Illusion
WIZ-00795,Morwenna Vexley,morwenna.vexley975@crystalball.io,EC,2025-08-13,1953,Illusion
WIZ-00796,Dorian Crowfeather,dorian.crowfeather817@owlmail.co,sw,2025-03-11,1916,Divination
WIZ-00797,Cassia Mistlethorn,cassia.mistlethorn195@ravenpost.net,CV,2023-10-12,1923,Healing
WIZ-00798,Maribel Everbright,maribel.everbright53@crystalball.io,ML,2026-01-01,1946,Healing
WIZ-00799,Grizelda Ironquill,grizelda.ironquill583@ravenpost.net,Silverwood,2026-03-05,1899,Enchantment
WIZ-00800,Morwenna Larkspur,morwenna.larkspur1@crystalball.io,ml,2026-03-22,1948,Enchantment
WIZ-00801,Gideon Owlsworth,gideon.owlsworth545@owlmail.co,ec,2025-05-03,1949,Alchemy
WIZ-00802,Lyra Frostpetal,lyra.frostpetal168@owlmail.co,NR,2024-06-05,1923,HEALING
WIZ-00803,Ignatius Stormbottle,ignatius.stormbottle219@crystalball.io,EC,2023-04-22,1952,Transmutation
WIZ-00804,Petra Winterbourne,petra.winterbourne197@grimoire.org,The Marshlands,2024-12-06,1963,Enchantment
WIZ-00805,Edric Mistlethorn,edric.mistlethorn270@grimoire.org,Crystal Vale,2025-04-02,1932,Divination
WIZ-00806,Umbra Crowfeather,umbra.crowfeather6@grimoire.org,NR,2024-02-07,1967,Illusion
WIZ-00807,Rowan Emberwhisk,rowan.emberwhisk734@crystalball.io,EC,2025-01-24,1926,Transmutation
WIZ-00808,Juniper Copperkettle,juniper.copperkettle877@crystalball.io,NR,2026-03-25,1926,Enchantment
WIZ-00809,Edric Moonbrook,edric.moonbrook931@grimoire.org,northern reaches,2025-08-04,1960,Transmutation
WIZ-00810,Vesper Brightmantle,vesper.brightmantle114@grimoire.org,Northern Reaches,2025-09-22,1926,Illusion
WIZ-00811,Jasper Larkspur,jasper.larkspur449@owlmail.co,ec,2023-07-24,1969,Alchemy
WIZ-00812,Bramble Ravenscroft,bramble.ravenscroft717@crystalball.io,CV,2024-09-08,1983,Transmutation
WIZ-00813,Umbra Dimbleby,umbra.dimbleby694@crystalball.io,Northern Reaches,2024-01-06,1887,Divination
WIZ-00814,Zephyrine Frostpetal,zephyrine.frostpetal525@crystalball.io,NR,2025-12-24,1889,Herbalism
WIZ-00815,Ignatius Frostpetal,ignatius.frostpetal753@ravenpost.net,silverwood,2023-12-08,1984,Healing
WIZ-00816,Fenwick Kilnworth,fenwick.kilnworth196@ravenpost.net,ML,2026-03-17,1920,Transmutation
WIZ-00817,Jasper Tanglewood,jasper.tanglewood800@grimoire.org,CV,2023-12-14,1922,Healing
WIZ-00818,Alaric Mossheart,alaric.mossheart229@moonmail.net,SW,2023-06-04,1943,Enchantment
WIZ-00819,Corvin Umberfall,corvin.umberfall792@owlmail.co,NR,2026-02-11,1888,Herbalism
WIZ-00820,Isolde Ironquill,isolde.ironquill323@owlmail.co,SW,2023-03-12,1905,TRANSMUTATION
WIZ-00821,Nimbus Umberfall,nimbus.umberfall971@grimoire.org,Northern Reaches,2024-03-26,1994,Enchantment
WIZ-00822,Caspian Yewbarrow,caspian.yewbarrow128@ravenpost.net,cv,2024-01-25,1959,Enchantment
WIZ-00823,Nimbus Ashgrove,nimbus.ashgrove325@grimoire.org,northern reaches,2026-03-12,1987,Herbalism
WIZ-00824,Hawthorne Dimbleby,hawthorne.dimbleby410@ravenpost.net,ember coast,2024-01-25,1992,Healing
WIZ-00825,Thaddeus Mossheart,thaddeus.mossheart830@grimoire.org,CV,2024-09-25,1920,Enchantment
WIZ-00826,Jasper Fernwhistle,jasper.fernwhistle160@owlmail.co,Silverwood,2023-01-10,1892,Herbalism
WIZ-00827,Seraphine Vexley,seraphine.vexley179@moonmail.net,Crystal Vale,2024-12-09,1988,Enchantment
WIZ-00828,Hawthorne Hollowbranch,hawthorne.hollowbranch641@crystalball.io,CV,2023-07-28,1926,Healing
WIZ-00829,Edric Moonbrook,edric.moonbrook48@moonmail.net,ec,2024-11-25,1952,Divination
WIZ-00830,Oswin Glimmerstone,oswin.glimmerstone488@grimoire.org,Crystal Vale,2024-09-06,1953,Transmutation
WIZ-00831,Alaric Quickbramble,alaric.quickbramble673@moonmail.net,ec,2025-03-21,1976,Healing
WIZ-00832,Corvin Copperkettle,corvin.copperkettle965@owlmail.co,NR,2024-06-11,1897,Enchantment
WIZ-00833,Grizelda Fernwhistle,grizelda.fernwhistle309@crystalball.io,ml,2023-07-09,1960,Herbalism
WIZ-00834,Rowan Ravenscroft,rowan.ravenscroft594@ravenpost.net,The Marshlands,2024-01-19,1965,Healing
WIZ-00835,Alaric Foxglove,alaric.foxglove331@ravenpost.net,sw,2025-03-01,1929,Divination
WIZ-00836,Corvin Yewbarrow,corvin.yewbarrow270@moonmail.net,Ember Coast,2025-02-05,1968,Illusion
WIZ-00837,Lyra Duskwater,lyra.duskwater468@ravenpost.net,SW,2024-05-14,1951,Alchemy
WIZ-00838,Bramble Ironquill,bramble.ironquill850@ravenpost.net,Northern Reaches,2023-08-21,1901,Illusion
WIZ-00839,Juniper Glimmerstone,juniper.glimmerstone840@moonmail.net,Northern Reaches,2025-11-29,1913,Illusion
WIZ-00840,Wendeline Hazelrigg,wendeline.hazelrigg544@moonmail.net,nr,2024-12-03,1954,Divination
WIZ-00841,Kestrel Vexley,kestrel.vexley880@moonmail.net,northern reaches,2023-06-19,1976,Divination
WIZ-00842,Belladonna Copperkettle,belladonna.copperkettle923@moonmail.net,Crystal Vale,2024-02-15,1944,Alchemy
WIZ-00843,Alaric Wandwright,alaric.wandwright752@moonmail.net,SW,2023-11-16,1981,Transmutation
WIZ-00844,Kestrel Fernwhistle,kestrel.fernwhistle401@moonmail.net,Northern Reaches,2023-06-13,1894,DIVINATION
WIZ-00845,Zephyrine Ashgrove,zephyrine.ashgrove156@owlmail.co,ec,2026-02-20,1982,Alchemy
WIZ-00846,Thaddeus Hazelrigg,thaddeus.hazelrigg449@crystalball.io,ml,2024-04-27,1963,Transmutation
WIZ-00847,Vesper Brightmantle,vesper.brightmantle913@crystalball.io,nr,2024-08-11,1959,Divination
WIZ-00848,Fiora Owlsworth,fiora.owlsworth750@moonmail.net,Crystal Vale,2023-04-16,1915,Illusion
WIZ-00849,Belladonna Zellandine,belladonna.zellandine287@crystalball.io,cv,2023-04-18,1927,Transmutation
WIZ-00850,Wendeline Glimmerstone,wendeline.glimmerstone507@owlmail.co,sw,2024-05-12,1898,Illusion
WIZ-00851,Oleander Kilnworth,oleander.kilnworth684@grimoire.org,NR,2024-06-15,1992,Illusion
WIZ-00852,Grizelda Ashgrove,grizelda.ashgrove689@moonmail.net,EC,2025-03-02,1980,Healing
WIZ-00853,Delphine Kilnworth,delphine.kilnworth833@grimoire.org,SW,2024-08-08,1957,Divination
WIZ-00854,Grizelda Owlsworth,grizelda.owlsworth870@crystalball.io,ec,2024-07-30,1930,Divination
WIZ-00855,Umbra Dimbleby,umbra.dimbleby813@owlmail.co,Northern Reaches,2026-04-12,1955,Enchantment
WIZ-00856,Wendeline Stormbottle,wendeline.stormbottle632@moonmail.net,The Marshlands,2024-09-30,1914,Alchemy
WIZ-00857,Fenwick Yewbarrow,fenwick.yewbarrow775@grimoire.org,Northern Reaches,2024-05-24,1947,Alchemy
WIZ-00858,Xanthe Hollowbranch,,NR,2025-05-27,1949,Enchantment
WIZ-00859,Juniper Ironquill,juniper.ironquill93@moonmail.net,cv,2023-03-19,1994,Alchemy
WIZ-00860,Wendeline Yewbarrow,wendeline.yewbarrow980@crystalball.io,silverwood,2024-01-30,1926,Divination
WIZ-00861,Juniper Foxglove,juniper.foxglove230@owlmail.co,NR,2025-04-07,1967,Illusion
WIZ-00862,Peregrine Emberwhisk,peregrine.emberwhisk425@moonmail.net,sw,2025-11-07,1937,Divination
WIZ-00863,Corvin Wyrmwood,corvin.wyrmwood270@grimoire.org,ember coast,2025-07-08,2004,Divination
WIZ-00864,Isolde Saltmarsh,isolde.saltmarsh593@owlmail.co,northern reaches,2025-03-10,1949,Enchantment
WIZ-00865,Oleander Mossheart,oleander.mossheart841@owlmail.co,ec,2026-04-22,1891,Transmutation
WIZ-00866,Belladonna Wandwright,belladonna.wandwright460@moonmail.net,Silverwood,2024-12-23,1946,Illusion
WIZ-00867,Wendeline Wandwright,wendeline.wandwright971@ravenpost.net,ml,2025-04-09,1975,ILLUSION
WIZ-00868,Nimbus Crowfeather,nimbus.crowfeather584@moonmail.net,CV,2023-11-08,1954,Enchantment
WIZ-00869,Petra Cinderfell,petra.cinderfell794@ravenpost.net,sw,2025-07-02,1978,Divination
WIZ-00870,Oleander Stormbottle,oleander.stormbottle507@ravenpost.net,EC,2024-07-31,1936,Herbalism
WIZ-00871,Ambrose Wyrmwood,ambrose.wyrmwood188@ravenpost.net,EC,2024-11-19,1940,Alchemy
WIZ-00872,Zephyrine Copperkettle,zephyrine.copperkettle770@ravenpost.net,SW,2023-03-25,1962,HEALING
WIZ-00873,Xanthe Nightbloom,,EC,2024-06-25,1987,Herbalism
WIZ-00874,Lyra Copperkettle,lyra.copperkettle224@crystalball.io,nr,2025-11-23,1904,Herbalism
WIZ-00875,Caspian Stormbottle,caspian.stormbottle40@moonmail.net,Crystal Vale,2025-09-29,1900,ILLUSION
WIZ-00876,Grizelda Umberfall,grizelda.umberfall922@ravenpost.net,ec,2026-02-25,1963,ALCHEMY
WIZ-00877,Juniper Wyrmwood,juniper.wyrmwood68@crystalball.io,NR,2024-10-28,2007,Illusion
WIZ-00878,Cassia Umberfall,cassia.umberfall932@moonmail.net,nr,2024-05-06,1969,Enchantment
WIZ-00879,Corvin Ironquill,corvin.ironquill290@crystalball.io,Northern Reaches,2026-01-11,1922,Enchantment
WIZ-00880,Fenwick Frostpetal,fenwick.frostpetal496@moonmail.net,ec,2023-04-17,1985,Illusion
WIZ-00881,Dorian Hazelrigg,dorian.hazelrigg315@moonmail.net,ml,2025-01-09,1907,Enchantment
WIZ-00882,Bramble Cinderfell,bramble.cinderfell988@moonmail.net,Northern Reaches,2025-07-30,1996,Transmutation
WIZ-00883,Lyra Gorsebush,lyra.gorsebush102@grimoire.org,Crystal Vale,2023-02-15,1976,Alchemy
WIZ-00884,Nimbus Kilnworth,nimbus.kilnworth391@owlmail.co,CV,2024-07-16,1922,HEALING
WIZ-00885,Vesper Stormbottle,vesper.stormbottle858@grimoire.org,NR,2025-02-19,1916,Herbalism
WIZ-00886,Belladonna Kilnworth,belladonna.kilnworth963@crystalball.io,EC,2026-04-03,1990,Transmutation
WIZ-00887,Morwenna Frostpetal,morwenna.frostpetal405@ravenpost.net,SW,2023-01-11,1969,Enchantment
WIZ-00888,Hawthorne Hollowbranch,hawthorne.hollowbranch550@crystalball.io,Northern Reaches,2025-11-13,2007,Enchantment
WIZ-00889,Seraphine Ironquill,seraphine.ironquill123@grimoire.org,The Marshlands,2023-09-25,2006,Healing
WIZ-00890,Isolde Hazelrigg,isolde.hazelrigg115@owlmail.co,NR,2025-10-24,1895,Illusion
WIZ-00891,Belladonna Netherfield,belladonna.netherfield788@ravenpost.net,sw,2023-05-27,1909,Illusion
WIZ-00892,Corvin Thistledown,corvin.thistledown257@owlmail.co,EC,2025-06-15,1967,Healing
WIZ-00893,Seraphine Gorsebush,seraphine.gorsebush344@grimoire.org,NR,2023-07-08,1992,Divination
WIZ-00894,Kestrel Foxglove,kestrel.foxglove702@ravenpost.net,ec,2025-05-22,1964,Enchantment
WIZ-00895,Xanthe Moonbrook,xanthe.moonbrook7@grimoire.org,NR,2023-04-17,1934,Illusion
WIZ-00896,Cassia Kilnworth,cassia.kilnworth933@grimoire.org,cv,2024-07-21,1921,Enchantment
WIZ-00897,Peregrine Frostpetal,peregrine.frostpetal652@grimoire.org,Ember Coast,2025-06-19,1943,Herbalism
WIZ-00898,Seraphine Stormbottle,seraphine.stormbottle904@owlmail.co,EC,2025-08-02,1988,Alchemy
WIZ-00899,Ignatius Mossheart,ignatius.mossheart362@owlmail.co,CV,2024-11-06,1938,Transmutation
WIZ-00900,Yarrow Dimbleby,yarrow.dimbleby137@moonmail.net,NR,2023-11-30,1909,Herbalism
WIZ-00901,Petra Vexley,petra.vexley812@grimoire.org,EC,2026-01-13,1935,Divination
WIZ-00902,Caspian Quickbramble,caspian.quickbramble205@owlmail.co,Ember Coast,2026-03-31,1969,TRANSMUTATION
WIZ-00903,Caspian Emberwhisk,caspian.emberwhisk177@crystalball.io,cv,2025-07-31,1983,Divination
WIZ-00904,Morwenna Foxglove,morwenna.foxglove757@owlmail.co,ml,2025-10-23,1963,Illusion
WIZ-00905,Cassia Nightbloom,cassia.nightbloom943@ravenpost.net,EC,2024-09-26,2004,Alchemy
WIZ-00906,Nimbus Quickbramble,nimbus.quickbramble324@moonmail.net,CV,2025-07-07,1928,Enchantment
WIZ-00907,Juniper Hollowbranch,juniper.hollowbranch122@moonmail.net,CV,2024-12-03,1956,Herbalism
WIZ-00908,Rowan Fernwhistle,rowan.fernwhistle932@grimoire.org,NR,2026-05-11,1997,Transmutation
WIZ-00909,Bramble Larkspur,bramble.larkspur599@moonmail.net,Northern Reaches,2025-07-07,1947,Enchantment
WIZ-00910,Fenwick Vexley,fenwick.vexley694@grimoire.org,CV,2023-05-19,2004,ILLUSION
WIZ-00911,Umbra Owlsworth,umbra.owlsworth819@grimoire.org,Northern Reaches,2024-09-24,1938,Divination
WIZ-00912,Gideon Brightmantle,gideon.brightmantle928@owlmail.co,NR,2024-07-25,1924,Alchemy
WIZ-00913,Cassia Brightmantle,cassia.brightmantle83@crystalball.io,SW,2026-05-04,2003,Herbalism
WIZ-00914,Thaddeus Wyrmwood,thaddeus.wyrmwood37@crystalball.io,SW,2024-04-26,1987,Herbalism
WIZ-00915,Ambrose Tanglewood,ambrose.tanglewood566@owlmail.co,EC,2023-12-21,2001,TRANSMUTATION
WIZ-00916,Umbra Gorsebush,umbra.gorsebush826@ravenpost.net,NR,2024-07-24,1893,Divination
WIZ-00917,Fenwick Wandwright,fenwick.wandwright350@moonmail.net,nr,2023-01-14,1996,Transmutation
WIZ-00918,Grizelda Netherfield,grizelda.netherfield764@ravenpost.net,Northern Reaches,2023-05-23,1896,Healing
WIZ-00919,Nimbus Cinderfell,nimbus.cinderfell543@owlmail.co,EC,2025-08-01,1948,Herbalism
WIZ-00920,Maribel Cinderfell,,NR,2025-12-02,1903,Herbalism
WIZ-00921,Hawthorne Wandwright,hawthorne.wandwright234@owlmail.co,Ember Coast,2023-11-26,1922,Herbalism
WIZ-00922,Nimbus Barrowmere,nimbus.barrowmere544@ravenpost.net,silverwood,2023-12-20,1917,Alchemy
WIZ-00923,Elowen Frostpetal,elowen.frostpetal838@grimoire.org,Northern Reaches,2023-03-03,1976,Transmutation
WIZ-00924,Fenwick Saltmarsh,fenwick.saltmarsh621@ravenpost.net,Silverwood,2025-07-06,1925,Transmutation
WIZ-00925,Xanthe Frostpetal,xanthe.frostpetal763@owlmail.co,NR,2024-05-15,1973,Alchemy
WIZ-00926,Umbra Yewbarrow,umbra.yewbarrow146@grimoire.org,EC,2025-10-19,1902,Illusion
WIZ-00927,Jasper Yewbarrow,jasper.yewbarrow678@owlmail.co,northern reaches,2024-03-20,1912,Healing
WIZ-00928,Rowan Tanglewood,rowan.tanglewood311@moonmail.net,NR,2024-05-24,1962,Enchantment
WIZ-00929,Kestrel Frostpetal,kestrel.frostpetal109@ravenpost.net,Crystal Vale,2024-08-31,1962,Alchemy
WIZ-00930,Fiora Winterbourne,fiora.winterbourne647@owlmail.co,EC,2024-07-14,1964,Transmutation
WIZ-00931,Hesper Owlsworth,hesper.owlsworth885@owlmail.co,ember coast,2024-01-18,1893,Healing
WIZ-00932,Nimbus Saltmarsh,nimbus.saltmarsh924@grimoire.org,ml,2025-05-17,1958,Illusion
WIZ-00933,Isolde Saltmarsh,isolde.saltmarsh235@moonmail.net,Silverwood,2026-02-07,1916,Transmutation
WIZ-00934,Umbra Gorsebush,umbra.gorsebush639@crystalball.io,nr,2025-07-29,1962,Enchantment
WIZ-00935,Morwenna Brightmantle,morwenna.brightmantle61@grimoire.org,nr,2025-07-08,1926,Alchemy
WIZ-00936,Jasper Brightmantle,jasper.brightmantle620@moonmail.net,Northern Reaches,2025-11-09,1909,Herbalism
WIZ-00937,Dorian Copperkettle,dorian.copperkettle810@grimoire.org,Ember Coast,2025-11-29,1886,Alchemy
WIZ-00938,Bramble Emberwhisk,bramble.emberwhisk477@owlmail.co,EC,2025-09-05,1905,Herbalism
WIZ-00939,Rowan Dimbleby,rowan.dimbleby601@owlmail.co,EC,2024-04-09,1891,Illusion
WIZ-00940,Jasper Saltmarsh,jasper.saltmarsh644@grimoire.org,SW,2025-07-20,1926,Herbalism
WIZ-00941,Seraphine Saltmarsh,seraphine.saltmarsh524@ravenpost.net,The Marshlands,2026-02-03,1948,HEALING
WIZ-00942,Grizelda Hazelrigg,grizelda.hazelrigg369@crystalball.io,EC,2023-08-29,1981,Healing
WIZ-00943,Hesper Zellandine,hesper.zellandine562@ravenpost.net,ML,2025-08-10,1899,ILLUSION
WIZ-00944,Peregrine Cinderfell,peregrine.cinderfell659@owlmail.co,EC,2026-01-23,1982,DIVINATION
WIZ-00945,Isolde Gorsebush,isolde.gorsebush687@grimoire.org,Northern Reaches,2024-02-01,1948,Healing
WIZ-00946,Juniper Wandwright,juniper.wandwright597@grimoire.org,Northern Reaches,2023-02-06,1959,Alchemy
WIZ-00947,Zephyrine Winterbourne,zephyrine.winterbourne763@moonmail.net,ec,2023-01-08,1950,Transmutation
WIZ-00948,Oleander Duskwater,oleander.duskwater403@ravenpost.net,sw,2023-12-01,1942,HERBALISM
WIZ-00949,Zephyrine Winterbourne,zephyrine.winterbourne110@owlmail.co,nr,2023-02-12,1980,Alchemy
WIZ-00950,Maribel Quickbramble,maribel.quickbramble236@moonmail.net,Crystal Vale,2023-02-25,1912,Herbalism
WIZ-00951,Lyra Tanglewood,lyra.tanglewood469@grimoire.org,SW,2024-02-02,1947,Transmutation
WIZ-00952,Peregrine Wandwright,peregrine.wandwright635@ravenpost.net,the marshlands,2024-07-01,2004,Healing
WIZ-00953,Corvin Hollowbranch,corvin.hollowbranch196@grimoire.org,ML,2024-01-12,1920,Transmutation
WIZ-00954,Cassia Ashgrove,cassia.ashgrove955@owlmail.co,nr,2023-09-27,2006,Enchantment
WIZ-00955,Edric Stormbottle,edric.stormbottle467@moonmail.net,SW,2023-03-30,1887,Enchantment
WIZ-00956,Jasper Winterbourne,jasper.winterbourne510@grimoire.org,ML,2024-01-22,1886,Herbalism
WIZ-00957,Rowan Owlsworth,rowan.owlsworth25@crystalball.io,CV,2025-01-24,1973,Transmutation
WIZ-00958,Cassia Kilnworth,cassia.kilnworth720@grimoire.org,The Marshlands,2025-09-19,1980,Healing
WIZ-00959,Xanthe Dimbleby,xanthe.dimbleby675@crystalball.io,ml,2026-01-09,1926,Enchantment
WIZ-00960,Maribel Yewbarrow,maribel.yewbarrow152@grimoire.org,SW,2023-12-22,1940,Healing
WIZ-00961,Vesper Umberfall,vesper.umberfall883@owlmail.co,CV,2025-10-05,2002,ILLUSION
WIZ-00962,Vesper Ironquill,vesper.ironquill588@owlmail.co,Crystal Vale,2024-12-11,1990,Enchantment
WIZ-00963,Hawthorne Gorsebush,hawthorne.gorsebush5@crystalball.io,cv,2025-12-15,1906,Enchantment
WIZ-00964,Vesper Frostpetal,vesper.frostpetal405@moonmail.net,SW,2024-01-18,1958,Alchemy
WIZ-00965,Grizelda Mossheart,grizelda.mossheart711@owlmail.co,The Marshlands,2025-10-08,1949,Illusion
WIZ-00966,Elowen Quickbramble,elowen.quickbramble215@moonmail.net,silverwood,2024-02-20,1909,Healing
WIZ-00967,Nimbus Stormbottle,nimbus.stormbottle260@grimoire.org,CV,2026-05-28,1930,Enchantment
WIZ-00968,Thaddeus Tanglewood,thaddeus.tanglewood635@moonmail.net,cv,2023-08-02,1960,Healing
WIZ-00969,Fiora Saltmarsh,fiora.saltmarsh882@grimoire.org,The Marshlands,2023-09-19,1939,Enchantment
WIZ-00970,Fiora Emberwhisk,fiora.emberwhisk89@grimoire.org,NR,2024-05-14,1916,Enchantment
WIZ-00971,Grizelda Dimbleby,grizelda.dimbleby481@ravenpost.net,ec,2023-12-12,1975,Illusion
WIZ-00972,Grizelda Thistledown,grizelda.thistledown800@ravenpost.net,CV,2026-02-28,1949,Divination
WIZ-00973,Yarrow Ironquill,yarrow.ironquill121@moonmail.net,ember coast,2024-08-19,1922,Illusion
WIZ-00974,Vesper Barrowmere,vesper.barrowmere79@owlmail.co,EC,2023-06-08,1934,Illusion
WIZ-00975,Lyra Wyrmwood,lyra.wyrmwood887@moonmail.net,ML,2023-07-07,1941,Illusion
WIZ-00976,Grizelda Hollowbranch,grizelda.hollowbranch376@grimoire.org,nr,2023-01-25,1973,Alchemy
WIZ-00977,Edric Moonbrook,edric.moonbrook90@crystalball.io,cv,2024-03-08,1945,Transmutation
WIZ-00978,Isolde Ashgrove,isolde.ashgrove681@owlmail.co,ember coast,2023-03-30,1932,Herbalism
WIZ-00979,Lyra Larkspur,lyra.larkspur208@owlmail.co,Ember Coast,2026-01-25,1935,Healing
WIZ-00980,Alaric Ashgrove,alaric.ashgrove10@crystalball.io,CV,2025-03-30,2002,Divination
WIZ-00981,Morwenna Everbright,morwenna.everbright398@moonmail.net,sw,2025-02-05,1987,Healing
WIZ-00982,Gideon Foxglove,gideon.foxglove75@moonmail.net,nr,2024-09-08,1937,Illusion
WIZ-00983,Quilla Zellandine,quilla.zellandine329@grimoire.org,nr,2024-03-18,2004,Alchemy
WIZ-00984,Oswin Ravenscroft,oswin.ravenscroft662@owlmail.co,nr,2025-12-04,1948,Illusion
WIZ-00985,Ambrose Wandwright,ambrose.wandwright41@crystalball.io,NR,2024-11-27,1968,ILLUSION
WIZ-00986,Ignatius Mistlethorn,ignatius.mistlethorn482@moonmail.net,Ember Coast,2023-11-12,1992,Enchantment
WIZ-00987,Oleander Mistlethorn,oleander.mistlethorn346@ravenpost.net,silverwood,2026-02-08,1953,Herbalism
WIZ-00988,Rowan Brightmantle,rowan.brightmantle321@crystalball.io,cv,2026-03-01,1929,Alchemy
WIZ-00989,Ambrose Brightmantle,ambrose.brightmantle193@moonmail.net,CV,2024-03-10,1983,Enchantment
WIZ-00990,Xanthe Ironquill,xanthe.ironquill596@moonmail.net,Northern Reaches,2025-01-26,1997,Alchemy
WIZ-00991,Vesper Stormbottle,vesper.stormbottle402@grimoire.org,the marshlands,2025-11-21,1943,Herbalism
WIZ-00992,Elowen Duskwater,elowen.duskwater403@ravenpost.net,Northern Reaches,2024-01-21,1917,Transmutation
WIZ-00993,Maribel Brightmantle,maribel.brightmantle53@grimoire.org,sw,2025-09-04,1898,Transmutation
WIZ-00994,Isolde Stormbottle,isolde.stormbottle72@crystalball.io,nr,2023-02-25,1901,Illusion
WIZ-00995,Belladonna Winterbourne,,ec,2023-03-03,1920,Alchemy
WIZ-00996,Petra Mistlethorn,petra.mistlethorn363@owlmail.co,nr,2025-03-31,1925,Illusion
WIZ-00997,Yarrow Winterbourne,yarrow.winterbourne94@moonmail.net,the marshlands,2024-07-18,1919,Illusion
WIZ-00998,Ambrose Mossheart,ambrose.mossheart940@owlmail.co,NR,2023-06-19,1970,Alchemy
WIZ-00999,Yarrow Crowfeather,yarrow.crowfeather419@grimoire.org,Ember Coast,2023-04-13,1934,Illusion
WIZ-01000,Ignatius Brightmantle,ignatius.brightmantle897@moonmail.net,EC,2024-05-18,1949,Herbalism
WIZ-01001,Nimbus Vexley,nimbus.vexley716@grimoire.org,NR,2023-03-21,1912,Alchemy
WIZ-01002,Seraphine Mossheart,seraphine.mossheart703@moonmail.net,nr,2024-04-25,1942,Enchantment
WIZ-01003,Wendeline Vexley,wendeline.vexley457@grimoire.org,NR,2024-05-17,1914,Alchemy
WIZ-01004,Edric Hollowbranch,edric.hollowbranch830@owlmail.co,the marshlands,2024-06-13,1931,Healing
WIZ-01005,Kestrel Glimmerstone,kestrel.glimmerstone82@moonmail.net,cv,2026-01-18,1922,Divination
WIZ-01006,Lyra Mossheart,lyra.mossheart238@ravenpost.net,sw,2024-12-18,1985,Illusion
WIZ-01007,Lyra Owlsworth,lyra.owlsworth242@ravenpost.net,ML,2025-09-07,1976,Healing
WIZ-01008,Lyra Ironquill,lyra.ironquill378@owlmail.co,northern reaches,2024-04-18,1916,Illusion
WIZ-01009,Rowan Gorsebush,rowan.gorsebush59@grimoire.org,NR,2025-11-25,1904,Illusion
WIZ-01010,Xanthe Kilnworth,xanthe.kilnworth180@ravenpost.net,ML,2025-10-17,1962,Illusion
WIZ-01011,Isolde Thistledown,isolde.thistledown694@grimoire.org,Silverwood,2024-06-25,1998,Herbalism
WIZ-01012,Hesper Umberfall,hesper.umberfall768@grimoire.org,ml,2026-02-12,1937,Divination
WIZ-01013,Cassia Winterbourne,cassia.winterbourne119@moonmail.net,CV,2024-01-12,1923,Alchemy
WIZ-01014,Bramble Winterbourne,bramble.winterbourne461@moonmail.net,The Marshlands,2026-04-15,1968,Illusion
WIZ-01015,Bramble Mossheart,bramble.mossheart478@grimoire.org,EC,2025-03-16,1901,TRANSMUTATION
WIZ-01016,Jasper Nightbloom,jasper.nightbloom932@grimoire.org,Crystal Vale,2023-02-24,1894,Herbalism
WIZ-01017,Juniper Everbright,juniper.everbright340@owlmail.co,ec,2024-05-05,1886,Healing
WIZ-01018,Rowan Cinderfell,rowan.cinderfell381@ravenpost.net,EC,2023-08-12,1963,Transmutation
WIZ-01019,Xanthe Cinderfell,xanthe.cinderfell449@grimoire.org,ec,2026-02-20,1970,Illusion
WIZ-01020,Gideon Wandwright,gideon.wandwright387@crystalball.io,SW,2024-12-05,1977,Enchantment
WIZ-01021,Morwenna Glimmerstone,morwenna.glimmerstone43@ravenpost.net,ember coast,2025-04-09,1909,Transmutation
WIZ-01022,Jasper Barrowmere,jasper.barrowmere216@ravenpost.net,CV,2025-03-19,1889,Alchemy
WIZ-01023,Oswin Dimbleby,oswin.dimbleby506@ravenpost.net,nr,2024-12-17,2000,Alchemy
WIZ-01024,Edric Duskwater,edric.duskwater834@crystalball.io,SW,2026-01-13,1904,Enchantment
WIZ-01025,Hesper Brightmantle,hesper.brightmantle23@grimoire.org,EC,2025-03-09,1950,Alchemy
WIZ-01026,Zephyrine Cinderfell,zephyrine.cinderfell264@ravenpost.net,ml,2025-05-04,1993,Illusion
WIZ-01027,Delphine Foxglove,delphine.foxglove372@grimoire.org,ML,2026-06-15,1927,Alchemy
WIZ-01028,Edric Wandwright,edric.wandwright835@grimoire.org,nr,2024-08-28,1888,ALCHEMY
WIZ-01029,Peregrine Frostpetal,peregrine.frostpetal406@moonmail.net,NR,2025-11-16,1915,Alchemy
WIZ-01030,Vesper Hollowbranch,vesper.hollowbranch85@ravenpost.net,Northern Reaches,2026-02-28,1886,Divination
WIZ-01031,Fenwick Foxglove,fenwick.foxglove34@owlmail.co,Ember Coast,2024-07-03,1971,ENCHANTMENT
WIZ-01032,Corvin Glimmerstone,corvin.glimmerstone40@moonmail.net,NR,2023-11-14,1885,ILLUSION
WIZ-01033,Zephyrine Frostpetal,zephyrine.frostpetal539@ravenpost.net,ML,2023-10-26,1893,Transmutation
WIZ-01034,Gideon Nightbloom,gideon.nightbloom33@grimoire.org,ml,2025-02-15,1973,Transmutation
WIZ-01035,Gideon Quickbramble,gideon.quickbramble953@owlmail.co,The Marshlands,2024-02-15,1970,Alchemy
WIZ-01036,Jasper Moonbrook,jasper.moonbrook460@owlmail.co,NR,2023-05-01,1983,Alchemy
WIZ-01037,Edric Barrowmere,edric.barrowmere688@moonmail.net,ML,2026-04-21,1975,Divination
WIZ-01038,Xanthe Hollowbranch,xanthe.hollowbranch33@crystalball.io,Ember Coast,2023-12-20,1944,ENCHANTMENT
WIZ-01039,Umbra Crowfeather,umbra.crowfeather725@grimoire.org,silverwood,2023-12-01,1981,Herbalism
WIZ-01040,Kestrel Duskwater,kestrel.duskwater343@owlmail.co,NR,2025-11-11,1950,Herbalism
WIZ-01041,Morwenna Stormbottle,morwenna.stormbottle729@crystalball.io,ML,2024-07-10,1885,Healing
WIZ-01042,Gideon Copperkettle,gideon.copperkettle879@moonmail.net,NR,2023-12-07,1952,Herbalism
WIZ-01043,Belladonna Moonbrook,belladonna.moonbrook552@grimoire.org,NR,2026-02-26,1937,Herbalism
WIZ-01044,Edric Zellandine,edric.zellandine946@crystalball.io,ML,2026-03-16,1918,Alchemy
WIZ-01045,Oswin Larkspur,,NR,2023-09-29,1990,Transmutation
WIZ-01046,Dorian Wandwright,dorian.wandwright922@moonmail.net,CV,2025-04-07,1996,Enchantment
WIZ-01047,Thaddeus Mistlethorn,thaddeus.mistlethorn219@moonmail.net,SW,2025-11-21,1899,Illusion
WIZ-01048,Juniper Tanglewood,,EC,2023-07-25,1916,Transmutation
WIZ-01049,Quilla Hollowbranch,quilla.hollowbranch166@grimoire.org,NR,2026-05-19,1897,ILLUSION
WIZ-01050,Ignatius Jackdaw,ignatius.jackdaw895@ravenpost.net,ML,2024-09-17,1915,Healing
WIZ-01051,Rowan Stormbottle,rowan.stormbottle513@moonmail.net,EC,2024-04-07,1970,Herbalism
WIZ-01052,Fenwick Umberfall,fenwick.umberfall257@ravenpost.net,cv,2023-07-13,1986,Illusion
WIZ-01053,Jasper Tanglewood,jasper.tanglewood947@crystalball.io,Northern Reaches,2024-07-01,1986,Illusion
WIZ-01054,Zephyrine Winterbourne,zephyrine.winterbourne766@ravenpost.net,Crystal Vale,2024-05-10,1991,ENCHANTMENT
WIZ-01055,Juniper Dimbleby,juniper.dimbleby43@ravenpost.net,EC,2024-01-13,1930,HEALING
WIZ-01056,Vesper Zellandine,vesper.zellandine883@grimoire.org,Northern Reaches,2024-07-08,1961,Herbalism
WIZ-01057,Isolde Everbright,isolde.everbright349@ravenpost.net,SW,2026-01-16,1991,Enchantment
WIZ-01058,Belladonna Owlsworth,belladonna.owlsworth308@owlmail.co,Silverwood,2023-04-20,1904,Alchemy
WIZ-01059,Elowen Hazelrigg,elowen.hazelrigg308@grimoire.org,northern reaches,2024-05-25,1926,Divination
WIZ-01060,Hesper Mistlethorn,hesper.mistlethorn98@crystalball.io,ML,2024-10-11,1900,Divination
WIZ-01061,Fenwick Mossheart,fenwick.mossheart564@moonmail.net,CV,2023-11-15,1976,HERBALISM
WIZ-01062,Ignatius Quickbramble,ignatius.quickbramble917@grimoire.org,ML,2026-05-05,2002,Transmutation
WIZ-01063,Dorian Ravenscroft,dorian.ravenscroft489@ravenpost.net,EC,2023-01-05,1954,Healing
WIZ-01064,Juniper Fernwhistle,juniper.fernwhistle941@moonmail.net,SW,2023-06-22,1988,Healing
WIZ-01065,Isolde Hollowbranch,isolde.hollowbranch418@ravenpost.net,Silverwood,2026-05-30,1958,Illusion
WIZ-01066,Fiora Jackdaw,fiora.jackdaw683@grimoire.org,nr,2024-03-16,1929,Divination
WIZ-01067,Maribel Owlsworth,maribel.owlsworth262@moonmail.net,ember coast,2023-05-08,1936,Herbalism
WIZ-01068,Isolde Kilnworth,isolde.kilnworth255@owlmail.co,ML,2023-05-03,1916,Enchantment
WIZ-01069,Zephyrine Ravenscroft,zephyrine.ravenscroft589@ravenpost.net,Silverwood,2025-04-10,1991,Enchantment
WIZ-01070,Nimbus Crowfeather,nimbus.crowfeather333@grimoire.org,ec,2023-05-07,1920,Transmutation
WIZ-01071,Jasper Winterbourne,jasper.winterbourne879@owlmail.co,ember coast,2023-07-12,1940,Healing
WIZ-01072,Kestrel Cinderfell,kestrel.cinderfell537@crystalball.io,NR,2024-08-31,1921,Divination
WIZ-01073,Alaric Everbright,alaric.everbright466@crystalball.io,EC,2025-12-25,1910,Enchantment
WIZ-01074,Yarrow Brightmantle,yarrow.brightmantle137@ravenpost.net,ml,2023-08-14,1934,DIVINATION
WIZ-01075,Jasper Ashgrove,jasper.ashgrove707@ravenpost.net,nr,2024-01-15,1987,Alchemy
WIZ-01076,Corvin Nightbloom,corvin.nightbloom251@moonmail.net,ml,2023-10-17,2003,HERBALISM
WIZ-01077,Hesper Thistledown,hesper.thistledown707@moonmail.net,EC,2023-01-21,1946,Divination
WIZ-01078,Belladonna Duskwater,belladonna.duskwater644@grimoire.org,silverwood,2025-04-05,1957,Herbalism
WIZ-01079,Petra Copperkettle,petra.copperkettle345@crystalball.io,EC,2025-05-29,1927,Transmutation
WIZ-01080,Bramble Wandwright,bramble.wandwright888@ravenpost.net,NR,2023-05-21,1979,Healing
WIZ-01081,Juniper Crowfeather,juniper.crowfeather224@crystalball.io,NR,2025-02-12,2002,Herbalism
WIZ-01082,Maribel Crowfeather,maribel.crowfeather243@moonmail.net,Northern Reaches,2024-10-04,1986,Herbalism
WIZ-01083,Peregrine Moonbrook,peregrine.moonbrook674@ravenpost.net,cv,2025-04-10,1912,Illusion
WIZ-01084,Fenwick Gorsebush,fenwick.gorsebush438@crystalball.io,Crystal Vale,2026-02-10,1956,Enchantment
WIZ-01085,Corvin Emberwhisk,corvin.emberwhisk161@owlmail.co,The Marshlands,2025-01-14,1910,Illusion
WIZ-01086,Delphine Cinderfell,delphine.cinderfell33@ravenpost.net,The Marshlands,2025-02-17,1931,Enchantment
WIZ-01087,Belladonna Foxglove,belladonna.foxglove8@owlmail.co,ec,2024-12-10,1972,Illusion
WIZ-01088,Kestrel Winterbourne,kestrel.winterbourne235@owlmail.co,nr,2024-03-01,1956,Enchantment
WIZ-01089,Maribel Larkspur,maribel.larkspur609@moonmail.net,SW,2025-10-07,1942,Transmutation
WIZ-01090,Caspian Brightmantle,caspian.brightmantle818@ravenpost.net,NR,2023-08-08,1983,Herbalism
WIZ-01091,Maribel Ashgrove,maribel.ashgrove236@moonmail.net,CV,2024-11-07,1946,TRANSMUTATION
WIZ-01092,Isolde Cinderfell,isolde.cinderfell819@owlmail.co,NR,2026-01-03,1994,Herbalism
WIZ-01093,Ignatius Jackdaw,ignatius.jackdaw266@crystalball.io,EC,2024-06-21,1907,Healing
WIZ-01094,Nimbus Ravenscroft,nimbus.ravenscroft92@moonmail.net,NR,2025-02-11,1939,Enchantment
WIZ-01095,Umbra Dimbleby,umbra.dimbleby346@ravenpost.net,NR,2023-10-10,1888,Illusion
WIZ-01096,Bramble Glimmerstone,bramble.glimmerstone195@grimoire.org,CV,2023-03-25,1985,Herbalism
WIZ-01097,Oleander Emberwhisk,oleander.emberwhisk689@ravenpost.net,ml,2025-06-27,1922,Illusion
WIZ-01098,Ignatius Foxglove,ignatius.foxglove295@grimoire.org,Silverwood,2026-02-11,1904,Divination
WIZ-01099,Petra Moonbrook,petra.moonbrook446@grimoire.org,nr,2024-04-25,1885,Enchantment
WIZ-01100,Wendeline Tanglewood,wendeline.tanglewood154@grimoire.org,EC,2024-06-12,1937,Divination
WIZ-01101,Umbra Vexley,umbra.vexley175@moonmail.net,EC,2025-07-10,1976,Healing
WIZ-01102,Nimbus Fernwhistle,nimbus.fernwhistle633@crystalball.io,ML,2026-03-21,1964,Illusion
WIZ-01103,Hesper Stormbottle,hesper.stormbottle49@ravenpost.net,ML,2023-03-04,1952,Healing
WIZ-01104,Alaric Duskwater,alaric.duskwater660@owlmail.co,sw,2025-03-22,1997,Divination
WIZ-01105,Morwenna Hazelrigg,morwenna.hazelrigg159@ravenpost.net,NR,2025-08-14,1971,Alchemy
WIZ-01106,Thaddeus Zellandine,thaddeus.zellandine430@owlmail.co,Ember Coast,2023-01-22,1952,Transmutation
WIZ-01107,Quilla Glimmerstone,quilla.glimmerstone299@grimoire.org,northern reaches,2024-08-11,1932,Illusion
WIZ-01108,Lyra Yewbarrow,lyra.yewbarrow557@owlmail.co,ember coast,2026-05-23,2001,Enchantment
WIZ-01109,Yarrow Quickbramble,yarrow.quickbramble526@moonmail.net,cv,2025-04-13,2002,Healing
WIZ-01110,Xanthe Fernwhistle,xanthe.fernwhistle851@crystalball.io,ember coast,2025-11-25,1944,Herbalism
WIZ-01111,Vesper Moonbrook,vesper.moonbrook299@owlmail.co,NR,2023-02-28,1982,Illusion
WIZ-01112,Quilla Larkspur,quilla.larkspur228@owlmail.co,ML,2023-05-06,1976,Herbalism
WIZ-01113,Hawthorne Ironquill,hawthorne.ironquill94@owlmail.co,EC,2023-07-23,1967,ALCHEMY
WIZ-01114,Ambrose Moonbrook,ambrose.moonbrook627@moonmail.net,ember coast,2024-09-24,1934,Healing
WIZ-01115,Ambrose Jackdaw,ambrose.jackdaw11@owlmail.co,NR,2025-12-20,1988,Healing
WIZ-01116,Ambrose Ashgrove,ambrose.ashgrove14@owlmail.co,SW,2026-03-04,1966,Enchantment
WIZ-01117,Oleander Ashgrove,oleander.ashgrove904@moonmail.net,SW,2025-08-30,1963,Illusion
WIZ-01118,Elowen Quickbramble,elowen.quickbramble655@moonmail.net,ec,2024-11-04,1913,Divination
WIZ-01119,Bramble Larkspur,bramble.larkspur835@owlmail.co,cv,2024-02-22,1949,Divination
WIZ-01120,Vesper Tanglewood,vesper.tanglewood38@crystalball.io,nr,2024-10-03,2005,Enchantment
WIZ-01121,Bramble Tanglewood,bramble.tanglewood990@ravenpost.net,SW,2024-02-09,1980,Divination
WIZ-01122,Cassia Copperkettle,cassia.copperkettle209@crystalball.io,Ember Coast,2024-08-26,1896,Illusion
WIZ-01123,Jasper Dimbleby,jasper.dimbleby180@owlmail.co,NR,2023-08-06,1891,Illusion
WIZ-01124,Belladonna Kilnworth,belladonna.kilnworth575@owlmail.co,silverwood,2024-05-11,1991,Alchemy
WIZ-01125,Hawthorne Fernwhistle,hawthorne.fernwhistle459@owlmail.co,EC,2023-01-06,1995,ENCHANTMENT
WIZ-01126,Hesper Ravenscroft,hesper.ravenscroft384@moonmail.net,ML,2025-02-03,1970,Alchemy
WIZ-01127,Oleander Cinderfell,oleander.cinderfell67@crystalball.io,EC,2026-01-30,1887,ENCHANTMENT
WIZ-01128,Maribel Hollowbranch,maribel.hollowbranch639@grimoire.org,ml,2026-03-05,1933,Illusion
WIZ-01129,Juniper Mistlethorn,juniper.mistlethorn875@grimoire.org,nr,2026-05-24,1903,Herbalism
WIZ-01130,Corvin Fernwhistle,corvin.fernwhistle791@moonmail.net,cv,2023-04-16,1986,Illusion
WIZ-01131,Morwenna Nightbloom,morwenna.nightbloom145@grimoire.org,ec,2023-08-17,2005,Healing
WIZ-01132,Juniper Everbright,juniper.everbright428@ravenpost.net,SW,2023-05-01,1912,Alchemy
WIZ-01133,Oswin Hazelrigg,oswin.hazelrigg617@crystalball.io,Silverwood,2025-05-30,1951,Divination
WIZ-01134,Bramble Owlsworth,bramble.owlsworth909@ravenpost.net,crystal vale,2025-06-18,1957,Herbalism
WIZ-01135,Jasper Yewbarrow,jasper.yewbarrow151@grimoire.org,SW,2025-07-03,1955,Transmutation
WIZ-01136,Elowen Winterbourne,elowen.winterbourne101@owlmail.co,The Marshlands,2024-05-08,1925,Herbalism
WIZ-01137,Hawthorne Duskwater,hawthorne.duskwater153@owlmail.co,Silverwood,2025-03-31,1993,Herbalism
WIZ-01138,Bramble Hollowbranch,,sw,2025-02-15,1961,TRANSMUTATION
WIZ-01139,Dorian Ashgrove,dorian.ashgrove77@ravenpost.net,Silverwood,2025-08-01,1927,ILLUSION
WIZ-01140,Dorian Wandwright,dorian.wandwright286@ravenpost.net,ec,2023-02-27,1994,Enchantment
WIZ-01141,Lyra Hazelrigg,lyra.hazelrigg643@owlmail.co,NR,2024-03-29,1966,Alchemy
WIZ-01142,Caspian Crowfeather,caspian.crowfeather732@grimoire.org,Crystal Vale,2025-08-05,1982,Illusion
WIZ-01143,Isolde Umberfall,isolde.umberfall504@grimoire.org,crystal vale,2023-04-05,1905,Herbalism
WIZ-01144,Quilla Emberwhisk,quilla.emberwhisk270@ravenpost.net,CV,2024-06-20,1943,Divination
WIZ-01145,Umbra Umberfall,umbra.umberfall938@grimoire.org,nr,2024-12-23,1895,Transmutation
WIZ-01146,Kestrel Nightbloom,,Northern Reaches,2023-06-17,1915,Illusion
WIZ-01147,Isolde Dimbleby,isolde.dimbleby386@ravenpost.net,NR,2026-02-08,1999,Enchantment
WIZ-01148,Maribel Cinderfell,maribel.cinderfell331@ravenpost.net,NR,2024-12-20,1950,HEALING
WIZ-01149,Rowan Owlsworth,rowan.owlsworth699@crystalball.io,ML,2025-02-28,1953,HEALING
WIZ-01150,Fiora Gorsebush,fiora.gorsebush854@owlmail.co,Silverwood,2023-07-11,1999,Illusion
WIZ-01151,Grizelda Copperkettle,grizelda.copperkettle560@crystalball.io,ml,2024-03-05,1978,Enchantment
WIZ-01152,Belladonna Mossheart,belladonna.mossheart118@moonmail.net,nr,2026-01-04,1925,Transmutation
WIZ-01153,Caspian Emberwhisk,caspian.emberwhisk652@grimoire.org,ember coast,2026-02-23,1900,Transmutation
WIZ-01154,Fiora Fernwhistle,fiora.fernwhistle151@ravenpost.net,EC,2025-12-13,1954,Divination
WIZ-01155,Lyra Mossheart,lyra.mossheart89@grimoire.org,sw,2025-06-01,1886,Illusion
WIZ-01156,Grizelda Duskwater,grizelda.duskwater536@owlmail.co,nr,2024-12-01,1926,Herbalism
WIZ-01157,Oleander Moonbrook,oleander.moonbrook275@owlmail.co,ec,2025-12-30,1921,Illusion
WIZ-01158,Kestrel Ravenscroft,kestrel.ravenscroft818@ravenpost.net,cv,2024-08-08,1914,Enchantment
WIZ-01159,Oleander Duskwater,oleander.duskwater306@moonmail.net,Ember Coast,2025-04-25,1950,Herbalism
WIZ-01160,Seraphine Umberfall,seraphine.umberfall986@ravenpost.net,SW,2026-01-10,1930,Divination
WIZ-01161,Caspian Wyrmwood,caspian.wyrmwood673@owlmail.co,nr,2026-01-04,1920,Transmutation
WIZ-01162,Elowen Dimbleby,elowen.dimbleby555@owlmail.co,ml,2025-12-27,1940,Herbalism
WIZ-01163,Isolde Saltmarsh,isolde.saltmarsh768@ravenpost.net,ml,2025-01-17,1972,Herbalism
WIZ-01164,Peregrine Vexley,peregrine.vexley680@crystalball.io,ML,2023-10-03,1978,Herbalism
WIZ-01165,Cassia Emberwhisk,cassia.emberwhisk555@owlmail.co,ML,2024-12-19,1932,Alchemy
WIZ-01166,Zephyrine Dimbleby,zephyrine.dimbleby847@moonmail.net,ec,2025-01-17,1966,Divination
WIZ-01167,Rowan Yewbarrow,rowan.yewbarrow200@moonmail.net,crystal vale,2025-02-13,2004,Healing
WIZ-01168,Fenwick Saltmarsh,fenwick.saltmarsh955@grimoire.org,northern reaches,2023-12-12,1934,DIVINATION
WIZ-01169,Maribel Mossheart,maribel.mossheart623@crystalball.io,Northern Reaches,2025-02-13,2005,Herbalism
WIZ-01170,Xanthe Vexley,xanthe.vexley980@grimoire.org,cv,2024-05-16,1887,Herbalism
WIZ-01171,Seraphine Duskwater,seraphine.duskwater639@ravenpost.net,Crystal Vale,2023-07-18,1990,Herbalism
WIZ-01172,Edric Mistlethorn,edric.mistlethorn854@crystalball.io,SW,2024-08-18,1889,Healing
WIZ-01173,Thaddeus Glimmerstone,thaddeus.glimmerstone848@crystalball.io,NR,2024-04-09,1907,Alchemy
WIZ-01174,Ambrose Everbright,ambrose.everbright818@grimoire.org,EC,2025-12-20,1887,Herbalism
WIZ-01175,Grizelda Owlsworth,grizelda.owlsworth363@owlmail.co,ec,2024-09-28,2006,Healing
WIZ-01176,Juniper Cinderfell,juniper.cinderfell7@crystalball.io,EC,2024-11-12,1950,Herbalism
WIZ-01177,Zephyrine Hollowbranch,zephyrine.hollowbranch935@grimoire.org,ember coast,2025-06-04,1995,Illusion
WIZ-01178,Caspian Ironquill,caspian.ironquill142@grimoire.org,sw,2025-05-02,1979,Enchantment
WIZ-01179,Maribel Barrowmere,maribel.barrowmere862@moonmail.net,ec,2025-05-21,1923,HERBALISM
WIZ-01180,Belladonna Tanglewood,belladonna.tanglewood44@owlmail.co,ML,2023-01-07,1914,Herbalism
WIZ-01181,Peregrine Ravenscroft,peregrine.ravenscroft890@crystalball.io,NR,2024-10-27,1928,Transmutation
WIZ-01182,Belladonna Jackdaw,belladonna.jackdaw311@crystalball.io,ml,2026-05-30,1934,Transmutation
WIZ-01183,Fiora Foxglove,fiora.foxglove228@grimoire.org,ec,2026-06-07,1941,ENCHANTMENT
WIZ-01184,Jasper Thistledown,jasper.thistledown721@owlmail.co,CV,2024-06-11,2006,Healing
WIZ-01185,Lyra Ironquill,lyra.ironquill195@ravenpost.net,nr,2024-10-17,1997,Illusion
WIZ-01186,Petra Glimmerstone,petra.glimmerstone533@owlmail.co,ec,2023-01-09,1911,Enchantment
WIZ-01187,Ignatius Hollowbranch,ignatius.hollowbranch90@grimoire.org,NR,2025-08-18,1929,Transmutation
WIZ-01188,Xanthe Jackdaw,xanthe.jackdaw159@moonmail.net,CV,2025-11-08,1964,Healing
WIZ-01189,Delphine Wyrmwood,delphine.wyrmwood105@grimoire.org,Northern Reaches,2026-01-19,1976,TRANSMUTATION
WIZ-01190,Lyra Wandwright,lyra.wandwright807@owlmail.co,cv,2025-02-06,1908,ILLUSION
WIZ-01191,Lyra Foxglove,lyra.foxglove220@grimoire.org,crystal vale,2026-02-01,1978,Transmutation
WIZ-01192,Maribel Wandwright,maribel.wandwright148@owlmail.co,CV,2025-02-27,1931,ENCHANTMENT
WIZ-01193,Ignatius Winterbourne,ignatius.winterbourne126@grimoire.org,ml,2023-11-12,1980,Transmutation
WIZ-01194,Seraphine Fernwhistle,seraphine.fernwhistle887@crystalball.io,silverwood,2026-02-05,1948,Herbalism
WIZ-01195,Caspian Mistlethorn,caspian.mistlethorn192@moonmail.net,NR,2026-02-17,1892,Alchemy
WIZ-01196,Delphine Hazelrigg,delphine.hazelrigg725@crystalball.io,northern reaches,2024-10-24,2006,Herbalism
WIZ-01197,Grizelda Ravenscroft,grizelda.ravenscroft744@ravenpost.net,SW,2025-08-11,1998,Healing
WIZ-01198,Oleander Dimbleby,oleander.dimbleby449@crystalball.io,sw,2025-12-01,1977,Enchantment
WIZ-01199,Wendeline Stormbottle,wendeline.stormbottle63@ravenpost.net,NR,2024-07-01,1923,DIVINATION
WIZ-01200,Corvin Kilnworth,corvin.kilnworth856@owlmail.co,Crystal Vale,2024-04-16,1958,Illusion
WIZ-01201,Corvin Hollowbranch,corvin.hollowbranch680@ravenpost.net,NR,2026-02-21,1920,Enchantment
WIZ-01202,Dorian Netherfield,dorian.netherfield482@ravenpost.net,nr,2024-07-06,1896,HERBALISM
WIZ-01203,Dorian Foxglove,dorian.foxglove121@grimoire.org,Ember Coast,2024-10-27,1902,Healing
WIZ-01204,Fenwick Ashgrove,fenwick.ashgrove936@owlmail.co,nr,2024-02-17,1889,Transmutation
WIZ-01205,Hesper Crowfeather,hesper.crowfeather765@owlmail.co,nr,2025-01-19,1940,Transmutation
WIZ-01206,Lyra Dimbleby,lyra.dimbleby796@moonmail.net,Northern Reaches,2026-05-13,1921,Divination
WIZ-01207,Juniper Yewbarrow,juniper.yewbarrow881@ravenpost.net,SW,2024-11-21,1902,Divination
WIZ-01208,Bramble Larkspur,bramble.larkspur359@grimoire.org,ML,2024-01-11,1979,Enchantment
WIZ-01209,Nimbus Kilnworth,nimbus.kilnworth598@grimoire.org,The Marshlands,2024-11-09,1914,Transmutation
WIZ-01210,Belladonna Umberfall,belladonna.umberfall315@owlmail.co,NR,2026-01-04,2005,Healing
WIZ-01211,Bramble Foxglove,bramble.foxglove371@moonmail.net,NR,2024-08-25,1948,Alchemy
WIZ-01212,Dorian Crowfeather,dorian.crowfeather883@moonmail.net,NR,2024-09-26,1901,Illusion
WIZ-01213,Grizelda Tanglewood,grizelda.tanglewood701@ravenpost.net,Northern Reaches,2023-06-12,1921,Healing
WIZ-01214,Petra Vexley,petra.vexley578@grimoire.org,Ember Coast,2025-08-20,1924,Herbalism
WIZ-01215,Wendeline Vexley,wendeline.vexley258@grimoire.org,ML,2023-06-26,1988,Alchemy
WIZ-01216,Cassia Jackdaw,cassia.jackdaw527@ravenpost.net,NR,2023-05-02,2001,Enchantment
WIZ-01217,Grizelda Crowfeather,grizelda.crowfeather434@moonmail.net,NR,2023-04-03,1897,Illusion
WIZ-01218,Grizelda Foxglove,grizelda.foxglove722@ravenpost.net,EC,2024-10-19,1890,Transmutation
WIZ-01219,Delphine Mossheart,delphine.mossheart295@crystalball.io,crystal vale,2023-02-18,1947,Alchemy
WIZ-01220,Hawthorne Copperkettle,hawthorne.copperkettle545@moonmail.net,SW,2024-03-21,1975,Transmutation
WIZ-01221,Nimbus Ashgrove,nimbus.ashgrove688@owlmail.co,SW,2025-06-07,1988,TRANSMUTATION
WIZ-01222,Zephyrine Barrowmere,zephyrine.barrowmere66@moonmail.net,NR,2024-09-19,1994,Transmutation
WIZ-01223,Rowan Yewbarrow,rowan.yewbarrow339@moonmail.net,NR,2024-10-11,1899,Healing
WIZ-01224,Delphine Ashgrove,,sw,2024-08-08,1954,ILLUSION
WIZ-01225,Corvin Brightmantle,corvin.brightmantle725@ravenpost.net,EC,2025-05-19,1917,Herbalism
WIZ-01226,Maribel Quickbramble,maribel.quickbramble952@grimoire.org,ml,2026-03-05,1948,Enchantment
WIZ-01227,Delphine Larkspur,delphine.larkspur392@moonmail.net,SW,2024-11-01,1937,TRANSMUTATION
WIZ-01228,Fiora Owlsworth,fiora.owlsworth273@owlmail.co,NR,2025-11-09,1926,Transmutation
WIZ-01229,Gideon Larkspur,gideon.larkspur117@moonmail.net,EC,2026-02-17,1976,ILLUSION
WIZ-01230,Belladonna Ravenscroft,belladonna.ravenscroft472@moonmail.net,ML,2024-04-23,1937,Healing
WIZ-01231,Bramble Duskwater,bramble.duskwater701@moonmail.net,sw,2023-03-27,1998,Illusion
WIZ-01232,Hawthorne Glimmerstone,hawthorne.glimmerstone551@moonmail.net,silverwood,2024-07-23,2003,Enchantment
WIZ-01233,Elowen Ironquill,elowen.ironquill142@owlmail.co,ml,2025-03-24,1997,Alchemy
WIZ-01234,Oswin Kilnworth,oswin.kilnworth955@ravenpost.net,SW,2025-12-02,1888,Alchemy
WIZ-01235,Umbra Everbright,umbra.everbright390@moonmail.net,nr,2025-01-01,1896,Illusion
WIZ-01236,Kestrel Gorsebush,kestrel.gorsebush277@owlmail.co,SW,2026-05-22,2000,Herbalism
WIZ-01237,Zephyrine Larkspur,zephyrine.larkspur489@ravenpost.net,nr,2026-05-18,1914,Enchantment
WIZ-01238,Fenwick Larkspur,fenwick.larkspur507@moonmail.net,SW,2025-06-29,1921,Enchantment
WIZ-01239,Juniper Mossheart,juniper.mossheart798@grimoire.org,Silverwood,2024-01-22,1969,Enchantment
WIZ-01240,Cassia Mistlethorn,cassia.mistlethorn625@grimoire.org,EC,2026-04-17,1918,Herbalism
WIZ-01241,Gideon Quickbramble,,SW,2024-03-30,1903,DIVINATION
WIZ-01242,Peregrine Zellandine,,crystal vale,2023-05-09,1984,Divination
WIZ-01243,Gideon Mossheart,gideon.mossheart265@grimoire.org,ember coast,2025-09-20,1981,Herbalism
WIZ-01244,Belladonna Emberwhisk,belladonna.emberwhisk76@owlmail.co,CV,2024-09-03,1999,ILLUSION
WIZ-01245,Oleander Hollowbranch,oleander.hollowbranch111@owlmail.co,Northern Reaches,2025-01-26,1999,Healing
WIZ-01246,Cassia Duskwater,cassia.duskwater341@ravenpost.net,CV,2024-06-07,2007,Alchemy
WIZ-01247,Quilla Ashgrove,quilla.ashgrove33@owlmail.co,SW,2025-09-13,1985,Herbalism
WIZ-01248,Edric Everbright,edric.everbright130@crystalball.io,sw,2024-09-05,1954,Enchantment
WIZ-01249,Alaric Yewbarrow,alaric.yewbarrow279@ravenpost.net,EC,2026-01-16,1993,Healing
WIZ-01250,Petra Stormbottle,petra.stormbottle272@moonmail.net,ec,2026-04-03,1964,ILLUSION
WIZ-01251,Maribel Yewbarrow,maribel.yewbarrow953@moonmail.net,EC,2026-01-14,1999,Illusion
WIZ-01252,Quilla Saltmarsh,quilla.saltmarsh629@owlmail.co,ml,2024-08-20,1892,Illusion
WIZ-01253,Xanthe Fernwhistle,xanthe.fernwhistle46@crystalball.io,nr,2025-07-26,1939,Enchantment
WIZ-01254,Oleander Ironquill,oleander.ironquill213@grimoire.org,EC,2026-01-20,1975,Enchantment
WIZ-01255,Quilla Saltmarsh,quilla.saltmarsh8@ravenpost.net,nr,2023-02-27,1958,Alchemy
WIZ-01256,Maribel Duskwater,maribel.duskwater385@crystalball.io,The Marshlands,2023-10-28,1956,Herbalism
WIZ-01257,Dorian Saltmarsh,dorian.saltmarsh840@crystalball.io,Ember Coast,2025-03-26,1947,Illusion
WIZ-01258,Bramble Kilnworth,bramble.kilnworth988@owlmail.co,nr,2025-05-12,1962,Healing
WIZ-01259,Xanthe Duskwater,xanthe.duskwater875@owlmail.co,ML,2025-07-26,1922,Healing
WIZ-01260,Oleander Mistlethorn,,CV,2023-02-24,1994,Divination
WIZ-01261,Lyra Crowfeather,lyra.crowfeather486@crystalball.io,Ember Coast,2025-11-02,1963,Healing
WIZ-01262,Lyra Brightmantle,lyra.brightmantle933@moonmail.net,ML,2024-10-11,1987,Herbalism
WIZ-01263,Alaric Ironquill,alaric.ironquill406@grimoire.org,the marshlands,2024-04-30,1901,Divination
WIZ-01264,Oleander Umberfall,oleander.umberfall280@grimoire.org,Northern Reaches,2024-07-14,1986,Alchemy
WIZ-01265,Belladonna Wandwright,belladonna.wandwright55@owlmail.co,SW,2023-04-24,1982,Transmutation
WIZ-01266,Maribel Wyrmwood,maribel.wyrmwood568@crystalball.io,cv,2025-12-28,1932,ALCHEMY
WIZ-01267,Isolde Ashgrove,isolde.ashgrove516@crystalball.io,CV,2026-06-12,1981,Alchemy
WIZ-01268,Belladonna Duskwater,belladonna.duskwater479@crystalball.io,The Marshlands,2024-01-12,1993,Healing
WIZ-01269,Jasper Crowfeather,jasper.crowfeather636@ravenpost.net,ember coast,2024-05-18,1935,Illusion
WIZ-01270,Kestrel Frostpetal,kestrel.frostpetal569@moonmail.net,EC,2023-07-16,1894,Transmutation
WIZ-01271,Ignatius Cinderfell,ignatius.cinderfell397@owlmail.co,ML,2024-09-07,1976,Enchantment
WIZ-01272,Oswin Saltmarsh,oswin.saltmarsh274@moonmail.net,CV,2025-11-28,1914,Alchemy
WIZ-01273,Grizelda Gorsebush,grizelda.gorsebush518@crystalball.io,SW,2024-02-10,1939,ALCHEMY
WIZ-01274,Quilla Vexley,quilla.vexley545@owlmail.co,The Marshlands,2024-03-13,1973,Healing
WIZ-01275,Caspian Jackdaw,caspian.jackdaw611@ravenpost.net,nr,2023-11-25,1949,Herbalism
WIZ-01276,Yarrow Netherfield,yarrow.netherfield541@moonmail.net,The Marshlands,2025-09-09,1982,Enchantment
WIZ-01277,Umbra Everbright,umbra.everbright108@crystalball.io,ml,2024-11-14,1917,Transmutation
WIZ-01278,Oleander Ironquill,oleander.ironquill180@crystalball.io,NR,2025-07-26,1956,Enchantment
WIZ-01279,Hesper Fernwhistle,hesper.fernwhistle116@moonmail.net,EC,2023-04-16,1989,DIVINATION
WIZ-01280,Lyra Hazelrigg,lyra.hazelrigg571@owlmail.co,NR,2024-08-20,1989,Healing
WIZ-01281,Alaric Emberwhisk,alaric.emberwhisk445@grimoire.org,northern reaches,2024-06-18,1950,Illusion
WIZ-01282,Juniper Everbright,,NR,2024-11-02,1932,Transmutation
WIZ-01283,Peregrine Jackdaw,peregrine.jackdaw657@ravenpost.net,Silverwood,2023-11-23,1985,Transmutation
WIZ-01284,Juniper Ravenscroft,juniper.ravenscroft603@crystalball.io,The Marshlands,2023-11-13,1889,Healing
WIZ-01285,Bramble Dimbleby,bramble.dimbleby4@crystalball.io,ML,2025-08-18,1927,Enchantment
WIZ-01286,Elowen Tanglewood,elowen.tanglewood996@grimoire.org,EC,2023-02-17,1886,Enchantment
WIZ-01287,Fenwick Glimmerstone,fenwick.glimmerstone2@grimoire.org,SW,2025-02-16,1963,ILLUSION
WIZ-01288,Petra Everbright,petra.everbright576@owlmail.co,ec,2023-01-16,1922,Herbalism
WIZ-01289,Corvin Kilnworth,corvin.kilnworth471@ravenpost.net,sw,2024-12-11,1956,Herbalism
WIZ-01290,Hawthorne Everbright,hawthorne.everbright497@moonmail.net,NR,2026-05-30,1987,Herbalism
WIZ-01291,Elowen Kilnworth,elowen.kilnworth609@owlmail.co,northern reaches,2025-07-22,1901,Transmutation
WIZ-01292,Wendeline Dimbleby,wendeline.dimbleby573@owlmail.co,EC,2026-04-08,1895,Herbalism
WIZ-01293,Corvin Vexley,corvin.vexley370@crystalball.io,silverwood,2024-09-13,1900,Transmutation
WIZ-01294,Fenwick Ravenscroft,fenwick.ravenscroft803@ravenpost.net,nr,2025-07-30,1991,Enchantment
WIZ-01295,Oleander Larkspur,oleander.larkspur182@owlmail.co,northern reaches,2024-11-19,1927,Herbalism
WIZ-01296,Quilla Vexley,quilla.vexley567@crystalball.io,SW,2023-05-16,1991,Illusion
WIZ-01297,Gideon Ravenscroft,gideon.ravenscroft891@crystalball.io,EC,2023-05-25,1958,HEALING
WIZ-01298,Zephyrine Mossheart,zephyrine.mossheart974@ravenpost.net,EC,2025-06-16,1902,Alchemy
WIZ-01299,Lyra Gorsebush,lyra.gorsebush907@crystalball.io,NR,2023-12-02,1951,ENCHANTMENT
WIZ-01300,Lyra Hollowbranch,lyra.hollowbranch140@grimoire.org,northern reaches,2025-10-07,1954,Illusion
WIZ-01301,Elowen Cinderfell,elowen.cinderfell772@ravenpost.net,nr,2026-01-27,1885,Herbalism
WIZ-01302,Grizelda Glimmerstone,grizelda.glimmerstone902@ravenpost.net,ML,2024-03-13,1989,Illusion
WIZ-01303,Corvin Ravenscroft,corvin.ravenscroft830@grimoire.org,sw,2023-02-03,1885,Transmutation
WIZ-01304,Fenwick Gorsebush,fenwick.gorsebush336@crystalball.io,nr,2025-05-16,1987,Herbalism
WIZ-01305,Juniper Kilnworth,juniper.kilnworth610@crystalball.io,nr,2024-02-27,1899,Transmutation
WIZ-01306,Petra Gorsebush,petra.gorsebush319@moonmail.net,northern reaches,2025-10-29,1977,Illusion
WIZ-01307,Cassia Foxglove,cassia.foxglove188@ravenpost.net,EC,2024-02-17,1997,Illusion
WIZ-01308,Quilla Hazelrigg,quilla.hazelrigg941@owlmail.co,EC,2025-03-05,1995,ALCHEMY
WIZ-01309,Belladonna Crowfeather,belladonna.crowfeather258@crystalball.io,cv,2023-08-13,1955,ALCHEMY
WIZ-01310,Oswin Wyrmwood,oswin.wyrmwood306@grimoire.org,cv,2026-04-07,1927,Alchemy
WIZ-01311,Rowan Cinderfell,rowan.cinderfell361@ravenpost.net,EC,2024-04-04,1911,Herbalism
WIZ-01312,Oleander Moonbrook,oleander.moonbrook333@ravenpost.net,nr,2025-06-07,1924,Enchantment
WIZ-01313,Grizelda Mossheart,grizelda.mossheart474@moonmail.net,CV,2023-03-27,1972,Healing
WIZ-01314,Caspian Wyrmwood,caspian.wyrmwood25@grimoire.org,ML,2023-07-01,1914,Alchemy
WIZ-01315,Fenwick Stormbottle,fenwick.stormbottle187@grimoire.org,Crystal Vale,2024-09-23,2000,Herbalism
WIZ-01316,Alaric Hollowbranch,alaric.hollowbranch114@crystalball.io,Northern Reaches,2024-08-21,1908,ALCHEMY
WIZ-01317,Maribel Duskwater,maribel.duskwater449@crystalball.io,Northern Reaches,2026-03-25,1897,Illusion
WIZ-01318,Isolde Dimbleby,isolde.dimbleby726@moonmail.net,sw,2024-08-20,2001,Divination
WIZ-01319,Dorian Thistledown,dorian.thistledown637@owlmail.co,Crystal Vale,2025-04-21,1886,Divination
WIZ-01320,Alaric Brightmantle,alaric.brightmantle439@ravenpost.net,ec,2023-02-02,1982,Alchemy
WIZ-01321,Petra Nightbloom,petra.nightbloom631@moonmail.net,crystal vale,2026-05-01,1930,Alchemy
WIZ-01322,Xanthe Kilnworth,xanthe.kilnworth73@ravenpost.net,northern reaches,2023-02-16,1957,Herbalism
WIZ-01323,Corvin Barrowmere,corvin.barrowmere560@grimoire.org,ml,2026-01-12,1890,Illusion
WIZ-01324,Edric Gorsebush,edric.gorsebush980@owlmail.co,sw,2023-05-09,1921,Alchemy
WIZ-01325,Xanthe Mossheart,xanthe.mossheart387@owlmail.co,EC,2024-02-07,1905,Enchantment
WIZ-01326,Fiora Winterbourne,fiora.winterbourne921@grimoire.org,NR,2025-05-17,1953,Alchemy
WIZ-01327,Lyra Kilnworth,lyra.kilnworth227@crystalball.io,EC,2024-12-01,1886,Enchantment
WIZ-01328,Ambrose Moonbrook,ambrose.moonbrook983@moonmail.net,SW,2023-01-06,1917,Divination
WIZ-01329,Hawthorne Glimmerstone,hawthorne.glimmerstone140@moonmail.net,CV,2024-03-30,1971,ALCHEMY
WIZ-01330,Delphine Tanglewood,delphine.tanglewood557@grimoire.org,ec,2026-01-28,1908,Healing
WIZ-01331,Belladonna Quickbramble,belladonna.quickbramble864@owlmail.co,Ember Coast,2023-02-17,1907,Illusion
WIZ-01332,Delphine Vexley,delphine.vexley474@grimoire.org,cv,2023-07-11,1901,HEALING
WIZ-01333,Wendeline Hollowbranch,wendeline.hollowbranch442@owlmail.co,Northern Reaches,2023-01-07,1977,Enchantment
WIZ-01334,Hesper Ashgrove,hesper.ashgrove703@crystalball.io,SW,2025-11-13,1983,Healing
WIZ-01335,Xanthe Tanglewood,xanthe.tanglewood902@crystalball.io,sw,2024-09-22,1945,Divination
WIZ-01336,Juniper Hazelrigg,juniper.hazelrigg792@crystalball.io,cv,2023-02-21,1982,Illusion
WIZ-01337,Elowen Jackdaw,elowen.jackdaw521@moonmail.net,EC,2026-03-16,1950,Alchemy
WIZ-01338,Dorian Nightbloom,dorian.nightbloom773@grimoire.org,NR,2024-11-19,1955,Divination
WIZ-01339,Oswin Ravenscroft,oswin.ravenscroft91@crystalball.io,northern reaches,2024-12-07,1968,Divination
WIZ-01340,Hesper Ashgrove,hesper.ashgrove728@owlmail.co,sw,2024-01-04,1979,Enchantment
WIZ-01341,Nimbus Cinderfell,nimbus.cinderfell135@owlmail.co,ml,2023-06-02,1993,Divination
WIZ-01342,Xanthe Copperkettle,xanthe.copperkettle428@crystalball.io,CV,2023-05-14,1935,Divination
WIZ-01343,Dorian Umberfall,dorian.umberfall849@grimoire.org,EC,2026-03-02,2000,Herbalism
WIZ-01344,Isolde Wandwright,isolde.wandwright613@ravenpost.net,Ember Coast,2026-04-29,1972,Enchantment
WIZ-01345,Oleander Moonbrook,oleander.moonbrook979@moonmail.net,northern reaches,2024-12-10,1888,Alchemy
WIZ-01346,Ignatius Brightmantle,ignatius.brightmantle155@moonmail.net,Northern Reaches,2024-02-01,2005,Healing
WIZ-01347,Dorian Vexley,dorian.vexley428@grimoire.org,Ember Coast,2025-07-13,1999,Healing
WIZ-01348,Jasper Glimmerstone,jasper.glimmerstone62@crystalball.io,Silverwood,2025-08-08,1985,Alchemy
WIZ-01349,Belladonna Yewbarrow,belladonna.yewbarrow789@owlmail.co,ml,2026-06-02,1929,Healing
WIZ-01350,Kestrel Dimbleby,kestrel.dimbleby445@ravenpost.net,northern reaches,2023-06-22,1917,Divination
WIZ-01351,Vesper Jackdaw,vesper.jackdaw104@moonmail.net,ml,2025-03-30,2007,Healing
WIZ-01352,Oleander Netherfield,oleander.netherfield246@crystalball.io,Crystal Vale,2024-02-22,1969,Herbalism
WIZ-01353,Oswin Copperkettle,oswin.copperkettle738@crystalball.io,crystal vale,2025-03-03,1908,Alchemy
WIZ-01354,Peregrine Mossheart,peregrine.mossheart36@owlmail.co,Northern Reaches,2023-07-27,1931,Illusion
WIZ-01355,Bramble Vexley,bramble.vexley479@grimoire.org,cv,2025-03-31,1919,Transmutation
WIZ-01356,Maribel Brightmantle,maribel.brightmantle205@crystalball.io,CV,2026-04-12,1957,TRANSMUTATION
WIZ-01357,Yarrow Mistlethorn,yarrow.mistlethorn66@grimoire.org,NR,2025-07-27,1895,Divination
WIZ-01358,Ignatius Thistledown,ignatius.thistledown314@moonmail.net,NR,2026-03-26,1982,Transmutation
WIZ-01359,Xanthe Kilnworth,xanthe.kilnworth187@ravenpost.net,ML,2023-11-06,1943,ILLUSION
WIZ-01360,Xanthe Larkspur,xanthe.larkspur126@crystalball.io,nr,2025-03-30,1918,Enchantment
WIZ-01361,Kestrel Zellandine,kestrel.zellandine908@crystalball.io,Northern Reaches,2025-05-05,1942,Herbalism
WIZ-01362,Delphine Mossheart,delphine.mossheart662@ravenpost.net,ec,2023-01-19,1930,Divination
WIZ-01363,Xanthe Jackdaw,xanthe.jackdaw161@owlmail.co,ember coast,2026-01-22,1920,Enchantment
WIZ-01364,Gideon Dimbleby,gideon.dimbleby510@owlmail.co,SW,2024-05-25,1967,Illusion
WIZ-01365,Ambrose Tanglewood,ambrose.tanglewood456@grimoire.org,ec,2024-11-29,1936,Enchantment
WIZ-01366,Delphine Thistledown,delphine.thistledown48@crystalball.io,The Marshlands,2023-03-05,2004,Herbalism
WIZ-01367,Xanthe Saltmarsh,xanthe.saltmarsh38@ravenpost.net,cv,2026-05-06,1972,Divination
WIZ-01368,Lyra Saltmarsh,lyra.saltmarsh28@moonmail.net,ember coast,2025-01-16,1973,Illusion
WIZ-01369,Zephyrine Hazelrigg,zephyrine.hazelrigg169@ravenpost.net,NR,2026-06-11,1964,Alchemy
WIZ-01370,Zephyrine Stormbottle,zephyrine.stormbottle191@moonmail.net,The Marshlands,2024-07-28,1985,Divination
WIZ-01371,Petra Umberfall,petra.umberfall932@owlmail.co,NR,2026-05-07,1973,Illusion
WIZ-01372,Petra Copperkettle,petra.copperkettle2@crystalball.io,ec,2026-03-10,1973,Illusion
WIZ-01373,Wendeline Mossheart,wendeline.mossheart520@crystalball.io,cv,2024-03-09,1896,Healing
WIZ-01374,Gideon Stormbottle,gideon.stormbottle124@moonmail.net,The Marshlands,2024-05-24,1910,Transmutation
WIZ-01375,Hawthorne Foxglove,hawthorne.foxglove976@moonmail.net,northern reaches,2023-12-29,1971,Herbalism
WIZ-01376,Fenwick Frostpetal,fenwick.frostpetal725@crystalball.io,SW,2026-04-07,1936,Transmutation
WIZ-01377,Quilla Ravenscroft,quilla.ravenscroft157@owlmail.co,crystal vale,2023-08-10,1950,Healing
WIZ-01378,Seraphine Duskwater,seraphine.duskwater687@moonmail.net,Northern Reaches,2025-06-20,1972,Enchantment
WIZ-01379,Wendeline Yewbarrow,wendeline.yewbarrow633@crystalball.io,nr,2023-07-07,2000,Transmutation
WIZ-01380,Edric Fernwhistle,edric.fernwhistle279@grimoire.org,sw,2023-04-28,1898,Illusion
WIZ-01381,Umbra Mossheart,umbra.mossheart669@moonmail.net,EC,2025-05-09,1969,Healing
WIZ-01382,Zephyrine Cinderfell,zephyrine.cinderfell235@moonmail.net,ml,2025-04-20,1931,Transmutation
WIZ-01383,Edric Moonbrook,edric.moonbrook819@owlmail.co,cv,2023-09-15,1932,Healing
WIZ-01384,Elowen Wandwright,elowen.wandwright439@crystalball.io,northern reaches,2026-05-21,1896,Herbalism
WIZ-01385,Nimbus Larkspur,nimbus.larkspur190@ravenpost.net,EC,2024-05-23,1902,Healing
WIZ-01386,Kestrel Thistledown,kestrel.thistledown747@ravenpost.net,NR,2024-05-23,1910,Herbalism
WIZ-01387,Petra Yewbarrow,petra.yewbarrow416@ravenpost.net,sw,2026-02-01,1912,Healing
WIZ-01388,Edric Mossheart,edric.mossheart668@grimoire.org,SW,2023-07-09,2007,Alchemy
WIZ-01389,Ignatius Netherfield,ignatius.netherfield243@owlmail.co,cv,2026-01-09,2000,Enchantment
WIZ-01390,Oleander Glimmerstone,oleander.glimmerstone193@ravenpost.net,cv,2025-07-27,1985,Herbalism
WIZ-01391,Hawthorne Foxglove,hawthorne.foxglove361@ravenpost.net,ml,2023-05-04,1933,ALCHEMY
WIZ-01392,Delphine Owlsworth,,ec,2024-08-21,1935,Alchemy
WIZ-01393,Belladonna Frostpetal,belladonna.frostpetal461@crystalball.io,CV,2026-02-07,1989,Divination
WIZ-01394,Cassia Duskwater,cassia.duskwater251@crystalball.io,EC,2024-08-03,1910,Healing
WIZ-01395,Rowan Kilnworth,rowan.kilnworth452@ravenpost.net,nr,2025-01-07,1968,Alchemy
WIZ-01396,Oswin Saltmarsh,oswin.saltmarsh737@ravenpost.net,NR,2024-01-15,1905,Herbalism
WIZ-01397,Nimbus Barrowmere,nimbus.barrowmere629@crystalball.io,cv,2023-03-22,1956,Illusion
WIZ-01398,Zephyrine Umberfall,zephyrine.umberfall254@crystalball.io,Crystal Vale,2025-08-28,1996,Alchemy
WIZ-01399,Quilla Wandwright,quilla.wandwright406@moonmail.net,cv,2025-05-09,1981,Herbalism
WIZ-01400,Quilla Brightmantle,quilla.brightmantle903@crystalball.io,CV,2025-04-18,1952,Illusion
WIZ-01401,Juniper Hollowbranch,juniper.hollowbranch513@grimoire.org,Northern Reaches,2023-02-18,1977,DIVINATION
WIZ-01402,Ignatius Hazelrigg,ignatius.hazelrigg162@ravenpost.net,crystal vale,2025-04-03,1982,Herbalism
WIZ-01403,Lyra Ashgrove,lyra.ashgrove309@moonmail.net,EC,2024-08-14,1975,Illusion
WIZ-01404,Maribel Ravenscroft,maribel.ravenscroft11@ravenpost.net,ec,2024-11-06,1993,Alchemy
WIZ-01405,Petra Mossheart,petra.mossheart755@crystalball.io,Northern Reaches,2024-07-29,1911,Enchantment
WIZ-01406,Zephyrine Umberfall,zephyrine.umberfall339@moonmail.net,ec,2026-03-02,1945,Healing
WIZ-01407,Fenwick Kilnworth,fenwick.kilnworth370@moonmail.net,EC,2024-09-09,1926,Transmutation
WIZ-01408,Oswin Ironquill,oswin.ironquill304@owlmail.co,NR,2024-08-19,2004,Enchantment
WIZ-01409,Peregrine Copperkettle,peregrine.copperkettle417@owlmail.co,SW,2023-10-27,1914,Enchantment
WIZ-01410,Gideon Yewbarrow,gideon.yewbarrow34@moonmail.net,the marshlands,2026-01-05,1968,Alchemy
WIZ-01411,Corvin Brightmantle,corvin.brightmantle825@ravenpost.net,silverwood,2023-02-21,1941,Alchemy
WIZ-01412,Cassia Quickbramble,cassia.quickbramble234@moonmail.net,The Marshlands,2023-11-23,2006,Healing
WIZ-01413,Petra Brightmantle,petra.brightmantle770@crystalball.io,The Marshlands,2025-06-12,1982,Divination
WIZ-01414,Jasper Netherfield,jasper.netherfield138@crystalball.io,ember coast,2024-07-10,1912,Divination
WIZ-01415,Oswin Copperkettle,oswin.copperkettle752@ravenpost.net,SW,2024-04-24,1943,ALCHEMY
WIZ-01416,Belladonna Foxglove,belladonna.foxglove769@crystalball.io,Northern Reaches,2026-03-17,1907,Alchemy
WIZ-01417,Fenwick Stormbottle,fenwick.stormbottle265@grimoire.org,NR,2026-02-16,1919,ENCHANTMENT
WIZ-01418,Cassia Ravenscroft,cassia.ravenscroft996@moonmail.net,The Marshlands,2025-10-13,2002,Illusion
WIZ-01419,Kestrel Hollowbranch,kestrel.hollowbranch903@crystalball.io,Northern Reaches,2024-11-13,1977,TRANSMUTATION
WIZ-01420,Ignatius Dimbleby,ignatius.dimbleby488@grimoire.org,EC,2024-10-13,1898,Herbalism
WIZ-01421,Lyra Duskwater,lyra.duskwater233@moonmail.net,CV,2024-01-04,1985,Enchantment
WIZ-01422,Gideon Wandwright,gideon.wandwright822@moonmail.net,ML,2023-11-21,1935,Illusion
WIZ-01423,Gideon Foxglove,gideon.foxglove193@grimoire.org,silverwood,2025-11-10,1986,Divination
WIZ-01424,Dorian Ashgrove,dorian.ashgrove714@crystalball.io,cv,2025-12-08,1988,Enchantment
WIZ-01425,Elowen Dimbleby,elowen.dimbleby37@owlmail.co,SW,2025-11-09,1960,Herbalism
WIZ-01426,Lyra Mistlethorn,lyra.mistlethorn177@owlmail.co,nr,2023-04-23,1934,Enchantment
WIZ-01427,Delphine Stormbottle,delphine.stormbottle154@owlmail.co,NR,2024-01-05,1971,Alchemy
WIZ-01428,Yarrow Copperkettle,yarrow.copperkettle837@owlmail.co,NR,2024-07-02,1923,Transmutation
WIZ-01429,Thaddeus Gorsebush,thaddeus.gorsebush595@crystalball.io,nr,2025-11-24,1987,Divination
WIZ-01430,Yarrow Gorsebush,yarrow.gorsebush896@crystalball.io,nr,2024-09-12,1948,Alchemy
WIZ-01431,Zephyrine Barrowmere,zephyrine.barrowmere899@moonmail.net,ML,2025-01-31,1919,Divination
WIZ-01432,Umbra Hollowbranch,umbra.hollowbranch18@grimoire.org,NR,2024-01-03,1954,Healing
WIZ-01433,Bramble Vexley,bramble.vexley293@ravenpost.net,northern reaches,2024-12-09,2007,Illusion
WIZ-01434,Maribel Saltmarsh,maribel.saltmarsh251@grimoire.org,Silverwood,2024-02-16,1967,Transmutation
WIZ-01435,Seraphine Stormbottle,seraphine.stormbottle680@crystalball.io,SW,2024-01-22,1970,Herbalism
WIZ-01436,Grizelda Mossheart,grizelda.mossheart588@moonmail.net,ML,2024-08-11,1994,Divination
WIZ-01437,Lyra Foxglove,lyra.foxglove382@crystalball.io,silverwood,2023-06-27,1899,Enchantment
WIZ-01438,Belladonna Ironquill,belladonna.ironquill306@ravenpost.net,nr,2025-11-24,1952,Alchemy
WIZ-01439,Yarrow Quickbramble,yarrow.quickbramble690@ravenpost.net,NR,2024-11-14,1957,HERBALISM
WIZ-01440,Hesper Everbright,hesper.everbright795@grimoire.org,SW,2023-11-18,1996,Transmutation
WIZ-01441,Hawthorne Mistlethorn,hawthorne.mistlethorn675@owlmail.co,NR,2024-11-10,2004,Transmutation
WIZ-01442,Morwenna Stormbottle,morwenna.stormbottle168@moonmail.net,NR,2023-03-07,1899,Alchemy
WIZ-01443,Corvin Ashgrove,corvin.ashgrove779@grimoire.org,sw,2024-04-02,1963,Alchemy
WIZ-01444,Kestrel Gorsebush,kestrel.gorsebush21@ravenpost.net,NR,2024-10-22,1937,Healing
WIZ-01445,Alaric Cinderfell,alaric.cinderfell553@crystalball.io,NR,2023-07-21,1996,Healing
WIZ-01446,Umbra Stormbottle,umbra.stormbottle564@ravenpost.net,cv,2024-06-26,1905,Transmutation
WIZ-01447,Corvin Netherfield,corvin.netherfield715@grimoire.org,nr,2024-04-06,1940,Divination
WIZ-01448,Juniper Winterbourne,juniper.winterbourne395@owlmail.co,nr,2025-11-26,2000,Enchantment
WIZ-01449,Hawthorne Ironquill,hawthorne.ironquill466@ravenpost.net,nr,2025-08-17,1984,Healing
WIZ-01450,Jasper Gorsebush,jasper.gorsebush735@moonmail.net,nr,2025-01-22,1993,Herbalism
WIZ-01451,Lyra Dimbleby,lyra.dimbleby334@ravenpost.net,Ember Coast,2024-09-03,1948,Transmutation
WIZ-01452,Xanthe Larkspur,xanthe.larkspur670@crystalball.io,NR,2024-06-19,1901,Transmutation
WIZ-01453,Hawthorne Dimbleby,hawthorne.dimbleby994@moonmail.net,Ember Coast,2026-06-12,1967,Divination
WIZ-01454,Fiora Stormbottle,fiora.stormbottle842@owlmail.co,SW,2024-07-18,1974,Illusion
WIZ-01455,Kestrel Netherfield,kestrel.netherfield142@crystalball.io,EC,2026-02-09,1949,Herbalism
WIZ-01456,Vesper Saltmarsh,vesper.saltmarsh644@ravenpost.net,The Marshlands,2023-10-07,1998,Divination
WIZ-01457,Caspian Brightmantle,caspian.brightmantle422@grimoire.org,silverwood,2024-11-24,1893,Illusion
WIZ-01458,Fiora Emberwhisk,fiora.emberwhisk469@crystalball.io,sw,2026-01-18,1956,Alchemy
WIZ-01459,Seraphine Yewbarrow,seraphine.yewbarrow623@moonmail.net,ML,2024-06-05,1944,Divination
WIZ-01460,Vesper Winterbourne,vesper.winterbourne390@crystalball.io,ml,2024-06-30,1918,Alchemy
WIZ-01461,Kestrel Gorsebush,kestrel.gorsebush176@ravenpost.net,the marshlands,2024-07-11,1905,Transmutation
WIZ-01462,Zephyrine Yewbarrow,,SW,2023-03-04,1991,Alchemy
WIZ-01463,Oswin Thistledown,oswin.thistledown195@ravenpost.net,EC,2026-01-04,1989,Herbalism
WIZ-01464,Edric Duskwater,edric.duskwater426@owlmail.co,northern reaches,2024-10-17,1942,Illusion
WIZ-01465,Alaric Winterbourne,alaric.winterbourne779@grimoire.org,Northern Reaches,2023-12-20,1984,Herbalism
WIZ-01466,Wendeline Wyrmwood,wendeline.wyrmwood197@grimoire.org,cv,2023-09-25,1999,Alchemy
WIZ-01467,Gideon Everbright,gideon.everbright544@grimoire.org,Northern Reaches,2024-07-20,1987,Healing
WIZ-01468,Nimbus Barrowmere,nimbus.barrowmere278@crystalball.io,ember coast,2023-05-06,1901,Herbalism
WIZ-01469,Edric Brightmantle,edric.brightmantle952@grimoire.org,ML,2025-09-06,1923,Healing
WIZ-01470,Isolde Ashgrove,isolde.ashgrove447@grimoire.org,northern reaches,2023-12-19,1983,Divination
WIZ-01471,Hawthorne Mistlethorn,hawthorne.mistlethorn651@crystalball.io,EC,2023-08-30,1948,Alchemy
WIZ-01472,Ignatius Owlsworth,ignatius.owlsworth229@moonmail.net,EC,2025-05-30,1993,Illusion
WIZ-01473,Umbra Thistledown,umbra.thistledown295@crystalball.io,ML,2024-09-22,1906,Enchantment
WIZ-01474,Dorian Thistledown,dorian.thistledown190@ravenpost.net,CV,2025-08-08,1976,Illusion
WIZ-01475,Jasper Dimbleby,jasper.dimbleby549@moonmail.net,ml,2025-09-09,1956,Alchemy
WIZ-01476,Umbra Hollowbranch,umbra.hollowbranch862@crystalball.io,Northern Reaches,2023-11-09,1897,Transmutation
WIZ-01477,Fiora Vexley,fiora.vexley345@ravenpost.net,sw,2025-10-03,1931,Alchemy
WIZ-01478,Delphine Quickbramble,delphine.quickbramble654@owlmail.co,EC,2023-08-24,1941,Illusion
WIZ-01479,Seraphine Ashgrove,seraphine.ashgrove595@crystalball.io,silverwood,2025-10-16,1943,Divination
WIZ-01480,Oleander Winterbourne,oleander.winterbourne548@ravenpost.net,NR,2023-08-25,1912,Transmutation
WIZ-01481,Morwenna Fernwhistle,morwenna.fernwhistle187@grimoire.org,cv,2025-12-16,1949,Herbalism
WIZ-01482,Juniper Wandwright,juniper.wandwright487@owlmail.co,Northern Reaches,2023-06-28,1940,Divination
WIZ-01483,Lyra Ashgrove,lyra.ashgrove852@owlmail.co,Crystal Vale,2025-05-10,1946,Illusion
WIZ-01484,Grizelda Gorsebush,grizelda.gorsebush703@grimoire.org,NR,2024-10-18,1933,Transmutation
WIZ-01485,Yarrow Hollowbranch,yarrow.hollowbranch67@crystalball.io,Northern Reaches,2025-08-12,1902,Herbalism
WIZ-01486,Yarrow Barrowmere,yarrow.barrowmere602@moonmail.net,SW,2023-12-16,1889,Healing
WIZ-01487,Vesper Everbright,vesper.everbright240@crystalball.io,Northern Reaches,2023-01-18,1954,Herbalism
WIZ-01488,Seraphine Hollowbranch,seraphine.hollowbranch961@moonmail.net,ML,2025-08-04,1981,Illusion
WIZ-01489,Maribel Vexley,maribel.vexley380@grimoire.org,Ember Coast,2026-01-26,1929,Illusion
WIZ-01490,Hawthorne Larkspur,hawthorne.larkspur764@moonmail.net,ec,2023-05-27,1969,Enchantment
WIZ-01491,Isolde Quickbramble,isolde.quickbramble930@grimoire.org,cv,2025-01-09,2003,Alchemy
WIZ-01492,Quilla Tanglewood,quilla.tanglewood212@grimoire.org,Ember Coast,2025-03-30,1951,TRANSMUTATION
WIZ-01493,Lyra Winterbourne,lyra.winterbourne350@grimoire.org,ML,2025-01-31,1895,Herbalism
WIZ-01494,Fiora Ironquill,fiora.ironquill909@ravenpost.net,ml,2023-12-11,2002,ILLUSION
WIZ-01495,Kestrel Nightbloom,kestrel.nightbloom324@owlmail.co,SW,2026-02-11,1939,Herbalism
WIZ-01496,Xanthe Glimmerstone,xanthe.glimmerstone517@moonmail.net,The Marshlands,2026-05-04,1944,Enchantment
WIZ-01497,Umbra Copperkettle,,ML,2024-02-09,1915,Illusion
WIZ-01498,Ignatius Ravenscroft,ignatius.ravenscroft662@crystalball.io,EC,2025-10-29,1939,Healing
WIZ-01499,Umbra Ironquill,umbra.ironquill44@crystalball.io,Ember Coast,2025-11-27,1923,Divination
WIZ-01500,Elowen Tanglewood,elowen.tanglewood389@grimoire.org,NR,2025-12-26,1912,Enchantment
WIZ-01501,Zephyrine Kilnworth,zephyrine.kilnworth634@ravenpost.net,sw,2023-12-28,1954,ALCHEMY
WIZ-01502,Belladonna Glimmerstone,belladonna.glimmerstone253@ravenpost.net,Silverwood,2023-10-26,1990,Transmutation
WIZ-01503,Lyra Umberfall,lyra.umberfall298@owlmail.co,ec,2023-04-29,1890,Enchantment
WIZ-01504,Peregrine Everbright,peregrine.everbright163@moonmail.net,silverwood,2025-10-11,1968,Transmutation
WIZ-01505,Peregrine Owlsworth,peregrine.owlsworth262@crystalball.io,Northern Reaches,2023-03-26,1937,Healing
WIZ-01506,Delphine Saltmarsh,delphine.saltmarsh894@crystalball.io,EC,2025-01-26,1932,Healing
WIZ-01507,Ignatius Thistledown,,NR,2023-08-08,1939,DIVINATION
WIZ-01508,Grizelda Duskwater,grizelda.duskwater119@moonmail.net,ML,2026-05-24,1925,Illusion
WIZ-01509,Ambrose Kilnworth,ambrose.kilnworth267@moonmail.net,sw,2025-09-02,1885,Herbalism
WIZ-01510,Rowan Netherfield,rowan.netherfield773@crystalball.io,Northern Reaches,2025-04-03,1991,Illusion
WIZ-01511,Delphine Ravenscroft,delphine.ravenscroft910@owlmail.co,northern reaches,2024-11-04,1988,HERBALISM
WIZ-01512,Grizelda Wyrmwood,grizelda.wyrmwood785@ravenpost.net,northern reaches,2025-04-04,1960,Herbalism
WIZ-01513,Gideon Frostpetal,gideon.frostpetal766@crystalball.io,CV,2024-04-26,1914,Divination
WIZ-01514,Caspian Thistledown,caspian.thistledown9@moonmail.net,northern reaches,2024-10-05,2005,Alchemy
WIZ-01515,Ambrose Emberwhisk,ambrose.emberwhisk358@crystalball.io,the marshlands,2023-05-11,2003,Alchemy
WIZ-01516,Oswin Glimmerstone,oswin.glimmerstone473@owlmail.co,Northern Reaches,2026-04-30,1893,Healing
WIZ-01517,Maribel Brightmantle,maribel.brightmantle381@owlmail.co,ml,2023-08-09,1892,Herbalism
WIZ-01518,Grizelda Foxglove,grizelda.foxglove477@ravenpost.net,Silverwood,2023-10-11,1945,Divination
WIZ-01519,Corvin Zellandine,corvin.zellandine508@crystalball.io,ML,2023-07-01,1886,Alchemy
WIZ-01520,Nimbus Stormbottle,nimbus.stormbottle637@ravenpost.net,NR,2024-10-19,1952,Transmutation
WIZ-01521,Dorian Everbright,dorian.everbright669@owlmail.co,northern reaches,2024-02-13,1984,Healing
WIZ-01522,Peregrine Yewbarrow,peregrine.yewbarrow72@moonmail.net,EC,2025-08-29,1954,Herbalism
WIZ-01523,Edric Mistlethorn,edric.mistlethorn250@owlmail.co,Ember Coast,2023-03-03,1886,Healing
WIZ-01524,Delphine Glimmerstone,delphine.glimmerstone176@owlmail.co,NR,2023-02-05,1989,Transmutation
WIZ-01525,Edric Wandwright,edric.wandwright123@ravenpost.net,ML,2025-11-20,1996,Enchantment
WIZ-01526,Hawthorne Frostpetal,hawthorne.frostpetal988@ravenpost.net,EC,2023-06-21,1917,Alchemy
WIZ-01527,Jasper Mossheart,jasper.mossheart954@owlmail.co,NR,2025-04-27,1967,Transmutation
WIZ-01528,Nimbus Larkspur,nimbus.larkspur751@ravenpost.net,SW,2023-03-26,1990,Transmutation
WIZ-01529,Lyra Wyrmwood,lyra.wyrmwood431@crystalball.io,EC,2025-01-30,1901,Transmutation
WIZ-01530,Oleander Quickbramble,oleander.quickbramble694@owlmail.co,NR,2024-07-25,1973,Alchemy
WIZ-01531,Yarrow Moonbrook,yarrow.moonbrook114@crystalball.io,cv,2023-04-19,2003,Illusion
WIZ-01532,Ignatius Yewbarrow,ignatius.yewbarrow822@moonmail.net,CV,2025-04-19,1956,Transmutation
WIZ-01533,Gideon Zellandine,gideon.zellandine61@ravenpost.net,EC,2024-04-19,1943,Alchemy
WIZ-01534,Caspian Jackdaw,caspian.jackdaw34@grimoire.org,Ember Coast,2026-01-30,1901,Healing
WIZ-01535,Zephyrine Kilnworth,zephyrine.kilnworth787@owlmail.co,ember coast,2025-12-24,1965,Divination
WIZ-01536,Oswin Brightmantle,oswin.brightmantle460@ravenpost.net,EC,2025-12-05,1958,Herbalism
WIZ-01537,Lyra Foxglove,lyra.foxglove171@owlmail.co,ml,2024-07-10,2005,Enchantment
WIZ-01538,Vesper Thistledown,,nr,2025-02-09,1933,Divination
WIZ-01539,Zephyrine Dimbleby,zephyrine.dimbleby4@moonmail.net,Silverwood,2023-04-24,1957,Healing
WIZ-01540,Alaric Emberwhisk,alaric.emberwhisk772@owlmail.co,ML,2024-10-03,1948,DIVINATION
WIZ-01541,Maribel Ironquill,maribel.ironquill758@moonmail.net,NR,2026-02-12,1986,Enchantment
WIZ-01542,Fenwick Jackdaw,fenwick.jackdaw42@ravenpost.net,nr,2025-03-22,1992,Herbalism
WIZ-01543,Peregrine Barrowmere,peregrine.barrowmere251@grimoire.org,NR,2023-04-10,1997,Healing
WIZ-01544,Juniper Vexley,juniper.vexley778@moonmail.net,CV,2025-06-03,1887,Divination
WIZ-01545,Alaric Wandwright,alaric.wandwright285@grimoire.org,EC,2023-11-28,1933,Herbalism
WIZ-01546,Maribel Brightmantle,maribel.brightmantle734@ravenpost.net,nr,2025-09-16,1919,Enchantment
WIZ-01547,Ignatius Glimmerstone,ignatius.glimmerstone669@owlmail.co,sw,2024-12-03,1983,ALCHEMY
WIZ-01548,Zephyrine Foxglove,zephyrine.foxglove72@grimoire.org,NR,2023-12-21,1902,Transmutation
WIZ-01549,Morwenna Zellandine,morwenna.zellandine466@ravenpost.net,NR,2023-08-16,1964,HEALING
WIZ-01550,Isolde Jackdaw,isolde.jackdaw704@grimoire.org,cv,2024-10-18,1985,ENCHANTMENT
WIZ-01551,Bramble Owlsworth,bramble.owlsworth33@ravenpost.net,EC,2025-08-12,1892,Alchemy
WIZ-01552,Fenwick Ravenscroft,fenwick.ravenscroft89@ravenpost.net,Northern Reaches,2025-12-17,2001,Divination
WIZ-01553,Corvin Barrowmere,corvin.barrowmere671@crystalball.io,Crystal Vale,2023-04-02,1886,Transmutation
WIZ-01554,Umbra Mossheart,umbra.mossheart743@ravenpost.net,CV,2025-03-22,1907,DIVINATION
WIZ-01555,Oswin Quickbramble,oswin.quickbramble91@crystalball.io,NR,2023-01-26,1977,Enchantment
WIZ-01556,Thaddeus Frostpetal,thaddeus.frostpetal572@grimoire.org,northern reaches,2025-03-23,1953,Divination
WIZ-01557,Grizelda Ravenscroft,grizelda.ravenscroft404@grimoire.org,cv,2026-05-16,1993,Transmutation
WIZ-01558,Wendeline Yewbarrow,wendeline.yewbarrow79@moonmail.net,Crystal Vale,2024-11-11,1937,Illusion
WIZ-01559,Rowan Netherfield,rowan.netherfield679@owlmail.co,sw,2024-04-23,1931,Healing
WIZ-01560,Grizelda Gorsebush,grizelda.gorsebush997@owlmail.co,NR,2024-05-09,1919,Illusion
WIZ-01561,Ambrose Wyrmwood,ambrose.wyrmwood345@grimoire.org,ml,2024-10-22,1981,Alchemy
WIZ-01562,Lyra Emberwhisk,lyra.emberwhisk821@crystalball.io,SW,2026-05-07,1900,Healing
WIZ-01563,Morwenna Ironquill,morwenna.ironquill256@ravenpost.net,ML,2025-12-26,1924,Divination
WIZ-01564,Seraphine Gorsebush,seraphine.gorsebush742@ravenpost.net,SW,2025-11-27,1987,Transmutation
WIZ-01565,Zephyrine Duskwater,zephyrine.duskwater101@ravenpost.net,CV,2024-07-19,1905,Illusion
WIZ-01566,Rowan Glimmerstone,rowan.glimmerstone31@ravenpost.net,SW,2025-01-07,1963,ENCHANTMENT
WIZ-01567,Peregrine Frostpetal,peregrine.frostpetal60@owlmail.co,northern reaches,2024-06-01,1910,Healing
WIZ-01568,Maribel Netherfield,maribel.netherfield827@crystalball.io,NR,2024-08-20,1923,Transmutation
WIZ-01569,Fiora Nightbloom,fiora.nightbloom569@grimoire.org,Northern Reaches,2025-10-21,1998,Enchantment
WIZ-01570,Jasper Umberfall,jasper.umberfall53@moonmail.net,nr,2026-03-24,1921,ILLUSION
WIZ-01571,Hesper Tanglewood,hesper.tanglewood79@owlmail.co,CV,2024-07-10,1928,Herbalism
WIZ-01572,Edric Hollowbranch,edric.hollowbranch455@moonmail.net,ml,2026-05-24,1984,Transmutation
WIZ-01573,Oswin Dimbleby,oswin.dimbleby29@moonmail.net,SW,2024-03-01,1963,TRANSMUTATION
WIZ-01574,Morwenna Mistlethorn,morwenna.mistlethorn394@crystalball.io,Ember Coast,2026-02-23,1953,Divination
WIZ-01575,Cassia Crowfeather,cassia.crowfeather922@ravenpost.net,NR,2026-01-25,1886,Enchantment
WIZ-01576,Wendeline Dimbleby,wendeline.dimbleby174@crystalball.io,SW,2025-11-25,1987,Illusion
WIZ-01577,Lyra Hollowbranch,lyra.hollowbranch39@grimoire.org,Silverwood,2024-11-02,1955,Alchemy
WIZ-01578,Edric Emberwhisk,edric.emberwhisk366@ravenpost.net,ec,2024-03-29,1916,Herbalism
WIZ-01579,Xanthe Foxglove,xanthe.foxglove859@grimoire.org,Crystal Vale,2023-02-26,1934,Healing
WIZ-01580,Nimbus Copperkettle,nimbus.copperkettle915@owlmail.co,EC,2024-06-19,1980,Enchantment
WIZ-01581,Oswin Kilnworth,oswin.kilnworth226@ravenpost.net,northern reaches,2023-10-27,1979,Transmutation
WIZ-01582,Alaric Saltmarsh,alaric.saltmarsh378@ravenpost.net,Ember Coast,2024-08-17,1982,Illusion
WIZ-01583,Seraphine Yewbarrow,seraphine.yewbarrow889@moonmail.net,ML,2025-03-08,1955,Healing
WIZ-01584,Hawthorne Brightmantle,hawthorne.brightmantle160@grimoire.org,Ember Coast,2025-09-04,1985,Transmutation
WIZ-01585,Edric Fernwhistle,edric.fernwhistle937@ravenpost.net,Northern Reaches,2025-05-25,2000,TRANSMUTATION
WIZ-01586,Grizelda Ravenscroft,grizelda.ravenscroft510@moonmail.net,NR,2024-01-17,1904,Transmutation
WIZ-01587,Oleander Dimbleby,,EC,2024-01-28,1982,Enchantment
WIZ-01588,Rowan Barrowmere,rowan.barrowmere367@ravenpost.net,EC,2025-10-23,1911,Healing
WIZ-01589,Xanthe Wyrmwood,xanthe.wyrmwood657@owlmail.co,Ember Coast,2026-04-29,1912,Healing
WIZ-01590,Oswin Hazelrigg,oswin.hazelrigg304@ravenpost.net,ml,2023-07-10,1926,Enchantment
WIZ-01591,Dorian Hollowbranch,dorian.hollowbranch770@grimoire.org,SW,2025-06-06,1903,Transmutation
WIZ-01592,Thaddeus Moonbrook,thaddeus.moonbrook11@grimoire.org,SW,2025-09-12,1911,Divination
WIZ-01593,Nimbus Tanglewood,nimbus.tanglewood709@owlmail.co,EC,2024-02-15,1999,Herbalism
WIZ-01594,Edric Mistlethorn,edric.mistlethorn530@moonmail.net,cv,2023-01-31,1914,Divination
WIZ-01595,Xanthe Fernwhistle,xanthe.fernwhistle704@moonmail.net,cv,2023-12-22,1903,Transmutation
WIZ-01596,Fenwick Saltmarsh,fenwick.saltmarsh264@ravenpost.net,ec,2025-10-04,1979,Alchemy
WIZ-01597,Edric Gorsebush,edric.gorsebush348@crystalball.io,NR,2025-10-18,1894,Herbalism
WIZ-01598,Hesper Duskwater,hesper.duskwater881@grimoire.org,ML,2023-07-05,1978,Divination
WIZ-01599,Lyra Foxglove,lyra.foxglove856@grimoire.org,ml,2024-10-17,1947,Transmutation
WIZ-01600,Grizelda Barrowmere,grizelda.barrowmere905@moonmail.net,EC,2023-10-29,1992,Herbalism
WIZ-01601,Cassia Vexley,cassia.vexley979@moonmail.net,nr,2023-04-17,1988,Divination
WIZ-01602,Ambrose Kilnworth,ambrose.kilnworth912@crystalball.io,NR,2024-07-15,1948,Illusion
WIZ-01603,Bramble Wandwright,bramble.wandwright826@ravenpost.net,EC,2024-07-20,1998,Illusion
WIZ-01604,Alaric Moonbrook,alaric.moonbrook424@grimoire.org,northern reaches,2023-07-23,1933,Herbalism
WIZ-01605,Caspian Hollowbranch,caspian.hollowbranch248@moonmail.net,NR,2025-09-28,1957,Healing
WIZ-01606,Umbra Duskwater,umbra.duskwater628@moonmail.net,ec,2023-12-25,1913,Enchantment
WIZ-01607,Kestrel Frostpetal,kestrel.frostpetal587@ravenpost.net,ML,2023-03-31,1968,Healing
WIZ-01608,Belladonna Cinderfell,belladonna.cinderfell464@grimoire.org,Silverwood,2024-03-16,1943,Illusion
WIZ-01609,Wendeline Winterbourne,wendeline.winterbourne642@moonmail.net,ec,2025-03-29,1885,Herbalism
WIZ-01610,Alaric Zellandine,alaric.zellandine867@ravenpost.net,nr,2025-07-08,1970,ENCHANTMENT
WIZ-01611,Kestrel Mistlethorn,kestrel.mistlethorn926@crystalball.io,the marshlands,2023-07-10,1997,Illusion
WIZ-01612,Quilla Ironquill,quilla.ironquill178@owlmail.co,EC,2024-08-05,1911,Divination
WIZ-01613,Wendeline Wandwright,wendeline.wandwright825@crystalball.io,ember coast,2024-01-19,1899,Herbalism
WIZ-01614,Vesper Owlsworth,vesper.owlsworth415@moonmail.net,ec,2023-02-04,1956,Alchemy
WIZ-01615,Morwenna Fernwhistle,morwenna.fernwhistle253@grimoire.org,cv,2023-06-16,1901,Healing
WIZ-01616,Corvin Ironquill,corvin.ironquill852@crystalball.io,ML,2025-02-22,1997,Herbalism
WIZ-01617,Oleander Yewbarrow,oleander.yewbarrow121@owlmail.co,nr,2023-05-18,1910,Healing
WIZ-01618,Xanthe Brightmantle,xanthe.brightmantle610@crystalball.io,sw,2023-01-16,2000,Transmutation
WIZ-01619,Grizelda Larkspur,grizelda.larkspur720@owlmail.co,NR,2024-02-10,1977,Transmutation
WIZ-01620,Rowan Everbright,rowan.everbright409@crystalball.io,Ember Coast,2024-06-04,1903,Enchantment
WIZ-01621,Hawthorne Crowfeather,hawthorne.crowfeather585@moonmail.net,Northern Reaches,2025-02-20,1953,Alchemy
WIZ-01622,Dorian Copperkettle,dorian.copperkettle708@owlmail.co,ML,2023-04-19,1925,Healing
WIZ-01623,Isolde Nightbloom,isolde.nightbloom683@ravenpost.net,SW,2024-10-16,2002,Herbalism
WIZ-01624,Delphine Mistlethorn,delphine.mistlethorn258@owlmail.co,NR,2025-07-19,1954,Divination
WIZ-01625,Umbra Ironquill,umbra.ironquill950@ravenpost.net,ec,2026-02-25,1948,Healing
WIZ-01626,Corvin Copperkettle,corvin.copperkettle604@moonmail.net,CV,2025-02-26,1897,Alchemy
WIZ-01627,Kestrel Tanglewood,kestrel.tanglewood984@grimoire.org,Northern Reaches,2026-01-07,1927,Enchantment
WIZ-01628,Hesper Hazelrigg,hesper.hazelrigg329@grimoire.org,ml,2023-06-25,1936,Illusion
WIZ-01629,Rowan Yewbarrow,rowan.yewbarrow173@crystalball.io,EC,2026-05-06,1984,Enchantment
WIZ-01630,Fenwick Larkspur,fenwick.larkspur891@crystalball.io,NR,2023-06-12,1908,Alchemy
WIZ-01631,Zephyrine Hollowbranch,zephyrine.hollowbranch566@grimoire.org,Northern Reaches,2025-05-04,1997,Divination
WIZ-01632,Kestrel Hollowbranch,kestrel.hollowbranch584@moonmail.net,NR,2023-10-08,1886,Herbalism
WIZ-01633,Kestrel Crowfeather,kestrel.crowfeather269@crystalball.io,ML,2024-02-24,1959,Alchemy
WIZ-01634,Edric Owlsworth,edric.owlsworth630@ravenpost.net,Northern Reaches,2024-07-20,1958,Divination
WIZ-01635,Ignatius Netherfield,ignatius.netherfield475@ravenpost.net,nr,2023-06-14,1933,Illusion
WIZ-01636,Bramble Hazelrigg,bramble.hazelrigg329@grimoire.org,EC,2024-05-12,1972,Enchantment
WIZ-01637,Edric Barrowmere,edric.barrowmere726@moonmail.net,ML,2025-08-05,1886,Herbalism
WIZ-01638,Morwenna Brightmantle,morwenna.brightmantle675@owlmail.co,ml,2025-09-29,1911,Illusion
WIZ-01639,Hawthorne Thistledown,hawthorne.thistledown730@ravenpost.net,CV,2026-03-25,2005,Divination
WIZ-01640,Rowan Owlsworth,rowan.owlsworth476@grimoire.org,SW,2023-07-21,1931,TRANSMUTATION
WIZ-01641,Cassia Barrowmere,cassia.barrowmere619@crystalball.io,northern reaches,2025-01-30,1989,Alchemy
WIZ-01642,Edric Saltmarsh,edric.saltmarsh452@ravenpost.net,Crystal Vale,2024-10-11,1948,Herbalism
WIZ-01643,Thaddeus Stormbottle,thaddeus.stormbottle225@grimoire.org,Ember Coast,2023-06-22,1894,Illusion
WIZ-01644,Wendeline Barrowmere,wendeline.barrowmere399@moonmail.net,nr,2025-01-18,1886,Divination
WIZ-01645,Ignatius Vexley,ignatius.vexley141@grimoire.org,SW,2025-07-23,1973,Transmutation
WIZ-01646,Rowan Wandwright,rowan.wandwright233@moonmail.net,cv,2024-07-04,1925,Transmutation
WIZ-01647,Fenwick Yewbarrow,fenwick.yewbarrow605@moonmail.net,Northern Reaches,2025-02-26,1959,Illusion
WIZ-01648,Quilla Barrowmere,quilla.barrowmere651@grimoire.org,ML,2024-05-15,1943,HERBALISM
WIZ-01649,Rowan Winterbourne,rowan.winterbourne85@moonmail.net,The Marshlands,2025-08-10,1994,Alchemy
WIZ-01650,Ambrose Dimbleby,ambrose.dimbleby414@moonmail.net,crystal vale,2024-02-02,1985,Healing
WIZ-01651,Fenwick Hazelrigg,fenwick.hazelrigg585@ravenpost.net,CV,2024-06-13,1945,Enchantment
WIZ-01652,Alaric Hazelrigg,alaric.hazelrigg666@moonmail.net,EC,2023-02-11,1915,Alchemy
WIZ-01653,Cassia Tanglewood,cassia.tanglewood455@crystalball.io,cv,2025-02-19,1916,Divination
WIZ-01654,Caspian Winterbourne,caspian.winterbourne811@ravenpost.net,SW,2024-02-19,1979,Divination
WIZ-01655,Edric Kilnworth,edric.kilnworth790@moonmail.net,ec,2024-09-22,1940,Alchemy
WIZ-01656,Oleander Moonbrook,oleander.moonbrook210@crystalball.io,SW,2023-07-30,1950,Enchantment
WIZ-01657,Edric Yewbarrow,edric.yewbarrow653@crystalball.io,The Marshlands,2023-11-19,1966,Alchemy
WIZ-01658,Hawthorne Dimbleby,hawthorne.dimbleby784@ravenpost.net,SW,2024-03-08,1977,Transmutation
WIZ-01659,Lyra Cinderfell,lyra.cinderfell592@ravenpost.net,ember coast,2025-08-16,1959,Herbalism
WIZ-01660,Petra Glimmerstone,petra.glimmerstone953@owlmail.co,ec,2026-02-01,1938,Enchantment
WIZ-01661,Nimbus Mossheart,nimbus.mossheart945@ravenpost.net,Silverwood,2025-10-12,1924,Herbalism
WIZ-01662,Seraphine Hollowbranch,seraphine.hollowbranch90@owlmail.co,CV,2023-08-29,1966,Herbalism
WIZ-01663,Wendeline Kilnworth,wendeline.kilnworth390@moonmail.net,nr,2025-09-02,1989,Herbalism
WIZ-01664,Quilla Mistlethorn,quilla.mistlethorn935@moonmail.net,ML,2025-04-05,1985,Divination
WIZ-01665,Elowen Dimbleby,elowen.dimbleby515@ravenpost.net,EC,2024-10-23,1967,Alchemy
WIZ-01666,Vesper Hazelrigg,vesper.hazelrigg667@crystalball.io,cv,2024-08-23,1977,Enchantment
WIZ-01667,Gideon Glimmerstone,gideon.glimmerstone794@ravenpost.net,NR,2023-07-24,1961,Divination
WIZ-01668,Caspian Cinderfell,caspian.cinderfell33@moonmail.net,Silverwood,2024-06-09,1994,Healing
WIZ-01669,Hesper Hollowbranch,hesper.hollowbranch667@crystalball.io,The Marshlands,2025-08-29,1926,ILLUSION
WIZ-01670,Bramble Dimbleby,bramble.dimbleby990@crystalball.io,CV,2024-06-03,1967,Transmutation
WIZ-01671,Ambrose Ironquill,ambrose.ironquill906@grimoire.org,ML,2023-04-26,1945,Transmutation
WIZ-01672,Cassia Hazelrigg,cassia.hazelrigg123@grimoire.org,Northern Reaches,2023-01-18,1907,Transmutation
WIZ-01673,Quilla Brightmantle,quilla.brightmantle391@owlmail.co,SW,2023-11-30,1951,Enchantment
WIZ-01674,Alaric Glimmerstone,alaric.glimmerstone953@owlmail.co,ec,2023-10-30,1932,Divination
WIZ-01675,Fenwick Foxglove,fenwick.foxglove10@owlmail.co,SW,2025-10-13,1942,Transmutation
WIZ-01676,Dorian Fernwhistle,dorian.fernwhistle1@owlmail.co,CV,2026-04-26,1933,Alchemy
WIZ-01677,Thaddeus Moonbrook,thaddeus.moonbrook436@crystalball.io,EC,2023-08-16,1953,Illusion
WIZ-01678,Rowan Emberwhisk,rowan.emberwhisk279@moonmail.net,SW,2025-08-14,1996,Enchantment
WIZ-01679,Peregrine Hazelrigg,peregrine.hazelrigg203@owlmail.co,NR,2024-02-14,1936,Illusion
WIZ-01680,Hesper Zellandine,hesper.zellandine596@crystalball.io,sw,2023-03-17,2001,Illusion
WIZ-01681,Isolde Cinderfell,isolde.cinderfell397@owlmail.co,NR,2025-01-07,1964,Divination
WIZ-01682,Elowen Dimbleby,elowen.dimbleby182@owlmail.co,CV,2026-02-03,1960,Herbalism
WIZ-01683,Oleander Jackdaw,oleander.jackdaw753@grimoire.org,ML,2023-11-25,1950,Transmutation
WIZ-01684,Lyra Vexley,,NR,2025-09-18,1907,Healing
WIZ-01685,Quilla Mistlethorn,quilla.mistlethorn618@moonmail.net,the marshlands,2024-10-06,1961,Healing
WIZ-01686,Alaric Emberwhisk,alaric.emberwhisk51@grimoire.org,CV,2023-03-10,1963,Enchantment
WIZ-01687,Thaddeus Mossheart,thaddeus.mossheart578@ravenpost.net,NR,2025-04-18,1911,Herbalism
WIZ-01688,Jasper Ironquill,jasper.ironquill554@grimoire.org,Silverwood,2024-08-03,1934,Alchemy
WIZ-01689,Isolde Owlsworth,isolde.owlsworth727@owlmail.co,NR,2025-06-03,1928,Illusion
WIZ-01690,Fiora Barrowmere,fiora.barrowmere268@moonmail.net,CV,2024-10-13,2002,HERBALISM
WIZ-01691,Ignatius Moonbrook,ignatius.moonbrook135@ravenpost.net,nr,2025-07-14,1916,ENCHANTMENT
WIZ-01692,Ambrose Zellandine,ambrose.zellandine342@grimoire.org,Northern Reaches,2024-06-22,2002,Enchantment
WIZ-01693,Alaric Quickbramble,alaric.quickbramble124@owlmail.co,ember coast,2023-11-11,1969,Divination
WIZ-01694,Zephyrine Nightbloom,zephyrine.nightbloom202@owlmail.co,northern reaches,2024-05-23,1929,Healing
WIZ-01695,Corvin Stormbottle,corvin.stormbottle854@moonmail.net,ml,2024-11-28,1977,Healing
WIZ-01696,Morwenna Winterbourne,morwenna.winterbourne189@crystalball.io,ML,2025-01-11,1993,Transmutation
WIZ-01697,Rowan Frostpetal,rowan.frostpetal548@grimoire.org,The Marshlands,2025-09-28,1925,HEALING
WIZ-01698,Edric Zellandine,edric.zellandine645@ravenpost.net,cv,2023-03-15,1994,ILLUSION
WIZ-01699,Peregrine Hollowbranch,peregrine.hollowbranch275@crystalball.io,ember coast,2026-02-28,1889,Herbalism
WIZ-01700,Wendeline Gorsebush,wendeline.gorsebush81@ravenpost.net,Ember Coast,2023-12-21,1918,Alchemy
WIZ-01701,Xanthe Fernwhistle,xanthe.fernwhistle49@grimoire.org,ML,2024-10-28,1921,Healing
WIZ-01702,Alaric Quickbramble,alaric.quickbramble283@ravenpost.net,CV,2023-11-16,2003,Illusion
WIZ-01703,Fenwick Ironquill,fenwick.ironquill404@owlmail.co,The Marshlands,2023-08-03,1890,Divination
WIZ-01704,Ignatius Jackdaw,ignatius.jackdaw711@ravenpost.net,sw,2023-10-13,1886,Divination
WIZ-01705,Vesper Glimmerstone,vesper.glimmerstone448@moonmail.net,NR,2025-07-27,1915,Alchemy
WIZ-01706,Dorian Copperkettle,dorian.copperkettle871@ravenpost.net,ec,2025-10-23,1891,Illusion
WIZ-01707,Cassia Gorsebush,cassia.gorsebush993@ravenpost.net,SW,2026-03-12,1971,Enchantment
WIZ-01708,Fenwick Ironquill,fenwick.ironquill289@owlmail.co,NR,2026-06-10,1994,Divination
WIZ-01709,Grizelda Tanglewood,grizelda.tanglewood49@crystalball.io,NR,2026-01-18,1908,Enchantment
WIZ-01710,Zephyrine Moonbrook,zephyrine.moonbrook689@owlmail.co,NR,2024-04-10,1961,Transmutation
WIZ-01711,Rowan Vexley,rowan.vexley715@ravenpost.net,ml,2025-04-30,1971,Illusion
WIZ-01712,Morwenna Glimmerstone,morwenna.glimmerstone764@ravenpost.net,ml,2024-09-04,1978,Divination
WIZ-01713,Fiora Wyrmwood,fiora.wyrmwood185@owlmail.co,Ember Coast,2024-11-13,1933,Healing
WIZ-01714,Isolde Wyrmwood,isolde.wyrmwood133@crystalball.io,ec,2024-07-01,1942,Healing
WIZ-01715,Zephyrine Cinderfell,zephyrine.cinderfell43@grimoire.org,EC,2023-02-23,1886,Alchemy
WIZ-01716,Fenwick Barrowmere,fenwick.barrowmere602@ravenpost.net,NR,2023-01-09,1890,Herbalism
WIZ-01717,Peregrine Emberwhisk,peregrine.emberwhisk269@crystalball.io,NR,2023-05-19,2005,Transmutation
WIZ-01718,Oleander Vexley,oleander.vexley845@owlmail.co,CV,2023-04-25,1964,Enchantment
WIZ-01719,Delphine Umberfall,delphine.umberfall678@crystalball.io,NR,2025-11-17,1965,HERBALISM
WIZ-01720,Seraphine Jackdaw,seraphine.jackdaw948@crystalball.io,NR,2025-04-15,1956,Healing
WIZ-01721,Juniper Mistlethorn,juniper.mistlethorn291@crystalball.io,ML,2023-12-25,1936,Divination
WIZ-01722,Xanthe Foxglove,xanthe.foxglove717@grimoire.org,EC,2024-05-21,1988,Transmutation
WIZ-01723,Isolde Quickbramble,isolde.quickbramble304@grimoire.org,ML,2024-08-01,1938,Transmutation
WIZ-01724,Elowen Vexley,elowen.vexley978@owlmail.co,SW,2024-07-28,1914,Enchantment
WIZ-01725,Belladonna Frostpetal,belladonna.frostpetal356@moonmail.net,EC,2025-05-20,1901,Divination
WIZ-01726,Peregrine Larkspur,peregrine.larkspur58@grimoire.org,Crystal Vale,2024-03-28,1931,Divination
WIZ-01727,Delphine Larkspur,delphine.larkspur956@ravenpost.net,the marshlands,2024-04-16,1966,Herbalism
WIZ-01728,Thaddeus Yewbarrow,thaddeus.yewbarrow907@ravenpost.net,SW,2025-09-13,1926,Enchantment
WIZ-01729,Juniper Dimbleby,juniper.dimbleby480@ravenpost.net,the marshlands,2023-01-08,1980,Enchantment
WIZ-01730,Fenwick Ironquill,fenwick.ironquill103@moonmail.net,NR,2023-01-07,1931,Transmutation
WIZ-01731,Jasper Mistlethorn,jasper.mistlethorn137@owlmail.co,Silverwood,2025-02-03,1922,Alchemy
WIZ-01732,Isolde Saltmarsh,isolde.saltmarsh958@grimoire.org,Ember Coast,2023-06-17,1968,Divination
WIZ-01733,Peregrine Netherfield,peregrine.netherfield548@crystalball.io,SW,2024-12-11,1915,Enchantment
WIZ-01734,Quilla Thistledown,quilla.thistledown818@owlmail.co,SW,2023-07-13,1912,Alchemy
WIZ-01735,Maribel Hazelrigg,maribel.hazelrigg495@crystalball.io,The Marshlands,2023-01-10,1927,Illusion
WIZ-01736,Yarrow Cinderfell,yarrow.cinderfell583@moonmail.net,SW,2025-09-27,2007,Divination
WIZ-01737,Zephyrine Owlsworth,zephyrine.owlsworth189@grimoire.org,Crystal Vale,2025-02-04,1904,Divination
WIZ-01738,Nimbus Winterbourne,nimbus.winterbourne519@ravenpost.net,CV,2025-08-29,1923,Enchantment
WIZ-01739,Caspian Thistledown,caspian.thistledown388@ravenpost.net,EC,2024-01-06,1964,Herbalism
WIZ-01740,Seraphine Glimmerstone,seraphine.glimmerstone811@crystalball.io,ML,2024-08-08,1948,Alchemy
WIZ-01741,Belladonna Everbright,belladonna.everbright439@grimoire.org,EC,2025-07-11,2003,Healing
WIZ-01742,Kestrel Thistledown,kestrel.thistledown196@moonmail.net,SW,2025-03-08,1993,Illusion
WIZ-01743,Quilla Zellandine,quilla.zellandine274@crystalball.io,sw,2025-04-16,1911,Healing
WIZ-01744,Maribel Kilnworth,maribel.kilnworth726@crystalball.io,ml,2026-02-09,1894,Alchemy
WIZ-01745,Belladonna Moonbrook,belladonna.moonbrook834@crystalball.io,NR,2026-03-28,1974,Illusion
WIZ-01746,Ambrose Barrowmere,ambrose.barrowmere228@moonmail.net,NR,2023-05-11,1901,Healing
WIZ-01747,Ignatius Wandwright,ignatius.wandwright296@moonmail.net,CV,2024-10-15,1887,Healing
WIZ-01748,Caspian Barrowmere,caspian.barrowmere198@moonmail.net,Crystal Vale,2024-12-15,1923,Transmutation
WIZ-01749,Kestrel Tanglewood,kestrel.tanglewood713@grimoire.org,nr,2024-04-17,1949,Herbalism
WIZ-01750,Nimbus Crowfeather,nimbus.crowfeather60@crystalball.io,silverwood,2026-01-11,1922,Healing
WIZ-01751,Elowen Copperkettle,elowen.copperkettle379@grimoire.org,Ember Coast,2025-03-19,1958,Herbalism
WIZ-01752,Rowan Yewbarrow,rowan.yewbarrow704@grimoire.org,sw,2023-11-29,1986,Transmutation
WIZ-01753,Peregrine Thistledown,peregrine.thistledown405@ravenpost.net,nr,2025-09-29,1958,Divination
WIZ-01754,Isolde Thistledown,isolde.thistledown327@grimoire.org,SW,2023-11-27,1920,Alchemy
WIZ-01755,Zephyrine Saltmarsh,zephyrine.saltmarsh361@ravenpost.net,CV,2024-01-03,1945,Transmutation
WIZ-01756,Yarrow Hazelrigg,yarrow.hazelrigg425@moonmail.net,ML,2025-12-16,1892,Alchemy
WIZ-01757,Quilla Saltmarsh,quilla.saltmarsh883@crystalball.io,Northern Reaches,2023-06-29,1960,Herbalism
WIZ-01758,Jasper Copperkettle,jasper.copperkettle437@ravenpost.net,SW,2024-02-21,1925,Illusion
WIZ-01759,Elowen Crowfeather,elowen.crowfeather47@moonmail.net,ember coast,2023-09-09,1904,Divination
WIZ-01760,Lyra Moonbrook,lyra.moonbrook554@moonmail.net,ML,2025-06-06,1962,Illusion
WIZ-01761,Nimbus Brightmantle,nimbus.brightmantle444@ravenpost.net,ml,2024-07-13,1947,Illusion
WIZ-01762,Corvin Frostpetal,corvin.frostpetal157@moonmail.net,NR,2023-10-07,1934,Herbalism
WIZ-01763,Umbra Moonbrook,umbra.moonbrook387@grimoire.org,ec,2025-06-28,1886,Herbalism
WIZ-01764,Oswin Kilnworth,oswin.kilnworth599@moonmail.net,nr,2023-01-20,1940,Healing
WIZ-01765,Rowan Foxglove,rowan.foxglove993@ravenpost.net,ec,2024-08-15,1982,Divination
WIZ-01766,Bramble Dimbleby,bramble.dimbleby233@ravenpost.net,SW,2023-11-16,1943,Transmutation
WIZ-01767,Xanthe Netherfield,xanthe.netherfield69@moonmail.net,Crystal Vale,2023-04-27,2001,Enchantment
WIZ-01768,Alaric Gorsebush,alaric.gorsebush328@moonmail.net,cv,2024-11-10,1988,Alchemy
WIZ-01769,Peregrine Mossheart,peregrine.mossheart659@crystalball.io,ML,2024-03-15,1964,Illusion
WIZ-01770,Edric Owlsworth,edric.owlsworth455@owlmail.co,SW,2025-01-31,1908,Illusion
WIZ-01771,Fenwick Vexley,fenwick.vexley818@ravenpost.net,ec,2024-06-26,1922,Illusion
WIZ-01772,Xanthe Tanglewood,xanthe.tanglewood608@ravenpost.net,crystal vale,2025-08-29,1915,Divination
WIZ-01773,Edric Ashgrove,edric.ashgrove28@owlmail.co,CV,2025-11-27,1971,Illusion
WIZ-01774,Belladonna Saltmarsh,belladonna.saltmarsh459@ravenpost.net,sw,2026-01-07,1988,TRANSMUTATION
WIZ-01775,Quilla Wandwright,quilla.wandwright322@crystalball.io,nr,2025-09-29,1989,Illusion
WIZ-01776,Cassia Crowfeather,cassia.crowfeather362@moonmail.net,nr,2025-10-17,1892,Herbalism
WIZ-01777,Oleander Wyrmwood,oleander.wyrmwood564@moonmail.net,EC,2023-08-04,1887,Illusion
WIZ-01778,Edric Yewbarrow,edric.yewbarrow698@ravenpost.net,northern reaches,2023-09-01,1985,Enchantment
WIZ-01779,Vesper Glimmerstone,vesper.glimmerstone951@moonmail.net,sw,2026-01-11,1967,Transmutation
WIZ-01780,Grizelda Gorsebush,grizelda.gorsebush501@ravenpost.net,CV,2024-07-28,1982,ILLUSION
WIZ-01781,Hawthorne Cinderfell,hawthorne.cinderfell799@owlmail.co,SW,2024-11-13,1955,Herbalism
WIZ-01782,Gideon Barrowmere,gideon.barrowmere944@ravenpost.net,NR,2026-03-15,1938,Transmutation
WIZ-01783,Ambrose Hazelrigg,ambrose.hazelrigg196@crystalball.io,EC,2025-02-16,1987,Transmutation
WIZ-01784,Kestrel Winterbourne,kestrel.winterbourne44@crystalball.io,ember coast,2023-12-04,1930,Divination
WIZ-01785,Petra Mistlethorn,petra.mistlethorn728@crystalball.io,NR,2025-02-13,1950,Herbalism
WIZ-01786,Thaddeus Wandwright,thaddeus.wandwright668@ravenpost.net,the marshlands,2024-05-09,1967,Illusion
WIZ-01787,Zephyrine Ironquill,zephyrine.ironquill769@grimoire.org,The Marshlands,2024-10-25,1962,Healing
WIZ-01788,Caspian Crowfeather,caspian.crowfeather904@owlmail.co,northern reaches,2026-01-02,1987,Illusion
WIZ-01789,Gideon Owlsworth,gideon.owlsworth301@ravenpost.net,crystal vale,2024-04-29,1989,Illusion
WIZ-01790,Thaddeus Emberwhisk,thaddeus.emberwhisk628@crystalball.io,Ember Coast,2023-08-12,1949,Enchantment
WIZ-01791,Maribel Frostpetal,maribel.frostpetal721@owlmail.co,SW,2023-06-14,1950,TRANSMUTATION
WIZ-01792,Nimbus Moonbrook,nimbus.moonbrook378@crystalball.io,silverwood,2023-04-01,1914,Divination
WIZ-01793,Xanthe Wandwright,xanthe.wandwright551@owlmail.co,Silverwood,2026-04-03,1888,TRANSMUTATION
WIZ-01794,Yarrow Everbright,yarrow.everbright126@crystalball.io,ml,2025-08-03,1954,Alchemy
WIZ-01795,Fiora Brightmantle,fiora.brightmantle66@grimoire.org,NR,2026-03-17,1905,Divination
WIZ-01796,Zephyrine Kilnworth,zephyrine.kilnworth294@ravenpost.net,Northern Reaches,2026-04-23,1992,Alchemy
WIZ-01797,Dorian Larkspur,dorian.larkspur831@grimoire.org,Ember Coast,2023-07-28,1901,Herbalism
WIZ-01798,Ignatius Yewbarrow,ignatius.yewbarrow790@ravenpost.net,ML,2023-09-05,1994,Enchantment
WIZ-01799,Bramble Kilnworth,bramble.kilnworth839@owlmail.co,Northern Reaches,2026-02-20,1938,Transmutation
WIZ-01800,Yarrow Zellandine,,Crystal Vale,2024-09-18,2002,Divination
WIZ-01801,Cassia Ravenscroft,cassia.ravenscroft716@owlmail.co,nr,2024-11-09,1890,Healing
WIZ-01802,Caspian Barrowmere,caspian.barrowmere633@ravenpost.net,Northern Reaches,2025-09-05,1963,Healing
WIZ-01803,Rowan Yewbarrow,rowan.yewbarrow169@owlmail.co,Northern Reaches,2023-10-28,1893,Transmutation
WIZ-01804,Xanthe Barrowmere,xanthe.barrowmere386@ravenpost.net,NR,2024-11-21,1947,Illusion
WIZ-01805,Corvin Larkspur,corvin.larkspur659@grimoire.org,cv,2025-07-01,1930,Herbalism
WIZ-01806,Fiora Crowfeather,fiora.crowfeather306@moonmail.net,NR,2023-09-27,1994,ILLUSION
WIZ-01807,Alaric Stormbottle,alaric.stormbottle747@owlmail.co,The Marshlands,2025-06-08,1919,Illusion
WIZ-01808,Juniper Yewbarrow,juniper.yewbarrow549@owlmail.co,SW,2025-01-01,1981,DIVINATION
WIZ-01809,Xanthe Brightmantle,xanthe.brightmantle494@crystalball.io,SW,2023-03-27,1930,Healing
WIZ-01810,Maribel Dimbleby,maribel.dimbleby325@owlmail.co,Northern Reaches,2025-10-21,1886,Alchemy
WIZ-01811,Peregrine Crowfeather,peregrine.crowfeather527@owlmail.co,nr,2025-09-19,1932,Herbalism
WIZ-01812,Ignatius Everbright,ignatius.everbright597@ravenpost.net,ember coast,2024-09-26,1917,Divination
WIZ-01813,Kestrel Nightbloom,kestrel.nightbloom562@ravenpost.net,SW,2024-07-16,1963,Enchantment
WIZ-01814,Belladonna Quickbramble,belladonna.quickbramble417@moonmail.net,SW,2024-04-10,1995,Transmutation
WIZ-01815,Peregrine Wandwright,peregrine.wandwright761@owlmail.co,NR,2023-09-27,1908,Divination
WIZ-01816,Belladonna Tanglewood,belladonna.tanglewood932@ravenpost.net,silverwood,2026-06-08,1902,Divination
WIZ-01817,Seraphine Foxglove,seraphine.foxglove106@crystalball.io,NR,2024-02-23,1960,Herbalism
WIZ-01818,Zephyrine Barrowmere,zephyrine.barrowmere532@owlmail.co,Northern Reaches,2025-01-27,1920,Healing
WIZ-01819,Maribel Ravenscroft,maribel.ravenscroft387@owlmail.co,SW,2023-06-30,1969,Enchantment
WIZ-01820,Elowen Ashgrove,elowen.ashgrove215@owlmail.co,SW,2025-03-20,1967,Divination
WIZ-01821,Hawthorne Winterbourne,hawthorne.winterbourne881@grimoire.org,SW,2023-09-18,1912,Alchemy
WIZ-01822,Thaddeus Netherfield,thaddeus.netherfield598@moonmail.net,EC,2024-07-06,1907,Enchantment
WIZ-01823,Wendeline Fernwhistle,wendeline.fernwhistle485@owlmail.co,nr,2025-10-08,1966,Enchantment
WIZ-01824,Oswin Umberfall,oswin.umberfall182@grimoire.org,CV,2024-10-03,1989,Alchemy
WIZ-01825,Fiora Wyrmwood,fiora.wyrmwood894@moonmail.net,northern reaches,2025-07-14,1938,Alchemy
WIZ-01826,Xanthe Mossheart,xanthe.mossheart900@grimoire.org,the marshlands,2024-01-15,2003,Illusion
WIZ-01827,Oswin Tanglewood,oswin.tanglewood650@moonmail.net,SW,2024-02-22,1916,Divination
WIZ-01828,Yarrow Frostpetal,yarrow.frostpetal347@grimoire.org,nr,2024-12-02,1995,Enchantment
WIZ-01829,Morwenna Jackdaw,morwenna.jackdaw963@crystalball.io,EC,2025-05-28,1980,Transmutation
WIZ-01830,Ambrose Nightbloom,ambrose.nightbloom482@moonmail.net,sw,2023-05-31,1981,Illusion
WIZ-01831,Ambrose Nightbloom,ambrose.nightbloom513@ravenpost.net,Northern Reaches,2023-08-18,1950,Enchantment
WIZ-01832,Bramble Fernwhistle,bramble.fernwhistle389@ravenpost.net,EC,2023-08-02,1991,Illusion
WIZ-01833,Ignatius Netherfield,ignatius.netherfield926@ravenpost.net,SW,2025-11-06,1978,Alchemy
WIZ-01834,Hawthorne Owlsworth,hawthorne.owlsworth305@grimoire.org,EC,2023-07-21,1920,Illusion
WIZ-01835,Kestrel Wyrmwood,kestrel.wyrmwood416@owlmail.co,CV,2025-04-30,1898,Transmutation
WIZ-01836,Maribel Quickbramble,maribel.quickbramble269@moonmail.net,ML,2024-02-09,1970,Healing
WIZ-01837,Yarrow Owlsworth,yarrow.owlsworth463@ravenpost.net,Ember Coast,2024-09-29,1913,Divination
WIZ-01838,Cassia Nightbloom,cassia.nightbloom805@moonmail.net,NR,2024-10-19,1976,Divination
WIZ-01839,Maribel Moonbrook,maribel.moonbrook238@crystalball.io,CV,2024-09-22,2002,Enchantment
WIZ-01840,Nimbus Brightmantle,nimbus.brightmantle846@moonmail.net,sw,2024-10-11,1896,Enchantment
WIZ-01841,Belladonna Frostpetal,belladonna.frostpetal258@moonmail.net,NR,2024-08-08,1921,Herbalism
WIZ-01842,Fenwick Emberwhisk,fenwick.emberwhisk945@owlmail.co,CV,2023-11-16,1952,Herbalism
WIZ-01843,Ambrose Ashgrove,ambrose.ashgrove766@ravenpost.net,cv,2026-01-09,1916,Alchemy
WIZ-01844,Morwenna Duskwater,morwenna.duskwater268@owlmail.co,CV,2025-06-03,1910,Healing
WIZ-01845,Corvin Nightbloom,corvin.nightbloom943@moonmail.net,EC,2026-02-26,1985,Transmutation
WIZ-01846,Fenwick Frostpetal,fenwick.frostpetal101@moonmail.net,silverwood,2023-05-19,1989,HEALING
WIZ-01847,Delphine Thistledown,delphine.thistledown671@ravenpost.net,EC,2024-06-17,1992,Herbalism
WIZ-01848,Umbra Ravenscroft,umbra.ravenscroft952@moonmail.net,NR,2026-06-14,1993,Herbalism
WIZ-01849,Belladonna Copperkettle,belladonna.copperkettle988@ravenpost.net,nr,2025-03-02,1923,HERBALISM
WIZ-01850,Yarrow Ashgrove,yarrow.ashgrove657@owlmail.co,NR,2025-04-20,1891,Healing
WIZ-01851,Vesper Winterbourne,vesper.winterbourne444@owlmail.co,EC,2024-02-25,1917,Illusion
WIZ-01852,Umbra Stormbottle,umbra.stormbottle915@ravenpost.net,nr,2025-11-21,1921,Transmutation
WIZ-01853,Delphine Larkspur,delphine.larkspur539@crystalball.io,ec,2026-03-21,1949,HERBALISM
WIZ-01854,Dorian Emberwhisk,dorian.emberwhisk357@grimoire.org,NR,2023-12-15,1949,Alchemy
WIZ-01855,Lyra Crowfeather,lyra.crowfeather400@grimoire.org,nr,2024-09-27,1936,Alchemy
WIZ-01856,Alaric Everbright,alaric.everbright880@crystalball.io,NR,2023-02-13,1989,Transmutation
WIZ-01857,Ambrose Stormbottle,ambrose.stormbottle828@ravenpost.net,CV,2024-06-08,1966,Illusion
WIZ-01858,Dorian Brightmantle,dorian.brightmantle550@owlmail.co,NR,2024-10-11,1909,Herbalism
WIZ-01859,Kestrel Ravenscroft,kestrel.ravenscroft570@owlmail.co,ec,2023-06-01,1945,Alchemy
WIZ-01860,Wendeline Mistlethorn,wendeline.mistlethorn280@ravenpost.net,Northern Reaches,2025-05-01,1919,Transmutation
WIZ-01861,Xanthe Nightbloom,xanthe.nightbloom31@crystalball.io,northern reaches,2025-03-10,2005,TRANSMUTATION
WIZ-01862,Hesper Larkspur,hesper.larkspur448@crystalball.io,Northern Reaches,2023-01-08,1970,ALCHEMY
WIZ-01863,Cassia Mistlethorn,cassia.mistlethorn131@moonmail.net,NR,2025-12-19,1999,Alchemy
WIZ-01864,Vesper Fernwhistle,vesper.fernwhistle130@moonmail.net,ML,2023-12-07,1968,Alchemy
WIZ-01865,Delphine Owlsworth,delphine.owlsworth38@owlmail.co,nr,2026-04-05,1956,Herbalism
WIZ-01866,Wendeline Frostpetal,wendeline.frostpetal992@ravenpost.net,SW,2026-01-24,1956,Herbalism
WIZ-01867,Grizelda Mossheart,grizelda.mossheart736@grimoire.org,northern reaches,2026-03-28,1915,Illusion
WIZ-01868,Alaric Saltmarsh,alaric.saltmarsh353@grimoire.org,ml,2026-01-17,1924,Enchantment
WIZ-01869,Rowan Stormbottle,rowan.stormbottle618@grimoire.org,SW,2024-07-01,1923,Alchemy
WIZ-01870,Ignatius Barrowmere,ignatius.barrowmere398@crystalball.io,EC,2023-03-10,1942,Illusion
WIZ-01871,Cassia Glimmerstone,cassia.glimmerstone96@owlmail.co,ec,2023-05-28,1923,Herbalism
WIZ-01872,Wendeline Mossheart,wendeline.mossheart491@grimoire.org,SW,2025-12-07,1963,Illusion
WIZ-01873,Delphine Frostpetal,delphine.frostpetal898@ravenpost.net,sw,2025-01-01,1915,Enchantment
WIZ-01874,Nimbus Quickbramble,nimbus.quickbramble466@owlmail.co,Ember Coast,2024-08-02,1928,DIVINATION
WIZ-01875,Grizelda Saltmarsh,grizelda.saltmarsh867@moonmail.net,CV,2025-05-19,1991,Transmutation
WIZ-01876,Kestrel Brightmantle,kestrel.brightmantle782@owlmail.co,NR,2024-04-08,1986,Alchemy
WIZ-01877,Lyra Mossheart,lyra.mossheart944@owlmail.co,SW,2025-05-26,1920,HEALING
WIZ-01878,Belladonna Yewbarrow,belladonna.yewbarrow102@grimoire.org,EC,2023-04-03,1902,Illusion
WIZ-01879,Ambrose Dimbleby,ambrose.dimbleby368@owlmail.co,Silverwood,2024-12-29,1933,Herbalism
WIZ-01880,Alaric Yewbarrow,alaric.yewbarrow770@ravenpost.net,CV,2023-05-10,1914,Herbalism
WIZ-01881,Ignatius Umberfall,ignatius.umberfall98@moonmail.net,nr,2023-06-04,1967,Divination
WIZ-01882,Fiora Mistlethorn,fiora.mistlethorn60@ravenpost.net,nr,2026-03-11,1928,Transmutation
WIZ-01883,Vesper Wyrmwood,vesper.wyrmwood505@ravenpost.net,SW,2026-05-25,1961,Alchemy
WIZ-01884,Petra Foxglove,petra.foxglove353@owlmail.co,NR,2023-10-20,1934,Enchantment
WIZ-01885,Ignatius Wandwright,ignatius.wandwright752@crystalball.io,ML,2024-01-21,1985,Enchantment
WIZ-01886,Wendeline Copperkettle,wendeline.copperkettle687@grimoire.org,CV,2024-10-15,1938,Enchantment
WIZ-01887,Lyra Everbright,lyra.everbright28@moonmail.net,NR,2025-09-02,1974,Enchantment
WIZ-01888,Ambrose Wandwright,ambrose.wandwright136@owlmail.co,NR,2026-04-01,1946,Enchantment
WIZ-01889,Bramble Wyrmwood,bramble.wyrmwood210@crystalball.io,NR,2025-11-02,1972,Transmutation
WIZ-01890,Jasper Wandwright,jasper.wandwright530@crystalball.io,SW,2025-07-23,1913,Transmutation
WIZ-01891,Jasper Mistlethorn,jasper.mistlethorn962@owlmail.co,EC,2023-01-23,2001,Divination
WIZ-01892,Jasper Fernwhistle,jasper.fernwhistle266@grimoire.org,ec,2024-09-13,1949,Illusion
WIZ-01893,Isolde Everbright,isolde.everbright106@grimoire.org,SW,2025-12-31,1972,Transmutation
WIZ-01894,Vesper Winterbourne,vesper.winterbourne101@crystalball.io,SW,2024-11-20,1934,Illusion
WIZ-01895,Zephyrine Owlsworth,zephyrine.owlsworth898@owlmail.co,CV,2024-03-31,1988,Divination
WIZ-01896,Umbra Umberfall,umbra.umberfall855@crystalball.io,SW,2023-09-12,1981,Transmutation
WIZ-01897,Quilla Hazelrigg,quilla.hazelrigg164@owlmail.co,Northern Reaches,2025-04-27,1921,Enchantment
WIZ-01898,Thaddeus Zellandine,,EC,2025-05-19,1957,Transmutation
WIZ-01899,Vesper Ashgrove,vesper.ashgrove785@owlmail.co,The Marshlands,2023-02-25,1976,Transmutation
WIZ-01900,Umbra Emberwhisk,umbra.emberwhisk264@crystalball.io,ML,2026-02-19,1958,Healing
WIZ-01901,Xanthe Thistledown,xanthe.thistledown506@grimoire.org,Silverwood,2023-07-20,2004,Illusion
WIZ-01902,Alaric Owlsworth,alaric.owlsworth475@owlmail.co,Ember Coast,2025-11-17,1922,Enchantment
WIZ-01903,Nimbus Mossheart,nimbus.mossheart300@grimoire.org,Silverwood,2025-12-25,2005,Divination
WIZ-01904,Jasper Cinderfell,jasper.cinderfell325@ravenpost.net,ML,2026-06-16,1936,Illusion
WIZ-01905,Morwenna Zellandine,morwenna.zellandine884@moonmail.net,EC,2026-05-19,1893,Divination
WIZ-01906,Bramble Cinderfell,bramble.cinderfell516@crystalball.io,Northern Reaches,2026-05-24,1983,Illusion
WIZ-01907,Nimbus Barrowmere,nimbus.barrowmere24@moonmail.net,northern reaches,2026-05-23,1954,Herbalism
WIZ-01908,Fenwick Winterbourne,fenwick.winterbourne260@moonmail.net,Crystal Vale,2023-12-10,1997,Herbalism
WIZ-01909,Xanthe Zellandine,xanthe.zellandine193@owlmail.co,NR,2023-02-23,1995,HEALING
WIZ-01910,Xanthe Cinderfell,xanthe.cinderfell921@crystalball.io,EC,2024-07-01,1929,Illusion
WIZ-01911,Dorian Ironquill,dorian.ironquill752@moonmail.net,Silverwood,2025-02-07,1979,Healing
WIZ-01912,Dorian Owlsworth,dorian.owlsworth416@grimoire.org,CV,2023-09-05,1972,Divination
WIZ-01913,Grizelda Brightmantle,grizelda.brightmantle470@crystalball.io,EC,2025-02-08,1890,Herbalism
WIZ-01914,Zephyrine Hazelrigg,zephyrine.hazelrigg113@grimoire.org,ml,2025-07-26,1918,Healing
WIZ-01915,Cassia Foxglove,cassia.foxglove919@moonmail.net,sw,2026-05-04,1975,Divination
WIZ-01916,Fenwick Nightbloom,fenwick.nightbloom819@moonmail.net,CV,2024-02-03,1957,Herbalism
WIZ-01917,Caspian Umberfall,caspian.umberfall204@owlmail.co,ec,2025-12-16,1890,Enchantment
WIZ-01918,Ignatius Winterbourne,ignatius.winterbourne553@ravenpost.net,SW,2023-09-19,1941,Enchantment
WIZ-01919,Xanthe Fernwhistle,xanthe.fernwhistle789@moonmail.net,NR,2026-02-13,1936,Enchantment
WIZ-01920,Edric Tanglewood,edric.tanglewood553@crystalball.io,CV,2024-09-07,1947,Herbalism
WIZ-01921,Morwenna Thistledown,morwenna.thistledown162@grimoire.org,Northern Reaches,2024-06-11,1940,Herbalism
WIZ-01922,Quilla Saltmarsh,quilla.saltmarsh728@ravenpost.net,NR,2024-01-15,1951,ALCHEMY
WIZ-01923,Peregrine Thistledown,peregrine.thistledown964@ravenpost.net,sw,2025-10-22,1945,Divination
WIZ-01924,Delphine Mossheart,delphine.mossheart813@grimoire.org,ember coast,2024-12-18,2006,Illusion
WIZ-01925,Gideon Owlsworth,gideon.owlsworth493@moonmail.net,CV,2023-05-12,1984,Herbalism
WIZ-01926,Fenwick Foxglove,fenwick.foxglove286@owlmail.co,nr,2023-05-25,1947,Divination
WIZ-01927,Wendeline Everbright,wendeline.everbright481@ravenpost.net,The Marshlands,2026-06-09,1985,ENCHANTMENT
WIZ-01928,Maribel Larkspur,maribel.larkspur727@moonmail.net,Ember Coast,2024-10-19,1936,Illusion
WIZ-01929,Oleander Netherfield,oleander.netherfield241@owlmail.co,EC,2025-07-22,1887,Herbalism
WIZ-01930,Seraphine Ravenscroft,seraphine.ravenscroft374@owlmail.co,ml,2025-07-24,2007,Enchantment
WIZ-01931,Maribel Wandwright,maribel.wandwright721@ravenpost.net,EC,2025-03-07,1921,Transmutation
WIZ-01932,Hawthorne Tanglewood,hawthorne.tanglewood85@crystalball.io,Northern Reaches,2026-04-17,1890,Healing
WIZ-01933,Jasper Zellandine,jasper.zellandine411@crystalball.io,Silverwood,2024-05-31,1970,Alchemy
WIZ-01934,Oleander Dimbleby,oleander.dimbleby296@moonmail.net,EC,2025-01-25,1947,Healing
WIZ-01935,Corvin Yewbarrow,corvin.yewbarrow394@owlmail.co,Crystal Vale,2024-10-02,2003,TRANSMUTATION
WIZ-01936,Seraphine Fernwhistle,seraphine.fernwhistle94@grimoire.org,Silverwood,2024-07-24,1937,Transmutation
WIZ-01937,Jasper Quickbramble,jasper.quickbramble911@moonmail.net,crystal vale,2023-12-08,1948,Enchantment
WIZ-01938,Cassia Foxglove,cassia.foxglove89@crystalball.io,SW,2024-02-05,1887,Alchemy
WIZ-01939,Vesper Brightmantle,vesper.brightmantle118@grimoire.org,CV,2023-05-27,1892,Enchantment
WIZ-01940,Peregrine Saltmarsh,peregrine.saltmarsh391@moonmail.net,The Marshlands,2026-05-03,1910,Illusion
WIZ-01941,Dorian Moonbrook,dorian.moonbrook603@owlmail.co,NR,2025-12-21,1899,Enchantment
WIZ-01942,Ignatius Moonbrook,ignatius.moonbrook975@crystalball.io,nr,2023-08-25,2005,Herbalism
WIZ-01943,Dorian Netherfield,dorian.netherfield724@owlmail.co,SW,2024-08-20,1896,Divination
WIZ-01944,Ignatius Emberwhisk,ignatius.emberwhisk141@grimoire.org,SW,2024-09-23,1995,Illusion
WIZ-01945,Quilla Dimbleby,quilla.dimbleby226@ravenpost.net,Crystal Vale,2025-06-21,1896,HEALING
WIZ-01946,Nimbus Fernwhistle,nimbus.fernwhistle208@moonmail.net,ec,2024-03-19,1902,Healing
WIZ-01947,Thaddeus Ravenscroft,thaddeus.ravenscroft418@crystalball.io,Silverwood,2026-03-13,1898,Transmutation
WIZ-01948,Grizelda Gorsebush,grizelda.gorsebush129@moonmail.net,silverwood,2025-08-12,1937,Divination
WIZ-01949,Wendeline Emberwhisk,wendeline.emberwhisk802@owlmail.co,EC,2024-02-11,1960,Divination
WIZ-01950,Caspian Gorsebush,,SW,2025-12-10,1967,Transmutation
WIZ-01951,Umbra Hollowbranch,umbra.hollowbranch595@moonmail.net,NR,2023-01-01,1953,Healing
WIZ-01952,Edric Everbright,edric.everbright618@grimoire.org,EC,2025-09-18,1992,DIVINATION
WIZ-01953,Ignatius Emberwhisk,ignatius.emberwhisk964@crystalball.io,NR,2023-03-16,1999,Illusion
WIZ-01954,Maribel Copperkettle,maribel.copperkettle972@crystalball.io,ML,2024-11-20,1896,Herbalism
WIZ-01955,Hawthorne Quickbramble,hawthorne.quickbramble668@crystalball.io,ML,2024-08-10,1962,Divination
WIZ-01956,Lyra Hazelrigg,lyra.hazelrigg504@crystalball.io,silverwood,2026-01-26,1965,Divination
WIZ-01957,Maribel Copperkettle,maribel.copperkettle154@crystalball.io,SW,2023-04-15,1949,Transmutation
WIZ-01958,Rowan Hollowbranch,rowan.hollowbranch659@moonmail.net,ember coast,2024-07-24,1905,Divination
WIZ-01959,Nimbus Ashgrove,nimbus.ashgrove908@ravenpost.net,northern reaches,2024-07-17,1966,Divination
WIZ-01960,Quilla Stormbottle,quilla.stormbottle143@crystalball.io,sw,2026-04-28,1931,Divination
WIZ-01961,Seraphine Emberwhisk,seraphine.emberwhisk801@ravenpost.net,The Marshlands,2025-05-31,1924,TRANSMUTATION
WIZ-01962,Xanthe Zellandine,xanthe.zellandine738@grimoire.org,sw,2025-11-20,1911,Alchemy
WIZ-01963,Xanthe Mossheart,xanthe.mossheart672@grimoire.org,crystal vale,2023-03-09,1969,Illusion
WIZ-01964,Gideon Copperkettle,gideon.copperkettle806@crystalball.io,Silverwood,2025-04-01,1969,Alchemy
WIZ-01965,Kestrel Zellandine,kestrel.zellandine402@crystalball.io,SW,2025-02-07,1888,Illusion
WIZ-01966,Xanthe Hazelrigg,xanthe.hazelrigg298@owlmail.co,Northern Reaches,2025-12-03,1937,Illusion
WIZ-01967,Quilla Quickbramble,quilla.quickbramble708@crystalball.io,ML,2024-03-16,1888,Illusion
WIZ-01968,Dorian Vexley,dorian.vexley545@crystalball.io,EC,2024-08-02,1990,Healing
WIZ-01969,Lyra Mistlethorn,lyra.mistlethorn479@grimoire.org,Northern Reaches,2026-02-01,2001,Divination
WIZ-01970,Rowan Umberfall,,SW,2026-06-03,1938,Divination
WIZ-01971,Hawthorne Umberfall,hawthorne.umberfall652@ravenpost.net,EC,2023-05-16,1969,DIVINATION
WIZ-01972,Nimbus Tanglewood,nimbus.tanglewood476@moonmail.net,nr,2023-03-08,1971,Enchantment
WIZ-01973,Fiora Netherfield,fiora.netherfield817@ravenpost.net,NR,2025-06-04,1930,Herbalism
WIZ-01974,Kestrel Yewbarrow,kestrel.yewbarrow153@moonmail.net,ec,2024-04-16,2000,Divination
WIZ-01975,Dorian Hazelrigg,dorian.hazelrigg568@crystalball.io,EC,2023-08-17,1895,Alchemy
WIZ-01976,Cassia Mistlethorn,cassia.mistlethorn238@crystalball.io,nr,2026-04-02,2000,Alchemy
WIZ-01977,Oswin Dimbleby,oswin.dimbleby191@moonmail.net,ML,2025-09-01,1910,Divination
WIZ-01978,Isolde Glimmerstone,isolde.glimmerstone434@owlmail.co,ML,2025-10-31,1897,Divination
WIZ-01979,Quilla Hazelrigg,quilla.hazelrigg15@moonmail.net,SW,2024-03-28,1958,Divination
WIZ-01980,Peregrine Emberwhisk,peregrine.emberwhisk613@crystalball.io,CV,2025-02-26,1948,Healing
WIZ-01981,Vesper Netherfield,vesper.netherfield841@owlmail.co,Crystal Vale,2026-01-04,1938,Transmutation
WIZ-01982,Lyra Winterbourne,lyra.winterbourne544@moonmail.net,SW,2023-08-23,1949,Alchemy
WIZ-01983,Seraphine Foxglove,seraphine.foxglove249@grimoire.org,EC,2024-01-14,1971,Divination
WIZ-01984,Peregrine Nightbloom,peregrine.nightbloom786@crystalball.io,ec,2023-05-16,1962,Herbalism
WIZ-01985,Seraphine Larkspur,seraphine.larkspur199@ravenpost.net,Silverwood,2023-10-20,1967,Alchemy
WIZ-01986,Xanthe Mossheart,xanthe.mossheart703@owlmail.co,sw,2024-09-25,1946,Healing
WIZ-01987,Bramble Zellandine,bramble.zellandine959@grimoire.org,SW,2023-04-28,1985,Alchemy
WIZ-01988,Nimbus Hollowbranch,nimbus.hollowbranch630@ravenpost.net,The Marshlands,2025-09-11,1947,Divination
WIZ-01989,Grizelda Larkspur,grizelda.larkspur78@crystalball.io,ec,2025-08-11,1940,Illusion
WIZ-01990,Wendeline Ravenscroft,wendeline.ravenscroft2@grimoire.org,SW,2026-05-30,1961,Enchantment
WIZ-01991,Xanthe Copperkettle,xanthe.copperkettle11@owlmail.co,Northern Reaches,2023-10-08,1933,Enchantment
WIZ-01992,Fiora Jackdaw,fiora.jackdaw318@crystalball.io,CV,2025-02-04,1925,Herbalism
WIZ-01993,Dorian Fernwhistle,dorian.fernwhistle620@owlmail.co,nr,2024-08-18,1943,Enchantment
WIZ-01994,Ignatius Foxglove,ignatius.foxglove99@ravenpost.net,NR,2024-03-10,1955,Enchantment
WIZ-01995,Dorian Saltmarsh,dorian.saltmarsh62@ravenpost.net,SW,2023-09-08,1885,Healing
WIZ-01996,Kestrel Vexley,kestrel.vexley564@owlmail.co,SW,2024-12-25,1981,Enchantment
WIZ-01997,Ambrose Mossheart,ambrose.mossheart579@ravenpost.net,Silverwood,2024-07-10,1916,Enchantment
WIZ-01998,Gideon Larkspur,gideon.larkspur494@owlmail.co,NR,2026-04-25,1901,Healing
WIZ-01999,Dorian Everbright,dorian.everbright248@crystalball.io,Silverwood,2025-10-11,1888,Illusion
WIZ-02000,Oleander Saltmarsh,oleander.saltmarsh542@crystalball.io,NR,2023-08-10,1984,Herbalism
WIZ-02001,Thaddeus Vexley,thaddeus.vexley484@owlmail.co,SW,2024-01-08,1934,Illusion
WIZ-02002,Belladonna Frostpetal,belladonna.frostpetal701@ravenpost.net,sw,2024-03-25,1949,Transmutation
WIZ-02003,Peregrine Larkspur,peregrine.larkspur412@grimoire.org,CV,2023-04-20,1913,Healing
WIZ-02004,Delphine Nightbloom,delphine.nightbloom294@ravenpost.net,NR,2024-06-21,1972,ENCHANTMENT
WIZ-02005,Seraphine Wyrmwood,seraphine.wyrmwood401@grimoire.org,NR,2025-05-06,1978,Divination
WIZ-02006,Hawthorne Wandwright,hawthorne.wandwright701@crystalball.io,nr,2025-08-31,1932,Divination
WIZ-02007,Oleander Yewbarrow,oleander.yewbarrow946@grimoire.org,NR,2025-09-05,1917,Transmutation
WIZ-02008,Corvin Wyrmwood,corvin.wyrmwood222@grimoire.org,Silverwood,2025-11-07,1914,Healing
WIZ-02009,Fiora Mistlethorn,fiora.mistlethorn233@ravenpost.net,ml,2025-02-19,1908,ENCHANTMENT
WIZ-02010,Oleander Ashgrove,oleander.ashgrove60@grimoire.org,EC,2024-12-19,1893,HEALING
WIZ-02011,Jasper Larkspur,jasper.larkspur526@owlmail.co,EC,2024-04-07,1909,Healing
WIZ-02012,Maribel Yewbarrow,maribel.yewbarrow459@moonmail.net,Silverwood,2025-11-04,1978,Herbalism
WIZ-02013,Edric Owlsworth,edric.owlsworth59@crystalball.io,Northern Reaches,2025-10-03,1898,Transmutation
WIZ-02014,Ambrose Tanglewood,ambrose.tanglewood98@moonmail.net,sw,2025-06-30,2005,Healing
WIZ-02015,Umbra Zellandine,umbra.zellandine205@ravenpost.net,nr,2024-10-05,2007,Alchemy
WIZ-02016,Lyra Zellandine,lyra.zellandine224@grimoire.org,cv,2023-11-09,1896,Herbalism
WIZ-02017,Maribel Larkspur,maribel.larkspur971@owlmail.co,SW,2024-08-24,1911,Enchantment
WIZ-02018,Belladonna Frostpetal,belladonna.frostpetal228@owlmail.co,EC,2023-06-25,1992,Divination
WIZ-02019,Hesper Tanglewood,hesper.tanglewood47@crystalball.io,Silverwood,2023-02-07,1916,Transmutation
WIZ-02020,Seraphine Vexley,seraphine.vexley350@grimoire.org,Crystal Vale,2025-06-06,1915,Enchantment
WIZ-02021,Hawthorne Foxglove,hawthorne.foxglove224@moonmail.net,SW,2025-04-12,1926,ILLUSION
WIZ-02022,Caspian Brightmantle,caspian.brightmantle902@ravenpost.net,Silverwood,2023-07-08,2000,Illusion
WIZ-02023,Ambrose Stormbottle,ambrose.stormbottle187@owlmail.co,EC,2024-10-17,1974,Herbalism
WIZ-02024,Quilla Umberfall,quilla.umberfall569@crystalball.io,EC,2023-08-01,1934,Divination
WIZ-02025,Alaric Everbright,alaric.everbright346@moonmail.net,nr,2025-12-16,1974,Enchantment
WIZ-02026,Maribel Ironquill,maribel.ironquill747@ravenpost.net,Silverwood,2026-04-06,1962,Illusion
WIZ-02027,Edric Copperkettle,edric.copperkettle521@ravenpost.net,NR,2023-04-06,1964,Transmutation
WIZ-02028,Bramble Everbright,bramble.everbright232@crystalball.io,Crystal Vale,2024-11-01,1908,Alchemy
WIZ-02029,Kestrel Brightmantle,kestrel.brightmantle860@owlmail.co,ML,2024-06-21,1971,Divination
WIZ-02030,Umbra Quickbramble,umbra.quickbramble103@crystalball.io,EC,2024-10-05,1982,Herbalism
WIZ-02031,Bramble Hollowbranch,bramble.hollowbranch773@crystalball.io,nr,2025-03-08,1941,Transmutation
WIZ-02032,Fenwick Ashgrove,fenwick.ashgrove67@crystalball.io,EC,2025-12-10,1963,Illusion
WIZ-02033,Fiora Umberfall,fiora.umberfall479@ravenpost.net,Ember Coast,2023-03-08,1902,Alchemy
WIZ-02034,Petra Cinderfell,petra.cinderfell78@ravenpost.net,NR,2024-12-31,1934,Alchemy
WIZ-02035,Corvin Larkspur,corvin.larkspur179@owlmail.co,Ember Coast,2024-08-06,1940,Herbalism
WIZ-02036,Oleander Stormbottle,oleander.stormbottle238@moonmail.net,ec,2026-02-04,1896,Illusion
WIZ-02037,Morwenna Mistlethorn,morwenna.mistlethorn803@crystalball.io,nr,2026-03-29,1994,Divination
WIZ-02038,Lyra Gorsebush,lyra.gorsebush207@crystalball.io,sw,2025-04-03,1914,Divination
WIZ-02039,Grizelda Hazelrigg,grizelda.hazelrigg520@grimoire.org,ML,2023-09-18,1921,Divination
WIZ-02040,Lyra Wyrmwood,lyra.wyrmwood352@ravenpost.net,EC,2024-11-14,1990,Illusion
WIZ-02041,Kestrel Jackdaw,kestrel.jackdaw383@moonmail.net,northern reaches,2025-12-18,1946,Illusion
WIZ-02042,Corvin Barrowmere,corvin.barrowmere433@crystalball.io,EC,2026-03-12,1897,Illusion
WIZ-02043,Cassia Duskwater,cassia.duskwater5@ravenpost.net,The Marshlands,2026-01-14,1928,Alchemy
WIZ-02044,Delphine Winterbourne,delphine.winterbourne626@grimoire.org,sw,2025-04-18,1940,Transmutation
WIZ-02045,Maribel Duskwater,maribel.duskwater469@ravenpost.net,Crystal Vale,2025-08-23,1940,Herbalism
WIZ-02046,Petra Crowfeather,petra.crowfeather777@owlmail.co,ML,2024-09-21,2006,ENCHANTMENT
WIZ-02047,Vesper Yewbarrow,vesper.yewbarrow746@crystalball.io,NR,2025-07-03,1954,Enchantment
WIZ-02048,Grizelda Wyrmwood,grizelda.wyrmwood909@owlmail.co,nr,2025-04-26,1932,Herbalism
WIZ-02049,Corvin Hazelrigg,corvin.hazelrigg932@ravenpost.net,Silverwood,2023-10-12,1937,Illusion
WIZ-02050,Oswin Frostpetal,oswin.frostpetal730@crystalball.io,Crystal Vale,2023-02-16,1940,Healing
WIZ-02051,Maribel Hollowbranch,maribel.hollowbranch982@ravenpost.net,ML,2025-09-30,1995,Enchantment
WIZ-02052,Fiora Barrowmere,fiora.barrowmere309@moonmail.net,CV,2025-07-21,1937,Illusion
WIZ-02053,Seraphine Kilnworth,seraphine.kilnworth890@ravenpost.net,SW,2024-02-21,1950,Alchemy
WIZ-02054,Fenwick Emberwhisk,fenwick.emberwhisk592@grimoire.org,SW,2024-11-22,1988,Herbalism
WIZ-02055,Seraphine Gorsebush,seraphine.gorsebush926@grimoire.org,ec,2024-11-28,1982,Transmutation
WIZ-02056,Umbra Zellandine,umbra.zellandine221@crystalball.io,EC,2023-07-18,1965,Herbalism
WIZ-02057,Oleander Wyrmwood,oleander.wyrmwood551@ravenpost.net,SW,2025-03-08,1913,Alchemy
WIZ-02058,Edric Cinderfell,edric.cinderfell908@grimoire.org,Ember Coast,2025-02-11,1944,Transmutation
WIZ-02059,Ambrose Ravenscroft,ambrose.ravenscroft321@ravenpost.net,ember coast,2024-02-06,1955,Herbalism
WIZ-02060,Fiora Vexley,fiora.vexley246@crystalball.io,The Marshlands,2026-06-01,1902,Herbalism
WIZ-02061,Delphine Duskwater,delphine.duskwater803@owlmail.co,ec,2024-07-29,1956,Transmutation
WIZ-02062,Jasper Emberwhisk,jasper.emberwhisk364@ravenpost.net,EC,2025-11-04,1910,Alchemy
WIZ-02063,Edric Winterbourne,edric.winterbourne603@ravenpost.net,ml,2025-01-29,1890,Herbalism
WIZ-02064,Ambrose Vexley,ambrose.vexley763@crystalball.io,ML,2024-06-02,1952,Illusion
WIZ-02065,Xanthe Fernwhistle,xanthe.fernwhistle886@owlmail.co,CV,2023-07-04,1889,Enchantment
WIZ-02066,Alaric Moonbrook,alaric.moonbrook585@ravenpost.net,Northern Reaches,2023-01-30,1989,Alchemy
WIZ-02067,Xanthe Zellandine,xanthe.zellandine754@grimoire.org,the marshlands,2024-05-28,1896,Herbalism
WIZ-02068,Gideon Winterbourne,gideon.winterbourne284@grimoire.org,EC,2025-10-02,1924,Transmutation
WIZ-02069,Gideon Zellandine,,The Marshlands,2026-05-16,1937,Transmutation
WIZ-02070,Yarrow Jackdaw,,EC,2026-03-21,1936,ALCHEMY
WIZ-02071,Bramble Hazelrigg,bramble.hazelrigg169@owlmail.co,SW,2024-09-08,1908,Herbalism
WIZ-02072,Seraphine Emberwhisk,seraphine.emberwhisk639@moonmail.net,ember coast,2024-05-07,1893,Alchemy
WIZ-02073,Fenwick Ironquill,fenwick.ironquill315@grimoire.org,ML,2023-02-03,1960,Illusion
WIZ-02074,Gideon Tanglewood,gideon.tanglewood310@owlmail.co,NR,2024-04-11,1918,Alchemy
WIZ-02075,Kestrel Mossheart,kestrel.mossheart859@crystalball.io,cv,2025-11-05,1980,Enchantment
WIZ-02076,Ambrose Quickbramble,ambrose.quickbramble98@owlmail.co,NR,2025-11-21,1931,Healing
WIZ-02077,Jasper Umberfall,jasper.umberfall968@grimoire.org,ml,2025-01-17,1895,Alchemy
WIZ-02078,Hesper Ironquill,hesper.ironquill501@moonmail.net,SW,2023-06-21,1964,Illusion
WIZ-02079,Hesper Quickbramble,hesper.quickbramble78@owlmail.co,cv,2026-05-25,1933,Alchemy
WIZ-02080,Hawthorne Wyrmwood,hawthorne.wyrmwood551@owlmail.co,CV,2026-03-28,1913,Alchemy
WIZ-02081,Fenwick Jackdaw,fenwick.jackdaw201@moonmail.net,NR,2024-08-12,1934,Divination
WIZ-02082,Lyra Quickbramble,lyra.quickbramble898@crystalball.io,Silverwood,2024-10-14,1915,Illusion
WIZ-02083,Grizelda Stormbottle,grizelda.stormbottle927@owlmail.co,ember coast,2023-11-18,1922,Enchantment
WIZ-02084,Fenwick Tanglewood,fenwick.tanglewood870@ravenpost.net,CV,2025-06-30,1889,Divination
WIZ-02085,Alaric Crowfeather,alaric.crowfeather103@ravenpost.net,Silverwood,2024-09-29,1937,Alchemy
WIZ-02086,Umbra Saltmarsh,umbra.saltmarsh820@crystalball.io,Ember Coast,2025-09-16,1900,Illusion
WIZ-02087,Oleander Larkspur,oleander.larkspur879@moonmail.net,NR,2024-02-21,1938,Alchemy
WIZ-02088,Grizelda Emberwhisk,grizelda.emberwhisk767@grimoire.org,CV,2024-10-16,1963,Healing
WIZ-02089,Hesper Ravenscroft,hesper.ravenscroft758@ravenpost.net,EC,2023-09-14,1990,HERBALISM
WIZ-02090,Fenwick Frostpetal,fenwick.frostpetal801@grimoire.org,ml,2024-02-16,1933,Divination
WIZ-02091,Rowan Frostpetal,rowan.frostpetal12@crystalball.io,SW,2024-09-27,1987,Enchantment
WIZ-02092,Wendeline Frostpetal,wendeline.frostpetal467@ravenpost.net,SW,2023-05-16,1888,HEALING
WIZ-02093,Rowan Jackdaw,rowan.jackdaw261@owlmail.co,silverwood,2024-05-20,1903,Herbalism
WIZ-02094,Lyra Moonbrook,lyra.moonbrook823@ravenpost.net,SW,2024-06-08,1965,Herbalism
WIZ-02095,Cassia Owlsworth,cassia.owlsworth852@owlmail.co,NR,2024-12-25,1930,Illusion
WIZ-02096,Caspian Yewbarrow,caspian.yewbarrow43@moonmail.net,Northern Reaches,2026-03-14,1966,HERBALISM
WIZ-02097,Vesper Barrowmere,vesper.barrowmere97@grimoire.org,Ember Coast,2023-09-23,1940,Illusion
WIZ-02098,Fiora Hazelrigg,fiora.hazelrigg902@grimoire.org,ec,2025-12-05,2001,Herbalism
WIZ-02099,Nimbus Wyrmwood,nimbus.wyrmwood132@owlmail.co,ML,2024-08-23,1896,Healing
WIZ-02100,Juniper Wyrmwood,juniper.wyrmwood604@crystalball.io,SW,2023-10-14,1997,Healing
WIZ-02101,Nimbus Gorsebush,nimbus.gorsebush739@crystalball.io,ml,2023-12-04,1987,Illusion
WIZ-02102,Kestrel Kilnworth,kestrel.kilnworth772@ravenpost.net,Northern Reaches,2023-03-17,1978,HEALING
WIZ-02103,Caspian Ravenscroft,caspian.ravenscroft96@grimoire.org,ec,2026-02-23,1989,Herbalism
WIZ-02104,Zephyrine Frostpetal,zephyrine.frostpetal778@moonmail.net,ec,2023-09-19,1980,Illusion
WIZ-02105,Yarrow Foxglove,yarrow.foxglove680@moonmail.net,Silverwood,2024-12-18,1905,HERBALISM
WIZ-02106,Alaric Ashgrove,alaric.ashgrove215@ravenpost.net,ec,2024-12-05,1928,Transmutation
WIZ-02107,Belladonna Frostpetal,belladonna.frostpetal19@moonmail.net,CV,2026-04-16,1987,Herbalism
WIZ-02108,Rowan Kilnworth,rowan.kilnworth82@owlmail.co,EC,2024-05-01,2005,Transmutation
WIZ-02109,Vesper Mistlethorn,vesper.mistlethorn501@crystalball.io,sw,2025-11-28,1920,HEALING
WIZ-02110,Seraphine Hazelrigg,seraphine.hazelrigg331@ravenpost.net,ml,2023-06-10,1986,Herbalism
WIZ-02111,Vesper Mossheart,vesper.mossheart326@ravenpost.net,The Marshlands,2024-02-21,1940,Alchemy
WIZ-02112,Caspian Hazelrigg,caspian.hazelrigg9@ravenpost.net,SW,2025-03-01,1979,Herbalism
WIZ-02113,Hawthorne Yewbarrow,hawthorne.yewbarrow755@crystalball.io,sw,2024-08-08,1904,DIVINATION
WIZ-02114,Hesper Brightmantle,hesper.brightmantle679@moonmail.net,NR,2025-02-06,1955,Healing
WIZ-02115,Quilla Barrowmere,quilla.barrowmere824@moonmail.net,CV,2024-08-20,1986,Divination
WIZ-02116,Alaric Wandwright,alaric.wandwright450@owlmail.co,Ember Coast,2025-06-07,1936,TRANSMUTATION
WIZ-02117,Wendeline Saltmarsh,wendeline.saltmarsh354@owlmail.co,Silverwood,2024-03-02,1890,Herbalism
WIZ-02118,Rowan Yewbarrow,rowan.yewbarrow50@crystalball.io,ML,2024-11-19,1974,Illusion
WIZ-02119,Elowen Nightbloom,elowen.nightbloom841@crystalball.io,Ember Coast,2024-12-04,2003,Enchantment
WIZ-02120,Cassia Hollowbranch,cassia.hollowbranch740@owlmail.co,Silverwood,2025-07-01,1971,Transmutation
WIZ-02121,Juniper Ravenscroft,juniper.ravenscroft427@crystalball.io,nr,2023-06-12,1935,Transmutation
WIZ-02122,Zephyrine Thistledown,zephyrine.thistledown23@grimoire.org,ML,2026-03-17,1985,Herbalism
WIZ-02123,Oleander Gorsebush,oleander.gorsebush71@owlmail.co,sw,2024-05-09,1923,Healing
WIZ-02124,Kestrel Tanglewood,kestrel.tanglewood283@moonmail.net,sw,2023-04-13,1971,Illusion
WIZ-02125,Vesper Kilnworth,vesper.kilnworth359@grimoire.org,ml,2025-09-24,1889,Transmutation
WIZ-02126,Petra Duskwater,petra.duskwater314@owlmail.co,CV,2025-02-01,1945,Enchantment
WIZ-02127,Ambrose Kilnworth,ambrose.kilnworth850@moonmail.net,nr,2023-05-25,1999,Healing
WIZ-02128,Peregrine Quickbramble,peregrine.quickbramble608@grimoire.org,ember coast,2025-06-20,1969,Healing
WIZ-02129,Quilla Dimbleby,quilla.dimbleby630@crystalball.io,NR,2025-02-20,1999,Enchantment
WIZ-02130,Isolde Stormbottle,isolde.stormbottle513@crystalball.io,EC,2024-01-10,1928,Alchemy
WIZ-02131,Fiora Quickbramble,fiora.quickbramble665@crystalball.io,ec,2024-06-30,1925,Divination
WIZ-02132,Xanthe Vexley,xanthe.vexley691@moonmail.net,The Marshlands,2023-01-19,1947,Enchantment
WIZ-02133,Xanthe Gorsebush,xanthe.gorsebush160@moonmail.net,ML,2024-02-23,1966,Healing
WIZ-02134,Peregrine Winterbourne,peregrine.winterbourne654@crystalball.io,EC,2026-05-02,1944,Healing
WIZ-02135,Caspian Nightbloom,caspian.nightbloom501@owlmail.co,CV,2024-05-19,1929,Enchantment
WIZ-02136,Cassia Hazelrigg,cassia.hazelrigg382@grimoire.org,nr,2025-11-24,1909,Herbalism
WIZ-02137,Elowen Dimbleby,elowen.dimbleby41@ravenpost.net,EC,2023-02-01,1934,Transmutation
WIZ-02138,Corvin Moonbrook,corvin.moonbrook183@moonmail.net,ec,2025-09-16,1935,Enchantment
WIZ-02139,Xanthe Larkspur,xanthe.larkspur790@moonmail.net,EC,2025-02-28,1916,ALCHEMY
WIZ-02140,Fiora Fernwhistle,fiora.fernwhistle609@grimoire.org,NR,2023-12-31,1901,Divination
WIZ-02141,Fenwick Winterbourne,fenwick.winterbourne772@owlmail.co,SW,2023-12-20,1909,Healing
WIZ-02142,Thaddeus Hollowbranch,thaddeus.hollowbranch233@grimoire.org,ec,2025-05-14,1913,Alchemy
WIZ-02143,Corvin Zellandine,corvin.zellandine275@moonmail.net,CV,2024-09-03,1983,ILLUSION
WIZ-02144,Dorian Dimbleby,dorian.dimbleby793@grimoire.org,ml,2025-02-19,1904,Transmutation
WIZ-02145,Vesper Stormbottle,vesper.stormbottle919@grimoire.org,the marshlands,2026-05-17,1975,Illusion
WIZ-02146,Gideon Hazelrigg,gideon.hazelrigg130@owlmail.co,Crystal Vale,2023-04-17,1906,Healing
WIZ-02147,Umbra Hollowbranch,umbra.hollowbranch600@grimoire.org,ml,2024-09-23,1988,Divination
WIZ-02148,Thaddeus Yewbarrow,thaddeus.yewbarrow271@crystalball.io,EC,2025-05-23,1912,Divination
WIZ-02149,Rowan Owlsworth,rowan.owlsworth817@moonmail.net,Silverwood,2024-10-21,1974,Alchemy
WIZ-02150,Caspian Copperkettle,caspian.copperkettle148@ravenpost.net,Northern Reaches,2024-07-19,1967,Herbalism
WIZ-02151,Caspian Barrowmere,caspian.barrowmere920@crystalball.io,the marshlands,2024-10-11,1918,Transmutation
WIZ-02152,Elowen Duskwater,elowen.duskwater332@crystalball.io,Crystal Vale,2025-03-07,1899,Divination
WIZ-02153,Yarrow Thistledown,yarrow.thistledown797@grimoire.org,cv,2024-06-04,1946,Healing
WIZ-02154,Ambrose Everbright,ambrose.everbright477@grimoire.org,nr,2026-01-08,1885,Transmutation
WIZ-02155,Elowen Zellandine,elowen.zellandine43@crystalball.io,Silverwood,2023-04-07,1935,Herbalism
WIZ-02156,Gideon Wyrmwood,gideon.wyrmwood908@owlmail.co,EC,2025-02-13,1927,Illusion
WIZ-02157,Delphine Quickbramble,delphine.quickbramble331@owlmail.co,SW,2023-03-27,1985,Alchemy
WIZ-02158,Corvin Frostpetal,corvin.frostpetal345@ravenpost.net,sw,2025-02-20,1972,Healing
WIZ-02159,Xanthe Jackdaw,xanthe.jackdaw558@owlmail.co,sw,2025-01-09,1886,Transmutation
WIZ-02160,Vesper Fernwhistle,vesper.fernwhistle408@owlmail.co,ML,2023-09-12,1906,Transmutation
WIZ-02161,Hawthorne Barrowmere,hawthorne.barrowmere523@grimoire.org,EC,2024-07-26,1886,Divination
WIZ-02162,Oswin Copperkettle,oswin.copperkettle775@moonmail.net,ML,2025-07-12,1992,Herbalism
WIZ-02163,Xanthe Crowfeather,xanthe.crowfeather492@crystalball.io,EC,2023-12-01,1958,Divination
WIZ-02164,Hawthorne Emberwhisk,hawthorne.emberwhisk930@ravenpost.net,nr,2024-09-22,1909,Healing
WIZ-02165,Maribel Everbright,maribel.everbright348@moonmail.net,ec,2024-07-13,1948,Healing
WIZ-02166,Morwenna Moonbrook,morwenna.moonbrook59@moonmail.net,EC,2024-05-27,2001,Enchantment
WIZ-02167,Zephyrine Duskwater,zephyrine.duskwater647@moonmail.net,SW,2025-02-23,1942,Transmutation
WIZ-02168,Juniper Dimbleby,juniper.dimbleby887@grimoire.org,ML,2025-08-18,1920,Divination
WIZ-02169,Maribel Dimbleby,maribel.dimbleby863@ravenpost.net,sw,2026-05-16,1915,Healing
WIZ-02170,Maribel Zellandine,maribel.zellandine774@grimoire.org,CV,2025-10-06,1996,Alchemy
WIZ-02171,Ignatius Brightmantle,ignatius.brightmantle718@grimoire.org,ML,2024-08-14,1899,Herbalism
WIZ-02172,Bramble Tanglewood,bramble.tanglewood466@moonmail.net,ml,2024-12-14,2005,Alchemy
WIZ-02173,Thaddeus Everbright,thaddeus.everbright53@grimoire.org,cv,2024-10-29,1935,Alchemy
WIZ-02174,Wendeline Zellandine,wendeline.zellandine810@grimoire.org,NR,2023-06-03,1958,Divination
WIZ-02175,Bramble Winterbourne,bramble.winterbourne980@grimoire.org,SW,2026-03-16,1938,Healing
WIZ-02176,Maribel Mistlethorn,maribel.mistlethorn532@owlmail.co,Crystal Vale,2024-02-22,1945,Healing
WIZ-02177,Caspian Dimbleby,caspian.dimbleby776@owlmail.co,Silverwood,2025-07-19,1937,Divination
WIZ-02178,Maribel Stormbottle,maribel.stormbottle805@ravenpost.net,NR,2025-09-28,1915,Alchemy
WIZ-02179,Ambrose Stormbottle,ambrose.stormbottle991@owlmail.co,EC,2023-02-03,1909,ENCHANTMENT
WIZ-02180,Jasper Winterbourne,jasper.winterbourne389@ravenpost.net,The Marshlands,2025-02-21,1998,Healing
WIZ-02181,Yarrow Kilnworth,yarrow.kilnworth697@ravenpost.net,EC,2025-03-22,1901,Divination
WIZ-02182,Zephyrine Saltmarsh,zephyrine.saltmarsh140@moonmail.net,ec,2026-03-06,1991,Healing
WIZ-02183,Quilla Duskwater,quilla.duskwater545@grimoire.org,ML,2026-01-21,1898,HEALING
WIZ-02184,Hesper Thistledown,hesper.thistledown319@owlmail.co,SW,2024-01-06,1916,Transmutation
WIZ-02185,Isolde Vexley,isolde.vexley881@grimoire.org,sw,2023-01-31,1942,Herbalism
WIZ-02186,Cassia Mossheart,cassia.mossheart256@ravenpost.net,CV,2024-11-11,2000,Healing
WIZ-02187,Umbra Jackdaw,umbra.jackdaw975@moonmail.net,ml,2025-08-29,1954,Illusion
WIZ-02188,Edric Hollowbranch,edric.hollowbranch847@ravenpost.net,NR,2025-12-14,1924,Herbalism
WIZ-02189,Corvin Ashgrove,corvin.ashgrove318@crystalball.io,NR,2026-05-14,1909,Illusion
WIZ-02190,Alaric Everbright,alaric.everbright43@owlmail.co,SW,2023-11-28,1972,Healing
WIZ-02191,Kestrel Thistledown,kestrel.thistledown376@crystalball.io,NR,2024-05-15,1948,Herbalism
WIZ-02192,Elowen Cinderfell,elowen.cinderfell135@grimoire.org,Ember Coast,2025-04-02,1984,Healing
WIZ-02193,Corvin Crowfeather,corvin.crowfeather236@grimoire.org,nr,2023-06-24,1983,Alchemy
WIZ-02194,Morwenna Copperkettle,morwenna.copperkettle506@owlmail.co,cv,2024-01-17,1912,Transmutation
WIZ-02195,Belladonna Cinderfell,belladonna.cinderfell609@owlmail.co,NR,2025-03-23,1894,Alchemy
WIZ-02196,Gideon Nightbloom,,Ember Coast,2025-10-15,1957,Transmutation
WIZ-02197,Edric Ravenscroft,edric.ravenscroft586@owlmail.co,Northern Reaches,2023-05-13,1904,Herbalism
WIZ-02198,Peregrine Mossheart,peregrine.mossheart4@crystalball.io,Silverwood,2026-01-30,1981,Transmutation
WIZ-02199,Maribel Nightbloom,maribel.nightbloom831@ravenpost.net,Northern Reaches,2024-01-16,1987,Herbalism
WIZ-02200,Oleander Hollowbranch,oleander.hollowbranch959@grimoire.org,Ember Coast,2025-10-21,1986,ALCHEMY
WIZ-02201,Delphine Fernwhistle,delphine.fernwhistle355@moonmail.net,northern reaches,2024-12-10,1915,Enchantment
WIZ-02202,Corvin Everbright,corvin.everbright662@grimoire.org,sw,2025-02-27,1906,Illusion
WIZ-02203,Thaddeus Copperkettle,thaddeus.copperkettle638@grimoire.org,SW,2025-06-16,1995,Transmutation
WIZ-02204,Zephyrine Quickbramble,zephyrine.quickbramble664@ravenpost.net,ml,2024-06-14,1958,Healing
WIZ-02205,Ignatius Emberwhisk,ignatius.emberwhisk596@grimoire.org,cv,2024-11-06,1977,Healing
WIZ-02206,Elowen Zellandine,elowen.zellandine426@owlmail.co,EC,2025-11-07,1933,Enchantment
WIZ-02207,Isolde Ravenscroft,isolde.ravenscroft227@grimoire.org,ML,2023-06-07,1961,Illusion
WIZ-02208,Dorian Nightbloom,dorian.nightbloom112@ravenpost.net,ML,2024-11-29,1908,Transmutation
WIZ-02209,Fiora Tanglewood,fiora.tanglewood650@ravenpost.net,SW,2024-07-14,1963,Illusion
WIZ-02210,Petra Hazelrigg,petra.hazelrigg314@owlmail.co,nr,2025-04-06,1916,Illusion
WIZ-02211,Umbra Netherfield,umbra.netherfield493@grimoire.org,ML,2025-08-30,1930,Divination
WIZ-02212,Kestrel Hollowbranch,kestrel.hollowbranch477@owlmail.co,EC,2024-12-15,1977,Divination
WIZ-02213,Corvin Moonbrook,corvin.moonbrook308@grimoire.org,Ember Coast,2026-04-13,1967,Alchemy
WIZ-02214,Fiora Fernwhistle,fiora.fernwhistle675@ravenpost.net,ML,2025-05-29,1967,Divination
WIZ-02215,Oleander Foxglove,oleander.foxglove454@crystalball.io,ML,2024-09-01,1958,Divination
WIZ-02216,Oswin Kilnworth,oswin.kilnworth875@owlmail.co,ml,2024-07-20,1995,Divination
WIZ-02217,Lyra Gorsebush,lyra.gorsebush468@owlmail.co,Northern Reaches,2026-06-11,1950,Healing
WIZ-02218,Edric Mossheart,edric.mossheart859@owlmail.co,northern reaches,2023-09-12,1939,Alchemy
WIZ-02219,Seraphine Everbright,seraphine.everbright552@crystalball.io,Northern Reaches,2024-07-23,1905,Healing
WIZ-02220,Umbra Wandwright,umbra.wandwright136@crystalball.io,NR,2023-05-09,1975,Healing
WIZ-02221,Ignatius Frostpetal,ignatius.frostpetal716@ravenpost.net,NR,2023-10-01,1967,Illusion
WIZ-02222,Vesper Yewbarrow,vesper.yewbarrow161@crystalball.io,The Marshlands,2023-03-22,1901,Alchemy
WIZ-02223,Cassia Frostpetal,cassia.frostpetal865@owlmail.co,The Marshlands,2024-09-16,1998,ALCHEMY
WIZ-02224,Oswin Quickbramble,oswin.quickbramble998@ravenpost.net,Silverwood,2025-03-18,1899,Alchemy
WIZ-02225,Umbra Umberfall,umbra.umberfall402@grimoire.org,ML,2024-11-02,1950,Enchantment
WIZ-02226,Ambrose Fernwhistle,ambrose.fernwhistle421@owlmail.co,ML,2024-03-16,1970,Illusion
WIZ-02227,Belladonna Fernwhistle,belladonna.fernwhistle1@grimoire.org,EC,2023-01-10,1890,Alchemy
WIZ-02228,Juniper Wyrmwood,juniper.wyrmwood431@moonmail.net,Ember Coast,2025-07-03,1924,Divination
WIZ-02229,Belladonna Emberwhisk,belladonna.emberwhisk784@moonmail.net,NR,2025-11-30,2002,Alchemy
WIZ-02230,Grizelda Cinderfell,grizelda.cinderfell852@moonmail.net,sw,2026-03-07,1953,Herbalism
WIZ-02231,Zephyrine Ashgrove,zephyrine.ashgrove117@grimoire.org,cv,2023-09-06,1953,Enchantment
WIZ-02232,Wendeline Zellandine,wendeline.zellandine643@ravenpost.net,SW,2024-08-16,1936,Illusion
WIZ-02233,Yarrow Everbright,,Crystal Vale,2023-02-05,1905,Illusion
WIZ-02234,Juniper Ashgrove,juniper.ashgrove648@owlmail.co,EC,2025-04-24,1921,Healing
WIZ-02235,Bramble Ironquill,bramble.ironquill976@moonmail.net,ml,2024-02-14,1957,Alchemy
WIZ-02236,Seraphine Mistlethorn,seraphine.mistlethorn82@crystalball.io,EC,2025-08-26,1889,Transmutation
WIZ-02237,Ambrose Crowfeather,ambrose.crowfeather915@ravenpost.net,NR,2023-12-12,1940,Healing
WIZ-02238,Xanthe Yewbarrow,xanthe.yewbarrow769@ravenpost.net,ember coast,2023-11-07,1968,Transmutation
WIZ-02239,Bramble Moonbrook,bramble.moonbrook355@grimoire.org,Ember Coast,2024-06-25,1915,Illusion
WIZ-02240,Peregrine Emberwhisk,peregrine.emberwhisk705@moonmail.net,ec,2024-10-10,1905,Illusion
WIZ-02241,Juniper Everbright,juniper.everbright148@crystalball.io,SW,2024-07-13,1932,Illusion
WIZ-02242,Dorian Tanglewood,dorian.tanglewood763@ravenpost.net,sw,2023-02-02,1955,Illusion
WIZ-02243,Zephyrine Dimbleby,zephyrine.dimbleby318@grimoire.org,NR,2024-06-06,1910,Illusion
WIZ-02244,Hesper Mossheart,hesper.mossheart595@ravenpost.net,EC,2024-08-30,1963,Alchemy
WIZ-02245,Bramble Frostpetal,bramble.frostpetal582@moonmail.net,CV,2025-04-11,1919,Transmutation
WIZ-02246,Petra Frostpetal,petra.frostpetal621@grimoire.org,NR,2025-07-03,1942,Illusion
WIZ-02247,Alaric Hollowbranch,alaric.hollowbranch919@crystalball.io,NR,2023-02-08,1944,Transmutation
WIZ-02248,Grizelda Stormbottle,grizelda.stormbottle755@ravenpost.net,ML,2024-01-13,1951,Illusion
WIZ-02249,Gideon Thistledown,gideon.thistledown45@moonmail.net,The Marshlands,2024-02-27,1912,Herbalism
WIZ-02250,Seraphine Brightmantle,seraphine.brightmantle571@grimoire.org,ML,2026-03-21,1926,Divination
WIZ-02251,Juniper Owlsworth,,northern reaches,2023-06-09,1973,Herbalism
WIZ-02252,Zephyrine Copperkettle,zephyrine.copperkettle241@grimoire.org,NR,2025-03-08,1913,Healing
WIZ-02253,Ignatius Moonbrook,ignatius.moonbrook647@moonmail.net,the marshlands,2025-07-25,1985,Healing
WIZ-02254,Corvin Zellandine,corvin.zellandine466@ravenpost.net,cv,2023-03-29,1980,Healing
WIZ-02255,Petra Ravenscroft,petra.ravenscroft693@moonmail.net,NR,2025-07-23,1947,Transmutation
WIZ-02256,Nimbus Owlsworth,nimbus.owlsworth81@crystalball.io,Northern Reaches,2023-02-16,1951,Healing
WIZ-02257,Juniper Nightbloom,juniper.nightbloom715@owlmail.co,nr,2023-12-17,1941,Illusion
WIZ-02258,Thaddeus Crowfeather,thaddeus.crowfeather587@crystalball.io,The Marshlands,2024-01-05,2000,Transmutation
WIZ-02259,Gideon Dimbleby,gideon.dimbleby108@crystalball.io,ML,2024-09-09,2001,Transmutation
WIZ-02260,Jasper Dimbleby,jasper.dimbleby810@ravenpost.net,EC,2024-04-28,1913,Divination
WIZ-02261,Quilla Duskwater,quilla.duskwater993@moonmail.net,ec,2026-02-15,1914,Divination
WIZ-02262,Zephyrine Netherfield,zephyrine.netherfield415@crystalball.io,Northern Reaches,2023-07-10,1887,Divination
WIZ-02263,Caspian Umberfall,caspian.umberfall570@ravenpost.net,ember coast,2023-03-08,1935,Divination
WIZ-02264,Fenwick Emberwhisk,fenwick.emberwhisk341@crystalball.io,EC,2026-03-10,1926,Divination
WIZ-02265,Seraphine Emberwhisk,seraphine.emberwhisk534@grimoire.org,EC,2024-03-27,1956,Transmutation
WIZ-02266,Hesper Larkspur,hesper.larkspur479@ravenpost.net,CV,2023-09-16,1988,Healing
WIZ-02267,Delphine Dimbleby,delphine.dimbleby973@owlmail.co,SW,2023-03-15,2001,Alchemy
WIZ-02268,Cassia Crowfeather,cassia.crowfeather76@grimoire.org,Northern Reaches,2024-10-22,1939,Illusion
WIZ-02269,Petra Emberwhisk,petra.emberwhisk301@ravenpost.net,Crystal Vale,2023-04-06,1927,Illusion
WIZ-02270,Oswin Mossheart,oswin.mossheart579@grimoire.org,crystal vale,2024-06-15,1932,Divination
WIZ-02271,Edric Emberwhisk,edric.emberwhisk929@ravenpost.net,Crystal Vale,2025-02-25,1924,Herbalism
WIZ-02272,Lyra Wyrmwood,lyra.wyrmwood396@ravenpost.net,cv,2025-06-22,1967,Illusion
WIZ-02273,Delphine Winterbourne,delphine.winterbourne712@owlmail.co,nr,2025-05-07,1977,DIVINATION
WIZ-02274,Juniper Umberfall,juniper.umberfall994@owlmail.co,ML,2025-07-21,1946,Enchantment
WIZ-02275,Fenwick Duskwater,fenwick.duskwater206@ravenpost.net,cv,2025-03-05,1962,Transmutation
WIZ-02276,Alaric Vexley,alaric.vexley235@crystalball.io,EC,2023-04-14,1997,Enchantment
WIZ-02277,Bramble Yewbarrow,bramble.yewbarrow193@crystalball.io,ML,2026-02-22,1936,Divination
WIZ-02278,Oleander Crowfeather,oleander.crowfeather644@crystalball.io,EC,2023-10-31,1996,Divination
WIZ-02279,Isolde Everbright,isolde.everbright405@grimoire.org,cv,2024-10-10,1904,Alchemy
WIZ-02280,Dorian Tanglewood,dorian.tanglewood55@ravenpost.net,NR,2023-06-27,2007,Illusion
WIZ-02281,Dorian Glimmerstone,dorian.glimmerstone73@moonmail.net,ec,2025-09-08,1985,ALCHEMY
WIZ-02282,Gideon Glimmerstone,gideon.glimmerstone2@ravenpost.net,sw,2023-03-31,1902,Enchantment
WIZ-02283,Thaddeus Wyrmwood,thaddeus.wyrmwood697@moonmail.net,ml,2026-04-01,1910,ENCHANTMENT
WIZ-02284,Quilla Duskwater,quilla.duskwater967@grimoire.org,CV,2025-11-18,1937,ILLUSION
WIZ-02285,Umbra Zellandine,umbra.zellandine74@moonmail.net,Silverwood,2023-05-22,1887,Transmutation
WIZ-02286,Zephyrine Owlsworth,zephyrine.owlsworth645@owlmail.co,ML,2024-01-29,1937,Alchemy
WIZ-02287,Belladonna Mistlethorn,belladonna.mistlethorn935@moonmail.net,SW,2024-06-02,1944,Transmutation
WIZ-02288,Jasper Mossheart,jasper.mossheart586@owlmail.co,silverwood,2026-05-14,1902,Illusion
WIZ-02289,Zephyrine Dimbleby,zephyrine.dimbleby617@owlmail.co,EC,2024-12-27,1993,Herbalism
WIZ-02290,Kestrel Stormbottle,kestrel.stormbottle265@crystalball.io,SW,2024-02-29,1916,ILLUSION
WIZ-02291,Ignatius Barrowmere,ignatius.barrowmere802@owlmail.co,NR,2024-10-27,1888,Herbalism
WIZ-02292,Juniper Frostpetal,juniper.frostpetal357@moonmail.net,Silverwood,2025-06-07,1892,Illusion
WIZ-02293,Kestrel Everbright,kestrel.everbright945@crystalball.io,sw,2026-03-17,1887,Enchantment
WIZ-02294,Peregrine Dimbleby,peregrine.dimbleby742@grimoire.org,EC,2024-02-27,1903,Divination
WIZ-02295,Ignatius Thistledown,ignatius.thistledown635@moonmail.net,sw,2023-11-24,1983,Divination
WIZ-02296,Corvin Copperkettle,corvin.copperkettle874@moonmail.net,EC,2025-07-03,1957,Enchantment
WIZ-02297,Caspian Brightmantle,caspian.brightmantle692@owlmail.co,crystal vale,2024-09-14,1943,Healing
WIZ-02298,Jasper Umberfall,jasper.umberfall107@ravenpost.net,northern reaches,2024-04-19,1922,Enchantment
WIZ-02299,Bramble Thistledown,bramble.thistledown256@ravenpost.net,ml,2025-07-06,1903,HERBALISM
WIZ-02300,Juniper Ravenscroft,juniper.ravenscroft859@owlmail.co,ML,2025-02-14,1945,Enchantment
WIZ-02301,Fenwick Hollowbranch,fenwick.hollowbranch362@crystalball.io,SW,2025-02-21,1885,Transmutation
WIZ-02302,Caspian Emberwhisk,caspian.emberwhisk260@ravenpost.net,Ember Coast,2024-11-19,1947,Herbalism
WIZ-02303,Nimbus Yewbarrow,nimbus.yewbarrow749@crystalball.io,EC,2023-06-10,1975,Healing
WIZ-02304,Fenwick Moonbrook,fenwick.moonbrook551@crystalball.io,ML,2026-03-26,1997,Divination
WIZ-02305,Nimbus Zellandine,nimbus.zellandine247@crystalball.io,Northern Reaches,2024-04-07,1952,Divination
WIZ-02306,Rowan Foxglove,rowan.foxglove468@crystalball.io,ml,2026-04-17,1940,Illusion
WIZ-02307,Juniper Emberwhisk,juniper.emberwhisk727@grimoire.org,NR,2024-10-23,2000,Illusion
WIZ-02308,Juniper Everbright,,NR,2025-05-09,1932,ALCHEMY
WIZ-02309,Bramble Wyrmwood,bramble.wyrmwood476@ravenpost.net,nr,2024-02-05,1922,Illusion
WIZ-02310,Grizelda Tanglewood,grizelda.tanglewood307@owlmail.co,SW,2024-10-06,1973,Divination
WIZ-02311,Seraphine Nightbloom,seraphine.nightbloom19@moonmail.net,CV,2023-01-07,1958,Enchantment
WIZ-02312,Morwenna Ashgrove,morwenna.ashgrove382@owlmail.co,sw,2023-06-16,1902,Enchantment
WIZ-02313,Dorian Saltmarsh,dorian.saltmarsh467@grimoire.org,SW,2026-01-13,2002,Alchemy
WIZ-02314,Thaddeus Frostpetal,thaddeus.frostpetal765@owlmail.co,SW,2024-12-26,1898,Healing
WIZ-02315,Kestrel Saltmarsh,kestrel.saltmarsh475@grimoire.org,sw,2024-03-21,1907,Transmutation
WIZ-02316,Caspian Brightmantle,caspian.brightmantle21@crystalball.io,CV,2024-07-20,2000,Herbalism
WIZ-02317,Maribel Everbright,maribel.everbright911@crystalball.io,ML,2024-03-18,1962,Divination
WIZ-02318,Seraphine Vexley,seraphine.vexley755@crystalball.io,SW,2025-01-02,1941,Transmutation
WIZ-02319,Fenwick Nightbloom,fenwick.nightbloom817@moonmail.net,Northern Reaches,2025-10-03,1982,Alchemy
WIZ-02320,Caspian Duskwater,caspian.duskwater399@ravenpost.net,silverwood,2023-04-17,1993,ALCHEMY
WIZ-02321,Cassia Nightbloom,cassia.nightbloom172@owlmail.co,NR,2026-05-07,1933,Enchantment
WIZ-02322,Dorian Thistledown,dorian.thistledown444@ravenpost.net,nr,2025-01-17,1958,Herbalism
WIZ-02323,Alaric Frostpetal,alaric.frostpetal766@owlmail.co,ml,2023-04-19,1981,Enchantment
WIZ-02324,Oleander Ravenscroft,oleander.ravenscroft337@grimoire.org,crystal vale,2026-04-10,1994,Illusion
WIZ-02325,Fiora Ironquill,fiora.ironquill849@owlmail.co,Silverwood,2026-05-24,2005,Herbalism
WIZ-02326,Gideon Nightbloom,gideon.nightbloom993@moonmail.net,ec,2025-03-22,1891,ENCHANTMENT
WIZ-02327,Alaric Everbright,alaric.everbright627@crystalball.io,ML,2023-10-19,1972,Enchantment
WIZ-02328,Thaddeus Brightmantle,thaddeus.brightmantle596@owlmail.co,ML,2023-02-14,1966,ILLUSION
WIZ-02329,Oswin Quickbramble,oswin.quickbramble112@grimoire.org,Northern Reaches,2025-06-29,1918,Divination
WIZ-02330,Gideon Winterbourne,gideon.winterbourne642@moonmail.net,ml,2025-12-11,1962,Enchantment
WIZ-02331,Xanthe Gorsebush,xanthe.gorsebush229@grimoire.org,ec,2025-10-05,1987,Herbalism
WIZ-02332,Thaddeus Winterbourne,thaddeus.winterbourne862@owlmail.co,NR,2026-05-25,1970,Healing
WIZ-02333,Delphine Wyrmwood,delphine.wyrmwood27@ravenpost.net,ec,2023-07-17,1934,Herbalism
WIZ-02334,Gideon Saltmarsh,gideon.saltmarsh419@moonmail.net,SW,2023-08-30,2007,Herbalism
WIZ-02335,Lyra Mossheart,lyra.mossheart700@grimoire.org,EC,2023-05-22,1915,Alchemy
WIZ-02336,Hawthorne Owlsworth,hawthorne.owlsworth707@ravenpost.net,northern reaches,2024-12-07,1916,Alchemy
WIZ-02337,Belladonna Netherfield,belladonna.netherfield728@crystalball.io,EC,2023-02-04,1942,HEALING
WIZ-02338,Cassia Zellandine,cassia.zellandine429@crystalball.io,northern reaches,2023-09-15,1931,Herbalism
WIZ-02339,Zephyrine Ashgrove,zephyrine.ashgrove256@moonmail.net,nr,2024-10-19,1946,Enchantment
WIZ-02340,Ambrose Saltmarsh,ambrose.saltmarsh158@owlmail.co,the marshlands,2024-02-19,1954,Enchantment
WIZ-02341,Bramble Vexley,bramble.vexley712@crystalball.io,NR,2023-10-18,1917,Alchemy
WIZ-02342,Vesper Larkspur,vesper.larkspur218@crystalball.io,ec,2023-05-10,1947,Illusion
WIZ-02343,Thaddeus Winterbourne,thaddeus.winterbourne879@owlmail.co,sw,2023-05-21,1918,Enchantment
WIZ-02344,Hesper Stormbottle,hesper.stormbottle387@owlmail.co,CV,2025-03-08,2003,Herbalism
WIZ-02345,Lyra Foxglove,lyra.foxglove346@ravenpost.net,ec,2024-03-30,1962,Healing
WIZ-02346,Delphine Emberwhisk,delphine.emberwhisk695@ravenpost.net,NR,2024-09-07,1959,Illusion
WIZ-02347,Cassia Dimbleby,cassia.dimbleby935@ravenpost.net,Ember Coast,2025-10-31,1955,Enchantment
WIZ-02348,Oswin Larkspur,oswin.larkspur162@moonmail.net,Crystal Vale,2024-09-13,1963,Divination
WIZ-02349,Oswin Emberwhisk,oswin.emberwhisk428@ravenpost.net,The Marshlands,2024-12-11,1901,Divination
WIZ-02350,Caspian Brightmantle,caspian.brightmantle636@moonmail.net,Ember Coast,2023-02-25,1953,Transmutation
WIZ-02351,Jasper Cinderfell,jasper.cinderfell677@moonmail.net,The Marshlands,2024-12-02,1888,HEALING
WIZ-02352,Corvin Jackdaw,corvin.jackdaw721@grimoire.org,ec,2023-10-26,1902,Enchantment
WIZ-02353,Alaric Kilnworth,alaric.kilnworth663@grimoire.org,crystal vale,2026-06-10,1941,Divination
WIZ-02354,Vesper Stormbottle,vesper.stormbottle477@crystalball.io,ec,2023-08-11,1953,Alchemy
WIZ-02355,Oleander Brightmantle,oleander.brightmantle795@ravenpost.net,CV,2025-11-03,2000,Herbalism
WIZ-02356,Jasper Ironquill,jasper.ironquill815@moonmail.net,Northern Reaches,2024-02-13,1903,Transmutation
WIZ-02357,Yarrow Duskwater,,nr,2023-01-28,1967,HERBALISM
WIZ-02358,Yarrow Yewbarrow,yarrow.yewbarrow77@grimoire.org,ember coast,2024-07-11,1996,Herbalism
WIZ-02359,Jasper Dimbleby,jasper.dimbleby902@owlmail.co,the marshlands,2025-01-12,1902,Herbalism
WIZ-02360,Xanthe Brightmantle,xanthe.brightmantle87@moonmail.net,silverwood,2024-02-13,1956,Enchantment
WIZ-02361,Caspian Thistledown,caspian.thistledown709@moonmail.net,ml,2024-10-30,1947,Illusion
WIZ-02362,Cassia Everbright,cassia.everbright57@grimoire.org,ML,2024-10-14,1913,Divination
WIZ-02363,Xanthe Crowfeather,xanthe.crowfeather664@crystalball.io,ec,2025-10-07,1926,Healing
WIZ-02364,Corvin Thistledown,corvin.thistledown109@grimoire.org,SW,2024-04-25,1977,Divination
WIZ-02365,Wendeline Owlsworth,wendeline.owlsworth953@owlmail.co,sw,2024-12-15,1889,Healing
WIZ-02366,Petra Everbright,petra.everbright472@crystalball.io,Silverwood,2024-04-29,1939,Alchemy
WIZ-02367,Caspian Quickbramble,caspian.quickbramble393@moonmail.net,ML,2023-06-21,1968,Divination
WIZ-02368,Seraphine Ashgrove,seraphine.ashgrove41@crystalball.io,Northern Reaches,2023-08-05,1909,Divination
WIZ-02369,Petra Mossheart,petra.mossheart405@moonmail.net,ml,2025-09-07,1942,Transmutation
WIZ-02370,Yarrow Thistledown,yarrow.thistledown786@ravenpost.net,ml,2025-05-24,1961,Enchantment
WIZ-02371,Thaddeus Netherfield,thaddeus.netherfield282@crystalball.io,SW,2025-12-11,1892,DIVINATION
WIZ-02372,Gideon Yewbarrow,gideon.yewbarrow455@crystalball.io,NR,2023-02-16,1964,Herbalism
WIZ-02373,Quilla Vexley,quilla.vexley452@moonmail.net,northern reaches,2025-05-21,1896,ENCHANTMENT
WIZ-02374,Hesper Vexley,hesper.vexley257@grimoire.org,Silverwood,2024-09-11,1963,Herbalism
WIZ-02375,Oleander Mossheart,oleander.mossheart847@moonmail.net,ec,2024-09-17,1911,Healing
WIZ-02376,Morwenna Brightmantle,,The Marshlands,2025-12-27,1903,Enchantment
WIZ-02377,Wendeline Netherfield,wendeline.netherfield138@ravenpost.net,EC,2025-11-20,1954,Illusion
WIZ-02378,Edric Jackdaw,edric.jackdaw66@crystalball.io,ec,2026-03-17,1962,Enchantment
WIZ-02379,Yarrow Thistledown,yarrow.thistledown982@ravenpost.net,ec,2023-09-11,1917,Enchantment
WIZ-02380,Lyra Glimmerstone,lyra.glimmerstone512@crystalball.io,Silverwood,2023-03-22,1929,Illusion
WIZ-02381,Lyra Barrowmere,lyra.barrowmere516@moonmail.net,sw,2025-09-12,1954,Herbalism
WIZ-02382,Seraphine Brightmantle,seraphine.brightmantle777@crystalball.io,CV,2023-09-22,1885,HEALING
WIZ-02383,Isolde Larkspur,isolde.larkspur912@ravenpost.net,silverwood,2025-02-04,1940,Divination
WIZ-02384,Elowen Larkspur,elowen.larkspur529@moonmail.net,NR,2024-01-21,1920,ILLUSION
WIZ-02385,Seraphine Everbright,seraphine.everbright686@crystalball.io,ember coast,2025-09-06,1893,Alchemy
WIZ-02386,Isolde Ravenscroft,isolde.ravenscroft64@grimoire.org,NR,2025-03-03,1963,Alchemy
WIZ-02387,Oswin Nightbloom,oswin.nightbloom461@crystalball.io,NR,2023-05-15,1992,TRANSMUTATION
WIZ-02388,Fiora Wandwright,fiora.wandwright292@crystalball.io,Ember Coast,2026-04-12,1938,Divination
WIZ-02389,Grizelda Ravenscroft,grizelda.ravenscroft15@grimoire.org,SW,2025-01-31,2000,Transmutation
WIZ-02390,Zephyrine Zellandine,zephyrine.zellandine883@moonmail.net,EC,2023-11-02,1914,Alchemy
WIZ-02391,Seraphine Glimmerstone,seraphine.glimmerstone876@moonmail.net,SW,2024-07-30,1902,HEALING
WIZ-02392,Hesper Ironquill,hesper.ironquill324@moonmail.net,nr,2023-02-12,1976,Herbalism
WIZ-02393,Ignatius Gorsebush,ignatius.gorsebush294@grimoire.org,CV,2026-06-10,1890,Divination
WIZ-02394,Kestrel Netherfield,kestrel.netherfield752@owlmail.co,NR,2025-10-15,1887,Divination
WIZ-02395,Hesper Barrowmere,hesper.barrowmere952@grimoire.org,SW,2024-11-07,2005,Herbalism
WIZ-02396,Lyra Everbright,lyra.everbright30@owlmail.co,nr,2024-04-18,2001,Transmutation
WIZ-02397,Rowan Crowfeather,rowan.crowfeather682@moonmail.net,NR,2024-07-08,1966,Enchantment
WIZ-02398,Xanthe Everbright,xanthe.everbright977@owlmail.co,The Marshlands,2024-03-11,1942,Transmutation
WIZ-02399,Dorian Duskwater,dorian.duskwater723@moonmail.net,EC,2023-12-14,1901,Illusion
WIZ-02400,Isolde Hollowbranch,isolde.hollowbranch24@crystalball.io,Silverwood,2025-10-02,1890,Illusion
WIZ-02401,Vesper Tanglewood,vesper.tanglewood744@owlmail.co,Crystal Vale,2024-02-25,1999,Transmutation
WIZ-02402,Grizelda Zellandine,grizelda.zellandine978@ravenpost.net,ec,2026-01-23,1966,Illusion
WIZ-02403,Delphine Mossheart,delphine.mossheart11@crystalball.io,CV,2025-06-17,1970,Alchemy
WIZ-02404,Oswin Winterbourne,oswin.winterbourne73@owlmail.co,ec,2023-07-02,1930,Herbalism
WIZ-02405,Bramble Thistledown,bramble.thistledown245@moonmail.net,NR,2025-09-07,1992,Herbalism
WIZ-02406,Kestrel Zellandine,kestrel.zellandine652@moonmail.net,SW,2024-05-14,1895,DIVINATION
WIZ-02407,Peregrine Kilnworth,peregrine.kilnworth739@moonmail.net,Ember Coast,2026-06-11,1933,Divination
WIZ-02408,Belladonna Jackdaw,belladonna.jackdaw562@ravenpost.net,nr,2025-05-25,2006,Healing
WIZ-02409,Delphine Brightmantle,delphine.brightmantle470@ravenpost.net,nr,2025-01-19,1947,Divination
WIZ-02410,Umbra Wyrmwood,umbra.wyrmwood377@grimoire.org,sw,2024-03-17,1999,Alchemy
WIZ-02411,Corvin Tanglewood,corvin.tanglewood27@crystalball.io,ec,2025-07-15,1973,Enchantment
WIZ-02412,Fenwick Crowfeather,fenwick.crowfeather912@crystalball.io,cv,2024-06-10,1964,ALCHEMY
WIZ-02413,Isolde Vexley,isolde.vexley916@moonmail.net,sw,2023-03-05,1984,Illusion
WIZ-02414,Grizelda Wandwright,grizelda.wandwright853@crystalball.io,Ember Coast,2025-01-06,1925,Divination
WIZ-02415,Isolde Everbright,isolde.everbright475@owlmail.co,Northern Reaches,2026-03-30,1955,Divination
WIZ-02416,Xanthe Fernwhistle,xanthe.fernwhistle756@crystalball.io,CV,2023-04-04,1979,Enchantment
WIZ-02417,Belladonna Mossheart,belladonna.mossheart93@owlmail.co,ML,2023-01-23,1955,Healing
WIZ-02418,Kestrel Umberfall,kestrel.umberfall63@ravenpost.net,Ember Coast,2025-05-21,1962,Alchemy
WIZ-02419,Peregrine Foxglove,,sw,2024-02-21,2007,Illusion
WIZ-02420,Oswin Duskwater,oswin.duskwater207@owlmail.co,sw,2025-07-11,1940,Enchantment
WIZ-02421,Ignatius Zellandine,ignatius.zellandine840@owlmail.co,NR,2024-05-20,1888,Illusion
WIZ-02422,Nimbus Gorsebush,nimbus.gorsebush297@moonmail.net,ml,2023-08-18,1905,Herbalism
WIZ-02423,Juniper Ironquill,juniper.ironquill694@grimoire.org,EC,2024-09-10,1909,Healing
WIZ-02424,Corvin Larkspur,corvin.larkspur223@owlmail.co,ember coast,2023-06-07,1978,Illusion
WIZ-02425,Jasper Mossheart,jasper.mossheart56@crystalball.io,Crystal Vale,2026-04-03,1974,HEALING
WIZ-02426,Nimbus Jackdaw,nimbus.jackdaw910@moonmail.net,ml,2024-10-03,1889,Alchemy
WIZ-02427,Peregrine Winterbourne,peregrine.winterbourne255@crystalball.io,CV,2024-07-24,1932,Transmutation
WIZ-02428,Quilla Hazelrigg,quilla.hazelrigg847@grimoire.org,Ember Coast,2025-08-05,1904,Alchemy
WIZ-02429,Jasper Mossheart,jasper.mossheart214@ravenpost.net,Ember Coast,2024-01-22,1969,TRANSMUTATION
WIZ-02430,Elowen Glimmerstone,elowen.glimmerstone788@ravenpost.net,Ember Coast,2026-05-19,1981,TRANSMUTATION
WIZ-02431,Morwenna Kilnworth,morwenna.kilnworth409@grimoire.org,NR,2025-01-27,1962,Alchemy
WIZ-02432,Zephyrine Yewbarrow,zephyrine.yewbarrow141@owlmail.co,nr,2025-03-09,1888,Transmutation
WIZ-02433,Hesper Thistledown,hesper.thistledown935@ravenpost.net,NR,2026-02-14,1938,Divination
WIZ-02434,Nimbus Emberwhisk,nimbus.emberwhisk548@grimoire.org,Ember Coast,2025-08-20,1954,Enchantment
WIZ-02435,Kestrel Fernwhistle,kestrel.fernwhistle861@moonmail.net,EC,2026-03-07,1993,ALCHEMY
WIZ-02436,Jasper Vexley,jasper.vexley365@crystalball.io,CV,2025-06-11,1964,Illusion
WIZ-02437,Ambrose Emberwhisk,ambrose.emberwhisk170@owlmail.co,ec,2025-05-15,2001,Divination
WIZ-02438,Zephyrine Kilnworth,zephyrine.kilnworth247@moonmail.net,NR,2025-01-14,1915,Transmutation
WIZ-02439,Thaddeus Zellandine,thaddeus.zellandine756@grimoire.org,CV,2025-04-07,1935,Divination
WIZ-02440,Cassia Yewbarrow,cassia.yewbarrow912@owlmail.co,sw,2024-04-13,1889,Healing
WIZ-02441,Alaric Gorsebush,alaric.gorsebush82@crystalball.io,ec,2023-10-03,1975,Alchemy
WIZ-02442,Elowen Wandwright,elowen.wandwright315@grimoire.org,Crystal Vale,2025-07-26,1997,Transmutation
WIZ-02443,Kestrel Yewbarrow,kestrel.yewbarrow350@crystalball.io,SW,2024-07-23,1929,Alchemy
WIZ-02444,Peregrine Wyrmwood,peregrine.wyrmwood966@owlmail.co,EC,2025-03-19,1919,Illusion
WIZ-02445,Rowan Saltmarsh,rowan.saltmarsh363@grimoire.org,ML,2023-12-13,1914,Healing
WIZ-02446,Ambrose Ravenscroft,ambrose.ravenscroft992@moonmail.net,ec,2023-06-03,2001,Alchemy
WIZ-02447,Caspian Winterbourne,caspian.winterbourne377@ravenpost.net,CV,2024-06-27,1971,Enchantment
WIZ-02448,Maribel Copperkettle,maribel.copperkettle941@crystalball.io,NR,2023-03-29,1909,Transmutation
WIZ-02449,Bramble Fernwhistle,bramble.fernwhistle576@crystalball.io,Northern Reaches,2024-06-24,1945,Illusion
WIZ-02450,Ambrose Stormbottle,ambrose.stormbottle677@moonmail.net,Ember Coast,2026-02-05,1924,Illusion
WIZ-02451,Quilla Owlsworth,quilla.owlsworth338@crystalball.io,NR,2025-08-01,1979,Illusion
WIZ-02452,Wendeline Barrowmere,wendeline.barrowmere8@ravenpost.net,northern reaches,2023-12-18,1980,Enchantment
WIZ-02453,Caspian Winterbourne,caspian.winterbourne802@crystalball.io,SW,2024-04-17,1908,Divination
WIZ-02454,Ambrose Winterbourne,ambrose.winterbourne932@moonmail.net,Silverwood,2024-12-14,1972,Enchantment
WIZ-02455,Caspian Thistledown,caspian.thistledown730@moonmail.net,ec,2024-10-14,1942,TRANSMUTATION
WIZ-02456,Peregrine Moonbrook,peregrine.moonbrook289@ravenpost.net,Silverwood,2026-01-31,1907,Enchantment
WIZ-02457,Peregrine Saltmarsh,peregrine.saltmarsh909@moonmail.net,NR,2024-12-01,1906,Enchantment
WIZ-02458,Wendeline Yewbarrow,wendeline.yewbarrow128@owlmail.co,NR,2026-02-08,1998,Alchemy
WIZ-02459,Edric Nightbloom,edric.nightbloom134@ravenpost.net,The Marshlands,2025-06-15,2007,TRANSMUTATION
WIZ-02460,Hesper Mistlethorn,hesper.mistlethorn591@ravenpost.net,NR,2023-01-03,1894,ALCHEMY
WIZ-02461,Yarrow Glimmerstone,yarrow.glimmerstone247@ravenpost.net,ml,2026-02-17,1987,Alchemy
WIZ-02462,Fiora Winterbourne,fiora.winterbourne560@crystalball.io,CV,2026-05-18,1948,Enchantment
WIZ-02463,Juniper Frostpetal,juniper.frostpetal574@ravenpost.net,SW,2024-08-27,1907,ALCHEMY
WIZ-02464,Juniper Emberwhisk,juniper.emberwhisk416@grimoire.org,sw,2024-12-15,1963,Transmutation
WIZ-02465,Bramble Foxglove,bramble.foxglove864@owlmail.co,SW,2025-07-05,1958,ENCHANTMENT
WIZ-02466,Ambrose Quickbramble,ambrose.quickbramble999@ravenpost.net,ML,2026-05-16,1886,Divination
WIZ-02467,Alaric Larkspur,alaric.larkspur831@owlmail.co,Ember Coast,2024-07-22,1952,Enchantment
WIZ-02468,Belladonna Larkspur,belladonna.larkspur861@ravenpost.net,Silverwood,2023-02-07,1950,Divination
WIZ-02469,Jasper Barrowmere,jasper.barrowmere886@grimoire.org,CV,2025-05-08,1937,Alchemy
WIZ-02470,Seraphine Brightmantle,seraphine.brightmantle137@grimoire.org,EC,2025-08-09,1920,Healing
WIZ-02471,Gideon Nightbloom,gideon.nightbloom489@moonmail.net,Ember Coast,2026-02-21,1988,Healing
WIZ-02472,Isolde Foxglove,isolde.foxglove407@moonmail.net,CV,2024-03-23,1912,Divination
WIZ-02473,Quilla Umberfall,quilla.umberfall229@owlmail.co,northern reaches,2024-01-16,1982,HEALING
WIZ-02474,Quilla Moonbrook,quilla.moonbrook444@moonmail.net,ec,2025-02-18,1919,Transmutation
WIZ-02475,Hawthorne Ravenscroft,hawthorne.ravenscroft649@moonmail.net,SW,2023-07-24,1977,Illusion
WIZ-02476,Nimbus Yewbarrow,nimbus.yewbarrow214@owlmail.co,NR,2025-08-22,1912,Alchemy
WIZ-02477,Wendeline Yewbarrow,wendeline.yewbarrow144@owlmail.co,EC,2024-06-16,1928,Illusion
WIZ-02478,Oswin Mossheart,oswin.mossheart55@ravenpost.net,sw,2026-06-16,1903,Enchantment
WIZ-02479,Cassia Winterbourne,cassia.winterbourne196@owlmail.co,CV,2024-07-12,1900,Enchantment
WIZ-02480,Gideon Winterbourne,gideon.winterbourne785@ravenpost.net,nr,2025-07-11,1999,Herbalism
WIZ-02481,Delphine Mossheart,delphine.mossheart728@crystalball.io,ml,2026-02-27,1899,TRANSMUTATION
WIZ-02482,Yarrow Ironquill,yarrow.ironquill865@crystalball.io,Ember Coast,2024-01-31,1973,Divination
WIZ-02483,Ignatius Mossheart,ignatius.mossheart297@ravenpost.net,Ember Coast,2026-05-16,1965,Illusion
WIZ-02484,Oleander Barrowmere,oleander.barrowmere270@owlmail.co,sw,2025-07-07,1966,Illusion
WIZ-02485,Delphine Netherfield,delphine.netherfield694@moonmail.net,ml,2025-10-23,1895,Enchantment
WIZ-02486,Grizelda Mistlethorn,grizelda.mistlethorn431@crystalball.io,The Marshlands,2026-02-16,1972,Enchantment
WIZ-02487,Alaric Yewbarrow,alaric.yewbarrow654@ravenpost.net,ec,2026-04-26,1923,Transmutation
WIZ-02488,Thaddeus Kilnworth,thaddeus.kilnworth146@moonmail.net,Silverwood,2025-12-27,1896,Enchantment
WIZ-02489,Lyra Quickbramble,lyra.quickbramble157@ravenpost.net,ec,2024-04-25,1936,DIVINATION
WIZ-02490,Nimbus Kilnworth,nimbus.kilnworth619@crystalball.io,silverwood,2025-08-29,1921,Healing
WIZ-02491,Umbra Owlsworth,umbra.owlsworth669@crystalball.io,nr,2025-09-19,1950,Transmutation
WIZ-02492,Fenwick Emberwhisk,fenwick.emberwhisk390@grimoire.org,Northern Reaches,2025-10-22,1906,Alchemy
WIZ-02493,Delphine Winterbourne,delphine.winterbourne748@owlmail.co,ec,2025-01-07,1919,Herbalism
WIZ-02494,Belladonna Yewbarrow,belladonna.yewbarrow35@moonmail.net,nr,2023-04-09,1940,Transmutation
WIZ-02495,Caspian Winterbourne,caspian.winterbourne312@grimoire.org,ml,2024-12-05,1958,Enchantment
WIZ-02496,Gideon Umberfall,gideon.umberfall94@grimoire.org,Crystal Vale,2026-04-07,1985,Illusion
WIZ-02497,Morwenna Frostpetal,morwenna.frostpetal961@crystalball.io,sw,2024-02-29,1886,Alchemy
WIZ-02498,Peregrine Brightmantle,peregrine.brightmantle262@grimoire.org,ml,2026-02-09,1914,Herbalism
WIZ-02499,Dorian Saltmarsh,dorian.saltmarsh399@grimoire.org,ember coast,2023-01-31,1955,Divination
WIZ-02500,Thaddeus Crowfeather,thaddeus.crowfeather772@moonmail.net,ember coast,2026-02-28,1920,Divination
WIZ-02501,Oleander Yewbarrow,oleander.yewbarrow42@grimoire.org,NR,2026-03-26,1904,Divination
WIZ-02502,Maribel Wyrmwood,maribel.wyrmwood228@crystalball.io,ML,2023-06-19,1917,Herbalism
WIZ-02503,Hawthorne Stormbottle,hawthorne.stormbottle33@owlmail.co,EC,2026-06-03,1951,Herbalism
WIZ-02504,Thaddeus Zellandine,thaddeus.zellandine927@crystalball.io,SW,2025-07-26,1946,Transmutation
WIZ-02505,Belladonna Larkspur,belladonna.larkspur191@owlmail.co,NR,2023-03-25,1981,Divination
WIZ-02506,Zephyrine Saltmarsh,zephyrine.saltmarsh728@moonmail.net,The Marshlands,2026-01-16,1966,HERBALISM
WIZ-02507,Thaddeus Ashgrove,thaddeus.ashgrove382@owlmail.co,ML,2023-08-15,1976,Enchantment
WIZ-02508,Oswin Gorsebush,oswin.gorsebush27@owlmail.co,Silverwood,2023-01-01,1946,Divination
WIZ-02509,Bramble Wandwright,bramble.wandwright877@grimoire.org,nr,2023-10-29,2001,Alchemy
WIZ-02510,Fenwick Mistlethorn,fenwick.mistlethorn411@crystalball.io,NR,2023-04-29,1900,Herbalism
WIZ-02511,Maribel Mossheart,maribel.mossheart449@ravenpost.net,Ember Coast,2026-02-11,1948,Healing
WIZ-02512,Thaddeus Netherfield,thaddeus.netherfield725@owlmail.co,the marshlands,2026-03-04,1993,HERBALISM
WIZ-02513,Xanthe Emberwhisk,xanthe.emberwhisk86@owlmail.co,CV,2024-10-12,1989,Divination
WIZ-02514,Corvin Umberfall,corvin.umberfall893@crystalball.io,NR,2023-05-19,1990,Divination
WIZ-02515,Edric Frostpetal,edric.frostpetal734@grimoire.org,NR,2023-12-24,1936,Healing
WIZ-02516,Lyra Zellandine,lyra.zellandine666@owlmail.co,crystal vale,2024-11-12,1960,Illusion
WIZ-02517,Umbra Frostpetal,umbra.frostpetal568@grimoire.org,nr,2024-12-20,1954,Healing
WIZ-02518,Isolde Mossheart,isolde.mossheart949@owlmail.co,NR,2026-03-22,1930,Herbalism
WIZ-02519,Fiora Larkspur,fiora.larkspur807@owlmail.co,Northern Reaches,2024-11-16,1989,Enchantment
WIZ-02520,Gideon Mistlethorn,gideon.mistlethorn903@moonmail.net,sw,2024-10-16,1958,Illusion
WIZ-02521,Seraphine Umberfall,seraphine.umberfall145@ravenpost.net,The Marshlands,2023-06-17,1885,Herbalism
WIZ-02522,Grizelda Jackdaw,grizelda.jackdaw816@grimoire.org,The Marshlands,2025-03-17,1974,Healing
WIZ-02523,Grizelda Duskwater,grizelda.duskwater578@crystalball.io,nr,2023-08-30,1930,Healing
WIZ-02524,Vesper Gorsebush,vesper.gorsebush468@crystalball.io,EC,2023-05-15,1956,Divination
WIZ-02525,Wendeline Kilnworth,wendeline.kilnworth623@crystalball.io,NR,2025-11-11,1964,Enchantment
WIZ-02526,Delphine Crowfeather,delphine.crowfeather196@moonmail.net,EC,2024-12-31,1934,Herbalism
WIZ-02527,Wendeline Copperkettle,wendeline.copperkettle991@crystalball.io,ec,2024-02-05,1965,Transmutation
WIZ-02528,Yarrow Hazelrigg,yarrow.hazelrigg802@grimoire.org,Northern Reaches,2023-01-15,2007,Transmutation
WIZ-02529,Yarrow Ravenscroft,yarrow.ravenscroft9@owlmail.co,ec,2026-01-05,1919,ILLUSION
WIZ-02530,Oleander Zellandine,oleander.zellandine379@grimoire.org,nr,2024-08-17,1947,Illusion
WIZ-02531,Elowen Vexley,elowen.vexley212@ravenpost.net,ML,2025-11-22,1903,Alchemy
WIZ-02532,Jasper Tanglewood,jasper.tanglewood1@moonmail.net,Ember Coast,2025-08-04,1992,Herbalism
WIZ-02533,Elowen Crowfeather,elowen.crowfeather58@crystalball.io,ML,2024-01-06,1931,Enchantment
WIZ-02534,Fenwick Copperkettle,fenwick.copperkettle941@grimoire.org,nr,2025-12-10,1991,Herbalism
WIZ-02535,Peregrine Foxglove,,NR,2023-05-07,1997,Herbalism
WIZ-02536,Oswin Nightbloom,oswin.nightbloom657@ravenpost.net,EC,2025-04-10,2000,HERBALISM
WIZ-02537,Oswin Duskwater,oswin.duskwater651@grimoire.org,cv,2025-01-18,1982,Herbalism
WIZ-02538,Cassia Foxglove,cassia.foxglove544@owlmail.co,NR,2023-04-28,1964,Herbalism
WIZ-02539,Hesper Glimmerstone,,nr,2026-04-30,1934,Divination
WIZ-02540,Ambrose Umberfall,ambrose.umberfall773@grimoire.org,ml,2025-12-14,1931,Herbalism
WIZ-02541,Wendeline Ravenscroft,wendeline.ravenscroft974@moonmail.net,Northern Reaches,2025-05-04,1948,Illusion
WIZ-02542,Seraphine Stormbottle,seraphine.stormbottle120@ravenpost.net,crystal vale,2023-11-26,1971,Herbalism
WIZ-02543,Vesper Moonbrook,vesper.moonbrook236@moonmail.net,ML,2025-03-15,1945,Divination
WIZ-02544,Zephyrine Everbright,zephyrine.everbright546@owlmail.co,silverwood,2025-07-23,1923,Alchemy
WIZ-02545,Caspian Glimmerstone,caspian.glimmerstone484@crystalball.io,nr,2024-11-10,1990,Divination
WIZ-02546,Xanthe Mistlethorn,xanthe.mistlethorn727@owlmail.co,EC,2024-01-16,1968,Healing
WIZ-02547,Fenwick Duskwater,fenwick.duskwater651@ravenpost.net,NR,2025-03-27,1920,Alchemy
WIZ-02548,Oleander Wyrmwood,oleander.wyrmwood320@crystalball.io,CV,2025-06-26,1961,Illusion
WIZ-02549,Hawthorne Vexley,hawthorne.vexley805@moonmail.net,CV,2023-09-06,1940,Illusion
WIZ-02550,Bramble Moonbrook,bramble.moonbrook302@crystalball.io,sw,2026-04-10,1979,Enchantment
WIZ-02551,Juniper Zellandine,juniper.zellandine95@grimoire.org,SW,2025-12-26,1975,Illusion
WIZ-02552,Corvin Larkspur,corvin.larkspur448@owlmail.co,sw,2023-09-19,1921,Herbalism
WIZ-02553,Nimbus Winterbourne,nimbus.winterbourne892@moonmail.net,ec,2023-06-21,2003,Transmutation
WIZ-02554,Hawthorne Quickbramble,hawthorne.quickbramble406@moonmail.net,ec,2025-12-20,1977,Illusion
WIZ-02555,Bramble Mossheart,bramble.mossheart781@crystalball.io,EC,2025-08-25,1942,TRANSMUTATION
WIZ-02556,Juniper Foxglove,juniper.foxglove661@moonmail.net,nr,2023-07-05,2003,Divination
WIZ-02557,Ignatius Hollowbranch,ignatius.hollowbranch137@grimoire.org,Northern Reaches,2025-03-25,1961,Divination
WIZ-02558,Thaddeus Vexley,thaddeus.vexley679@ravenpost.net,CV,2025-09-15,1935,Healing
WIZ-02559,Oswin Nightbloom,oswin.nightbloom271@owlmail.co,cv,2023-09-16,1978,Alchemy
WIZ-02560,Fenwick Ashgrove,fenwick.ashgrove881@grimoire.org,EC,2026-05-05,1918,Divination
WIZ-02561,Peregrine Dimbleby,peregrine.dimbleby725@ravenpost.net,Ember Coast,2024-09-29,2005,Divination
WIZ-02562,Hesper Nightbloom,hesper.nightbloom594@crystalball.io,Crystal Vale,2024-02-25,1989,Herbalism
WIZ-02563,Corvin Duskwater,corvin.duskwater773@owlmail.co,CV,2023-09-10,1994,Transmutation
WIZ-02564,Vesper Kilnworth,vesper.kilnworth438@moonmail.net,ec,2025-11-13,1957,Divination
WIZ-02565,Elowen Winterbourne,elowen.winterbourne264@moonmail.net,NR,2025-05-13,1984,ILLUSION
WIZ-02566,Juniper Ironquill,juniper.ironquill504@owlmail.co,nr,2024-12-31,1886,Enchantment
WIZ-02567,Hawthorne Vexley,hawthorne.vexley84@owlmail.co,SW,2024-08-03,1952,Healing
WIZ-02568,Morwenna Zellandine,morwenna.zellandine777@ravenpost.net,nr,2025-11-24,1886,Healing
WIZ-02569,Zephyrine Nightbloom,zephyrine.nightbloom930@crystalball.io,The Marshlands,2025-07-29,1887,Alchemy
WIZ-02570,Oleander Kilnworth,oleander.kilnworth493@owlmail.co,silverwood,2025-06-16,1933,Transmutation
WIZ-02571,Delphine Mossheart,delphine.mossheart599@grimoire.org,Northern Reaches,2023-07-05,1982,Divination
WIZ-02572,Oswin Stormbottle,oswin.stormbottle582@moonmail.net,EC,2024-06-05,1919,Alchemy
WIZ-02573,Xanthe Vexley,xanthe.vexley161@grimoire.org,EC,2025-09-28,1972,Alchemy
WIZ-02574,Delphine Frostpetal,delphine.frostpetal871@grimoire.org,northern reaches,2023-07-07,1939,Herbalism
WIZ-02575,Ignatius Jackdaw,ignatius.jackdaw775@moonmail.net,ec,2024-09-03,1910,Alchemy
WIZ-02576,Edric Larkspur,edric.larkspur938@owlmail.co,CV,2023-08-06,1919,Transmutation
WIZ-02577,Jasper Frostpetal,jasper.frostpetal907@crystalball.io,Silverwood,2024-05-19,1987,Alchemy
WIZ-02578,Yarrow Wyrmwood,yarrow.wyrmwood996@grimoire.org,ML,2026-02-18,1992,Enchantment
WIZ-02579,Caspian Duskwater,caspian.duskwater654@owlmail.co,Northern Reaches,2026-04-25,1915,Transmutation
WIZ-02580,Alaric Jackdaw,alaric.jackdaw537@moonmail.net,Ember Coast,2026-05-27,1967,Herbalism
WIZ-02581,Peregrine Crowfeather,peregrine.crowfeather888@ravenpost.net,ml,2025-06-23,1885,Alchemy
WIZ-02582,Ignatius Vexley,ignatius.vexley739@moonmail.net,NR,2026-02-15,1933,ALCHEMY
WIZ-02583,Rowan Emberwhisk,rowan.emberwhisk991@crystalball.io,NR,2025-10-13,1997,Transmutation
WIZ-02584,Quilla Emberwhisk,quilla.emberwhisk901@owlmail.co,ec,2023-02-16,1996,Herbalism
WIZ-02585,Nimbus Copperkettle,nimbus.copperkettle664@grimoire.org,northern reaches,2025-08-09,1985,Transmutation
WIZ-02586,Peregrine Winterbourne,peregrine.winterbourne202@moonmail.net,SW,2024-11-17,1927,Herbalism
WIZ-02587,Corvin Owlsworth,corvin.owlsworth91@ravenpost.net,nr,2024-09-10,1890,Transmutation
WIZ-02588,Oleander Saltmarsh,oleander.saltmarsh269@moonmail.net,cv,2023-11-03,1966,Transmutation
WIZ-02589,Peregrine Emberwhisk,peregrine.emberwhisk911@crystalball.io,ec,2025-03-27,1919,ENCHANTMENT
WIZ-02590,Nimbus Tanglewood,nimbus.tanglewood787@owlmail.co,EC,2023-12-19,1944,Healing
WIZ-02591,Edric Tanglewood,edric.tanglewood88@moonmail.net,SW,2025-10-25,1905,Herbalism
WIZ-02592,Zephyrine Nightbloom,zephyrine.nightbloom193@grimoire.org,EC,2026-02-04,1967,Herbalism
WIZ-02593,Grizelda Winterbourne,grizelda.winterbourne958@moonmail.net,EC,2025-03-12,1973,Herbalism
WIZ-02594,Maribel Wandwright,maribel.wandwright415@crystalball.io,NR,2026-04-05,1939,Alchemy
WIZ-02595,Delphine Hazelrigg,delphine.hazelrigg749@crystalball.io,SW,2023-11-05,1886,Divination
WIZ-02596,Wendeline Dimbleby,wendeline.dimbleby707@ravenpost.net,The Marshlands,2023-12-03,1964,Divination
WIZ-02597,Petra Thistledown,petra.thistledown839@moonmail.net,nr,2024-04-07,1934,ILLUSION
WIZ-02598,Fenwick Barrowmere,fenwick.barrowmere640@moonmail.net,the marshlands,2025-12-14,1919,Healing
WIZ-02599,Umbra Larkspur,umbra.larkspur996@ravenpost.net,Ember Coast,2023-07-24,1940,Healing
WIZ-02600,Jasper Barrowmere,jasper.barrowmere371@owlmail.co,northern reaches,2024-08-25,1889,Divination
WIZ-02601,Petra Yewbarrow,petra.yewbarrow615@owlmail.co,CV,2023-08-13,1936,Alchemy
WIZ-02602,Peregrine Emberwhisk,peregrine.emberwhisk823@crystalball.io,Northern Reaches,2026-04-20,1892,Illusion
WIZ-02603,Kestrel Emberwhisk,kestrel.emberwhisk572@crystalball.io,NR,2024-01-01,1910,Healing
WIZ-02604,Cassia Wyrmwood,cassia.wyrmwood57@crystalball.io,SW,2024-11-07,1973,Healing
WIZ-02605,Dorian Umberfall,dorian.umberfall223@moonmail.net,Ember Coast,2023-10-22,1947,Herbalism
WIZ-02606,Hesper Foxglove,hesper.foxglove336@owlmail.co,SW,2023-12-04,1994,Healing
WIZ-02607,Morwenna Gorsebush,morwenna.gorsebush873@owlmail.co,Silverwood,2025-09-21,1897,Herbalism
WIZ-02608,Xanthe Dimbleby,xanthe.dimbleby678@ravenpost.net,EC,2025-12-23,1890,Divination
WIZ-02609,Corvin Barrowmere,corvin.barrowmere311@crystalball.io,ml,2026-03-28,1898,Enchantment
WIZ-02610,Seraphine Gorsebush,seraphine.gorsebush907@crystalball.io,ml,2026-02-20,1902,Enchantment
WIZ-02611,Seraphine Moonbrook,seraphine.moonbrook956@grimoire.org,SW,2023-12-07,1985,Alchemy
WIZ-02612,Nimbus Vexley,nimbus.vexley880@ravenpost.net,Ember Coast,2025-12-03,1969,Divination
WIZ-02613,Thaddeus Crowfeather,thaddeus.crowfeather957@grimoire.org,nr,2025-10-06,1908,Alchemy
WIZ-02614,Isolde Winterbourne,isolde.winterbourne755@moonmail.net,ML,2024-11-29,1961,Transmutation
WIZ-02615,Dorian Owlsworth,dorian.owlsworth292@moonmail.net,ml,2025-07-08,1979,Transmutation
WIZ-02616,Grizelda Barrowmere,grizelda.barrowmere350@grimoire.org,sw,2025-01-19,1904,Alchemy
WIZ-02617,Bramble Hollowbranch,bramble.hollowbranch640@ravenpost.net,EC,2025-09-15,1904,ILLUSION
WIZ-02618,Edric Yewbarrow,edric.yewbarrow837@crystalball.io,cv,2023-03-06,1910,Alchemy
WIZ-02619,Dorian Cinderfell,dorian.cinderfell247@crystalball.io,ec,2024-01-09,1928,Illusion
WIZ-02620,Lyra Ashgrove,lyra.ashgrove680@owlmail.co,Northern Reaches,2026-01-23,2003,Enchantment
WIZ-02621,Ambrose Zellandine,ambrose.zellandine628@crystalball.io,ML,2026-01-25,1987,Enchantment
WIZ-02622,Ambrose Cinderfell,ambrose.cinderfell380@crystalball.io,sw,2023-03-23,1983,Divination
WIZ-02623,Delphine Larkspur,delphine.larkspur909@ravenpost.net,ml,2024-02-05,1916,Illusion
WIZ-02624,Cassia Hazelrigg,cassia.hazelrigg560@crystalball.io,SW,2025-12-13,1896,Healing
WIZ-02625,Juniper Copperkettle,juniper.copperkettle862@owlmail.co,NR,2024-10-04,1921,Healing
WIZ-02626,Peregrine Winterbourne,peregrine.winterbourne602@ravenpost.net,NR,2025-09-17,1970,Divination
WIZ-02627,Hesper Hollowbranch,hesper.hollowbranch630@owlmail.co,SW,2024-09-03,2005,Transmutation
WIZ-02628,Ambrose Crowfeather,ambrose.crowfeather280@owlmail.co,ml,2025-03-12,1923,Herbalism
WIZ-02629,Lyra Yewbarrow,lyra.yewbarrow746@grimoire.org,Ember Coast,2025-11-05,1917,Transmutation
WIZ-02630,Kestrel Frostpetal,kestrel.frostpetal453@moonmail.net,ML,2025-09-18,1896,Enchantment
WIZ-02631,Thaddeus Brightmantle,thaddeus.brightmantle540@grimoire.org,SW,2024-12-20,2006,Alchemy
WIZ-02632,Corvin Netherfield,corvin.netherfield335@crystalball.io,ML,2025-03-13,1968,Divination
WIZ-02633,Jasper Wyrmwood,jasper.wyrmwood868@moonmail.net,Crystal Vale,2026-02-18,1919,ILLUSION
WIZ-02634,Ambrose Hazelrigg,ambrose.hazelrigg551@owlmail.co,ml,2023-05-05,1986,Divination
WIZ-02635,Isolde Brightmantle,isolde.brightmantle925@ravenpost.net,NR,2024-05-17,1947,Enchantment
WIZ-02636,Yarrow Wandwright,yarrow.wandwright309@moonmail.net,cv,2024-02-28,1916,HEALING
WIZ-02637,Umbra Larkspur,umbra.larkspur461@grimoire.org,sw,2023-11-30,1986,Alchemy
WIZ-02638,Yarrow Jackdaw,yarrow.jackdaw346@ravenpost.net,ML,2024-08-25,1935,Enchantment
WIZ-02639,Quilla Duskwater,quilla.duskwater425@owlmail.co,NR,2025-03-28,1937,Healing
WIZ-02640,Morwenna Duskwater,morwenna.duskwater299@owlmail.co,nr,2024-12-29,1940,Transmutation
WIZ-02641,Xanthe Ravenscroft,xanthe.ravenscroft589@ravenpost.net,sw,2023-11-30,1970,Enchantment
WIZ-02642,Xanthe Nightbloom,xanthe.nightbloom561@crystalball.io,NR,2023-11-21,1918,DIVINATION
WIZ-02643,Corvin Gorsebush,corvin.gorsebush421@owlmail.co,nr,2025-10-31,1960,Enchantment
WIZ-02644,Isolde Winterbourne,,northern reaches,2023-04-09,1987,Herbalism
WIZ-02645,Fiora Moonbrook,fiora.moonbrook84@moonmail.net,nr,2023-06-04,1992,Enchantment
WIZ-02646,Maribel Zellandine,maribel.zellandine136@grimoire.org,NR,2023-01-22,1963,Herbalism
WIZ-02647,Seraphine Winterbourne,seraphine.winterbourne46@crystalball.io,CV,2024-05-30,1946,Transmutation
WIZ-02648,Xanthe Ashgrove,xanthe.ashgrove610@owlmail.co,crystal vale,2024-03-14,1898,Transmutation
WIZ-02649,Vesper Copperkettle,vesper.copperkettle458@owlmail.co,CV,2024-10-21,1921,Divination
WIZ-02650,Seraphine Fernwhistle,seraphine.fernwhistle422@crystalball.io,EC,2024-12-31,1913,Divination
WIZ-02651,Wendeline Tanglewood,wendeline.tanglewood257@grimoire.org,EC,2025-09-02,1938,TRANSMUTATION
WIZ-02652,Peregrine Yewbarrow,peregrine.yewbarrow148@grimoire.org,ML,2025-10-28,1885,ALCHEMY
WIZ-02653,Belladonna Jackdaw,belladonna.jackdaw327@grimoire.org,Crystal Vale,2025-09-10,1907,Healing
WIZ-02654,Yarrow Dimbleby,yarrow.dimbleby185@owlmail.co,Ember Coast,2026-03-06,1958,Illusion
WIZ-02655,Oswin Emberwhisk,oswin.emberwhisk289@moonmail.net,silverwood,2025-07-15,1996,Illusion
WIZ-02656,Dorian Crowfeather,dorian.crowfeather111@moonmail.net,NR,2025-01-09,1907,Transmutation
WIZ-02657,Hesper Tanglewood,hesper.tanglewood114@moonmail.net,Northern Reaches,2026-06-01,1923,Healing
WIZ-02658,Elowen Saltmarsh,elowen.saltmarsh798@crystalball.io,nr,2026-01-09,1909,Alchemy
WIZ-02659,Peregrine Mossheart,peregrine.mossheart7@crystalball.io,Ember Coast,2025-01-24,1974,Alchemy
WIZ-02660,Dorian Thistledown,dorian.thistledown123@grimoire.org,ML,2026-01-05,1942,Transmutation
WIZ-02661,Grizelda Dimbleby,grizelda.dimbleby114@owlmail.co,Ember Coast,2023-10-04,1964,Divination
WIZ-02662,Oswin Winterbourne,oswin.winterbourne763@grimoire.org,nr,2026-04-04,1993,Herbalism
WIZ-02663,Delphine Wyrmwood,delphine.wyrmwood619@ravenpost.net,Ember Coast,2025-07-19,1973,Illusion
WIZ-02664,Elowen Cinderfell,elowen.cinderfell604@ravenpost.net,ml,2025-07-07,1955,Divination
WIZ-02665,Fiora Larkspur,fiora.larkspur512@ravenpost.net,Silverwood,2024-01-20,1917,Enchantment
WIZ-02666,Seraphine Umberfall,seraphine.umberfall954@crystalball.io,ec,2025-06-08,1994,Transmutation
WIZ-02667,Quilla Yewbarrow,quilla.yewbarrow902@crystalball.io,ec,2023-01-13,1977,Divination
WIZ-02668,Kestrel Zellandine,kestrel.zellandine851@grimoire.org,The Marshlands,2023-05-12,1893,Healing
WIZ-02669,Bramble Ashgrove,bramble.ashgrove4@moonmail.net,sw,2023-08-14,1993,Herbalism
WIZ-02670,Delphine Cinderfell,delphine.cinderfell512@grimoire.org,sw,2023-07-21,1929,Illusion
WIZ-02671,Hesper Dimbleby,hesper.dimbleby804@ravenpost.net,nr,2025-11-15,1944,Divination
WIZ-02672,Grizelda Nightbloom,grizelda.nightbloom792@moonmail.net,CV,2025-09-11,1888,Transmutation
WIZ-02673,Oleander Vexley,oleander.vexley838@owlmail.co,NR,2023-04-25,1989,Illusion
WIZ-02674,Zephyrine Fernwhistle,zephyrine.fernwhistle679@grimoire.org,The Marshlands,2026-02-03,1985,Enchantment
WIZ-02675,Dorian Frostpetal,dorian.frostpetal273@moonmail.net,ec,2024-03-10,1931,Herbalism
WIZ-02676,Hawthorne Frostpetal,hawthorne.frostpetal967@crystalball.io,ec,2025-03-26,1932,ILLUSION
WIZ-02677,Vesper Jackdaw,vesper.jackdaw619@moonmail.net,Silverwood,2023-08-29,1907,Alchemy
WIZ-02678,Fenwick Netherfield,fenwick.netherfield437@moonmail.net,NR,2024-01-25,1947,Healing
WIZ-02679,Maribel Kilnworth,maribel.kilnworth39@owlmail.co,SW,2024-01-14,1956,Transmutation
WIZ-02680,Zephyrine Hazelrigg,zephyrine.hazelrigg242@crystalball.io,ML,2024-05-03,1973,Divination
WIZ-02681,Rowan Jackdaw,rowan.jackdaw127@ravenpost.net,NR,2025-03-17,1960,Illusion
WIZ-02682,Xanthe Ashgrove,xanthe.ashgrove820@owlmail.co,NR,2026-02-05,1941,Enchantment
WIZ-02683,Alaric Fernwhistle,alaric.fernwhistle831@grimoire.org,Ember Coast,2025-04-10,1967,Healing
WIZ-02684,Fiora Everbright,fiora.everbright308@owlmail.co,NR,2026-01-28,1923,Divination
WIZ-02685,Wendeline Fernwhistle,wendeline.fernwhistle707@crystalball.io,EC,2026-06-13,1960,Divination
WIZ-02686,Dorian Netherfield,dorian.netherfield193@grimoire.org,Silverwood,2023-02-05,1942,Enchantment
WIZ-02687,Petra Duskwater,petra.duskwater387@grimoire.org,Crystal Vale,2023-04-13,1953,Alchemy
WIZ-02688,Rowan Mossheart,rowan.mossheart280@crystalball.io,ML,2026-02-14,1976,Healing
WIZ-02689,Fiora Larkspur,fiora.larkspur286@moonmail.net,northern reaches,2026-03-30,1885,Healing
WIZ-02690,Gideon Ironquill,gideon.ironquill916@moonmail.net,SW,2026-03-22,1904,Illusion
WIZ-02691,Peregrine Vexley,peregrine.vexley315@moonmail.net,CV,2025-05-25,1896,Alchemy
WIZ-02692,Morwenna Quickbramble,morwenna.quickbramble95@grimoire.org,ember coast,2025-08-10,1972,Divination
WIZ-02693,Vesper Saltmarsh,,NR,2023-06-16,1914,Alchemy
WIZ-02694,Petra Hollowbranch,petra.hollowbranch5@grimoire.org,ML,2023-09-13,1941,Divination
WIZ-02695,Yarrow Wyrmwood,yarrow.wyrmwood854@crystalball.io,EC,2026-04-01,1969,Healing
WIZ-02696,Peregrine Kilnworth,peregrine.kilnworth592@crystalball.io,NR,2024-09-17,1902,Healing
WIZ-02697,Fenwick Stormbottle,fenwick.stormbottle649@ravenpost.net,EC,2023-06-24,1934,Herbalism
WIZ-02698,Belladonna Duskwater,belladonna.duskwater978@crystalball.io,NR,2024-09-26,1971,Divination
WIZ-02699,Alaric Ravenscroft,alaric.ravenscroft69@crystalball.io,cv,2026-03-04,1997,Alchemy
WIZ-02700,Petra Nightbloom,petra.nightbloom580@ravenpost.net,SW,2025-10-28,1987,Alchemy
WIZ-02701,Maribel Ashgrove,maribel.ashgrove164@moonmail.net,sw,2024-10-14,1949,Healing
WIZ-02702,Fenwick Winterbourne,fenwick.winterbourne407@moonmail.net,sw,2025-07-06,1921,Illusion
WIZ-02703,Alaric Ashgrove,alaric.ashgrove310@ravenpost.net,nr,2024-08-01,1949,Enchantment
WIZ-02704,Petra Gorsebush,petra.gorsebush373@moonmail.net,EC,2025-12-16,1954,Divination
WIZ-02705,Oleander Ashgrove,oleander.ashgrove685@crystalball.io,crystal vale,2024-01-30,2001,Transmutation
WIZ-02706,Corvin Ashgrove,corvin.ashgrove154@ravenpost.net,SW,2025-05-17,1897,Healing
WIZ-02707,Isolde Winterbourne,isolde.winterbourne547@owlmail.co,CV,2024-02-17,1908,Herbalism
WIZ-02708,Alaric Ravenscroft,alaric.ravenscroft966@grimoire.org,EC,2023-09-15,1916,Illusion
WIZ-02709,Umbra Fernwhistle,umbra.fernwhistle550@grimoire.org,EC,2025-03-17,1942,Transmutation
WIZ-02710,Isolde Netherfield,isolde.netherfield650@moonmail.net,ml,2025-01-19,1975,Transmutation
WIZ-02711,Thaddeus Cinderfell,thaddeus.cinderfell138@ravenpost.net,nr,2025-11-24,1907,Illusion
WIZ-02712,Bramble Fernwhistle,bramble.fernwhistle811@crystalball.io,ML,2026-06-16,1971,Illusion
WIZ-02713,Fiora Foxglove,fiora.foxglove141@crystalball.io,NR,2024-04-18,1922,Healing
WIZ-02714,Ignatius Larkspur,ignatius.larkspur865@grimoire.org,the marshlands,2026-02-28,1975,Enchantment
WIZ-02715,Lyra Mossheart,lyra.mossheart174@moonmail.net,silverwood,2024-10-14,1967,DIVINATION
WIZ-02716,Delphine Jackdaw,delphine.jackdaw906@ravenpost.net,nr,2025-12-11,1914,ALCHEMY
WIZ-02717,Oswin Glimmerstone,oswin.glimmerstone241@ravenpost.net,The Marshlands,2026-03-09,1972,Herbalism
WIZ-02718,Morwenna Saltmarsh,morwenna.saltmarsh355@ravenpost.net,the marshlands,2024-04-23,1968,Healing
WIZ-02719,Juniper Jackdaw,juniper.jackdaw675@moonmail.net,Silverwood,2025-05-01,1936,Divination
WIZ-02720,Gideon Zellandine,gideon.zellandine73@owlmail.co,SW,2025-08-29,1926,Herbalism
WIZ-02721,Quilla Jackdaw,quilla.jackdaw176@owlmail.co,cv,2024-01-03,1928,Healing
WIZ-02722,Morwenna Moonbrook,morwenna.moonbrook302@ravenpost.net,SW,2026-03-20,1973,Alchemy
WIZ-02723,Grizelda Emberwhisk,grizelda.emberwhisk110@owlmail.co,Crystal Vale,2025-11-22,1939,Divination
WIZ-02724,Oleander Thistledown,oleander.thistledown258@ravenpost.net,ec,2025-06-09,2002,Divination
WIZ-02725,Ambrose Frostpetal,ambrose.frostpetal981@ravenpost.net,CV,2025-10-21,2007,Illusion
WIZ-02726,Ignatius Ashgrove,ignatius.ashgrove909@moonmail.net,ml,2023-03-24,1957,Illusion
WIZ-02727,Thaddeus Crowfeather,thaddeus.crowfeather978@ravenpost.net,NR,2025-05-24,1980,ALCHEMY
WIZ-02728,Fiora Winterbourne,fiora.winterbourne977@owlmail.co,northern reaches,2023-11-10,1999,HEALING
WIZ-02729,Kestrel Fernwhistle,kestrel.fernwhistle343@moonmail.net,cv,2024-03-18,1888,Healing
WIZ-02730,Grizelda Gorsebush,grizelda.gorsebush305@moonmail.net,Crystal Vale,2025-03-07,1971,HEALING
WIZ-02731,Gideon Foxglove,gideon.foxglove90@grimoire.org,nr,2023-09-16,1939,Healing
WIZ-02732,Ignatius Crowfeather,ignatius.crowfeather778@ravenpost.net,ec,2026-04-09,1946,ILLUSION
WIZ-02733,Isolde Emberwhisk,isolde.emberwhisk262@owlmail.co,ML,2023-11-15,1901,Healing
WIZ-02734,Cassia Emberwhisk,,NR,2024-02-09,1910,Healing
WIZ-02735,Delphine Kilnworth,delphine.kilnworth779@owlmail.co,SW,2023-02-18,1914,HERBALISM
WIZ-02736,Delphine Ravenscroft,delphine.ravenscroft800@ravenpost.net,The Marshlands,2025-11-13,1961,Illusion
WIZ-02737,Fiora Jackdaw,fiora.jackdaw488@grimoire.org,Crystal Vale,2025-10-08,1912,Herbalism
WIZ-02738,Isolde Winterbourne,isolde.winterbourne588@owlmail.co,sw,2024-09-25,1987,Divination
WIZ-02739,Oswin Moonbrook,oswin.moonbrook327@crystalball.io,ML,2023-04-30,1950,Illusion
WIZ-02740,Delphine Mossheart,delphine.mossheart998@moonmail.net,Silverwood,2023-02-01,1978,Enchantment
WIZ-02741,Grizelda Umberfall,grizelda.umberfall635@owlmail.co,CV,2025-05-23,1954,Enchantment
WIZ-02742,Isolde Moonbrook,isolde.moonbrook616@owlmail.co,ml,2023-10-13,1942,Healing
WIZ-02743,Bramble Zellandine,bramble.zellandine918@grimoire.org,northern reaches,2023-11-18,1979,TRANSMUTATION
WIZ-02744,Wendeline Copperkettle,wendeline.copperkettle57@crystalball.io,ec,2026-05-04,1977,Alchemy
WIZ-02745,Rowan Owlsworth,rowan.owlsworth962@moonmail.net,sw,2024-08-06,1943,Transmutation
WIZ-02746,Hesper Ironquill,hesper.ironquill169@owlmail.co,Crystal Vale,2026-02-22,1982,Healing
WIZ-02747,Isolde Thistledown,isolde.thistledown634@crystalball.io,ember coast,2024-07-23,1900,Illusion
WIZ-02748,Caspian Vexley,caspian.vexley914@crystalball.io,Northern Reaches,2026-01-02,2006,ENCHANTMENT
WIZ-02749,Ambrose Everbright,ambrose.everbright280@owlmail.co,CV,2024-03-04,1922,Alchemy
WIZ-02750,Dorian Duskwater,dorian.duskwater118@ravenpost.net,cv,2025-08-29,1944,Illusion
WIZ-02751,Umbra Dimbleby,umbra.dimbleby301@owlmail.co,ML,2026-06-10,1916,Divination
WIZ-02752,Belladonna Hazelrigg,belladonna.hazelrigg674@crystalball.io,Silverwood,2026-03-21,1892,Illusion
WIZ-02753,Quilla Mossheart,quilla.mossheart453@moonmail.net,Silverwood,2024-10-12,2004,Herbalism
WIZ-02754,Corvin Hollowbranch,corvin.hollowbranch541@ravenpost.net,northern reaches,2023-01-23,1909,Healing
WIZ-02755,Seraphine Fernwhistle,seraphine.fernwhistle945@crystalball.io,Silverwood,2023-03-27,1897,Herbalism
WIZ-02756,Xanthe Mistlethorn,xanthe.mistlethorn252@crystalball.io,Northern Reaches,2024-05-01,1919,Divination
WIZ-02757,Yarrow Everbright,yarrow.everbright142@crystalball.io,nr,2023-12-05,1904,Divination
WIZ-02758,Quilla Nightbloom,quilla.nightbloom943@ravenpost.net,SW,2024-10-25,1886,Transmutation
WIZ-02759,Maribel Winterbourne,maribel.winterbourne132@owlmail.co,nr,2023-02-03,1918,Divination
WIZ-02760,Caspian Fernwhistle,caspian.fernwhistle574@crystalball.io,SW,2025-07-10,1939,Healing
WIZ-02761,Umbra Netherfield,umbra.netherfield753@owlmail.co,Ember Coast,2026-03-18,1953,Alchemy
WIZ-02762,Nimbus Crowfeather,nimbus.crowfeather158@grimoire.org,Silverwood,2025-05-21,1964,Alchemy
WIZ-02763,Petra Larkspur,petra.larkspur33@owlmail.co,ML,2026-05-04,1929,Herbalism
WIZ-02764,Wendeline Gorsebush,wendeline.gorsebush755@crystalball.io,CV,2023-07-31,1951,Healing
WIZ-02765,Fiora Saltmarsh,fiora.saltmarsh521@ravenpost.net,Silverwood,2024-05-24,1965,Illusion
WIZ-02766,Quilla Owlsworth,quilla.owlsworth721@grimoire.org,ec,2025-07-02,1921,ILLUSION
WIZ-02767,Quilla Larkspur,quilla.larkspur827@ravenpost.net,NR,2023-11-10,1957,Herbalism
WIZ-02768,Yarrow Quickbramble,yarrow.quickbramble688@grimoire.org,EC,2024-11-06,1911,Transmutation
WIZ-02769,Juniper Umberfall,juniper.umberfall389@ravenpost.net,SW,2025-04-24,1887,Illusion
WIZ-02770,Xanthe Duskwater,xanthe.duskwater618@grimoire.org,Northern Reaches,2025-06-28,1892,Herbalism
WIZ-02771,Oswin Foxglove,oswin.foxglove451@moonmail.net,northern reaches,2025-03-16,1931,ENCHANTMENT
WIZ-02772,Edric Owlsworth,edric.owlsworth223@owlmail.co,ec,2024-02-08,1914,Enchantment
WIZ-02773,Maribel Quickbramble,maribel.quickbramble265@crystalball.io,cv,2024-06-04,1958,Alchemy
WIZ-02774,Belladonna Glimmerstone,belladonna.glimmerstone271@moonmail.net,EC,2025-11-24,2003,Illusion
WIZ-02775,Wendeline Netherfield,wendeline.netherfield897@ravenpost.net,Northern Reaches,2024-04-12,1977,Healing
WIZ-02776,Jasper Crowfeather,jasper.crowfeather871@owlmail.co,CV,2025-12-24,1888,Divination
WIZ-02777,Zephyrine Ravenscroft,zephyrine.ravenscroft941@crystalball.io,The Marshlands,2024-10-13,1920,Healing
WIZ-02778,Vesper Vexley,vesper.vexley237@moonmail.net,NR,2023-06-17,1887,Alchemy
WIZ-02779,Isolde Ironquill,isolde.ironquill794@crystalball.io,SW,2024-12-13,1930,Divination
WIZ-02780,Isolde Crowfeather,isolde.crowfeather814@crystalball.io,nr,2025-09-04,1925,Enchantment
WIZ-02781,Oswin Dimbleby,oswin.dimbleby533@owlmail.co,Silverwood,2023-05-17,1959,Divination
WIZ-02782,Hawthorne Moonbrook,,EC,2024-01-24,1917,Divination
WIZ-02783,Hesper Wyrmwood,hesper.wyrmwood392@crystalball.io,nr,2026-02-03,1931,Alchemy
WIZ-02784,Bramble Umberfall,bramble.umberfall465@owlmail.co,Northern Reaches,2023-07-19,1931,Healing
WIZ-02785,Oswin Dimbleby,oswin.dimbleby134@moonmail.net,EC,2025-02-19,2006,ALCHEMY
WIZ-02786,Hesper Tanglewood,hesper.tanglewood465@crystalball.io,Silverwood,2023-06-13,1974,Healing
WIZ-02787,Bramble Thistledown,bramble.thistledown29@moonmail.net,sw,2025-10-27,1996,DIVINATION
WIZ-02788,Maribel Brightmantle,maribel.brightmantle659@crystalball.io,Silverwood,2023-09-09,1901,Divination
WIZ-02789,Petra Netherfield,petra.netherfield118@grimoire.org,Ember Coast,2025-10-19,1888,Divination
WIZ-02790,Juniper Hazelrigg,juniper.hazelrigg908@moonmail.net,EC,2025-09-18,1928,Healing
WIZ-02791,Rowan Ashgrove,rowan.ashgrove526@moonmail.net,ec,2024-07-25,1951,Enchantment
WIZ-02792,Ignatius Tanglewood,ignatius.tanglewood589@ravenpost.net,EC,2024-07-06,1964,ILLUSION
WIZ-02793,Peregrine Yewbarrow,peregrine.yewbarrow132@grimoire.org,NR,2025-04-25,1928,Healing
WIZ-02794,Isolde Moonbrook,isolde.moonbrook277@crystalball.io,cv,2023-08-20,1973,ALCHEMY
WIZ-02795,Fiora Wyrmwood,fiora.wyrmwood620@owlmail.co,the marshlands,2023-07-18,1898,Transmutation
WIZ-02796,Yarrow Crowfeather,yarrow.crowfeather916@moonmail.net,sw,2023-02-04,1957,Herbalism
WIZ-02797,Xanthe Ironquill,xanthe.ironquill981@ravenpost.net,nr,2023-10-05,2004,Transmutation
WIZ-02798,Belladonna Owlsworth,belladonna.owlsworth242@moonmail.net,ec,2025-11-29,1925,Divination
WIZ-02799,Kestrel Brightmantle,kestrel.brightmantle273@crystalball.io,sw,2024-10-21,1903,ALCHEMY
WIZ-02800,Caspian Ironquill,,nr,2024-03-26,1910,Transmutation
WIZ-02801,Caspian Vexley,caspian.vexley922@moonmail.net,NR,2023-07-02,1984,ILLUSION
WIZ-02802,Kestrel Everbright,kestrel.everbright121@owlmail.co,Ember Coast,2025-06-16,1908,Healing
WIZ-02803,Bramble Jackdaw,bramble.jackdaw884@moonmail.net,ec,2025-10-12,1932,Divination
WIZ-02804,Vesper Wyrmwood,vesper.wyrmwood804@ravenpost.net,CV,2023-01-08,1947,Illusion
WIZ-02805,Oleander Moonbrook,oleander.moonbrook924@crystalball.io,northern reaches,2025-01-27,1916,Illusion
WIZ-02806,Morwenna Ravenscroft,morwenna.ravenscroft959@moonmail.net,Northern Reaches,2025-05-27,1962,Illusion
WIZ-02807,Caspian Emberwhisk,caspian.emberwhisk26@grimoire.org,NR,2024-08-14,1991,Alchemy
WIZ-02808,Caspian Moonbrook,caspian.moonbrook82@grimoire.org,Crystal Vale,2025-04-11,1921,Divination
WIZ-02809,Yarrow Fernwhistle,yarrow.fernwhistle896@ravenpost.net,Crystal Vale,2025-10-13,1975,Transmutation
WIZ-02810,Umbra Duskwater,umbra.duskwater125@moonmail.net,Northern Reaches,2025-11-26,1977,Transmutation
WIZ-02811,Fiora Gorsebush,fiora.gorsebush257@ravenpost.net,ml,2023-08-28,1949,Transmutation
WIZ-02812,Quilla Kilnworth,quilla.kilnworth731@owlmail.co,sw,2023-06-14,1987,Herbalism
WIZ-02813,Kestrel Ashgrove,,SW,2023-01-25,1995,Divination
WIZ-02814,Rowan Gorsebush,rowan.gorsebush946@grimoire.org,Northern Reaches,2023-12-26,1970,Alchemy
WIZ-02815,Yarrow Wyrmwood,yarrow.wyrmwood604@owlmail.co,Silverwood,2023-11-20,1936,Enchantment
WIZ-02816,Caspian Yewbarrow,caspian.yewbarrow770@grimoire.org,Crystal Vale,2026-05-15,1977,Transmutation
WIZ-02817,Edric Yewbarrow,edric.yewbarrow513@crystalball.io,ML,2023-12-28,1940,Alchemy
WIZ-02818,Lyra Wandwright,lyra.wandwright639@moonmail.net,sw,2024-09-02,1960,Herbalism
WIZ-02819,Delphine Vexley,delphine.vexley6@grimoire.org,nr,2023-10-10,1931,Enchantment
WIZ-02820,Kestrel Mistlethorn,kestrel.mistlethorn238@moonmail.net,ec,2025-10-22,1889,Healing
WIZ-02821,Thaddeus Zellandine,thaddeus.zellandine39@owlmail.co,Northern Reaches,2025-09-16,1917,Divination
WIZ-02822,Morwenna Kilnworth,morwenna.kilnworth21@ravenpost.net,NR,2025-03-02,1996,Herbalism
WIZ-02823,Wendeline Duskwater,wendeline.duskwater511@crystalball.io,ec,2025-05-28,1930,Divination
WIZ-02824,Elowen Brightmantle,elowen.brightmantle355@grimoire.org,sw,2024-04-13,1925,HEALING
WIZ-02825,Ignatius Copperkettle,ignatius.copperkettle92@owlmail.co,ember coast,2025-10-11,2007,TRANSMUTATION
WIZ-02826,Peregrine Winterbourne,peregrine.winterbourne589@crystalball.io,The Marshlands,2026-01-07,1940,Enchantment
WIZ-02827,Ignatius Foxglove,ignatius.foxglove710@ravenpost.net,Silverwood,2024-02-01,1899,Illusion
WIZ-02828,Isolde Duskwater,isolde.duskwater482@grimoire.org,SW,2026-03-10,1910,Transmutation
WIZ-02829,Ignatius Owlsworth,ignatius.owlsworth857@ravenpost.net,ec,2024-06-21,1909,Transmutation
WIZ-02830,Oleander Cinderfell,oleander.cinderfell953@grimoire.org,ml,2023-01-05,1892,Enchantment
WIZ-02831,Isolde Thistledown,isolde.thistledown938@owlmail.co,Northern Reaches,2024-04-10,1931,Enchantment
WIZ-02832,Rowan Umberfall,rowan.umberfall313@crystalball.io,EC,2025-07-27,1889,Healing
WIZ-02833,Nimbus Fernwhistle,nimbus.fernwhistle535@owlmail.co,Ember Coast,2026-05-26,1934,Divination
WIZ-02834,Fenwick Brightmantle,fenwick.brightmantle322@crystalball.io,cv,2023-02-24,1952,Illusion
WIZ-02835,Kestrel Cinderfell,kestrel.cinderfell195@crystalball.io,NR,2023-10-17,1886,ILLUSION
WIZ-02836,Peregrine Stormbottle,peregrine.stormbottle904@moonmail.net,sw,2026-02-19,1902,Alchemy
WIZ-02837,Morwenna Glimmerstone,morwenna.glimmerstone99@moonmail.net,nr,2023-01-13,1974,Enchantment
WIZ-02838,Fiora Everbright,fiora.everbright364@crystalball.io,NR,2025-02-11,1941,Divination
WIZ-02839,Oswin Tanglewood,oswin.tanglewood961@ravenpost.net,NR,2023-04-20,1939,Healing
WIZ-02840,Maribel Winterbourne,maribel.winterbourne131@moonmail.net,nr,2026-02-11,1891,Illusion
WIZ-02841,Dorian Nightbloom,dorian.nightbloom228@owlmail.co,SW,2023-09-18,1945,Herbalism
WIZ-02842,Petra Tanglewood,petra.tanglewood485@owlmail.co,Northern Reaches,2025-04-21,1957,Healing
WIZ-02843,Oleander Moonbrook,oleander.moonbrook113@owlmail.co,CV,2023-04-25,1916,Herbalism
WIZ-02844,Delphine Glimmerstone,delphine.glimmerstone758@ravenpost.net,ec,2025-01-02,1907,Healing
WIZ-02845,Umbra Mistlethorn,umbra.mistlethorn855@crystalball.io,NR,2023-01-04,1912,Transmutation
WIZ-02846,Kestrel Kilnworth,kestrel.kilnworth259@owlmail.co,Northern Reaches,2025-09-02,2003,Enchantment
WIZ-02847,Jasper Hollowbranch,jasper.hollowbranch513@owlmail.co,ec,2025-09-26,1891,Illusion
WIZ-02848,Caspian Ironquill,caspian.ironquill617@owlmail.co,Northern Reaches,2024-05-08,1912,Healing
WIZ-02849,Dorian Barrowmere,dorian.barrowmere749@grimoire.org,sw,2023-05-24,1942,Alchemy
WIZ-02850,Ambrose Ashgrove,ambrose.ashgrove988@grimoire.org,SW,2026-01-18,1920,Illusion
WIZ-02851,Lyra Owlsworth,lyra.owlsworth996@grimoire.org,ml,2025-06-28,2005,Illusion
WIZ-02852,Ambrose Copperkettle,ambrose.copperkettle209@crystalball.io,Crystal Vale,2024-04-21,1989,Herbalism
WIZ-02853,Fiora Yewbarrow,fiora.yewbarrow837@moonmail.net,ec,2025-07-31,1926,Illusion
WIZ-02854,Oswin Mossheart,oswin.mossheart584@grimoire.org,ml,2025-05-19,1966,Divination
WIZ-02855,Lyra Ravenscroft,lyra.ravenscroft492@moonmail.net,Silverwood,2023-09-29,1910,Transmutation
WIZ-02856,Zephyrine Zellandine,zephyrine.zellandine959@grimoire.org,EC,2023-03-13,1964,Illusion
WIZ-02857,Oswin Frostpetal,oswin.frostpetal635@owlmail.co,Ember Coast,2023-05-27,1924,Enchantment
WIZ-02858,Oleander Vexley,oleander.vexley920@owlmail.co,SW,2023-11-09,1988,Transmutation
WIZ-02859,Vesper Copperkettle,vesper.copperkettle957@owlmail.co,sw,2026-01-10,1981,Transmutation
WIZ-02860,Bramble Cinderfell,bramble.cinderfell319@crystalball.io,ember coast,2025-09-22,1933,Herbalism
WIZ-02861,Belladonna Thistledown,belladonna.thistledown216@moonmail.net,EC,2026-01-30,1972,Enchantment
WIZ-02862,Hesper Saltmarsh,hesper.saltmarsh649@grimoire.org,nr,2023-07-05,1908,Transmutation
WIZ-02863,Jasper Winterbourne,jasper.winterbourne753@owlmail.co,ec,2024-11-24,1923,Enchantment
WIZ-02864,Ignatius Mistlethorn,ignatius.mistlethorn746@crystalball.io,EC,2025-10-28,1971,Enchantment
WIZ-02865,Belladonna Zellandine,belladonna.zellandine960@crystalball.io,Silverwood,2023-02-17,1896,Herbalism
WIZ-02866,Gideon Yewbarrow,gideon.yewbarrow765@moonmail.net,silverwood,2024-01-31,2005,HERBALISM
WIZ-02867,Quilla Mistlethorn,quilla.mistlethorn773@owlmail.co,Silverwood,2025-03-18,1968,ENCHANTMENT
WIZ-02868,Hesper Barrowmere,hesper.barrowmere89@owlmail.co,SW,2025-05-28,1993,HERBALISM
WIZ-02869,Peregrine Nightbloom,peregrine.nightbloom405@moonmail.net,ML,2026-01-09,1938,Herbalism
WIZ-02870,Nimbus Frostpetal,nimbus.frostpetal254@moonmail.net,SW,2026-03-09,1984,Enchantment
WIZ-02871,Bramble Wandwright,bramble.wandwright376@owlmail.co,nr,2023-04-09,1915,Herbalism
WIZ-02872,Elowen Copperkettle,elowen.copperkettle703@owlmail.co,SW,2024-02-09,1885,Herbalism
WIZ-02873,Fiora Moonbrook,fiora.moonbrook938@grimoire.org,EC,2023-05-06,1899,Divination
WIZ-02874,Peregrine Nightbloom,peregrine.nightbloom328@grimoire.org,cv,2025-10-11,1886,Healing
WIZ-02875,Maribel Glimmerstone,maribel.glimmerstone864@owlmail.co,ML,2025-07-21,1922,Illusion
WIZ-02876,Nimbus Gorsebush,nimbus.gorsebush936@ravenpost.net,Ember Coast,2025-11-05,1923,Transmutation
WIZ-02877,Dorian Jackdaw,dorian.jackdaw546@owlmail.co,Crystal Vale,2024-11-14,1891,Healing
WIZ-02878,Hesper Thistledown,hesper.thistledown207@crystalball.io,sw,2026-01-10,1899,Divination
WIZ-02879,Yarrow Thistledown,yarrow.thistledown715@ravenpost.net,SW,2023-08-08,1979,Illusion
WIZ-02880,Yarrow Hollowbranch,yarrow.hollowbranch91@owlmail.co,NR,2023-02-13,1957,Alchemy
WIZ-02881,Nimbus Hollowbranch,nimbus.hollowbranch104@ravenpost.net,ec,2025-11-18,1899,Illusion
WIZ-02882,Ignatius Zellandine,,EC,2026-03-05,1949,Transmutation
WIZ-02883,Belladonna Crowfeather,belladonna.crowfeather42@moonmail.net,SW,2023-01-17,1972,ILLUSION
WIZ-02884,Bramble Owlsworth,bramble.owlsworth203@ravenpost.net,SW,2024-07-13,1894,Healing
WIZ-02885,Umbra Saltmarsh,umbra.saltmarsh168@moonmail.net,ember coast,2023-09-23,1942,Healing
WIZ-02886,Quilla Barrowmere,quilla.barrowmere8@moonmail.net,SW,2025-11-16,1888,Enchantment
WIZ-02887,Seraphine Moonbrook,seraphine.moonbrook336@ravenpost.net,northern reaches,2024-06-06,1941,Divination
WIZ-02888,Caspian Fernwhistle,caspian.fernwhistle579@ravenpost.net,nr,2024-11-18,2001,Divination
WIZ-02889,Fenwick Hollowbranch,fenwick.hollowbranch438@owlmail.co,ml,2023-07-17,1894,Herbalism
WIZ-02890,Lyra Quickbramble,lyra.quickbramble691@grimoire.org,Silverwood,2023-11-19,1994,Transmutation
WIZ-02891,Delphine Cinderfell,delphine.cinderfell962@grimoire.org,silverwood,2025-04-05,1956,TRANSMUTATION
WIZ-02892,Fenwick Hollowbranch,fenwick.hollowbranch459@moonmail.net,nr,2025-03-18,1954,Enchantment
WIZ-02893,Hesper Ashgrove,hesper.ashgrove772@crystalball.io,ML,2024-11-05,1937,Transmutation
WIZ-02894,Caspian Zellandine,caspian.zellandine133@crystalball.io,Silverwood,2026-02-19,1897,Transmutation
WIZ-02895,Grizelda Crowfeather,grizelda.crowfeather922@grimoire.org,cv,2025-06-05,1987,Healing
WIZ-02896,Nimbus Jackdaw,nimbus.jackdaw313@grimoire.org,EC,2023-12-25,1943,Enchantment
WIZ-02897,Jasper Cinderfell,jasper.cinderfell660@owlmail.co,sw,2025-06-27,1956,Transmutation
WIZ-02898,Gideon Frostpetal,gideon.frostpetal635@moonmail.net,CV,2024-04-14,1965,Enchantment
WIZ-02899,Bramble Hollowbranch,bramble.hollowbranch836@moonmail.net,nr,2025-03-19,1970,Transmutation
WIZ-02900,Hesper Quickbramble,hesper.quickbramble273@owlmail.co,SW,2025-04-20,1956,Divination
WIZ-02901,Wendeline Ravenscroft,wendeline.ravenscroft751@moonmail.net,ec,2026-03-10,1906,ILLUSION
WIZ-02902,Vesper Mossheart,vesper.mossheart962@grimoire.org,SW,2025-05-16,1898,Transmutation
WIZ-02903,Dorian Ashgrove,dorian.ashgrove408@owlmail.co,nr,2023-05-17,1928,DIVINATION
WIZ-02904,Zephyrine Hollowbranch,zephyrine.hollowbranch187@owlmail.co,nr,2025-12-23,1921,Alchemy
WIZ-02905,Hawthorne Quickbramble,hawthorne.quickbramble87@ravenpost.net,NR,2023-10-25,1998,Herbalism
WIZ-02906,Vesper Everbright,vesper.everbright83@moonmail.net,SW,2024-12-18,1994,Enchantment
WIZ-02907,Gideon Ashgrove,gideon.ashgrove114@ravenpost.net,CV,2024-09-15,1981,Transmutation
WIZ-02908,Quilla Wyrmwood,quilla.wyrmwood178@crystalball.io,EC,2024-05-28,1912,ENCHANTMENT
WIZ-02909,Fiora Vexley,fiora.vexley369@owlmail.co,ML,2026-02-04,1925,Illusion
WIZ-02910,Elowen Hazelrigg,elowen.hazelrigg583@owlmail.co,Crystal Vale,2023-10-12,1891,ALCHEMY
WIZ-02911,Juniper Hollowbranch,juniper.hollowbranch27@moonmail.net,NR,2023-07-21,1923,Divination
WIZ-02912,Yarrow Hollowbranch,yarrow.hollowbranch651@ravenpost.net,cv,2023-02-18,1886,Transmutation
WIZ-02913,Yarrow Ashgrove,yarrow.ashgrove610@grimoire.org,NR,2025-07-22,1924,Herbalism
WIZ-02914,Elowen Hazelrigg,elowen.hazelrigg644@ravenpost.net,EC,2026-03-05,1894,Illusion
WIZ-02915,Wendeline Larkspur,wendeline.larkspur327@ravenpost.net,northern reaches,2023-04-21,1895,Transmutation
WIZ-02916,Dorian Stormbottle,dorian.stormbottle951@moonmail.net,Silverwood,2025-11-05,1995,HERBALISM
WIZ-02917,Hawthorne Stormbottle,hawthorne.stormbottle271@moonmail.net,SW,2024-02-05,1889,Illusion
WIZ-02918,Yarrow Netherfield,yarrow.netherfield464@moonmail.net,CV,2026-04-13,2004,Healing
WIZ-02919,Rowan Brightmantle,,Ember Coast,2024-02-06,1906,Divination
WIZ-02920,Belladonna Wandwright,belladonna.wandwright174@moonmail.net,Silverwood,2025-06-28,1979,Herbalism
WIZ-02921,Delphine Saltmarsh,delphine.saltmarsh917@grimoire.org,sw,2026-06-15,1906,Herbalism
WIZ-02922,Fiora Everbright,fiora.everbright657@moonmail.net,ML,2026-05-07,1941,Transmutation
WIZ-02923,Grizelda Moonbrook,grizelda.moonbrook748@moonmail.net,NR,2023-08-12,1920,Illusion
WIZ-02924,Peregrine Tanglewood,peregrine.tanglewood896@owlmail.co,Silverwood,2025-09-18,1965,Transmutation
WIZ-02925,Belladonna Thistledown,belladonna.thistledown315@grimoire.org,CV,2025-09-03,2001,Transmutation
WIZ-02926,Kestrel Glimmerstone,kestrel.glimmerstone399@owlmail.co,SW,2024-05-27,1992,Enchantment
WIZ-02927,Bramble Ravenscroft,bramble.ravenscroft63@moonmail.net,Ember Coast,2025-06-19,1966,Divination
WIZ-02928,Vesper Hollowbranch,vesper.hollowbranch792@grimoire.org,the marshlands,2026-04-18,1927,Healing
WIZ-02929,Ambrose Vexley,ambrose.vexley229@grimoire.org,CV,2025-05-27,1988,Enchantment
WIZ-02930,Jasper Tanglewood,jasper.tanglewood961@moonmail.net,ML,2023-06-24,1986,Herbalism
WIZ-02931,Fiora Saltmarsh,fiora.saltmarsh604@owlmail.co,sw,2024-12-09,1982,ILLUSION
WIZ-02932,Kestrel Winterbourne,kestrel.winterbourne695@moonmail.net,cv,2025-08-11,1891,Divination
WIZ-02933,Hesper Tanglewood,,Silverwood,2024-03-24,1928,Herbalism
WIZ-02934,Seraphine Foxglove,seraphine.foxglove328@owlmail.co,ml,2025-05-24,1893,ENCHANTMENT
WIZ-02935,Oleander Everbright,oleander.everbright630@crystalball.io,EC,2023-09-11,1977,Transmutation
WIZ-02936,Dorian Gorsebush,dorian.gorsebush252@owlmail.co,NR,2023-01-23,1893,Herbalism
WIZ-02937,Morwenna Crowfeather,morwenna.crowfeather924@crystalball.io,Crystal Vale,2023-07-03,1909,Enchantment
WIZ-02938,Seraphine Nightbloom,seraphine.nightbloom88@grimoire.org,NR,2026-03-20,1991,Enchantment
WIZ-02939,Gideon Vexley,gideon.vexley309@owlmail.co,Ember Coast,2023-03-30,1940,Healing
WIZ-02940,Oleander Copperkettle,oleander.copperkettle554@ravenpost.net,ml,2024-04-27,1893,Healing
WIZ-02941,Fiora Zellandine,fiora.zellandine466@owlmail.co,ML,2025-10-12,2007,Transmutation
WIZ-02942,Thaddeus Tanglewood,thaddeus.tanglewood922@moonmail.net,NR,2024-08-29,1995,Enchantment
WIZ-02943,Hawthorne Nightbloom,hawthorne.nightbloom210@moonmail.net,EC,2024-11-21,1990,Healing
WIZ-02944,Isolde Copperkettle,isolde.copperkettle900@ravenpost.net,nr,2025-01-10,1893,ALCHEMY
WIZ-02945,Vesper Emberwhisk,vesper.emberwhisk18@grimoire.org,Northern Reaches,2024-11-24,1886,Transmutation
WIZ-02946,Umbra Ashgrove,umbra.ashgrove520@grimoire.org,EC,2025-05-01,2004,TRANSMUTATION
WIZ-02947,Peregrine Duskwater,peregrine.duskwater856@moonmail.net,EC,2025-10-08,1959,Alchemy
WIZ-02948,Edric Hollowbranch,edric.hollowbranch759@crystalball.io,EC,2023-02-04,1944,Illusion
WIZ-02949,Lyra Ironquill,lyra.ironquill912@moonmail.net,CV,2023-03-28,1962,ALCHEMY
WIZ-02950,Vesper Netherfield,vesper.netherfield857@grimoire.org,SW,2026-02-18,1923,Transmutation
WIZ-02951,Peregrine Larkspur,peregrine.larkspur380@owlmail.co,EC,2023-09-22,1997,Illusion
WIZ-02952,Ignatius Vexley,ignatius.vexley807@ravenpost.net,ec,2024-05-20,1947,Herbalism
WIZ-02953,Hawthorne Quickbramble,hawthorne.quickbramble631@owlmail.co,EC,2023-02-14,1967,ALCHEMY
WIZ-02954,Gideon Emberwhisk,gideon.emberwhisk473@grimoire.org,CV,2023-11-14,1966,Transmutation
WIZ-02955,Belladonna Moonbrook,belladonna.moonbrook227@crystalball.io,nr,2024-10-17,1964,Divination
WIZ-02956,Yarrow Brightmantle,yarrow.brightmantle500@crystalball.io,EC,2023-11-28,1949,ENCHANTMENT
WIZ-02957,Isolde Jackdaw,isolde.jackdaw515@crystalball.io,crystal vale,2025-11-14,1972,Healing
WIZ-02958,Hesper Gorsebush,hesper.gorsebush113@crystalball.io,EC,2024-01-03,1938,Healing
WIZ-02959,Maribel Quickbramble,maribel.quickbramble957@owlmail.co,EC,2026-01-31,1886,Alchemy
WIZ-02960,Hawthorne Zellandine,hawthorne.zellandine602@crystalball.io,EC,2023-03-15,1901,ALCHEMY
WIZ-02961,Gideon Foxglove,gideon.foxglove132@ravenpost.net,cv,2024-02-18,1939,Herbalism
WIZ-02962,Thaddeus Jackdaw,thaddeus.jackdaw567@crystalball.io,sw,2025-08-02,1990,Herbalism
WIZ-02963,Morwenna Glimmerstone,morwenna.glimmerstone166@grimoire.org,SW,2025-02-15,1911,Transmutation
WIZ-02964,Lyra Stormbottle,lyra.stormbottle433@crystalball.io,NR,2026-01-28,1900,Divination
WIZ-02965,Alaric Ashgrove,alaric.ashgrove772@moonmail.net,Northern Reaches,2025-01-25,1995,Transmutation
WIZ-02966,Bramble Hazelrigg,bramble.hazelrigg398@ravenpost.net,EC,2023-12-21,1909,Healing
WIZ-02967,Edric Winterbourne,edric.winterbourne383@grimoire.org,SW,2025-06-27,1983,Herbalism
WIZ-02968,Alaric Quickbramble,alaric.quickbramble763@owlmail.co,EC,2024-08-06,1981,Divination
WIZ-02969,Caspian Quickbramble,caspian.quickbramble813@crystalball.io,Northern Reaches,2025-07-26,1985,Alchemy
WIZ-02970,Juniper Gorsebush,,northern reaches,2024-12-02,1885,Enchantment
WIZ-02971,Maribel Tanglewood,maribel.tanglewood678@ravenpost.net,SW,2025-08-27,1968,Enchantment
WIZ-02972,Grizelda Hollowbranch,grizelda.hollowbranch815@moonmail.net,northern reaches,2024-09-19,1966,Transmutation
WIZ-02973,Zephyrine Netherfield,zephyrine.netherfield666@owlmail.co,northern reaches,2023-06-29,1926,Herbalism
WIZ-02974,Morwenna Copperkettle,morwenna.copperkettle735@owlmail.co,sw,2025-11-16,1888,Illusion
WIZ-02975,Wendeline Copperkettle,wendeline.copperkettle160@crystalball.io,ML,2024-10-19,1973,TRANSMUTATION
WIZ-02976,Caspian Nightbloom,caspian.nightbloom826@owlmail.co,NR,2025-06-16,1943,Herbalism
WIZ-02977,Isolde Yewbarrow,isolde.yewbarrow638@crystalball.io,ml,2023-10-18,1949,Alchemy
WIZ-02978,Gideon Fernwhistle,gideon.fernwhistle929@ravenpost.net,EC,2024-12-21,1944,Transmutation
WIZ-02979,Fenwick Fernwhistle,fenwick.fernwhistle361@grimoire.org,EC,2023-03-28,1950,DIVINATION
WIZ-02980,Yarrow Nightbloom,yarrow.nightbloom276@moonmail.net,SW,2026-05-03,1994,Divination
WIZ-02981,Quilla Larkspur,quilla.larkspur763@crystalball.io,ML,2025-01-11,1946,Illusion
WIZ-02982,Zephyrine Wandwright,zephyrine.wandwright549@grimoire.org,EC,2025-03-01,1984,ENCHANTMENT
WIZ-02983,Maribel Glimmerstone,maribel.glimmerstone410@grimoire.org,SW,2026-03-01,1911,Herbalism
WIZ-02984,Xanthe Larkspur,xanthe.larkspur946@ravenpost.net,SW,2025-07-28,1904,Enchantment
WIZ-02985,Grizelda Jackdaw,grizelda.jackdaw36@moonmail.net,EC,2026-05-19,2004,Transmutation
WIZ-02986,Bramble Mossheart,bramble.mossheart563@ravenpost.net,CV,2025-02-05,1982,Herbalism
WIZ-02987,Edric Barrowmere,edric.barrowmere18@owlmail.co,SW,2025-09-27,1984,Alchemy
WIZ-02988,Yarrow Vexley,yarrow.vexley104@moonmail.net,SW,2024-07-01,1936,Enchantment
WIZ-02989,Seraphine Copperkettle,seraphine.copperkettle326@crystalball.io,ec,2025-11-13,1961,Divination
WIZ-02990,Oleander Thistledown,oleander.thistledown436@moonmail.net,sw,2025-06-15,1915,Enchantment
WIZ-02991,Hesper Gorsebush,hesper.gorsebush165@crystalball.io,NR,2024-11-05,1960,Illusion
WIZ-02992,Ambrose Ravenscroft,ambrose.ravenscroft917@ravenpost.net,sw,2024-05-22,1951,Healing
WIZ-02993,Seraphine Wyrmwood,seraphine.wyrmwood479@ravenpost.net,NR,2023-11-20,1959,Enchantment
WIZ-02994,Cassia Crowfeather,cassia.crowfeather264@grimoire.org,Ember Coast,2024-06-02,1914,Enchantment
WIZ-02995,Peregrine Yewbarrow,peregrine.yewbarrow652@ravenpost.net,SW,2025-02-23,1911,Healing
WIZ-02996,Corvin Wyrmwood,corvin.wyrmwood112@owlmail.co,CV,2025-12-19,1901,Enchantment
WIZ-02997,Lyra Umberfall,lyra.umberfall925@moonmail.net,SW,2024-10-15,1930,Herbalism
WIZ-02998,Corvin Owlsworth,corvin.owlsworth186@crystalball.io,sw,2023-10-17,1979,Illusion
WIZ-02999,Oswin Ravenscroft,oswin.ravenscroft480@grimoire.org,ML,2024-04-03,1965,Transmutation
WIZ-03000,Hesper Kilnworth,hesper.kilnworth800@crystalball.io,NR,2024-09-11,1963,ILLUSION
WIZ-03001,Ignatius Dimbleby,ignatius.dimbleby103@moonmail.net,NR,2023-07-19,1973,Illusion
WIZ-03002,Petra Crowfeather,petra.crowfeather392@owlmail.co,Ember Coast,2025-01-01,1945,Healing
WIZ-03003,Fenwick Jackdaw,fenwick.jackdaw888@ravenpost.net,nr,2023-08-16,1938,Healing
WIZ-03004,Zephyrine Crowfeather,zephyrine.crowfeather722@moonmail.net,SW,2026-02-28,1889,Illusion
WIZ-03005,Hesper Crowfeather,hesper.crowfeather367@moonmail.net,silverwood,2024-03-24,1915,Enchantment
WIZ-03006,Alaric Wyrmwood,alaric.wyrmwood609@owlmail.co,nr,2025-12-25,1969,Divination
WIZ-03007,Delphine Wandwright,delphine.wandwright862@grimoire.org,EC,2024-02-19,1931,Healing
WIZ-03008,Oswin Crowfeather,oswin.crowfeather737@crystalball.io,CV,2023-07-01,1988,Illusion
WIZ-03009,Umbra Ravenscroft,umbra.ravenscroft619@moonmail.net,Crystal Vale,2026-05-02,1989,Herbalism
WIZ-03010,Grizelda Ashgrove,grizelda.ashgrove256@owlmail.co,SW,2024-03-19,1925,Transmutation
WIZ-03011,Fiora Moonbrook,fiora.moonbrook769@moonmail.net,nr,2024-08-31,1910,Herbalism
WIZ-03012,Maribel Mossheart,maribel.mossheart182@grimoire.org,ember coast,2023-11-28,1891,DIVINATION
WIZ-03013,Wendeline Wyrmwood,wendeline.wyrmwood797@moonmail.net,SW,2023-09-04,1964,Alchemy
WIZ-03014,Caspian Cinderfell,caspian.cinderfell895@crystalball.io,The Marshlands,2023-11-21,2005,Enchantment
WIZ-03015,Ignatius Thistledown,ignatius.thistledown985@crystalball.io,Crystal Vale,2025-01-24,2001,Divination
WIZ-03016,Hesper Wyrmwood,hesper.wyrmwood648@grimoire.org,sw,2026-06-05,1979,Alchemy
WIZ-03017,Lyra Winterbourne,lyra.winterbourne570@crystalball.io,SW,2024-07-26,1956,Illusion
WIZ-03018,Lyra Zellandine,lyra.zellandine194@ravenpost.net,ML,2026-02-05,1977,HERBALISM
WIZ-03019,Lyra Mossheart,lyra.mossheart783@grimoire.org,NR,2023-01-01,1959,Alchemy
WIZ-03020,Gideon Vexley,gideon.vexley864@moonmail.net,SW,2024-01-12,1999,Herbalism
WIZ-03021,Fenwick Duskwater,fenwick.duskwater356@grimoire.org,NR,2024-08-22,2002,Divination
WIZ-03022,Morwenna Saltmarsh,,cv,2026-03-20,1981,HERBALISM
WIZ-03023,Grizelda Barrowmere,grizelda.barrowmere448@owlmail.co,NR,2025-11-28,1979,Illusion
WIZ-03024,Lyra Ironquill,lyra.ironquill300@owlmail.co,EC,2026-01-01,1972,Enchantment
WIZ-03025,Ignatius Stormbottle,ignatius.stormbottle558@grimoire.org,nr,2023-06-24,1968,Enchantment
WIZ-03026,Nimbus Yewbarrow,nimbus.yewbarrow17@moonmail.net,EC,2024-02-11,1945,Divination
WIZ-03027,Jasper Gorsebush,jasper.gorsebush718@grimoire.org,EC,2025-02-27,1990,Illusion
WIZ-03028,Fiora Owlsworth,fiora.owlsworth827@owlmail.co,nr,2026-04-08,1913,ILLUSION
WIZ-03029,Grizelda Cinderfell,grizelda.cinderfell422@owlmail.co,ML,2026-06-07,1981,Divination
WIZ-03030,Umbra Quickbramble,umbra.quickbramble340@grimoire.org,silverwood,2023-01-03,2006,Transmutation
WIZ-03031,Wendeline Wandwright,wendeline.wandwright524@crystalball.io,SW,2024-10-15,1933,ENCHANTMENT
WIZ-03032,Cassia Cinderfell,cassia.cinderfell304@grimoire.org,sw,2024-02-03,1941,Alchemy
WIZ-03033,Gideon Netherfield,gideon.netherfield138@crystalball.io,northern reaches,2024-01-24,1938,Transmutation
WIZ-03034,Seraphine Saltmarsh,seraphine.saltmarsh152@ravenpost.net,EC,2025-02-12,1907,Enchantment
WIZ-03035,Hesper Kilnworth,hesper.kilnworth868@ravenpost.net,Ember Coast,2023-09-30,1967,Healing
WIZ-03036,Petra Hazelrigg,petra.hazelrigg675@ravenpost.net,cv,2023-06-22,1980,Healing
WIZ-03037,Grizelda Duskwater,grizelda.duskwater673@owlmail.co,ml,2025-02-25,1895,Alchemy
WIZ-03038,Wendeline Duskwater,wendeline.duskwater942@moonmail.net,SW,2024-09-06,1982,Herbalism
WIZ-03039,Lyra Gorsebush,lyra.gorsebush806@owlmail.co,nr,2026-01-14,1972,Alchemy
WIZ-03040,Zephyrine Jackdaw,zephyrine.jackdaw441@owlmail.co,EC,2023-06-11,1926,Illusion
WIZ-03041,Isolde Brightmantle,isolde.brightmantle909@moonmail.net,EC,2026-03-07,1989,Enchantment
WIZ-03042,Kestrel Frostpetal,kestrel.frostpetal808@owlmail.co,sw,2024-02-11,1921,Alchemy
WIZ-03043,Oswin Everbright,oswin.everbright611@moonmail.net,SW,2025-06-29,1978,Herbalism
WIZ-03044,Bramble Copperkettle,bramble.copperkettle656@crystalball.io,ML,2023-01-27,1937,Enchantment
WIZ-03045,Cassia Gorsebush,cassia.gorsebush59@crystalball.io,cv,2023-01-21,1948,Enchantment
WIZ-03046,Umbra Ashgrove,umbra.ashgrove175@ravenpost.net,NR,2025-02-02,1917,Alchemy
WIZ-03047,Oswin Kilnworth,oswin.kilnworth497@crystalball.io,ML,2023-03-15,1910,Enchantment
WIZ-03048,Gideon Brightmantle,gideon.brightmantle691@grimoire.org,ml,2025-12-25,1984,Alchemy
WIZ-03049,Alaric Crowfeather,alaric.crowfeather60@crystalball.io,The Marshlands,2024-02-08,1918,Healing
WIZ-03050,Ignatius Thistledown,ignatius.thistledown514@owlmail.co,Ember Coast,2024-06-13,1986,Herbalism
WIZ-03051,Seraphine Thistledown,seraphine.thistledown120@grimoire.org,NR,2023-09-10,1984,Enchantment
WIZ-03052,Xanthe Ravenscroft,xanthe.ravenscroft297@moonmail.net,CV,2025-09-14,1979,Healing
WIZ-03053,Hesper Wandwright,hesper.wandwright664@moonmail.net,NR,2024-12-01,1947,Transmutation
WIZ-03054,Gideon Mossheart,,Crystal Vale,2025-02-11,1930,Divination
WIZ-03055,Zephyrine Moonbrook,zephyrine.moonbrook193@owlmail.co,sw,2026-01-02,1944,Divination
WIZ-03056,Fenwick Glimmerstone,fenwick.glimmerstone312@grimoire.org,CV,2024-05-15,1947,Divination
WIZ-03057,Delphine Moonbrook,delphine.moonbrook428@grimoire.org,sw,2023-02-10,1931,Illusion
WIZ-03058,Vesper Kilnworth,vesper.kilnworth395@ravenpost.net,ML,2025-10-05,1910,Illusion
WIZ-03059,Edric Winterbourne,edric.winterbourne870@moonmail.net,NR,2025-08-16,1995,Enchantment
WIZ-03060,Fiora Saltmarsh,fiora.saltmarsh220@ravenpost.net,Ember Coast,2026-04-16,1905,Illusion
WIZ-03061,Gideon Dimbleby,gideon.dimbleby435@moonmail.net,SW,2024-09-08,1949,Transmutation
WIZ-03062,Thaddeus Wandwright,thaddeus.wandwright340@grimoire.org,crystal vale,2023-09-28,1938,TRANSMUTATION
WIZ-03063,Jasper Wyrmwood,jasper.wyrmwood563@ravenpost.net,SW,2024-05-03,1983,Herbalism
WIZ-03064,Fiora Jackdaw,fiora.jackdaw934@owlmail.co,northern reaches,2025-12-29,1959,Healing
WIZ-03065,Hesper Owlsworth,hesper.owlsworth574@crystalball.io,CV,2023-12-23,1976,Divination
WIZ-03066,Nimbus Dimbleby,nimbus.dimbleby329@crystalball.io,silverwood,2025-01-25,1887,Transmutation
WIZ-03067,Petra Duskwater,petra.duskwater313@ravenpost.net,Northern Reaches,2023-04-08,1919,Healing
WIZ-03068,Cassia Foxglove,cassia.foxglove433@crystalball.io,CV,2023-05-06,1983,Herbalism
WIZ-03069,Hesper Hollowbranch,hesper.hollowbranch339@crystalball.io,northern reaches,2024-05-30,1980,Alchemy
WIZ-03070,Fiora Kilnworth,fiora.kilnworth885@crystalball.io,Northern Reaches,2026-03-06,2002,Herbalism
WIZ-03071,Ambrose Zellandine,ambrose.zellandine457@crystalball.io,Ember Coast,2025-05-26,1992,Herbalism
WIZ-03072,Peregrine Everbright,peregrine.everbright331@owlmail.co,Crystal Vale,2024-08-31,1903,Alchemy
WIZ-03073,Belladonna Frostpetal,belladonna.frostpetal732@grimoire.org,nr,2026-01-23,1945,ALCHEMY
WIZ-03074,Quilla Cinderfell,quilla.cinderfell977@ravenpost.net,NR,2024-12-09,2000,Healing
WIZ-03075,Fiora Dimbleby,fiora.dimbleby1@grimoire.org,NR,2024-05-06,1942,HERBALISM
WIZ-03076,Delphine Nightbloom,delphine.nightbloom334@ravenpost.net,Ember Coast,2025-02-04,1922,DIVINATION
WIZ-03077,Corvin Mistlethorn,corvin.mistlethorn525@moonmail.net,sw,2026-06-05,1977,Transmutation
WIZ-03078,Kestrel Crowfeather,kestrel.crowfeather974@ravenpost.net,ember coast,2023-12-23,1914,Herbalism
WIZ-03079,Ambrose Brightmantle,ambrose.brightmantle56@crystalball.io,ec,2024-11-07,1999,Herbalism
WIZ-03080,Nimbus Barrowmere,nimbus.barrowmere111@crystalball.io,The Marshlands,2025-08-05,1889,Enchantment
WIZ-03081,Elowen Fernwhistle,elowen.fernwhistle886@owlmail.co,Northern Reaches,2024-04-27,1892,Illusion
WIZ-03082,Caspian Barrowmere,caspian.barrowmere5@crystalball.io,nr,2025-05-27,1920,Divination
WIZ-03083,Ambrose Kilnworth,ambrose.kilnworth171@moonmail.net,the marshlands,2023-12-09,1944,Herbalism
WIZ-03084,Elowen Fernwhistle,elowen.fernwhistle341@grimoire.org,NR,2025-12-14,1933,Illusion
WIZ-03085,Juniper Wyrmwood,juniper.wyrmwood137@grimoire.org,NR,2023-12-07,1941,HEALING
WIZ-03086,Xanthe Frostpetal,xanthe.frostpetal383@ravenpost.net,sw,2023-06-10,1998,Illusion
WIZ-03087,Morwenna Tanglewood,morwenna.tanglewood872@moonmail.net,sw,2026-02-21,2004,Alchemy
WIZ-03088,Zephyrine Fernwhistle,zephyrine.fernwhistle664@owlmail.co,EC,2023-01-26,1931,Healing
WIZ-03089,Maribel Crowfeather,maribel.crowfeather600@owlmail.co,ec,2025-07-07,1960,Alchemy
WIZ-03090,Lyra Dimbleby,lyra.dimbleby258@crystalball.io,SW,2025-03-31,1893,HERBALISM
WIZ-03091,Kestrel Ashgrove,kestrel.ashgrove92@grimoire.org,NR,2023-10-03,1925,DIVINATION
WIZ-03092,Belladonna Tanglewood,belladonna.tanglewood692@crystalball.io,Crystal Vale,2023-05-25,1890,Enchantment
WIZ-03093,Alaric Nightbloom,alaric.nightbloom738@grimoire.org,nr,2023-04-21,1919,Healing
WIZ-03094,Quilla Fernwhistle,quilla.fernwhistle783@ravenpost.net,The Marshlands,2025-05-06,1950,Healing
WIZ-03095,Peregrine Thistledown,peregrine.thistledown332@moonmail.net,sw,2025-12-16,1996,Healing
WIZ-03096,Gideon Moonbrook,,Northern Reaches,2025-04-01,1888,ALCHEMY
WIZ-03097,Hawthorne Cinderfell,hawthorne.cinderfell657@moonmail.net,ml,2023-08-15,1988,Illusion
WIZ-03098,Lyra Nightbloom,lyra.nightbloom719@grimoire.org,SW,2024-09-09,1998,DIVINATION
WIZ-03099,Seraphine Barrowmere,seraphine.barrowmere148@moonmail.net,Northern Reaches,2025-09-06,1977,Enchantment
WIZ-03100,Morwenna Yewbarrow,morwenna.yewbarrow829@crystalball.io,Silverwood,2024-08-22,1985,Illusion
WIZ-03101,Umbra Mistlethorn,umbra.mistlethorn883@moonmail.net,NR,2023-06-26,1895,Enchantment
WIZ-03102,Xanthe Zellandine,xanthe.zellandine924@ravenpost.net,ML,2025-06-28,1947,Illusion
WIZ-03103,Grizelda Winterbourne,grizelda.winterbourne311@owlmail.co,cv,2023-12-20,1981,Transmutation
WIZ-03104,Rowan Umberfall,rowan.umberfall742@moonmail.net,CV,2024-01-30,1998,Divination
WIZ-03105,Bramble Everbright,bramble.everbright566@grimoire.org,EC,2025-04-04,1908,Transmutation
WIZ-03106,Corvin Vexley,corvin.vexley329@moonmail.net,ec,2025-07-07,1886,Enchantment
WIZ-03107,Corvin Fernwhistle,corvin.fernwhistle378@crystalball.io,silverwood,2023-02-07,1992,Divination
WIZ-03108,Hesper Umberfall,hesper.umberfall177@ravenpost.net,EC,2025-12-05,1933,Herbalism
WIZ-03109,Oleander Zellandine,oleander.zellandine168@owlmail.co,nr,2025-10-13,1895,Illusion
WIZ-03110,Quilla Ashgrove,quilla.ashgrove721@crystalball.io,cv,2026-03-20,1945,Illusion
WIZ-03111,Cassia Hollowbranch,cassia.hollowbranch19@ravenpost.net,ml,2024-11-15,1971,Healing
WIZ-03112,Xanthe Emberwhisk,xanthe.emberwhisk586@crystalball.io,NR,2024-01-31,1931,Enchantment
WIZ-03113,Seraphine Fernwhistle,seraphine.fernwhistle191@owlmail.co,ML,2024-08-01,1952,Transmutation
WIZ-03114,Delphine Kilnworth,delphine.kilnworth499@crystalball.io,ec,2025-09-08,1902,Illusion
WIZ-03115,Fenwick Cinderfell,fenwick.cinderfell253@grimoire.org,ML,2023-08-24,1887,Illusion
WIZ-03116,Edric Everbright,edric.everbright193@crystalball.io,NR,2025-06-20,1960,DIVINATION
WIZ-03117,Quilla Ravenscroft,quilla.ravenscroft789@owlmail.co,EC,2024-05-19,1942,Enchantment
WIZ-03118,Grizelda Hazelrigg,grizelda.hazelrigg103@crystalball.io,SW,2025-06-18,1889,Divination
WIZ-03119,Oswin Larkspur,oswin.larkspur853@moonmail.net,CV,2025-12-30,1985,Healing
WIZ-03120,Seraphine Dimbleby,seraphine.dimbleby516@moonmail.net,Ember Coast,2023-09-10,1892,Transmutation
WIZ-03121,Peregrine Larkspur,peregrine.larkspur661@ravenpost.net,northern reaches,2023-12-15,1925,Alchemy
WIZ-03122,Edric Larkspur,edric.larkspur456@grimoire.org,Silverwood,2025-08-26,1951,Illusion
WIZ-03123,Nimbus Zellandine,nimbus.zellandine891@moonmail.net,Ember Coast,2024-09-19,1984,Enchantment
WIZ-03124,Isolde Wandwright,isolde.wandwright178@owlmail.co,CV,2023-12-10,1965,Healing
WIZ-03125,Nimbus Frostpetal,nimbus.frostpetal691@owlmail.co,Ember Coast,2025-09-06,1933,Illusion
WIZ-03126,Corvin Netherfield,corvin.netherfield88@grimoire.org,sw,2026-05-27,1988,Illusion
WIZ-03127,Juniper Ashgrove,juniper.ashgrove262@owlmail.co,EC,2023-01-31,1938,Herbalism
WIZ-03128,Fenwick Saltmarsh,fenwick.saltmarsh260@moonmail.net,The Marshlands,2026-02-21,1957,Enchantment
WIZ-03129,Alaric Gorsebush,alaric.gorsebush362@moonmail.net,silverwood,2023-09-29,1919,Divination
WIZ-03130,Seraphine Larkspur,seraphine.larkspur676@owlmail.co,Silverwood,2025-09-07,1910,Illusion
WIZ-03131,Hawthorne Dimbleby,hawthorne.dimbleby340@ravenpost.net,NR,2024-04-20,2001,Alchemy
WIZ-03132,Umbra Mossheart,umbra.mossheart459@grimoire.org,EC,2025-10-18,2000,Enchantment
WIZ-03133,Vesper Ironquill,vesper.ironquill682@ravenpost.net,Northern Reaches,2025-05-27,1960,Transmutation
WIZ-03134,Edric Everbright,edric.everbright31@grimoire.org,nr,2023-07-06,1958,Herbalism
WIZ-03135,Zephyrine Yewbarrow,zephyrine.yewbarrow510@crystalball.io,Ember Coast,2025-08-27,1999,Enchantment
WIZ-03136,Kestrel Owlsworth,kestrel.owlsworth513@owlmail.co,The Marshlands,2025-07-13,1912,Divination
WIZ-03137,Corvin Vexley,corvin.vexley457@grimoire.org,EC,2025-07-07,1886,TRANSMUTATION
WIZ-03138,Dorian Frostpetal,dorian.frostpetal305@grimoire.org,ML,2023-08-18,1977,Transmutation
WIZ-03139,Elowen Stormbottle,elowen.stormbottle715@moonmail.net,NR,2024-09-29,2004,Divination
WIZ-03140,Lyra Crowfeather,lyra.crowfeather595@ravenpost.net,SW,2023-11-02,1962,Illusion
WIZ-03141,Zephyrine Winterbourne,zephyrine.winterbourne206@grimoire.org,northern reaches,2024-09-02,1986,Healing
WIZ-03142,Quilla Cinderfell,quilla.cinderfell989@ravenpost.net,Crystal Vale,2025-10-17,1949,Healing
WIZ-03143,Xanthe Copperkettle,xanthe.copperkettle767@owlmail.co,SW,2026-06-05,1905,TRANSMUTATION
WIZ-03144,Oleander Saltmarsh,oleander.saltmarsh472@grimoire.org,SW,2026-01-09,1923,Herbalism
WIZ-03145,Cassia Everbright,cassia.everbright943@moonmail.net,Ember Coast,2023-07-06,2004,Healing
WIZ-03146,Lyra Everbright,lyra.everbright223@ravenpost.net,NR,2023-05-11,1950,Herbalism
WIZ-03147,Ambrose Emberwhisk,ambrose.emberwhisk559@moonmail.net,EC,2023-09-13,1946,Healing
WIZ-03148,Elowen Hazelrigg,elowen.hazelrigg605@crystalball.io,The Marshlands,2024-01-19,1945,Transmutation
WIZ-03149,Vesper Jackdaw,vesper.jackdaw378@crystalball.io,cv,2024-12-06,1926,Herbalism
WIZ-03150,Belladonna Copperkettle,belladonna.copperkettle561@owlmail.co,SW,2023-06-04,1915,ALCHEMY
WIZ-03151,Caspian Hazelrigg,caspian.hazelrigg916@owlmail.co,ember coast,2024-10-15,1968,Transmutation
WIZ-03152,Ambrose Hazelrigg,ambrose.hazelrigg284@crystalball.io,ec,2025-11-23,1904,Herbalism
WIZ-03153,Hawthorne Jackdaw,hawthorne.jackdaw560@ravenpost.net,cv,2026-06-01,1936,Enchantment
WIZ-03154,Wendeline Emberwhisk,wendeline.emberwhisk667@ravenpost.net,EC,2025-06-12,1885,HERBALISM
WIZ-03155,Ambrose Frostpetal,ambrose.frostpetal446@ravenpost.net,SW,2025-03-24,1988,Illusion
WIZ-03156,Yarrow Copperkettle,yarrow.copperkettle782@crystalball.io,NR,2026-04-11,1923,Illusion
WIZ-03157,Corvin Zellandine,corvin.zellandine592@owlmail.co,Northern Reaches,2025-01-20,1973,TRANSMUTATION
WIZ-03158,Hawthorne Netherfield,,NR,2025-06-19,1955,Enchantment
WIZ-03159,Umbra Cinderfell,umbra.cinderfell297@ravenpost.net,ec,2023-06-18,1917,Transmutation
WIZ-03160,Petra Everbright,petra.everbright168@moonmail.net,NR,2026-04-18,1960,Transmutation
WIZ-03161,Ambrose Wyrmwood,ambrose.wyrmwood959@crystalball.io,sw,2024-06-29,1896,Transmutation
WIZ-03162,Oswin Wyrmwood,oswin.wyrmwood662@moonmail.net,sw,2025-01-26,1988,Alchemy
WIZ-03163,Wendeline Vexley,wendeline.vexley647@moonmail.net,silverwood,2025-03-08,1918,Illusion
WIZ-03164,Elowen Barrowmere,elowen.barrowmere491@crystalball.io,ec,2023-11-24,1915,Transmutation
WIZ-03165,Oswin Gorsebush,oswin.gorsebush393@ravenpost.net,the marshlands,2024-04-11,1895,Herbalism
WIZ-03166,Edric Tanglewood,edric.tanglewood192@moonmail.net,Northern Reaches,2023-08-15,2002,Healing
WIZ-03167,Seraphine Umberfall,seraphine.umberfall330@moonmail.net,EC,2025-09-22,1978,Herbalism
WIZ-03168,Thaddeus Stormbottle,thaddeus.stormbottle758@grimoire.org,NR,2023-05-09,1963,Divination
WIZ-03169,Dorian Zellandine,dorian.zellandine811@owlmail.co,CV,2023-07-27,2005,Transmutation
WIZ-03170,Maribel Ironquill,maribel.ironquill161@moonmail.net,Northern Reaches,2024-02-10,1961,TRANSMUTATION
WIZ-03171,Juniper Frostpetal,juniper.frostpetal517@moonmail.net,Northern Reaches,2025-05-30,1945,Divination
WIZ-03172,Peregrine Cinderfell,peregrine.cinderfell595@moonmail.net,The Marshlands,2025-10-24,1993,Transmutation
WIZ-03173,Corvin Frostpetal,corvin.frostpetal12@ravenpost.net,SW,2025-05-30,1931,Enchantment
WIZ-03174,Oleander Yewbarrow,oleander.yewbarrow18@grimoire.org,Silverwood,2023-01-28,1973,Divination
WIZ-03175,Hesper Hollowbranch,hesper.hollowbranch341@moonmail.net,EC,2024-01-31,1929,Transmutation
WIZ-03176,Caspian Saltmarsh,caspian.saltmarsh821@crystalball.io,Silverwood,2024-03-28,1960,Illusion
WIZ-03177,Cassia Gorsebush,,EC,2025-05-08,1910,Enchantment
WIZ-03178,Morwenna Yewbarrow,morwenna.yewbarrow535@owlmail.co,crystal vale,2024-05-03,1889,Illusion
WIZ-03179,Bramble Umberfall,bramble.umberfall419@moonmail.net,EC,2023-07-14,1984,Divination
WIZ-03180,Juniper Fernwhistle,juniper.fernwhistle188@grimoire.org,ml,2024-07-29,1927,Divination
WIZ-03181,Juniper Foxglove,juniper.foxglove229@grimoire.org,NR,2023-06-24,1996,Transmutation
WIZ-03182,Hesper Vexley,hesper.vexley268@moonmail.net,Northern Reaches,2024-08-04,1984,Illusion
WIZ-03183,Caspian Hollowbranch,caspian.hollowbranch683@grimoire.org,NR,2024-02-09,1946,ALCHEMY
WIZ-03184,Wendeline Crowfeather,wendeline.crowfeather831@ravenpost.net,Ember Coast,2025-05-31,1966,Enchantment
WIZ-03185,Isolde Umberfall,isolde.umberfall337@moonmail.net,Silverwood,2025-04-27,1955,Healing
WIZ-03186,Umbra Saltmarsh,umbra.saltmarsh497@moonmail.net,EC,2024-12-02,1945,Enchantment
WIZ-03187,Jasper Owlsworth,jasper.owlsworth88@crystalball.io,nr,2024-07-17,2006,Illusion
WIZ-03188,Zephyrine Wyrmwood,zephyrine.wyrmwood697@ravenpost.net,nr,2023-05-02,1965,TRANSMUTATION
WIZ-03189,Seraphine Emberwhisk,seraphine.emberwhisk365@ravenpost.net,Northern Reaches,2025-09-25,1924,Alchemy
WIZ-03190,Juniper Larkspur,juniper.larkspur896@moonmail.net,SW,2024-05-04,1968,Transmutation
WIZ-03191,Petra Fernwhistle,petra.fernwhistle873@moonmail.net,crystal vale,2023-12-23,1913,Illusion
WIZ-03192,Nimbus Yewbarrow,nimbus.yewbarrow312@crystalball.io,ec,2023-05-24,1980,Healing
WIZ-03193,Oswin Fernwhistle,oswin.fernwhistle684@owlmail.co,nr,2023-10-31,1996,Illusion
WIZ-03194,Ambrose Yewbarrow,ambrose.yewbarrow789@ravenpost.net,ML,2026-05-19,1912,HERBALISM
WIZ-03195,Bramble Brightmantle,bramble.brightmantle557@grimoire.org,EC,2026-01-15,1925,Healing
WIZ-03196,Yarrow Ashgrove,yarrow.ashgrove515@grimoire.org,nr,2024-08-22,1886,Herbalism
WIZ-03197,Zephyrine Zellandine,zephyrine.zellandine915@ravenpost.net,nr,2026-01-26,1922,Transmutation
WIZ-03198,Juniper Nightbloom,juniper.nightbloom334@crystalball.io,CV,2023-04-14,1904,Alchemy
WIZ-03199,Wendeline Mossheart,wendeline.mossheart608@moonmail.net,EC,2024-11-08,1995,Divination
WIZ-03200,Maribel Umberfall,maribel.umberfall317@grimoire.org,EC,2026-04-16,1892,Enchantment
WIZ-03201,Caspian Ashgrove,caspian.ashgrove92@crystalball.io,ML,2025-02-23,1939,Healing
WIZ-03202,Fenwick Duskwater,fenwick.duskwater919@grimoire.org,Ember Coast,2025-03-16,1918,Illusion
WIZ-03203,Quilla Owlsworth,quilla.owlsworth758@owlmail.co,Silverwood,2026-05-30,1979,Herbalism
WIZ-03204,Quilla Glimmerstone,quilla.glimmerstone118@owlmail.co,Crystal Vale,2026-02-08,1956,Healing
WIZ-03205,Belladonna Ravenscroft,belladonna.ravenscroft828@owlmail.co,ec,2023-07-13,2004,Alchemy
WIZ-03206,Lyra Everbright,lyra.everbright498@crystalball.io,SW,2024-07-03,1940,Alchemy
WIZ-03207,Alaric Hollowbranch,alaric.hollowbranch196@crystalball.io,NR,2024-11-04,1934,Healing
WIZ-03208,Belladonna Foxglove,belladonna.foxglove962@ravenpost.net,ML,2025-01-29,1894,Illusion
WIZ-03209,Rowan Ravenscroft,rowan.ravenscroft145@grimoire.org,EC,2026-04-05,2000,Herbalism
WIZ-03210,Rowan Hazelrigg,,NR,2026-06-14,1935,Divination
WIZ-03211,Lyra Netherfield,lyra.netherfield751@owlmail.co,nr,2024-06-26,1942,Divination
WIZ-03212,Isolde Crowfeather,isolde.crowfeather445@moonmail.net,ec,2025-09-13,1950,Illusion
WIZ-03213,Seraphine Wyrmwood,seraphine.wyrmwood469@crystalball.io,SW,2025-10-01,1958,Alchemy
WIZ-03214,Elowen Copperkettle,elowen.copperkettle507@owlmail.co,Crystal Vale,2025-06-20,1981,Transmutation
WIZ-03215,Oleander Thistledown,oleander.thistledown665@grimoire.org,cv,2025-06-04,1911,Illusion
WIZ-03216,Zephyrine Ashgrove,zephyrine.ashgrove496@grimoire.org,SW,2025-01-28,1923,HEALING
WIZ-03217,Ignatius Mossheart,ignatius.mossheart815@ravenpost.net,SW,2023-04-15,1936,Alchemy
WIZ-03218,Peregrine Barrowmere,peregrine.barrowmere893@moonmail.net,nr,2023-03-01,1973,ENCHANTMENT
WIZ-03219,Xanthe Copperkettle,xanthe.copperkettle907@owlmail.co,sw,2023-12-29,1897,Alchemy
WIZ-03220,Fenwick Saltmarsh,fenwick.saltmarsh387@grimoire.org,NR,2024-09-25,1908,Divination
WIZ-03221,Seraphine Yewbarrow,seraphine.yewbarrow669@owlmail.co,ML,2023-05-25,2006,Transmutation
WIZ-03222,Jasper Tanglewood,jasper.tanglewood916@grimoire.org,CV,2023-05-30,1986,Illusion
WIZ-03223,Ambrose Ravenscroft,ambrose.ravenscroft80@crystalball.io,The Marshlands,2024-06-26,1998,Herbalism
WIZ-03224,Zephyrine Ravenscroft,zephyrine.ravenscroft578@moonmail.net,EC,2025-12-19,1996,Transmutation
WIZ-03225,Xanthe Cinderfell,xanthe.cinderfell96@grimoire.org,Silverwood,2025-02-05,2004,Divination
WIZ-03226,Oswin Everbright,oswin.everbright998@grimoire.org,NR,2024-08-25,1910,Herbalism
WIZ-03227,Oleander Foxglove,oleander.foxglove810@grimoire.org,Northern Reaches,2023-02-23,1946,Healing
WIZ-03228,Seraphine Frostpetal,seraphine.frostpetal460@moonmail.net,sw,2023-12-01,1952,Herbalism
WIZ-03229,Delphine Mossheart,delphine.mossheart157@moonmail.net,ML,2025-06-04,1902,Herbalism
WIZ-03230,Umbra Duskwater,umbra.duskwater874@owlmail.co,silverwood,2023-10-31,1999,Alchemy
WIZ-03231,Seraphine Fernwhistle,seraphine.fernwhistle807@crystalball.io,EC,2025-12-01,1954,Healing
WIZ-03232,Corvin Stormbottle,corvin.stormbottle222@grimoire.org,ec,2025-04-03,1951,Divination
WIZ-03233,Xanthe Emberwhisk,xanthe.emberwhisk553@grimoire.org,EC,2023-12-11,1979,Transmutation
WIZ-03234,Petra Larkspur,petra.larkspur809@owlmail.co,Northern Reaches,2023-07-12,1986,Divination
WIZ-03235,Gideon Thistledown,gideon.thistledown826@crystalball.io,sw,2023-08-03,1918,Healing
WIZ-03236,Zephyrine Emberwhisk,zephyrine.emberwhisk941@owlmail.co,EC,2023-07-24,2004,Transmutation
WIZ-03237,Yarrow Cinderfell,yarrow.cinderfell398@crystalball.io,NR,2025-01-29,1992,Divination
WIZ-03238,Seraphine Cinderfell,seraphine.cinderfell8@ravenpost.net,ec,2024-12-07,1900,Herbalism
WIZ-03239,Delphine Duskwater,delphine.duskwater653@moonmail.net,ec,2023-04-23,1961,Enchantment
WIZ-03240,Vesper Zellandine,vesper.zellandine162@grimoire.org,CV,2025-02-24,1932,Healing
WIZ-03241,Xanthe Stormbottle,xanthe.stormbottle29@owlmail.co,Silverwood,2023-09-03,1952,Illusion
WIZ-03242,Grizelda Cinderfell,grizelda.cinderfell23@owlmail.co,EC,2023-12-01,1909,Alchemy
WIZ-03243,Seraphine Glimmerstone,seraphine.glimmerstone483@ravenpost.net,EC,2026-02-14,1901,Enchantment
WIZ-03244,Petra Frostpetal,petra.frostpetal168@grimoire.org,CV,2026-05-25,1944,Herbalism
WIZ-03245,Hesper Mistlethorn,hesper.mistlethorn747@moonmail.net,ML,2024-10-27,1898,Alchemy
WIZ-03246,Elowen Duskwater,elowen.duskwater300@moonmail.net,EC,2023-09-27,1924,Transmutation
WIZ-03247,Nimbus Crowfeather,nimbus.crowfeather907@crystalball.io,Northern Reaches,2024-04-26,1885,Enchantment
WIZ-03248,Thaddeus Saltmarsh,thaddeus.saltmarsh759@ravenpost.net,NR,2026-01-07,1900,ENCHANTMENT
WIZ-03249,Fiora Yewbarrow,fiora.yewbarrow397@ravenpost.net,Northern Reaches,2024-09-30,1899,Healing
WIZ-03250,Ignatius Mossheart,ignatius.mossheart647@ravenpost.net,EC,2026-05-12,1916,Alchemy
WIZ-03251,Belladonna Duskwater,belladonna.duskwater682@crystalball.io,EC,2023-03-07,1936,Enchantment
WIZ-03252,Caspian Jackdaw,caspian.jackdaw77@ravenpost.net,EC,2024-11-30,1919,Illusion
WIZ-03253,Elowen Ashgrove,elowen.ashgrove299@grimoire.org,CV,2024-04-29,2001,Illusion
WIZ-03254,Dorian Barrowmere,dorian.barrowmere76@ravenpost.net,ec,2025-04-27,1936,Healing
WIZ-03255,Oleander Umberfall,oleander.umberfall244@crystalball.io,CV,2023-12-13,1925,Divination
WIZ-03256,Seraphine Barrowmere,seraphine.barrowmere240@ravenpost.net,Crystal Vale,2023-07-12,1919,Herbalism
WIZ-03257,Cassia Saltmarsh,cassia.saltmarsh708@owlmail.co,ember coast,2025-04-21,1968,HEALING
WIZ-03258,Seraphine Barrowmere,seraphine.barrowmere776@ravenpost.net,cv,2025-03-05,1993,Enchantment
WIZ-03259,Belladonna Kilnworth,belladonna.kilnworth385@ravenpost.net,Northern Reaches,2025-05-25,1952,DIVINATION
WIZ-03260,Umbra Brightmantle,umbra.brightmantle511@owlmail.co,Northern Reaches,2025-11-13,1932,Enchantment
WIZ-03261,Edric Fernwhistle,edric.fernwhistle97@grimoire.org,EC,2026-03-10,1992,Alchemy
WIZ-03262,Edric Saltmarsh,edric.saltmarsh220@grimoire.org,northern reaches,2023-01-05,1899,Herbalism
WIZ-03263,Corvin Crowfeather,corvin.crowfeather368@owlmail.co,SW,2023-01-19,1985,ENCHANTMENT
WIZ-03264,Wendeline Everbright,wendeline.everbright544@crystalball.io,EC,2024-12-04,1935,Herbalism
WIZ-03265,Oleander Mistlethorn,oleander.mistlethorn437@ravenpost.net,NR,2024-12-24,1919,Healing
WIZ-03266,Yarrow Stormbottle,yarrow.stormbottle914@moonmail.net,northern reaches,2025-12-08,1979,Enchantment
WIZ-03267,Morwenna Glimmerstone,morwenna.glimmerstone842@ravenpost.net,ec,2024-12-01,1962,Divination
WIZ-03268,Kestrel Winterbourne,kestrel.winterbourne400@grimoire.org,EC,2023-03-25,1990,Enchantment
WIZ-03269,Wendeline Barrowmere,wendeline.barrowmere717@ravenpost.net,CV,2023-06-29,1909,Alchemy
WIZ-03270,Fiora Copperkettle,fiora.copperkettle239@grimoire.org,ML,2023-11-20,1985,Healing
WIZ-03271,Jasper Thistledown,jasper.thistledown609@owlmail.co,CV,2025-01-06,1932,Enchantment
WIZ-03272,Petra Owlsworth,petra.owlsworth679@crystalball.io,CV,2023-02-21,2007,Illusion
WIZ-03273,Alaric Kilnworth,alaric.kilnworth820@moonmail.net,NR,2024-05-18,1985,Divination
WIZ-03274,Wendeline Dimbleby,wendeline.dimbleby102@grimoire.org,Crystal Vale,2024-06-17,1894,Divination
WIZ-03275,Umbra Nightbloom,umbra.nightbloom213@ravenpost.net,nr,2023-03-17,1909,ALCHEMY
WIZ-03276,Lyra Duskwater,lyra.duskwater538@crystalball.io,The Marshlands,2026-02-11,1906,Divination
WIZ-03277,Lyra Mossheart,lyra.mossheart805@owlmail.co,SW,2024-08-04,1975,Illusion
WIZ-03278,Corvin Quickbramble,corvin.quickbramble13@moonmail.net,cv,2023-04-18,1941,Herbalism
WIZ-03279,Hawthorne Mossheart,hawthorne.mossheart970@moonmail.net,NR,2024-10-23,1891,Herbalism
WIZ-03280,Oleander Winterbourne,oleander.winterbourne238@ravenpost.net,Crystal Vale,2025-07-17,1923,Alchemy
WIZ-03281,Peregrine Ironquill,peregrine.ironquill666@grimoire.org,Crystal Vale,2024-03-30,1954,Healing
WIZ-03282,Caspian Cinderfell,caspian.cinderfell174@crystalball.io,ML,2026-02-09,1888,Transmutation
WIZ-03283,Alaric Thistledown,alaric.thistledown330@moonmail.net,Silverwood,2023-08-27,2002,Alchemy
WIZ-03284,Hawthorne Gorsebush,hawthorne.gorsebush764@owlmail.co,SW,2023-07-03,1988,Divination
WIZ-03285,Fiora Everbright,fiora.everbright985@crystalball.io,Silverwood,2026-01-18,1913,Transmutation
WIZ-03286,Seraphine Nightbloom,seraphine.nightbloom35@grimoire.org,ML,2023-08-29,1938,Enchantment
WIZ-03287,Zephyrine Winterbourne,zephyrine.winterbourne587@ravenpost.net,ml,2025-02-24,1898,Herbalism
WIZ-03288,Bramble Mistlethorn,bramble.mistlethorn862@owlmail.co,NR,2023-07-30,1947,Transmutation
WIZ-03289,Alaric Winterbourne,alaric.winterbourne29@grimoire.org,nr,2026-04-08,1902,Healing
WIZ-03290,Xanthe Hazelrigg,xanthe.hazelrigg99@grimoire.org,NR,2024-05-03,1973,Alchemy
WIZ-03291,Rowan Everbright,rowan.everbright944@crystalball.io,NR,2024-01-04,1927,Illusion
WIZ-03292,Bramble Tanglewood,bramble.tanglewood938@grimoire.org,SW,2025-02-10,1888,Illusion
WIZ-03293,Cassia Netherfield,cassia.netherfield322@crystalball.io,northern reaches,2023-01-24,1897,Herbalism
WIZ-03294,Ambrose Ironquill,ambrose.ironquill446@crystalball.io,CV,2025-03-27,1980,Enchantment
WIZ-03295,Caspian Duskwater,caspian.duskwater323@crystalball.io,northern reaches,2023-07-09,1931,HEALING
WIZ-03296,Umbra Zellandine,,ML,2025-04-14,1978,Transmutation
WIZ-03297,Oleander Mistlethorn,oleander.mistlethorn25@ravenpost.net,NR,2024-08-06,1965,Healing
WIZ-03298,Ignatius Cinderfell,,NR,2024-05-05,1985,ALCHEMY
WIZ-03299,Hesper Duskwater,,CV,2023-02-20,1922,Enchantment
WIZ-03300,Quilla Netherfield,quilla.netherfield303@moonmail.net,ML,2025-12-24,1931,Transmutation
WIZ-03301,Juniper Larkspur,juniper.larkspur138@crystalball.io,EC,2025-04-15,1909,Herbalism
WIZ-03302,Vesper Glimmerstone,vesper.glimmerstone684@ravenpost.net,ML,2024-06-03,1907,Enchantment
WIZ-03303,Hawthorne Vexley,hawthorne.vexley247@ravenpost.net,EC,2026-03-09,1996,ILLUSION
WIZ-03304,Fiora Duskwater,fiora.duskwater493@grimoire.org,the marshlands,2024-03-19,1969,Transmutation
WIZ-03305,Grizelda Moonbrook,grizelda.moonbrook161@owlmail.co,nr,2025-02-20,1945,Healing
WIZ-03306,Yarrow Nightbloom,yarrow.nightbloom285@grimoire.org,SW,2025-03-18,1982,Enchantment
WIZ-03307,Lyra Duskwater,lyra.duskwater556@owlmail.co,Northern Reaches,2024-09-25,1893,Illusion
WIZ-03308,Peregrine Crowfeather,peregrine.crowfeather700@crystalball.io,the marshlands,2025-04-05,1961,Illusion
WIZ-03309,Delphine Saltmarsh,delphine.saltmarsh273@crystalball.io,crystal vale,2024-10-03,1958,Alchemy
WIZ-03310,Thaddeus Wyrmwood,thaddeus.wyrmwood241@moonmail.net,Northern Reaches,2023-09-19,1956,Enchantment
WIZ-03311,Juniper Emberwhisk,juniper.emberwhisk490@grimoire.org,sw,2025-11-01,1946,Transmutation
WIZ-03312,Edric Winterbourne,edric.winterbourne281@owlmail.co,ec,2024-08-16,1994,Herbalism
WIZ-03313,Ignatius Kilnworth,ignatius.kilnworth469@grimoire.org,ember coast,2025-09-26,1981,Healing
WIZ-03314,Hawthorne Mistlethorn,hawthorne.mistlethorn859@crystalball.io,nr,2024-01-09,1968,Herbalism
WIZ-03315,Maribel Frostpetal,maribel.frostpetal364@grimoire.org,ML,2024-07-16,1958,Healing
WIZ-03316,Belladonna Winterbourne,belladonna.winterbourne845@grimoire.org,ec,2026-02-26,1994,Alchemy
WIZ-03317,Edric Ashgrove,edric.ashgrove867@grimoire.org,CV,2023-12-30,1931,Enchantment
WIZ-03318,Xanthe Owlsworth,xanthe.owlsworth851@moonmail.net,Silverwood,2023-10-16,1926,Transmutation
WIZ-03319,Yarrow Winterbourne,yarrow.winterbourne563@crystalball.io,Ember Coast,2025-03-31,1975,Enchantment
WIZ-03320,Ambrose Winterbourne,ambrose.winterbourne995@owlmail.co,northern reaches,2023-12-13,1927,HEALING
WIZ-03321,Nimbus Thistledown,nimbus.thistledown752@grimoire.org,nr,2024-12-12,1974,Illusion
WIZ-03322,Umbra Gorsebush,umbra.gorsebush735@moonmail.net,SW,2025-11-22,2005,Illusion
WIZ-03323,Belladonna Yewbarrow,belladonna.yewbarrow831@moonmail.net,Silverwood,2024-02-24,1908,Illusion
WIZ-03324,Thaddeus Duskwater,thaddeus.duskwater615@crystalball.io,NR,2026-04-18,1892,Transmutation
WIZ-03325,Grizelda Barrowmere,grizelda.barrowmere800@grimoire.org,SW,2024-05-04,1920,Transmutation
WIZ-03326,Corvin Wandwright,corvin.wandwright697@grimoire.org,SW,2025-08-03,1992,Enchantment
WIZ-03327,Oleander Stormbottle,oleander.stormbottle76@crystalball.io,ec,2023-04-12,1892,Transmutation
WIZ-03328,Dorian Everbright,dorian.everbright202@owlmail.co,The Marshlands,2024-07-22,1990,Enchantment
WIZ-03329,Edric Quickbramble,edric.quickbramble734@owlmail.co,ML,2024-03-18,1921,Healing
WIZ-03330,Yarrow Kilnworth,yarrow.kilnworth121@owlmail.co,SW,2026-03-18,2000,Alchemy
WIZ-03331,Grizelda Ironquill,grizelda.ironquill928@ravenpost.net,northern reaches,2024-04-18,1960,Alchemy
WIZ-03332,Jasper Emberwhisk,jasper.emberwhisk928@ravenpost.net,cv,2025-02-22,1934,Transmutation
WIZ-03333,Quilla Foxglove,quilla.foxglove572@owlmail.co,ML,2023-10-25,1995,Enchantment
WIZ-03334,Kestrel Hazelrigg,kestrel.hazelrigg737@grimoire.org,nr,2025-07-30,1965,Illusion
WIZ-03335,Alaric Stormbottle,alaric.stormbottle701@ravenpost.net,cv,2025-10-30,1989,Healing
WIZ-03336,Vesper Umberfall,vesper.umberfall621@owlmail.co,Northern Reaches,2024-03-10,1966,Alchemy
WIZ-03337,Peregrine Dimbleby,peregrine.dimbleby500@moonmail.net,Crystal Vale,2024-04-17,1997,Enchantment
WIZ-03338,Oleander Glimmerstone,oleander.glimmerstone454@owlmail.co,ec,2025-12-22,1948,Illusion
WIZ-03339,Fenwick Cinderfell,fenwick.cinderfell893@owlmail.co,Silverwood,2024-03-29,2007,Illusion
WIZ-03340,Seraphine Nightbloom,seraphine.nightbloom682@moonmail.net,NR,2025-11-10,1887,Alchemy
WIZ-03341,Delphine Nightbloom,delphine.nightbloom824@crystalball.io,nr,2024-11-15,1943,HEALING
WIZ-03342,Xanthe Crowfeather,xanthe.crowfeather406@owlmail.co,ML,2024-10-11,1895,Herbalism
WIZ-03343,Elowen Glimmerstone,elowen.glimmerstone524@crystalball.io,EC,2023-04-27,1913,Healing
WIZ-03344,Cassia Wandwright,cassia.wandwright581@owlmail.co,northern reaches,2026-06-10,1931,TRANSMUTATION
WIZ-03345,Oswin Thistledown,oswin.thistledown718@grimoire.org,NR,2023-04-17,1991,Herbalism
WIZ-03346,Cassia Glimmerstone,cassia.glimmerstone903@crystalball.io,SW,2024-07-06,1894,Illusion
WIZ-03347,Kestrel Hollowbranch,kestrel.hollowbranch16@ravenpost.net,EC,2026-05-25,1933,Alchemy
WIZ-03348,Belladonna Yewbarrow,belladonna.yewbarrow973@crystalball.io,nr,2023-11-17,1890,Illusion
WIZ-03349,Elowen Jackdaw,elowen.jackdaw34@crystalball.io,EC,2024-08-01,1925,Enchantment
WIZ-03350,Hawthorne Kilnworth,hawthorne.kilnworth916@grimoire.org,northern reaches,2026-03-18,1946,Transmutation
WIZ-03351,Rowan Frostpetal,rowan.frostpetal51@crystalball.io,nr,2026-03-14,1999,Alchemy
WIZ-03352,Wendeline Thistledown,wendeline.thistledown411@crystalball.io,ML,2024-12-21,1997,Alchemy
WIZ-03353,Ambrose Ashgrove,ambrose.ashgrove265@ravenpost.net,ML,2025-11-16,1984,Transmutation
WIZ-03354,Juniper Jackdaw,juniper.jackdaw378@moonmail.net,NR,2024-10-08,1948,Enchantment
WIZ-03355,Fiora Moonbrook,fiora.moonbrook562@grimoire.org,ML,2025-08-16,1890,Alchemy
WIZ-03356,Thaddeus Brightmantle,thaddeus.brightmantle267@owlmail.co,ml,2026-04-01,1965,Healing
WIZ-03357,Wendeline Moonbrook,wendeline.moonbrook686@moonmail.net,silverwood,2023-05-07,1997,Divination
WIZ-03358,Petra Crowfeather,petra.crowfeather421@moonmail.net,SW,2023-05-27,1904,ILLUSION
WIZ-03359,Yarrow Ironquill,yarrow.ironquill548@ravenpost.net,CV,2023-01-11,1931,Herbalism
WIZ-03360,Oswin Mistlethorn,oswin.mistlethorn755@ravenpost.net,SW,2025-10-22,1900,Illusion
WIZ-03361,Cassia Emberwhisk,,Silverwood,2025-09-16,1929,ILLUSION
WIZ-03362,Ignatius Thistledown,ignatius.thistledown567@crystalball.io,NR,2024-04-04,1932,Alchemy
WIZ-03363,Belladonna Everbright,belladonna.everbright500@owlmail.co,sw,2024-08-16,1905,Illusion
WIZ-03364,Oswin Quickbramble,oswin.quickbramble11@moonmail.net,ML,2024-10-29,1905,TRANSMUTATION
WIZ-03365,Petra Frostpetal,petra.frostpetal849@grimoire.org,CV,2025-01-17,1973,Healing
WIZ-03366,Grizelda Hollowbranch,grizelda.hollowbranch599@crystalball.io,ml,2024-08-16,1965,Illusion
WIZ-03367,Ignatius Ironquill,ignatius.ironquill170@crystalball.io,The Marshlands,2023-06-30,1892,Herbalism
WIZ-03368,Alaric Jackdaw,alaric.jackdaw844@ravenpost.net,The Marshlands,2024-11-30,1996,Enchantment
WIZ-03369,Zephyrine Fernwhistle,zephyrine.fernwhistle950@crystalball.io,Silverwood,2025-02-17,1964,Healing
WIZ-03370,Yarrow Wandwright,yarrow.wandwright587@grimoire.org,crystal vale,2025-08-28,1954,Illusion
WIZ-03371,Morwenna Wyrmwood,morwenna.wyrmwood369@owlmail.co,CV,2024-08-25,1947,DIVINATION
WIZ-03372,Petra Foxglove,petra.foxglove825@moonmail.net,crystal vale,2023-10-10,1934,Herbalism
WIZ-03373,Juniper Dimbleby,juniper.dimbleby510@ravenpost.net,ml,2026-04-27,1910,Enchantment
WIZ-03374,Dorian Cinderfell,dorian.cinderfell553@crystalball.io,silverwood,2025-09-21,1915,Illusion
WIZ-03375,Corvin Mossheart,corvin.mossheart64@owlmail.co,SW,2024-07-06,1968,Enchantment
WIZ-03376,Oleander Frostpetal,oleander.frostpetal883@owlmail.co,ec,2025-07-29,1885,Alchemy
WIZ-03377,Dorian Saltmarsh,dorian.saltmarsh482@ravenpost.net,nr,2025-03-06,1958,Healing
WIZ-03378,Quilla Vexley,,CV,2023-07-12,2002,Enchantment
WIZ-03379,Hawthorne Netherfield,hawthorne.netherfield337@crystalball.io,ember coast,2025-06-01,1950,Illusion
WIZ-03380,Fiora Quickbramble,fiora.quickbramble514@crystalball.io,ML,2023-06-13,1929,Alchemy
WIZ-03381,Isolde Ironquill,isolde.ironquill920@ravenpost.net,NR,2023-11-24,1917,Transmutation
WIZ-03382,Juniper Gorsebush,,EC,2025-06-19,1995,Herbalism
WIZ-03383,Hesper Brightmantle,hesper.brightmantle95@crystalball.io,NR,2023-01-26,1976,Illusion
WIZ-03384,Cassia Brightmantle,cassia.brightmantle439@moonmail.net,Silverwood,2025-07-18,1912,Illusion
WIZ-03385,Petra Foxglove,petra.foxglove915@moonmail.net,NR,2025-07-27,1944,Illusion
WIZ-03386,Jasper Vexley,jasper.vexley385@ravenpost.net,EC,2023-07-28,1988,Healing
WIZ-03387,Hawthorne Winterbourne,hawthorne.winterbourne631@ravenpost.net,NR,2026-03-17,1989,Healing
WIZ-03388,Yarrow Larkspur,yarrow.larkspur213@grimoire.org,ec,2023-07-14,1895,Enchantment
WIZ-03389,Umbra Mistlethorn,umbra.mistlethorn431@moonmail.net,ML,2025-04-13,1981,Herbalism
WIZ-03390,Seraphine Wyrmwood,seraphine.wyrmwood111@moonmail.net,ec,2026-04-30,1946,Transmutation
WIZ-03391,Cassia Ravenscroft,cassia.ravenscroft845@owlmail.co,NR,2023-10-15,1951,Herbalism
WIZ-03392,Corvin Wyrmwood,corvin.wyrmwood626@owlmail.co,EC,2023-05-29,1888,Illusion
WIZ-03393,Ignatius Barrowmere,ignatius.barrowmere479@ravenpost.net,ml,2025-09-13,1934,Healing
WIZ-03394,Edric Gorsebush,edric.gorsebush516@ravenpost.net,ember coast,2025-09-10,1947,Divination
WIZ-03395,Hesper Foxglove,hesper.foxglove31@ravenpost.net,silverwood,2023-02-14,1954,Divination
WIZ-03396,Delphine Vexley,delphine.vexley4@moonmail.net,ec,2024-02-10,1986,Enchantment
WIZ-03397,Morwenna Yewbarrow,morwenna.yewbarrow665@ravenpost.net,cv,2026-06-03,1958,Transmutation
WIZ-03398,Zephyrine Gorsebush,zephyrine.gorsebush929@owlmail.co,EC,2025-12-19,1978,Illusion
WIZ-03399,Rowan Wyrmwood,rowan.wyrmwood795@ravenpost.net,sw,2023-01-24,1905,Enchantment
WIZ-03400,Petra Dimbleby,,nr,2025-09-27,1952,Divination
WIZ-03401,Petra Ironquill,petra.ironquill265@crystalball.io,crystal vale,2025-06-20,1955,Herbalism
WIZ-03402,Rowan Ironquill,rowan.ironquill816@crystalball.io,silverwood,2023-09-19,1943,Enchantment
WIZ-03403,Lyra Nightbloom,lyra.nightbloom433@grimoire.org,ML,2024-05-31,1892,ALCHEMY
WIZ-03404,Corvin Everbright,corvin.everbright25@moonmail.net,ec,2025-05-07,1992,Enchantment
WIZ-03405,Vesper Fernwhistle,vesper.fernwhistle898@moonmail.net,SW,2024-11-07,1999,Healing
WIZ-03406,Fiora Ironquill,fiora.ironquill752@grimoire.org,NR,2024-10-09,1989,DIVINATION
WIZ-03407,Edric Tanglewood,edric.tanglewood609@moonmail.net,Northern Reaches,2023-05-21,1916,Divination
WIZ-03408,Ignatius Hollowbranch,ignatius.hollowbranch885@moonmail.net,EC,2024-08-09,1889,Herbalism
WIZ-03409,Caspian Hazelrigg,caspian.hazelrigg14@ravenpost.net,EC,2024-02-15,1937,Transmutation
WIZ-03410,Fiora Gorsebush,fiora.gorsebush129@crystalball.io,cv,2025-09-11,1923,Divination
WIZ-03411,Belladonna Yewbarrow,belladonna.yewbarrow622@ravenpost.net,CV,2026-03-17,1976,Transmutation
WIZ-03412,Belladonna Emberwhisk,belladonna.emberwhisk530@owlmail.co,ember coast,2023-09-24,1914,Herbalism
WIZ-03413,Nimbus Fernwhistle,nimbus.fernwhistle683@moonmail.net,SW,2025-01-24,1930,Enchantment
WIZ-03414,Gideon Zellandine,gideon.zellandine89@ravenpost.net,NR,2024-02-27,1948,Alchemy
WIZ-03415,Thaddeus Copperkettle,thaddeus.copperkettle853@moonmail.net,NR,2024-09-20,1914,Enchantment
WIZ-03416,Cassia Cinderfell,cassia.cinderfell423@crystalball.io,ml,2024-11-30,1889,Herbalism
WIZ-03417,Oleander Moonbrook,,SW,2024-09-24,1930,Illusion
WIZ-03418,Thaddeus Tanglewood,thaddeus.tanglewood99@grimoire.org,Crystal Vale,2025-03-12,1994,Transmutation
WIZ-03419,Fiora Quickbramble,fiora.quickbramble824@ravenpost.net,CV,2026-04-28,1990,Enchantment
WIZ-03420,Juniper Kilnworth,juniper.kilnworth845@owlmail.co,Northern Reaches,2025-10-12,1910,Divination
WIZ-03421,Xanthe Yewbarrow,xanthe.yewbarrow459@ravenpost.net,sw,2024-10-17,1936,ILLUSION
WIZ-03422,Fiora Glimmerstone,,NR,2023-09-16,1887,Transmutation
WIZ-03423,Delphine Zellandine,delphine.zellandine853@moonmail.net,Silverwood,2025-03-21,1937,Alchemy
WIZ-03424,Wendeline Cinderfell,wendeline.cinderfell911@grimoire.org,SW,2025-01-14,1895,Transmutation
WIZ-03425,Corvin Umberfall,corvin.umberfall614@moonmail.net,EC,2024-05-25,2004,Enchantment
WIZ-03426,Elowen Umberfall,elowen.umberfall988@moonmail.net,The Marshlands,2024-12-15,1906,Illusion
WIZ-03427,Grizelda Yewbarrow,grizelda.yewbarrow21@owlmail.co,silverwood,2025-04-07,1962,Transmutation
WIZ-03428,Seraphine Mossheart,seraphine.mossheart317@crystalball.io,sw,2023-05-29,2006,Transmutation
WIZ-03429,Dorian Owlsworth,dorian.owlsworth133@crystalball.io,Silverwood,2025-10-27,1977,ALCHEMY
WIZ-03430,Gideon Winterbourne,gideon.winterbourne815@ravenpost.net,ec,2025-04-29,1986,Enchantment
WIZ-03431,Oleander Kilnworth,oleander.kilnworth178@moonmail.net,ec,2025-04-25,1916,Healing
WIZ-03432,Hawthorne Ravenscroft,hawthorne.ravenscroft358@moonmail.net,Ember Coast,2025-09-07,2002,Illusion
WIZ-03433,Maribel Wandwright,maribel.wandwright587@moonmail.net,Northern Reaches,2024-01-08,1991,Herbalism
WIZ-03434,Wendeline Wyrmwood,wendeline.wyrmwood790@owlmail.co,ember coast,2023-04-30,1920,Healing
WIZ-03435,Bramble Gorsebush,bramble.gorsebush222@ravenpost.net,CV,2025-08-29,1927,Herbalism
WIZ-03436,Caspian Ironquill,caspian.ironquill878@crystalball.io,Silverwood,2026-05-03,1911,Enchantment
WIZ-03437,Hesper Hollowbranch,hesper.hollowbranch187@grimoire.org,EC,2023-04-14,1969,Herbalism
WIZ-03438,Fiora Jackdaw,fiora.jackdaw651@grimoire.org,NR,2025-02-08,1994,Healing
WIZ-03439,Bramble Yewbarrow,bramble.yewbarrow190@grimoire.org,ember coast,2025-07-30,1976,Enchantment
WIZ-03440,Morwenna Ravenscroft,morwenna.ravenscroft981@grimoire.org,SW,2025-10-07,1979,Transmutation
WIZ-03441,Peregrine Crowfeather,peregrine.crowfeather680@crystalball.io,northern reaches,2025-12-12,1909,Herbalism
WIZ-03442,Morwenna Wyrmwood,morwenna.wyrmwood308@crystalball.io,NR,2024-10-20,1971,Illusion
WIZ-03443,Gideon Vexley,gideon.vexley170@grimoire.org,The Marshlands,2026-02-03,1887,Healing
WIZ-03444,Grizelda Saltmarsh,grizelda.saltmarsh494@crystalball.io,Ember Coast,2026-02-12,1991,ENCHANTMENT
WIZ-03445,Xanthe Tanglewood,xanthe.tanglewood73@grimoire.org,Silverwood,2025-01-14,1894,Illusion
WIZ-03446,Fiora Tanglewood,fiora.tanglewood434@ravenpost.net,ML,2024-09-04,1965,Healing
WIZ-03447,Bramble Moonbrook,bramble.moonbrook679@moonmail.net,ML,2024-06-25,1989,Illusion
WIZ-03448,Delphine Cinderfell,delphine.cinderfell129@crystalball.io,Northern Reaches,2025-06-25,1891,Illusion
WIZ-03449,Grizelda Netherfield,grizelda.netherfield909@grimoire.org,ML,2025-06-04,1961,Divination
WIZ-03450,Corvin Hollowbranch,corvin.hollowbranch863@grimoire.org,ML,2025-11-22,2001,Herbalism
WIZ-03451,Morwenna Glimmerstone,morwenna.glimmerstone267@owlmail.co,SW,2023-12-23,1969,Healing
WIZ-03452,Morwenna Nightbloom,morwenna.nightbloom624@crystalball.io,The Marshlands,2023-11-03,1960,Enchantment
WIZ-03453,Umbra Kilnworth,umbra.kilnworth649@crystalball.io,sw,2026-04-29,1885,HERBALISM
WIZ-03454,Jasper Frostpetal,jasper.frostpetal364@grimoire.org,ML,2026-05-12,1966,Transmutation
WIZ-03455,Caspian Cinderfell,caspian.cinderfell160@crystalball.io,northern reaches,2023-04-23,1986,HEALING
WIZ-03456,Ignatius Barrowmere,ignatius.barrowmere593@ravenpost.net,Northern Reaches,2024-07-20,1932,Transmutation
WIZ-03457,Petra Zellandine,petra.zellandine816@ravenpost.net,Crystal Vale,2025-10-14,1891,Enchantment
WIZ-03458,Alaric Glimmerstone,alaric.glimmerstone381@crystalball.io,ec,2023-07-09,1944,Alchemy
WIZ-03459,Zephyrine Vexley,zephyrine.vexley603@grimoire.org,EC,2025-01-14,1982,Healing
WIZ-03460,Umbra Netherfield,umbra.netherfield56@moonmail.net,The Marshlands,2023-06-05,1939,Illusion
WIZ-03461,Fiora Emberwhisk,fiora.emberwhisk974@crystalball.io,Northern Reaches,2024-10-09,1944,Divination
WIZ-03462,Umbra Winterbourne,umbra.winterbourne611@ravenpost.net,Crystal Vale,2025-04-30,1893,Enchantment
WIZ-03463,Maribel Copperkettle,maribel.copperkettle889@ravenpost.net,Ember Coast,2024-01-22,1891,Transmutation
WIZ-03464,Dorian Mossheart,dorian.mossheart591@ravenpost.net,NR,2025-10-14,1969,Illusion
WIZ-03465,Edric Crowfeather,edric.crowfeather609@moonmail.net,CV,2026-05-22,1889,HERBALISM
WIZ-03466,Dorian Jackdaw,dorian.jackdaw71@owlmail.co,Northern Reaches,2026-03-23,1950,Divination
WIZ-03467,Fiora Ironquill,fiora.ironquill577@moonmail.net,ec,2025-10-24,1917,Illusion
WIZ-03468,Zephyrine Hazelrigg,zephyrine.hazelrigg182@grimoire.org,crystal vale,2026-01-02,1908,Enchantment
WIZ-03469,Cassia Kilnworth,cassia.kilnworth264@grimoire.org,ml,2024-09-05,1930,Healing
WIZ-03470,Nimbus Wyrmwood,nimbus.wyrmwood90@ravenpost.net,ML,2024-12-03,1982,Enchantment
WIZ-03471,Bramble Ironquill,bramble.ironquill301@grimoire.org,ec,2024-07-01,1991,Illusion
WIZ-03472,Peregrine Crowfeather,peregrine.crowfeather286@owlmail.co,Silverwood,2023-11-30,1969,Healing
WIZ-03473,Peregrine Everbright,peregrine.everbright121@moonmail.net,NR,2024-09-26,1978,Healing
WIZ-03474,Maribel Emberwhisk,maribel.emberwhisk312@grimoire.org,ML,2024-03-26,1918,Healing
WIZ-03475,Ignatius Wandwright,ignatius.wandwright930@owlmail.co,ec,2023-08-17,1896,Illusion
WIZ-03476,Petra Hollowbranch,petra.hollowbranch22@moonmail.net,ember coast,2025-12-30,2007,Enchantment
WIZ-03477,Hesper Wandwright,hesper.wandwright83@grimoire.org,CV,2025-04-25,1977,Transmutation
WIZ-03478,Delphine Foxglove,delphine.foxglove3@grimoire.org,cv,2025-04-11,1956,Healing
WIZ-03479,Wendeline Jackdaw,wendeline.jackdaw664@grimoire.org,ec,2023-01-12,1974,Alchemy
WIZ-03480,Alaric Moonbrook,alaric.moonbrook67@moonmail.net,ML,2023-07-22,1929,Herbalism
WIZ-03481,Jasper Quickbramble,jasper.quickbramble430@crystalball.io,SW,2026-04-10,1919,HERBALISM
WIZ-03482,Gideon Winterbourne,gideon.winterbourne587@ravenpost.net,NR,2024-01-07,1995,Illusion
WIZ-03483,Petra Ravenscroft,petra.ravenscroft498@grimoire.org,NR,2025-09-27,1924,Illusion
WIZ-03484,Lyra Fernwhistle,lyra.fernwhistle271@owlmail.co,SW,2025-07-05,1985,Divination
WIZ-03485,Alaric Ashgrove,alaric.ashgrove617@crystalball.io,ml,2023-12-14,1932,ILLUSION
WIZ-03486,Ignatius Vexley,ignatius.vexley958@owlmail.co,EC,2025-03-12,1982,Divination
WIZ-03487,Delphine Saltmarsh,delphine.saltmarsh735@owlmail.co,NR,2025-05-24,1974,Divination
WIZ-03488,Wendeline Everbright,wendeline.everbright448@owlmail.co,sw,2025-09-16,1998,Divination
WIZ-03489,Quilla Saltmarsh,quilla.saltmarsh915@crystalball.io,ML,2025-12-18,1999,Alchemy
WIZ-03490,Ignatius Hollowbranch,ignatius.hollowbranch356@moonmail.net,EC,2025-01-08,1909,Illusion
WIZ-03491,Belladonna Hollowbranch,belladonna.hollowbranch975@grimoire.org,ML,2025-07-05,1952,Healing
WIZ-03492,Isolde Zellandine,isolde.zellandine681@ravenpost.net,crystal vale,2023-07-27,1932,Illusion
WIZ-03493,Morwenna Ravenscroft,morwenna.ravenscroft795@owlmail.co,The Marshlands,2025-10-04,1991,Illusion
WIZ-03494,Edric Tanglewood,edric.tanglewood714@grimoire.org,nr,2026-06-15,1915,TRANSMUTATION
WIZ-03495,Edric Thistledown,edric.thistledown341@owlmail.co,ec,2026-06-07,1959,Herbalism
WIZ-03496,Lyra Foxglove,lyra.foxglove890@moonmail.net,Ember Coast,2025-02-14,1942,Enchantment
WIZ-03497,Fiora Wyrmwood,fiora.wyrmwood163@crystalball.io,CV,2023-10-23,1906,Divination
WIZ-03498,Nimbus Brightmantle,nimbus.brightmantle820@owlmail.co,sw,2025-03-20,1934,Healing
WIZ-03499,Elowen Jackdaw,elowen.jackdaw747@grimoire.org,Silverwood,2025-07-21,1910,Herbalism
WIZ-03500,Cassia Wyrmwood,cassia.wyrmwood738@owlmail.co,SW,2025-12-24,1903,Herbalism
WIZ-03501,Alaric Quickbramble,alaric.quickbramble718@grimoire.org,ML,2025-11-09,1892,Divination
WIZ-03502,Alaric Vexley,alaric.vexley667@grimoire.org,CV,2023-12-08,1889,Enchantment
WIZ-03503,Elowen Ravenscroft,elowen.ravenscroft560@moonmail.net,Silverwood,2023-06-22,1885,ENCHANTMENT
WIZ-03504,Gideon Hazelrigg,gideon.hazelrigg94@ravenpost.net,EC,2024-08-01,1980,DIVINATION
WIZ-03505,Zephyrine Emberwhisk,zephyrine.emberwhisk520@crystalball.io,cv,2024-02-28,1921,Alchemy
WIZ-03506,Fiora Ravenscroft,fiora.ravenscroft880@grimoire.org,Crystal Vale,2025-01-20,1912,Illusion
WIZ-03507,Elowen Larkspur,elowen.larkspur312@owlmail.co,SW,2024-05-31,1915,Healing
WIZ-03508,Corvin Frostpetal,corvin.frostpetal806@crystalball.io,nr,2024-01-20,1956,ILLUSION
WIZ-03509,Hesper Everbright,hesper.everbright731@owlmail.co,NR,2023-06-20,1934,Alchemy
WIZ-03510,Yarrow Thistledown,yarrow.thistledown110@owlmail.co,nr,2023-05-15,1942,Illusion
WIZ-03511,Peregrine Ravenscroft,peregrine.ravenscroft565@ravenpost.net,cv,2025-05-19,1963,Illusion
WIZ-03512,Bramble Duskwater,bramble.duskwater465@owlmail.co,CV,2023-12-19,1998,Herbalism
WIZ-03513,Oswin Nightbloom,oswin.nightbloom846@ravenpost.net,ec,2024-07-20,1908,Illusion
WIZ-03514,Kestrel Foxglove,kestrel.foxglove679@grimoire.org,CV,2023-01-19,1993,Herbalism
WIZ-03515,Fenwick Mistlethorn,fenwick.mistlethorn774@crystalball.io,EC,2023-03-18,1995,Enchantment
WIZ-03516,Delphine Frostpetal,delphine.frostpetal648@crystalball.io,ec,2024-05-17,1958,Herbalism
WIZ-03517,Nimbus Umberfall,nimbus.umberfall115@grimoire.org,ML,2023-07-31,1926,Healing
WIZ-03518,Corvin Brightmantle,corvin.brightmantle37@crystalball.io,Silverwood,2023-05-03,2006,Alchemy
WIZ-03519,Isolde Emberwhisk,isolde.emberwhisk886@moonmail.net,The Marshlands,2025-09-27,1904,ALCHEMY
WIZ-03520,Fenwick Copperkettle,fenwick.copperkettle245@owlmail.co,SW,2024-03-05,1934,Divination
WIZ-03521,Xanthe Everbright,xanthe.everbright603@crystalball.io,CV,2023-08-15,1886,Healing
WIZ-03522,Zephyrine Foxglove,zephyrine.foxglove95@crystalball.io,EC,2025-11-12,1900,Alchemy
WIZ-03523,Bramble Mossheart,bramble.mossheart380@crystalball.io,sw,2026-04-10,1976,Alchemy
WIZ-03524,Kestrel Cinderfell,kestrel.cinderfell937@moonmail.net,NR,2023-04-19,1885,Healing
WIZ-03525,Oleander Hazelrigg,,The Marshlands,2026-03-11,1899,Illusion
WIZ-03526,Delphine Tanglewood,delphine.tanglewood926@grimoire.org,EC,2023-06-15,1887,Alchemy
WIZ-03527,Kestrel Foxglove,kestrel.foxglove291@owlmail.co,ml,2025-12-10,1929,Transmutation
WIZ-03528,Juniper Frostpetal,,CV,2024-12-16,2006,HERBALISM
WIZ-03529,Bramble Mossheart,bramble.mossheart500@grimoire.org,ML,2023-12-14,1922,Illusion
WIZ-03530,Edric Ashgrove,edric.ashgrove961@crystalball.io,EC,2026-02-17,1922,Alchemy
WIZ-03531,Juniper Cinderfell,juniper.cinderfell737@moonmail.net,ec,2023-01-19,1925,TRANSMUTATION
WIZ-03532,Caspian Ravenscroft,caspian.ravenscroft96@ravenpost.net,cv,2025-01-25,1957,HERBALISM
WIZ-03533,Dorian Hazelrigg,dorian.hazelrigg453@ravenpost.net,NR,2024-03-16,1885,Transmutation
WIZ-03534,Belladonna Thistledown,belladonna.thistledown331@owlmail.co,SW,2024-01-07,1917,Enchantment
WIZ-03535,Lyra Ironquill,lyra.ironquill71@grimoire.org,ec,2023-12-21,1897,Transmutation
WIZ-03536,Petra Moonbrook,petra.moonbrook567@ravenpost.net,ec,2023-10-02,1912,Illusion
WIZ-03537,Petra Nightbloom,petra.nightbloom434@crystalball.io,EC,2023-06-17,1988,Healing
WIZ-03538,Seraphine Wyrmwood,seraphine.wyrmwood492@grimoire.org,nr,2024-02-23,1930,Transmutation
WIZ-03539,Juniper Duskwater,juniper.duskwater80@crystalball.io,northern reaches,2024-08-29,1958,Herbalism
WIZ-03540,Alaric Larkspur,alaric.larkspur123@ravenpost.net,NR,2024-12-22,1927,Illusion
WIZ-03541,Hesper Foxglove,hesper.foxglove253@owlmail.co,cv,2023-12-08,1977,Herbalism
WIZ-03542,Corvin Ashgrove,corvin.ashgrove577@moonmail.net,NR,2024-11-03,1952,Illusion
WIZ-03543,Cassia Tanglewood,cassia.tanglewood911@ravenpost.net,ml,2024-03-19,1988,Healing
WIZ-03544,Seraphine Emberwhisk,seraphine.emberwhisk476@grimoire.org,sw,2024-03-17,1996,Healing
WIZ-03545,Bramble Tanglewood,bramble.tanglewood593@grimoire.org,NR,2024-05-16,1947,ALCHEMY
WIZ-03546,Wendeline Brightmantle,wendeline.brightmantle120@crystalball.io,nr,2024-03-22,1940,Transmutation
WIZ-03547,Peregrine Ashgrove,peregrine.ashgrove821@crystalball.io,EC,2026-04-10,1925,HERBALISM
WIZ-03548,Corvin Wyrmwood,corvin.wyrmwood734@grimoire.org,northern reaches,2024-02-23,2006,Divination
WIZ-03549,Petra Glimmerstone,petra.glimmerstone416@crystalball.io,silverwood,2024-08-11,2003,Alchemy
WIZ-03550,Morwenna Emberwhisk,morwenna.emberwhisk877@owlmail.co,nr,2025-08-11,1949,Transmutation
WIZ-03551,Fenwick Barrowmere,fenwick.barrowmere643@ravenpost.net,sw,2023-12-29,1885,Divination
WIZ-03552,Peregrine Barrowmere,peregrine.barrowmere678@owlmail.co,ec,2025-09-26,1893,DIVINATION
WIZ-03553,Quilla Copperkettle,quilla.copperkettle691@grimoire.org,The Marshlands,2023-07-12,1980,Herbalism
WIZ-03554,Grizelda Owlsworth,grizelda.owlsworth210@crystalball.io,ec,2024-12-22,1986,Illusion
WIZ-03555,Hawthorne Brightmantle,hawthorne.brightmantle813@grimoire.org,cv,2025-05-28,2004,Divination
WIZ-03556,Zephyrine Gorsebush,zephyrine.gorsebush413@owlmail.co,Ember Coast,2026-02-27,1886,Herbalism
WIZ-03557,Oleander Brightmantle,oleander.brightmantle306@moonmail.net,sw,2023-07-19,1979,Healing
WIZ-03558,Alaric Hazelrigg,alaric.hazelrigg812@crystalball.io,cv,2024-08-18,1964,Healing
WIZ-03559,Seraphine Owlsworth,seraphine.owlsworth801@owlmail.co,ec,2025-01-06,1918,Enchantment
WIZ-03560,Ignatius Dimbleby,ignatius.dimbleby81@crystalball.io,sw,2024-03-20,1951,Healing
WIZ-03561,Jasper Larkspur,jasper.larkspur8@crystalball.io,ec,2025-12-15,1885,Illusion
WIZ-03562,Oswin Brightmantle,oswin.brightmantle294@grimoire.org,ec,2026-05-02,1977,Transmutation
WIZ-03563,Ambrose Jackdaw,ambrose.jackdaw949@grimoire.org,Silverwood,2025-01-25,1905,Enchantment
WIZ-03564,Juniper Nightbloom,juniper.nightbloom213@moonmail.net,nr,2025-07-08,1953,Divination
WIZ-03565,Morwenna Yewbarrow,morwenna.yewbarrow245@owlmail.co,EC,2025-08-22,1977,Transmutation
WIZ-03566,Alaric Foxglove,alaric.foxglove15@grimoire.org,northern reaches,2025-05-14,1972,Alchemy
WIZ-03567,Vesper Emberwhisk,vesper.emberwhisk550@ravenpost.net,nr,2023-04-01,1916,Transmutation
WIZ-03568,Ignatius Tanglewood,ignatius.tanglewood775@ravenpost.net,The Marshlands,2026-02-01,2007,Illusion
WIZ-03569,Hesper Nightbloom,hesper.nightbloom325@owlmail.co,ML,2023-12-23,1951,Enchantment
WIZ-03570,Lyra Moonbrook,lyra.moonbrook524@grimoire.org,nr,2026-04-09,1928,Transmutation
WIZ-03571,Kestrel Mossheart,kestrel.mossheart566@ravenpost.net,nr,2026-06-12,1934,Transmutation
WIZ-03572,Elowen Foxglove,elowen.foxglove449@ravenpost.net,Crystal Vale,2024-07-01,1905,HEALING
WIZ-03573,Ambrose Ravenscroft,ambrose.ravenscroft338@grimoire.org,Northern Reaches,2024-04-02,1954,ENCHANTMENT
WIZ-03574,Elowen Everbright,elowen.everbright471@grimoire.org,NR,2024-11-11,1982,Divination
WIZ-03575,Vesper Wandwright,vesper.wandwright881@moonmail.net,NR,2025-08-22,1945,Alchemy
WIZ-03576,Juniper Duskwater,juniper.duskwater726@owlmail.co,sw,2025-08-30,1991,Illusion
WIZ-03577,Gideon Brightmantle,gideon.brightmantle494@grimoire.org,CV,2023-12-17,1902,Enchantment
WIZ-03578,Gideon Mossheart,gideon.mossheart952@moonmail.net,CV,2025-12-31,1922,Alchemy
WIZ-03579,Kestrel Copperkettle,kestrel.copperkettle134@crystalball.io,NR,2025-07-22,1929,Illusion
WIZ-03580,Dorian Foxglove,dorian.foxglove178@moonmail.net,ember coast,2024-05-05,1956,HERBALISM
WIZ-03581,Grizelda Thistledown,grizelda.thistledown214@owlmail.co,SW,2025-09-22,1991,Illusion
WIZ-03582,Bramble Quickbramble,bramble.quickbramble161@grimoire.org,Silverwood,2023-09-19,2005,Healing
WIZ-03583,Umbra Ashgrove,umbra.ashgrove105@moonmail.net,ml,2024-02-28,1885,Illusion
WIZ-03584,Gideon Winterbourne,gideon.winterbourne241@owlmail.co,SW,2025-01-28,1971,Transmutation
WIZ-03585,Lyra Umberfall,lyra.umberfall414@crystalball.io,EC,2024-09-06,1945,Alchemy
WIZ-03586,Jasper Jackdaw,jasper.jackdaw683@grimoire.org,Silverwood,2023-01-12,1985,Alchemy
WIZ-03587,Vesper Saltmarsh,vesper.saltmarsh782@crystalball.io,nr,2025-12-18,1885,Illusion
WIZ-03588,Yarrow Ashgrove,yarrow.ashgrove676@crystalball.io,NR,2026-05-22,1933,Transmutation
WIZ-03589,Seraphine Owlsworth,seraphine.owlsworth720@moonmail.net,NR,2025-07-21,1912,Divination
WIZ-03590,Yarrow Netherfield,yarrow.netherfield868@crystalball.io,Northern Reaches,2025-06-02,1934,Herbalism
WIZ-03591,Lyra Zellandine,lyra.zellandine538@moonmail.net,nr,2023-07-19,1962,Enchantment
WIZ-03592,Zephyrine Wyrmwood,zephyrine.wyrmwood876@ravenpost.net,Silverwood,2026-01-11,1951,Herbalism
WIZ-03593,Bramble Copperkettle,bramble.copperkettle540@grimoire.org,NR,2025-02-14,1987,Enchantment
WIZ-03594,Peregrine Crowfeather,peregrine.crowfeather761@moonmail.net,NR,2024-12-16,1967,Enchantment
WIZ-03595,Elowen Hollowbranch,elowen.hollowbranch871@crystalball.io,EC,2023-07-22,1963,Herbalism
WIZ-03596,Lyra Tanglewood,lyra.tanglewood962@owlmail.co,nr,2026-01-22,2005,Transmutation
WIZ-03597,Morwenna Crowfeather,morwenna.crowfeather112@ravenpost.net,EC,2026-04-24,1947,Transmutation
WIZ-03598,Fiora Mistlethorn,fiora.mistlethorn737@owlmail.co,nr,2023-07-26,1946,Divination
WIZ-03599,Edric Saltmarsh,edric.saltmarsh122@owlmail.co,nr,2024-04-07,1927,Alchemy
WIZ-03600,Ignatius Netherfield,ignatius.netherfield209@moonmail.net,cv,2025-04-11,1933,Illusion
WIZ-03601,Rowan Ashgrove,rowan.ashgrove277@moonmail.net,Silverwood,2024-02-02,1962,Herbalism
WIZ-03602,Hesper Everbright,hesper.everbright81@crystalball.io,nr,2025-02-23,1926,Herbalism
WIZ-03603,Petra Owlsworth,petra.owlsworth299@crystalball.io,EC,2026-06-04,1891,Transmutation
WIZ-03604,Vesper Foxglove,vesper.foxglove617@crystalball.io,Northern Reaches,2025-08-26,1905,Herbalism
WIZ-03605,Delphine Saltmarsh,delphine.saltmarsh127@crystalball.io,EC,2026-03-21,1942,Herbalism
WIZ-03606,Bramble Mossheart,bramble.mossheart624@ravenpost.net,SW,2024-06-19,1968,Enchantment
WIZ-03607,Delphine Thistledown,delphine.thistledown109@owlmail.co,sw,2025-10-24,1912,Illusion
WIZ-03608,Umbra Yewbarrow,umbra.yewbarrow953@grimoire.org,SW,2025-10-06,1971,Illusion
WIZ-03609,Edric Everbright,edric.everbright417@grimoire.org,The Marshlands,2024-02-17,1937,Healing
WIZ-03610,Oswin Jackdaw,oswin.jackdaw11@owlmail.co,Northern Reaches,2024-06-30,1901,Alchemy
WIZ-03611,Ambrose Quickbramble,ambrose.quickbramble376@crystalball.io,sw,2023-09-16,1984,Alchemy
WIZ-03612,Peregrine Duskwater,peregrine.duskwater106@owlmail.co,nr,2026-04-27,1906,HEALING
WIZ-03613,Elowen Stormbottle,elowen.stormbottle261@moonmail.net,NR,2026-03-23,1888,Illusion
WIZ-03614,Bramble Umberfall,bramble.umberfall296@crystalball.io,EC,2024-01-30,1938,Herbalism
WIZ-03615,Oleander Hollowbranch,oleander.hollowbranch928@crystalball.io,NR,2025-01-09,2006,Alchemy
WIZ-03616,Umbra Dimbleby,umbra.dimbleby149@grimoire.org,EC,2023-10-01,1993,Healing
WIZ-03617,Caspian Kilnworth,caspian.kilnworth232@owlmail.co,ML,2025-01-19,1992,Herbalism
WIZ-03618,Fenwick Jackdaw,fenwick.jackdaw987@grimoire.org,Northern Reaches,2023-11-25,1976,ENCHANTMENT
WIZ-03619,Xanthe Cinderfell,xanthe.cinderfell219@ravenpost.net,SW,2025-04-15,1968,Transmutation
WIZ-03620,Ambrose Vexley,ambrose.vexley439@crystalball.io,Silverwood,2025-02-03,1921,Transmutation
WIZ-03621,Dorian Mossheart,dorian.mossheart422@grimoire.org,SW,2026-01-06,1923,Enchantment
WIZ-03622,Gideon Netherfield,gideon.netherfield118@crystalball.io,Silverwood,2024-06-06,1912,Alchemy
WIZ-03623,Lyra Tanglewood,lyra.tanglewood546@grimoire.org,ml,2025-09-14,1948,ENCHANTMENT
WIZ-03624,Peregrine Gorsebush,peregrine.gorsebush868@ravenpost.net,Northern Reaches,2024-04-10,1984,Healing
WIZ-03625,Fenwick Gorsebush,,sw,2025-05-21,1902,Enchantment
WIZ-03626,Umbra Brightmantle,umbra.brightmantle61@grimoire.org,sw,2025-06-25,1967,Transmutation
WIZ-03627,Wendeline Larkspur,wendeline.larkspur337@owlmail.co,ML,2026-04-16,1925,Herbalism
WIZ-03628,Oleander Duskwater,oleander.duskwater705@crystalball.io,NR,2023-05-11,1959,Divination
WIZ-03629,Nimbus Nightbloom,nimbus.nightbloom574@grimoire.org,Northern Reaches,2024-08-18,1928,Enchantment
WIZ-03630,Cassia Fernwhistle,cassia.fernwhistle648@owlmail.co,Crystal Vale,2026-04-11,1905,Transmutation
WIZ-03631,Xanthe Vexley,xanthe.vexley910@moonmail.net,ec,2025-07-27,1934,Illusion
WIZ-03632,Ignatius Mossheart,ignatius.mossheart617@moonmail.net,ML,2025-02-20,1888,Herbalism
WIZ-03633,Ignatius Gorsebush,ignatius.gorsebush544@owlmail.co,ml,2025-09-29,1994,Healing
WIZ-03634,Edric Stormbottle,edric.stormbottle457@moonmail.net,nr,2025-12-04,1894,Herbalism
WIZ-03635,Xanthe Larkspur,xanthe.larkspur414@ravenpost.net,The Marshlands,2026-05-28,1928,Illusion
WIZ-03636,Yarrow Dimbleby,yarrow.dimbleby459@ravenpost.net,Crystal Vale,2023-08-03,1949,Transmutation
WIZ-03637,Vesper Cinderfell,vesper.cinderfell681@owlmail.co,NR,2026-01-17,1969,Divination
WIZ-03638,Maribel Cinderfell,maribel.cinderfell22@grimoire.org,the marshlands,2025-04-21,1917,TRANSMUTATION
WIZ-03639,Kestrel Moonbrook,kestrel.moonbrook798@crystalball.io,nr,2023-09-19,1966,Healing
WIZ-03640,Ignatius Netherfield,ignatius.netherfield186@ravenpost.net,The Marshlands,2024-07-01,1947,Divination
WIZ-03641,Elowen Yewbarrow,elowen.yewbarrow129@grimoire.org,nr,2026-04-07,1935,Transmutation
WIZ-03642,Elowen Emberwhisk,elowen.emberwhisk188@grimoire.org,EC,2026-02-07,1974,Enchantment
WIZ-03643,Morwenna Thistledown,morwenna.thistledown82@moonmail.net,NR,2024-09-16,1905,HERBALISM
WIZ-03644,Fiora Owlsworth,fiora.owlsworth729@crystalball.io,NR,2024-01-28,1933,Healing
WIZ-03645,Peregrine Nightbloom,peregrine.nightbloom872@crystalball.io,Ember Coast,2023-05-24,1920,Transmutation
WIZ-03646,Zephyrine Cinderfell,zephyrine.cinderfell930@grimoire.org,Silverwood,2026-04-21,1906,Healing
WIZ-03647,Cassia Cinderfell,cassia.cinderfell677@crystalball.io,Ember Coast,2026-03-15,1991,Herbalism
WIZ-03648,Grizelda Dimbleby,grizelda.dimbleby278@grimoire.org,sw,2023-12-20,1979,Alchemy
WIZ-03649,Xanthe Crowfeather,xanthe.crowfeather231@grimoire.org,Silverwood,2025-02-16,1925,Enchantment
WIZ-03650,Rowan Frostpetal,rowan.frostpetal22@moonmail.net,The Marshlands,2024-09-24,1959,Illusion
WIZ-03651,Edric Hazelrigg,edric.hazelrigg223@ravenpost.net,SW,2024-02-16,1992,Divination
WIZ-03652,Bramble Duskwater,bramble.duskwater807@grimoire.org,ML,2026-01-09,1904,TRANSMUTATION
WIZ-03653,Vesper Duskwater,vesper.duskwater795@moonmail.net,EC,2025-01-24,1976,HEALING
WIZ-03654,Isolde Tanglewood,isolde.tanglewood145@owlmail.co,Northern Reaches,2024-04-27,1929,Herbalism
WIZ-03655,Lyra Wyrmwood,lyra.wyrmwood30@moonmail.net,ML,2026-06-02,2006,ENCHANTMENT
WIZ-03656,Alaric Ironquill,alaric.ironquill902@ravenpost.net,Northern Reaches,2025-12-10,1949,Healing
WIZ-03657,Oswin Cinderfell,oswin.cinderfell798@grimoire.org,CV,2023-11-23,1897,Divination
WIZ-03658,Hesper Nightbloom,hesper.nightbloom988@grimoire.org,crystal vale,2024-06-27,1914,Alchemy
WIZ-03659,Ambrose Everbright,ambrose.everbright13@grimoire.org,the marshlands,2024-04-07,1953,Transmutation
WIZ-03660,Ambrose Quickbramble,ambrose.quickbramble359@moonmail.net,ML,2024-04-29,1957,Alchemy
WIZ-03661,Lyra Tanglewood,lyra.tanglewood389@moonmail.net,sw,2024-04-15,1973,Transmutation
WIZ-03662,Oswin Kilnworth,oswin.kilnworth396@ravenpost.net,NR,2024-02-02,1970,Enchantment
WIZ-03663,Bramble Nightbloom,bramble.nightbloom362@ravenpost.net,Silverwood,2023-01-18,1988,Healing
WIZ-03664,Grizelda Netherfield,grizelda.netherfield647@owlmail.co,NR,2025-07-25,1924,TRANSMUTATION
WIZ-03665,Maribel Zellandine,maribel.zellandine988@moonmail.net,CV,2023-04-04,1972,Enchantment
WIZ-03666,Gideon Owlsworth,gideon.owlsworth700@moonmail.net,silverwood,2023-05-09,1984,Healing
WIZ-03667,Gideon Glimmerstone,gideon.glimmerstone678@owlmail.co,northern reaches,2024-02-23,1953,Healing
WIZ-03668,Hesper Winterbourne,hesper.winterbourne582@owlmail.co,EC,2023-07-24,1952,Healing
WIZ-03669,Fiora Crowfeather,fiora.crowfeather149@crystalball.io,CV,2025-03-12,1975,Transmutation
WIZ-03670,Ignatius Frostpetal,ignatius.frostpetal417@crystalball.io,EC,2025-03-05,1966,Divination
WIZ-03671,Thaddeus Hazelrigg,thaddeus.hazelrigg654@owlmail.co,SW,2026-03-11,1938,Enchantment
WIZ-03672,Cassia Jackdaw,cassia.jackdaw159@grimoire.org,nr,2023-09-29,1911,Divination
WIZ-03673,Vesper Hazelrigg,vesper.hazelrigg413@owlmail.co,NR,2024-04-21,1898,Herbalism
WIZ-03674,Quilla Duskwater,quilla.duskwater733@owlmail.co,ML,2025-10-22,1936,Illusion
WIZ-03675,Vesper Ashgrove,vesper.ashgrove380@ravenpost.net,EC,2024-12-30,1973,Enchantment
WIZ-03676,Umbra Duskwater,umbra.duskwater855@crystalball.io,NR,2024-07-30,1988,Transmutation
WIZ-03677,Hesper Moonbrook,hesper.moonbrook471@moonmail.net,EC,2025-09-03,1970,Divination
WIZ-03678,Cassia Frostpetal,cassia.frostpetal622@crystalball.io,sw,2025-02-26,1996,Illusion
WIZ-03679,Isolde Owlsworth,isolde.owlsworth397@ravenpost.net,Silverwood,2026-01-06,1988,Divination
WIZ-03680,Wendeline Quickbramble,wendeline.quickbramble661@moonmail.net,SW,2025-03-26,1897,Alchemy
WIZ-03681,Oswin Kilnworth,oswin.kilnworth645@owlmail.co,ml,2026-05-28,1968,DIVINATION
WIZ-03682,Quilla Owlsworth,quilla.owlsworth138@grimoire.org,EC,2024-07-09,1941,Transmutation
WIZ-03683,Yarrow Gorsebush,yarrow.gorsebush617@ravenpost.net,ML,2025-01-16,1942,Alchemy
WIZ-03684,Quilla Thistledown,quilla.thistledown30@moonmail.net,SW,2024-07-03,1957,Enchantment
WIZ-03685,Grizelda Mistlethorn,grizelda.mistlethorn767@crystalball.io,nr,2025-08-03,1916,Transmutation
WIZ-03686,Ambrose Saltmarsh,ambrose.saltmarsh952@owlmail.co,Northern Reaches,2024-11-10,1925,Transmutation
WIZ-03687,Alaric Jackdaw,alaric.jackdaw124@moonmail.net,ml,2023-01-27,1885,Enchantment
WIZ-03688,Morwenna Dimbleby,morwenna.dimbleby887@moonmail.net,ml,2026-01-11,1985,Enchantment
WIZ-03689,Dorian Copperkettle,dorian.copperkettle880@moonmail.net,Northern Reaches,2023-03-14,1958,Enchantment
WIZ-03690,Maribel Dimbleby,maribel.dimbleby376@crystalball.io,Northern Reaches,2024-02-05,1974,HEALING
WIZ-03691,Dorian Crowfeather,dorian.crowfeather138@moonmail.net,Silverwood,2023-05-10,1973,Herbalism
WIZ-03692,Jasper Jackdaw,jasper.jackdaw873@owlmail.co,EC,2025-06-06,1997,Transmutation
WIZ-03693,Ignatius Frostpetal,ignatius.frostpetal360@moonmail.net,nr,2025-04-02,1983,Illusion
WIZ-03694,Xanthe Vexley,xanthe.vexley866@owlmail.co,cv,2025-11-29,1918,Transmutation
WIZ-03695,Oleander Nightbloom,oleander.nightbloom28@crystalball.io,ember coast,2024-09-22,1947,Alchemy
WIZ-03696,Jasper Larkspur,jasper.larkspur616@ravenpost.net,Crystal Vale,2025-04-05,1994,ILLUSION
WIZ-03697,Belladonna Dimbleby,belladonna.dimbleby668@ravenpost.net,nr,2026-04-04,2002,Herbalism
WIZ-03698,Grizelda Brightmantle,grizelda.brightmantle83@ravenpost.net,sw,2023-09-27,1900,Transmutation
WIZ-03699,Vesper Hazelrigg,vesper.hazelrigg264@ravenpost.net,ml,2024-05-10,1907,Transmutation
WIZ-03700,Hesper Yewbarrow,hesper.yewbarrow506@owlmail.co,Crystal Vale,2023-01-23,1956,Enchantment
WIZ-03701,Bramble Glimmerstone,bramble.glimmerstone216@crystalball.io,ec,2025-11-22,1969,Herbalism
WIZ-03702,Xanthe Zellandine,xanthe.zellandine435@moonmail.net,ML,2026-06-05,1928,Enchantment
WIZ-03703,Nimbus Wyrmwood,nimbus.wyrmwood301@moonmail.net,sw,2025-04-06,1985,Transmutation
WIZ-03704,Wendeline Ashgrove,wendeline.ashgrove667@grimoire.org,CV,2024-08-10,1919,Illusion
WIZ-03705,Xanthe Everbright,xanthe.everbright546@grimoire.org,ec,2024-12-11,1916,HEALING
WIZ-03706,Vesper Crowfeather,vesper.crowfeather97@ravenpost.net,nr,2023-01-31,1938,Divination
WIZ-03707,Fenwick Gorsebush,fenwick.gorsebush138@ravenpost.net,SW,2023-09-28,1886,Alchemy
WIZ-03708,Wendeline Dimbleby,wendeline.dimbleby794@owlmail.co,Crystal Vale,2024-03-19,1933,ALCHEMY
WIZ-03709,Wendeline Umberfall,wendeline.umberfall332@grimoire.org,CV,2024-06-05,1977,Transmutation
WIZ-03710,Gideon Everbright,gideon.everbright896@moonmail.net,EC,2026-05-05,1891,Healing
WIZ-03711,Zephyrine Duskwater,zephyrine.duskwater456@moonmail.net,EC,2023-09-13,1918,Enchantment
WIZ-03712,Seraphine Dimbleby,seraphine.dimbleby319@crystalball.io,nr,2023-05-02,1934,Divination
WIZ-03713,Belladonna Mistlethorn,belladonna.mistlethorn68@moonmail.net,NR,2026-04-26,1900,Divination
WIZ-03714,Xanthe Netherfield,xanthe.netherfield589@moonmail.net,cv,2023-10-14,1916,Enchantment
WIZ-03715,Petra Dimbleby,petra.dimbleby83@moonmail.net,NR,2025-10-17,1973,Transmutation
WIZ-03716,Seraphine Copperkettle,seraphine.copperkettle996@ravenpost.net,ml,2023-09-28,1962,Divination
WIZ-03717,Oswin Zellandine,oswin.zellandine619@owlmail.co,CV,2025-04-04,1946,Transmutation
WIZ-03718,Maribel Winterbourne,maribel.winterbourne648@ravenpost.net,sw,2025-09-01,1946,Illusion
WIZ-03719,Umbra Hazelrigg,umbra.hazelrigg84@moonmail.net,EC,2026-01-04,1977,HEALING
WIZ-03720,Corvin Moonbrook,corvin.moonbrook199@ravenpost.net,NR,2024-07-29,1932,Alchemy
WIZ-03721,Dorian Ravenscroft,dorian.ravenscroft310@crystalball.io,sw,2025-12-27,2005,Transmutation
WIZ-03722,Corvin Nightbloom,corvin.nightbloom233@ravenpost.net,EC,2025-08-30,1995,Divination
WIZ-03723,Peregrine Umberfall,peregrine.umberfall755@owlmail.co,the marshlands,2025-05-11,1926,Herbalism
WIZ-03724,Xanthe Hazelrigg,xanthe.hazelrigg327@grimoire.org,NR,2023-07-05,1934,Divination
WIZ-03725,Nimbus Tanglewood,nimbus.tanglewood527@grimoire.org,nr,2023-10-17,1892,Divination
WIZ-03726,Cassia Ravenscroft,cassia.ravenscroft390@ravenpost.net,The Marshlands,2024-09-15,1934,Divination
WIZ-03727,Nimbus Brightmantle,nimbus.brightmantle990@grimoire.org,CV,2024-07-03,1977,Alchemy
WIZ-03728,Zephyrine Stormbottle,zephyrine.stormbottle508@ravenpost.net,ML,2026-01-12,1897,Alchemy
WIZ-03729,Rowan Mossheart,rowan.mossheart666@owlmail.co,silverwood,2024-10-06,1931,Healing
WIZ-03730,Thaddeus Ironquill,thaddeus.ironquill905@owlmail.co,the marshlands,2024-02-02,1927,Alchemy
WIZ-03731,Kestrel Duskwater,kestrel.duskwater956@crystalball.io,The Marshlands,2023-11-24,1890,Illusion
WIZ-03732,Hawthorne Mossheart,hawthorne.mossheart672@moonmail.net,CV,2024-07-05,1931,Illusion
WIZ-03733,Dorian Gorsebush,dorian.gorsebush814@owlmail.co,NR,2025-07-19,1930,Transmutation
WIZ-03734,Juniper Wandwright,juniper.wandwright905@owlmail.co,Silverwood,2024-12-05,1923,Herbalism
WIZ-03735,Cassia Moonbrook,cassia.moonbrook983@owlmail.co,The Marshlands,2025-07-04,2001,Herbalism
WIZ-03736,Isolde Yewbarrow,isolde.yewbarrow296@ravenpost.net,ec,2024-07-01,2001,Alchemy
WIZ-03737,Umbra Thistledown,umbra.thistledown331@moonmail.net,sw,2024-02-06,1980,Healing
WIZ-03738,Zephyrine Larkspur,zephyrine.larkspur174@crystalball.io,NR,2024-11-14,1887,Healing
WIZ-03739,Corvin Nightbloom,corvin.nightbloom481@ravenpost.net,ML,2025-09-13,1982,Divination
WIZ-03740,Fenwick Quickbramble,fenwick.quickbramble857@owlmail.co,SW,2024-11-28,1989,Divination
WIZ-03741,Hawthorne Brightmantle,hawthorne.brightmantle953@crystalball.io,EC,2023-05-15,1979,Herbalism
WIZ-03742,Bramble Foxglove,bramble.foxglove58@ravenpost.net,NR,2023-05-15,1942,HERBALISM
WIZ-03743,Kestrel Duskwater,kestrel.duskwater601@grimoire.org,Silverwood,2025-06-06,1914,Alchemy
WIZ-03744,Umbra Wyrmwood,umbra.wyrmwood189@moonmail.net,Ember Coast,2024-05-11,1951,Alchemy
WIZ-03745,Yarrow Owlsworth,yarrow.owlsworth957@crystalball.io,NR,2024-04-10,1920,Healing
WIZ-03746,Delphine Moonbrook,delphine.moonbrook953@owlmail.co,EC,2025-08-06,2006,DIVINATION
WIZ-03747,Vesper Barrowmere,vesper.barrowmere502@owlmail.co,ec,2024-12-15,1922,Alchemy
WIZ-03748,Corvin Everbright,corvin.everbright744@owlmail.co,SW,2025-10-09,1949,Divination
WIZ-03749,Oleander Hollowbranch,oleander.hollowbranch875@owlmail.co,Northern Reaches,2023-06-14,1895,Divination
WIZ-03750,Lyra Hollowbranch,lyra.hollowbranch497@ravenpost.net,The Marshlands,2023-01-29,1922,Illusion
WIZ-03751,Grizelda Brightmantle,grizelda.brightmantle947@owlmail.co,northern reaches,2023-06-25,1917,Illusion
WIZ-03752,Bramble Hazelrigg,bramble.hazelrigg590@owlmail.co,cv,2026-04-22,1929,Healing
WIZ-03753,Petra Copperkettle,petra.copperkettle361@owlmail.co,ml,2024-04-15,1988,Enchantment
WIZ-03754,Nimbus Hazelrigg,nimbus.hazelrigg374@moonmail.net,northern reaches,2026-04-21,2003,Herbalism
WIZ-03755,Cassia Larkspur,cassia.larkspur494@crystalball.io,SW,2025-04-01,1974,Divination
WIZ-03756,Isolde Mossheart,,ec,2023-07-15,1996,Healing
WIZ-03757,Thaddeus Gorsebush,thaddeus.gorsebush292@grimoire.org,The Marshlands,2025-08-08,1906,Enchantment
WIZ-03758,Peregrine Vexley,peregrine.vexley43@moonmail.net,SW,2025-07-25,1902,Enchantment
WIZ-03759,Alaric Stormbottle,alaric.stormbottle378@crystalball.io,CV,2023-05-14,1899,Enchantment
WIZ-03760,Xanthe Umberfall,xanthe.umberfall74@owlmail.co,EC,2024-12-30,1938,Enchantment
WIZ-03761,Corvin Duskwater,corvin.duskwater310@grimoire.org,NR,2025-05-17,1990,Alchemy
WIZ-03762,Umbra Copperkettle,umbra.copperkettle328@crystalball.io,The Marshlands,2024-12-07,1902,Transmutation
WIZ-03763,Oswin Quickbramble,oswin.quickbramble917@owlmail.co,EC,2026-06-13,1998,Illusion
WIZ-03764,Hawthorne Moonbrook,hawthorne.moonbrook959@grimoire.org,sw,2025-06-09,1888,HERBALISM
WIZ-03765,Peregrine Wandwright,peregrine.wandwright373@owlmail.co,The Marshlands,2025-01-07,1920,Herbalism
WIZ-03766,Delphine Cinderfell,delphine.cinderfell391@crystalball.io,ec,2026-04-28,1965,Illusion
WIZ-03767,Bramble Dimbleby,bramble.dimbleby751@ravenpost.net,NR,2024-08-10,1992,Alchemy
WIZ-03768,Zephyrine Mistlethorn,zephyrine.mistlethorn757@moonmail.net,Ember Coast,2024-11-09,1968,Healing
WIZ-03769,Elowen Cinderfell,elowen.cinderfell716@owlmail.co,Silverwood,2024-09-02,1988,ALCHEMY
WIZ-03770,Bramble Owlsworth,,CV,2025-01-29,1998,Alchemy
WIZ-03771,Delphine Moonbrook,delphine.moonbrook212@ravenpost.net,NR,2025-04-08,1985,Healing
WIZ-03772,Hesper Gorsebush,hesper.gorsebush426@ravenpost.net,ML,2025-05-21,1988,Alchemy
WIZ-03773,Quilla Hazelrigg,quilla.hazelrigg22@moonmail.net,EC,2023-03-15,1901,Transmutation
WIZ-03774,Elowen Tanglewood,elowen.tanglewood108@crystalball.io,NR,2026-01-04,1975,Transmutation
WIZ-03775,Grizelda Duskwater,grizelda.duskwater270@ravenpost.net,NR,2024-01-14,1994,TRANSMUTATION
WIZ-03776,Quilla Frostpetal,quilla.frostpetal125@ravenpost.net,ec,2023-11-22,1894,Divination
WIZ-03777,Umbra Moonbrook,umbra.moonbrook742@owlmail.co,EC,2025-05-10,1951,Transmutation
WIZ-03778,Petra Barrowmere,petra.barrowmere968@owlmail.co,ML,2024-11-09,1897,Enchantment
WIZ-03779,Petra Kilnworth,petra.kilnworth605@ravenpost.net,Crystal Vale,2023-03-18,1919,Illusion
WIZ-03780,Petra Gorsebush,petra.gorsebush114@moonmail.net,Northern Reaches,2024-04-07,1986,Enchantment
WIZ-03781,Thaddeus Wandwright,thaddeus.wandwright820@crystalball.io,NR,2023-09-21,1975,Alchemy
WIZ-03782,Belladonna Duskwater,belladonna.duskwater960@grimoire.org,Silverwood,2025-11-03,1992,Transmutation
WIZ-03783,Fenwick Moonbrook,fenwick.moonbrook748@owlmail.co,sw,2023-06-25,1989,Alchemy
WIZ-03784,Fiora Everbright,fiora.everbright395@grimoire.org,EC,2025-12-12,1948,Healing
WIZ-03785,Quilla Cinderfell,quilla.cinderfell86@owlmail.co,Northern Reaches,2025-02-14,1930,Transmutation
WIZ-03786,Lyra Fernwhistle,lyra.fernwhistle728@grimoire.org,SW,2025-07-30,1942,ILLUSION
WIZ-03787,Umbra Ashgrove,umbra.ashgrove895@grimoire.org,nr,2025-07-26,2002,Illusion
WIZ-03788,Hawthorne Glimmerstone,hawthorne.glimmerstone2@owlmail.co,Silverwood,2024-07-21,1908,Enchantment
WIZ-03789,Edric Yewbarrow,edric.yewbarrow22@moonmail.net,Ember Coast,2025-02-07,1911,Divination
WIZ-03790,Wendeline Moonbrook,wendeline.moonbrook506@grimoire.org,Northern Reaches,2024-02-19,1930,Healing
WIZ-03791,Cassia Tanglewood,cassia.tanglewood55@moonmail.net,NR,2024-08-19,1964,Divination
WIZ-03792,Maribel Gorsebush,maribel.gorsebush987@crystalball.io,crystal vale,2025-06-25,1924,Illusion
WIZ-03793,Seraphine Wandwright,seraphine.wandwright68@grimoire.org,NR,2025-03-25,1908,Herbalism
WIZ-03794,Petra Moonbrook,petra.moonbrook781@moonmail.net,Northern Reaches,2024-10-03,1924,Herbalism
WIZ-03795,Fiora Hazelrigg,fiora.hazelrigg858@ravenpost.net,EC,2023-01-15,1991,Enchantment
WIZ-03796,Edric Barrowmere,edric.barrowmere710@ravenpost.net,Northern Reaches,2025-07-16,1928,Enchantment
WIZ-03797,Grizelda Tanglewood,grizelda.tanglewood681@owlmail.co,cv,2025-06-28,1891,Enchantment
WIZ-03798,Zephyrine Moonbrook,zephyrine.moonbrook435@grimoire.org,EC,2026-02-18,1993,Alchemy
WIZ-03799,Xanthe Winterbourne,xanthe.winterbourne910@crystalball.io,nr,2025-05-29,1948,Alchemy
WIZ-03800,Fiora Thistledown,fiora.thistledown559@ravenpost.net,The Marshlands,2024-12-22,1911,Transmutation
WIZ-03801,Hawthorne Thistledown,hawthorne.thistledown6@moonmail.net,NR,2023-05-27,2001,Healing
WIZ-03802,Oleander Netherfield,oleander.netherfield722@moonmail.net,Silverwood,2024-04-20,1899,Transmutation
WIZ-03803,Fiora Yewbarrow,fiora.yewbarrow50@crystalball.io,nr,2023-09-30,1980,Enchantment
WIZ-03804,Elowen Barrowmere,elowen.barrowmere173@grimoire.org,Silverwood,2024-11-22,1901,Transmutation
WIZ-03805,Cassia Hollowbranch,cassia.hollowbranch185@moonmail.net,Silverwood,2024-07-20,1937,Alchemy
WIZ-03806,Fenwick Hazelrigg,fenwick.hazelrigg828@grimoire.org,Crystal Vale,2025-07-28,1964,Herbalism
WIZ-03807,Maribel Crowfeather,maribel.crowfeather622@ravenpost.net,SW,2025-06-26,1954,Alchemy
WIZ-03808,Thaddeus Quickbramble,thaddeus.quickbramble787@grimoire.org,CV,2023-08-18,1967,Enchantment
WIZ-03809,Dorian Gorsebush,dorian.gorsebush756@grimoire.org,SW,2023-12-14,1981,Divination
WIZ-03810,Quilla Stormbottle,,ec,2024-07-17,1967,Transmutation
WIZ-03811,Kestrel Copperkettle,kestrel.copperkettle809@owlmail.co,Northern Reaches,2023-03-22,1947,Transmutation
WIZ-03812,Oleander Zellandine,oleander.zellandine914@grimoire.org,cv,2023-01-21,1964,Transmutation
WIZ-03813,Thaddeus Ravenscroft,thaddeus.ravenscroft134@moonmail.net,Northern Reaches,2025-09-05,1917,Enchantment
WIZ-03814,Thaddeus Owlsworth,thaddeus.owlsworth903@moonmail.net,SW,2024-07-19,1998,Divination
WIZ-03815,Yarrow Mistlethorn,yarrow.mistlethorn264@crystalball.io,SW,2025-12-18,1890,Divination
WIZ-03816,Vesper Mossheart,vesper.mossheart353@owlmail.co,NR,2023-08-17,1999,Herbalism
WIZ-03817,Cassia Owlsworth,cassia.owlsworth436@ravenpost.net,NR,2026-06-13,1975,Illusion
WIZ-03818,Peregrine Brightmantle,peregrine.brightmantle541@owlmail.co,sw,2024-09-11,1917,Alchemy
WIZ-03819,Nimbus Copperkettle,nimbus.copperkettle312@grimoire.org,The Marshlands,2026-01-25,1903,Alchemy
WIZ-03820,Thaddeus Mossheart,thaddeus.mossheart205@moonmail.net,ec,2024-11-14,1968,Enchantment
WIZ-03821,Belladonna Crowfeather,belladonna.crowfeather36@crystalball.io,Northern Reaches,2025-06-06,1946,ILLUSION
WIZ-03822,Yarrow Cinderfell,yarrow.cinderfell214@owlmail.co,CV,2025-08-06,1908,Alchemy
WIZ-03823,Wendeline Glimmerstone,wendeline.glimmerstone324@grimoire.org,EC,2025-02-15,1920,Herbalism
WIZ-03824,Kestrel Duskwater,kestrel.duskwater351@ravenpost.net,EC,2025-08-31,1942,Enchantment
WIZ-03825,Morwenna Cinderfell,morwenna.cinderfell935@grimoire.org,nr,2024-09-08,1917,Illusion
WIZ-03826,Bramble Cinderfell,bramble.cinderfell693@moonmail.net,the marshlands,2023-06-08,1971,ALCHEMY
WIZ-03827,Belladonna Ravenscroft,belladonna.ravenscroft988@moonmail.net,ec,2025-03-13,1927,Alchemy
WIZ-03828,Edric Ashgrove,edric.ashgrove463@crystalball.io,SW,2023-04-28,1901,Herbalism
WIZ-03829,Wendeline Barrowmere,wendeline.barrowmere936@grimoire.org,EC,2025-01-02,1943,Alchemy
WIZ-03830,Quilla Thistledown,quilla.thistledown992@moonmail.net,the marshlands,2023-11-09,1916,Herbalism
WIZ-03831,Vesper Fernwhistle,vesper.fernwhistle174@owlmail.co,Silverwood,2023-11-02,1918,Transmutation
WIZ-03832,Quilla Frostpetal,quilla.frostpetal726@owlmail.co,silverwood,2025-07-02,1975,ILLUSION
WIZ-03833,Juniper Dimbleby,juniper.dimbleby64@crystalball.io,ml,2023-06-18,1927,Enchantment
WIZ-03834,Caspian Wandwright,caspian.wandwright531@owlmail.co,northern reaches,2025-06-27,1984,Alchemy
WIZ-03835,Maribel Netherfield,maribel.netherfield246@moonmail.net,EC,2025-10-21,1993,Divination
WIZ-03836,Petra Duskwater,petra.duskwater309@grimoire.org,SW,2025-12-31,1977,Enchantment
WIZ-03837,Petra Moonbrook,petra.moonbrook910@crystalball.io,CV,2025-10-06,1906,Alchemy
WIZ-03838,Hawthorne Umberfall,hawthorne.umberfall801@moonmail.net,Northern Reaches,2025-10-11,1900,Illusion
WIZ-03839,Fiora Winterbourne,fiora.winterbourne241@moonmail.net,ML,2024-04-30,1922,Healing
WIZ-03840,Elowen Kilnworth,elowen.kilnworth426@ravenpost.net,EC,2024-10-29,1971,Enchantment
WIZ-03841,Hesper Kilnworth,hesper.kilnworth945@grimoire.org,Northern Reaches,2025-09-15,1949,Divination
WIZ-03842,Lyra Ravenscroft,lyra.ravenscroft912@moonmail.net,EC,2024-02-19,1972,Transmutation
WIZ-03843,Fenwick Brightmantle,fenwick.brightmantle625@owlmail.co,ec,2026-02-05,1973,Divination
WIZ-03844,Jasper Mistlethorn,jasper.mistlethorn194@crystalball.io,ML,2024-07-27,1941,Divination
WIZ-03845,Seraphine Everbright,seraphine.everbright355@crystalball.io,SW,2024-10-07,1908,Healing
WIZ-03846,Vesper Glimmerstone,vesper.glimmerstone462@ravenpost.net,ec,2026-03-11,1939,Enchantment
WIZ-03847,Hawthorne Winterbourne,hawthorne.winterbourne305@crystalball.io,NR,2024-02-05,1936,Alchemy
WIZ-03848,Alaric Mossheart,alaric.mossheart941@owlmail.co,ML,2025-03-08,1897,Divination
WIZ-03849,Zephyrine Crowfeather,zephyrine.crowfeather603@moonmail.net,ec,2023-03-12,1994,Illusion
WIZ-03850,Grizelda Everbright,grizelda.everbright743@owlmail.co,EC,2024-03-14,1890,Healing
WIZ-03851,Nimbus Tanglewood,nimbus.tanglewood885@owlmail.co,The Marshlands,2024-02-02,1963,Herbalism
WIZ-03852,Oswin Barrowmere,oswin.barrowmere873@crystalball.io,CV,2025-02-26,1924,Herbalism
WIZ-03853,Zephyrine Copperkettle,zephyrine.copperkettle780@owlmail.co,sw,2025-08-27,1933,Illusion
WIZ-03854,Isolde Larkspur,isolde.larkspur92@moonmail.net,ML,2023-05-24,1918,Divination
WIZ-03855,Vesper Cinderfell,vesper.cinderfell922@owlmail.co,nr,2026-05-11,1911,Herbalism
WIZ-03856,Grizelda Ravenscroft,grizelda.ravenscroft741@moonmail.net,SW,2025-02-06,1981,ILLUSION
WIZ-03857,Cassia Nightbloom,cassia.nightbloom974@crystalball.io,silverwood,2023-01-03,1947,Transmutation
WIZ-03858,Dorian Wyrmwood,dorian.wyrmwood745@ravenpost.net,northern reaches,2025-03-01,1972,Enchantment
WIZ-03859,Bramble Glimmerstone,bramble.glimmerstone891@crystalball.io,NR,2025-01-22,1885,Alchemy
WIZ-03860,Grizelda Nightbloom,grizelda.nightbloom341@moonmail.net,sw,2023-12-19,1964,Divination
WIZ-03861,Edric Mistlethorn,edric.mistlethorn863@moonmail.net,ML,2024-10-19,1995,Healing
WIZ-03862,Fiora Zellandine,,ML,2023-05-12,1958,Alchemy
WIZ-03863,Zephyrine Emberwhisk,zephyrine.emberwhisk77@grimoire.org,ML,2024-07-28,1981,Healing
WIZ-03864,Nimbus Zellandine,nimbus.zellandine624@crystalball.io,Ember Coast,2024-01-30,1910,Enchantment
WIZ-03865,Nimbus Ravenscroft,nimbus.ravenscroft120@crystalball.io,NR,2024-02-28,1965,Illusion
WIZ-03866,Wendeline Barrowmere,wendeline.barrowmere575@moonmail.net,ml,2025-05-12,1973,ILLUSION
WIZ-03867,Thaddeus Mistlethorn,thaddeus.mistlethorn565@crystalball.io,ember coast,2025-03-29,1897,Enchantment
WIZ-03868,Kestrel Owlsworth,kestrel.owlsworth654@grimoire.org,ml,2023-12-07,1985,Alchemy
WIZ-03869,Corvin Winterbourne,corvin.winterbourne241@moonmail.net,sw,2023-04-11,1973,Transmutation
WIZ-03870,Caspian Emberwhisk,caspian.emberwhisk159@ravenpost.net,crystal vale,2026-05-26,1927,Enchantment
WIZ-03871,Hesper Moonbrook,hesper.moonbrook148@moonmail.net,northern reaches,2023-07-13,1950,Enchantment
WIZ-03872,Jasper Saltmarsh,jasper.saltmarsh333@grimoire.org,SW,2026-01-04,1976,ILLUSION
WIZ-03873,Edric Emberwhisk,edric.emberwhisk85@owlmail.co,northern reaches,2024-04-27,1986,Herbalism
WIZ-03874,Thaddeus Hazelrigg,thaddeus.hazelrigg533@grimoire.org,CV,2023-03-05,1909,ALCHEMY
WIZ-03875,Wendeline Ashgrove,wendeline.ashgrove762@ravenpost.net,SW,2024-07-15,1993,Enchantment
WIZ-03876,Cassia Thistledown,cassia.thistledown367@crystalball.io,ML,2023-10-10,1993,ILLUSION
WIZ-03877,Morwenna Duskwater,,ML,2024-10-15,1926,Divination
WIZ-03878,Corvin Wyrmwood,corvin.wyrmwood279@crystalball.io,NR,2024-01-05,1976,Illusion
WIZ-03879,Corvin Ironquill,corvin.ironquill60@moonmail.net,NR,2024-09-03,1927,Divination
WIZ-03880,Belladonna Ashgrove,belladonna.ashgrove240@owlmail.co,Northern Reaches,2023-11-12,1961,Transmutation
WIZ-03881,Isolde Zellandine,isolde.zellandine838@grimoire.org,cv,2024-11-12,1951,HEALING
WIZ-03882,Dorian Thistledown,dorian.thistledown225@ravenpost.net,nr,2023-06-18,1990,Transmutation
WIZ-03883,Yarrow Dimbleby,yarrow.dimbleby745@owlmail.co,EC,2025-01-08,1922,Divination
WIZ-03884,Kestrel Stormbottle,kestrel.stormbottle271@moonmail.net,SW,2024-07-24,1910,Herbalism
WIZ-03885,Corvin Thistledown,,the marshlands,2024-01-12,1919,Divination
WIZ-03886,Ignatius Mossheart,ignatius.mossheart504@owlmail.co,Northern Reaches,2023-12-06,1947,Divination
WIZ-03887,Hawthorne Cinderfell,hawthorne.cinderfell939@crystalball.io,the marshlands,2025-07-17,1958,Herbalism
WIZ-03888,Fenwick Vexley,fenwick.vexley608@crystalball.io,The Marshlands,2023-04-04,1906,Herbalism
WIZ-03889,Umbra Ravenscroft,umbra.ravenscroft565@crystalball.io,Northern Reaches,2024-05-10,1946,Enchantment
WIZ-03890,Dorian Hollowbranch,dorian.hollowbranch659@grimoire.org,CV,2023-06-08,1984,Healing
WIZ-03891,Quilla Foxglove,quilla.foxglove529@ravenpost.net,CV,2023-12-10,1922,ALCHEMY
WIZ-03892,Isolde Vexley,isolde.vexley142@crystalball.io,ML,2023-08-12,1886,Healing
WIZ-03893,Belladonna Quickbramble,belladonna.quickbramble255@grimoire.org,sw,2025-01-06,1996,Enchantment
WIZ-03894,Vesper Netherfield,vesper.netherfield989@grimoire.org,nr,2023-05-17,1939,Healing
WIZ-03895,Zephyrine Netherfield,zephyrine.netherfield754@moonmail.net,cv,2025-10-28,1929,Transmutation
WIZ-03896,Thaddeus Wandwright,,EC,2023-12-23,1922,Herbalism
WIZ-03897,Caspian Yewbarrow,caspian.yewbarrow969@ravenpost.net,ember coast,2024-02-25,1963,Illusion
WIZ-03898,Wendeline Stormbottle,wendeline.stormbottle906@grimoire.org,the marshlands,2023-04-08,1978,Alchemy
WIZ-03899,Xanthe Kilnworth,xanthe.kilnworth932@owlmail.co,nr,2025-02-27,1988,Alchemy
WIZ-03900,Elowen Barrowmere,elowen.barrowmere483@crystalball.io,silverwood,2026-03-29,1937,Herbalism
WIZ-03901,Hawthorne Mistlethorn,hawthorne.mistlethorn70@ravenpost.net,nr,2026-02-14,2000,Transmutation
WIZ-03902,Morwenna Frostpetal,morwenna.frostpetal529@grimoire.org,NR,2024-01-13,1901,Divination
WIZ-03903,Thaddeus Tanglewood,thaddeus.tanglewood293@grimoire.org,The Marshlands,2026-01-02,1942,Healing
WIZ-03904,Juniper Frostpetal,juniper.frostpetal24@crystalball.io,sw,2023-01-27,1893,Healing
WIZ-03905,Fiora Hazelrigg,fiora.hazelrigg62@owlmail.co,The Marshlands,2023-11-11,1984,Herbalism
WIZ-03906,Thaddeus Mossheart,thaddeus.mossheart439@ravenpost.net,ec,2025-01-26,1935,ILLUSION
WIZ-03907,Hawthorne Ironquill,hawthorne.ironquill173@grimoire.org,ml,2025-08-21,1922,Illusion
WIZ-03908,Ambrose Crowfeather,ambrose.crowfeather129@grimoire.org,cv,2025-04-25,1916,Enchantment
WIZ-03909,Hesper Hazelrigg,hesper.hazelrigg876@crystalball.io,NR,2024-03-01,1927,Alchemy
WIZ-03910,Wendeline Tanglewood,wendeline.tanglewood827@ravenpost.net,ml,2026-03-04,1977,Healing
WIZ-03911,Dorian Quickbramble,dorian.quickbramble216@ravenpost.net,CV,2025-07-18,1910,Healing
WIZ-03912,Jasper Everbright,jasper.everbright112@owlmail.co,sw,2023-12-26,1933,Transmutation
WIZ-03913,Xanthe Vexley,xanthe.vexley859@ravenpost.net,EC,2023-06-16,1953,Alchemy
WIZ-03914,Zephyrine Quickbramble,zephyrine.quickbramble316@owlmail.co,EC,2025-04-03,1904,Healing
WIZ-03915,Elowen Thistledown,elowen.thistledown469@owlmail.co,EC,2026-02-05,1892,Illusion
WIZ-03916,Rowan Gorsebush,rowan.gorsebush463@owlmail.co,EC,2024-08-18,1892,Herbalism
WIZ-03917,Hawthorne Kilnworth,hawthorne.kilnworth61@crystalball.io,ML,2023-07-19,1929,Healing
WIZ-03918,Hawthorne Tanglewood,hawthorne.tanglewood686@crystalball.io,NR,2025-12-15,1959,Alchemy
WIZ-03919,Bramble Moonbrook,bramble.moonbrook551@moonmail.net,EC,2026-05-25,1889,Alchemy
WIZ-03920,Jasper Fernwhistle,jasper.fernwhistle123@grimoire.org,ec,2024-10-07,1945,Herbalism
WIZ-03921,Ambrose Emberwhisk,ambrose.emberwhisk83@crystalball.io,SW,2024-03-16,2000,Divination
WIZ-03922,Cassia Owlsworth,cassia.owlsworth469@owlmail.co,nr,2023-02-16,1917,HERBALISM
WIZ-03923,Vesper Gorsebush,vesper.gorsebush301@owlmail.co,SW,2025-08-14,1895,Transmutation
WIZ-03924,Edric Hazelrigg,edric.hazelrigg782@moonmail.net,NR,2025-02-04,1988,Divination
WIZ-03925,Maribel Foxglove,maribel.foxglove947@owlmail.co,nr,2025-12-25,1927,Healing
WIZ-03926,Bramble Yewbarrow,bramble.yewbarrow286@moonmail.net,SW,2026-04-06,1917,Transmutation
WIZ-03927,Kestrel Zellandine,kestrel.zellandine319@owlmail.co,EC,2024-01-11,1969,Herbalism
WIZ-03928,Hawthorne Quickbramble,hawthorne.quickbramble628@ravenpost.net,ec,2024-09-18,1894,Healing
WIZ-03929,Belladonna Vexley,belladonna.vexley46@crystalball.io,nr,2023-03-26,1889,Divination
WIZ-03930,Cassia Tanglewood,cassia.tanglewood847@owlmail.co,nr,2023-11-26,1908,Illusion
WIZ-03931,Umbra Yewbarrow,umbra.yewbarrow88@moonmail.net,silverwood,2024-01-01,1925,Illusion
WIZ-03932,Lyra Yewbarrow,lyra.yewbarrow79@grimoire.org,EC,2024-09-11,1929,Herbalism
WIZ-03933,Lyra Larkspur,lyra.larkspur782@owlmail.co,Northern Reaches,2023-10-26,1903,Alchemy
WIZ-03934,Juniper Crowfeather,juniper.crowfeather400@ravenpost.net,EC,2024-05-04,1947,Divination
WIZ-03935,Xanthe Hazelrigg,xanthe.hazelrigg898@owlmail.co,EC,2025-12-15,1959,Herbalism
WIZ-03936,Seraphine Cinderfell,seraphine.cinderfell224@grimoire.org,ML,2025-01-16,1991,Enchantment
WIZ-03937,Ambrose Hazelrigg,ambrose.hazelrigg556@ravenpost.net,EC,2026-04-21,1927,Divination
WIZ-03938,Jasper Frostpetal,jasper.frostpetal709@grimoire.org,SW,2024-07-14,1945,Illusion
WIZ-03939,Cassia Fernwhistle,cassia.fernwhistle272@owlmail.co,SW,2025-10-07,1945,Alchemy
WIZ-03940,Corvin Mossheart,corvin.mossheart418@moonmail.net,Silverwood,2026-04-08,1926,Alchemy
WIZ-03941,Isolde Netherfield,isolde.netherfield749@moonmail.net,cv,2023-09-10,1903,Illusion
WIZ-03942,Lyra Gorsebush,lyra.gorsebush108@grimoire.org,cv,2023-12-20,1888,Herbalism
WIZ-03943,Bramble Mistlethorn,bramble.mistlethorn640@owlmail.co,Northern Reaches,2024-09-02,1941,DIVINATION
WIZ-03944,Vesper Ravenscroft,vesper.ravenscroft140@grimoire.org,Ember Coast,2024-01-04,1973,Enchantment
WIZ-03945,Lyra Foxglove,lyra.foxglove244@owlmail.co,Ember Coast,2023-11-19,1935,Herbalism
WIZ-03946,Lyra Kilnworth,lyra.kilnworth99@ravenpost.net,SW,2025-09-27,1989,ENCHANTMENT
WIZ-03947,Belladonna Thistledown,belladonna.thistledown304@moonmail.net,The Marshlands,2024-12-25,1913,Divination
WIZ-03948,Alaric Tanglewood,alaric.tanglewood657@moonmail.net,Ember Coast,2025-05-28,2001,Transmutation
WIZ-03949,Gideon Glimmerstone,gideon.glimmerstone465@owlmail.co,nr,2023-05-18,1959,Enchantment
WIZ-03950,Zephyrine Tanglewood,zephyrine.tanglewood960@owlmail.co,ec,2024-08-25,1994,Herbalism
WIZ-03951,Elowen Wyrmwood,elowen.wyrmwood370@crystalball.io,silverwood,2025-09-04,1959,HEALING
WIZ-03952,Ambrose Larkspur,ambrose.larkspur142@owlmail.co,ember coast,2024-09-01,1958,Enchantment
WIZ-03953,Grizelda Owlsworth,grizelda.owlsworth202@crystalball.io,CV,2023-01-05,1898,Illusion
WIZ-03954,Hawthorne Frostpetal,hawthorne.frostpetal280@owlmail.co,NR,2025-04-05,1908,Enchantment
WIZ-03955,Grizelda Larkspur,grizelda.larkspur95@moonmail.net,NR,2025-01-13,1941,Divination
WIZ-03956,Cassia Stormbottle,cassia.stormbottle747@moonmail.net,ec,2025-07-10,1911,Divination
WIZ-03957,Thaddeus Saltmarsh,thaddeus.saltmarsh223@crystalball.io,Silverwood,2023-11-27,1971,Enchantment
WIZ-03958,Caspian Wandwright,caspian.wandwright916@grimoire.org,Northern Reaches,2026-04-09,1982,Alchemy
WIZ-03959,Wendeline Duskwater,wendeline.duskwater655@moonmail.net,CV,2025-02-02,1923,Healing
WIZ-03960,Corvin Foxglove,corvin.foxglove946@moonmail.net,northern reaches,2024-11-28,1960,Enchantment
WIZ-03961,Cassia Stormbottle,cassia.stormbottle122@moonmail.net,ember coast,2025-05-07,1897,Illusion
WIZ-03962,Fenwick Barrowmere,fenwick.barrowmere612@moonmail.net,northern reaches,2025-07-14,1926,Divination
WIZ-03963,Morwenna Winterbourne,morwenna.winterbourne229@grimoire.org,EC,2025-09-18,1934,Healing
WIZ-03964,Alaric Saltmarsh,alaric.saltmarsh21@grimoire.org,The Marshlands,2023-08-20,1991,Divination
WIZ-03965,Fiora Duskwater,fiora.duskwater937@crystalball.io,Crystal Vale,2025-09-01,1907,Healing
WIZ-03966,Oleander Quickbramble,oleander.quickbramble637@grimoire.org,nr,2026-05-10,1942,Divination
WIZ-03967,Juniper Barrowmere,juniper.barrowmere775@ravenpost.net,Silverwood,2023-07-20,1955,Enchantment
WIZ-03968,Juniper Wyrmwood,juniper.wyrmwood15@ravenpost.net,SW,2025-11-16,1931,Alchemy
WIZ-03969,Vesper Saltmarsh,vesper.saltmarsh106@grimoire.org,Northern Reaches,2025-03-24,1954,Illusion
WIZ-03970,Dorian Mossheart,dorian.mossheart388@grimoire.org,EC,2025-10-21,1938,Illusion
WIZ-03971,Seraphine Glimmerstone,seraphine.glimmerstone771@ravenpost.net,SW,2023-12-31,1937,Enchantment
WIZ-03972,Vesper Saltmarsh,vesper.saltmarsh119@owlmail.co,nr,2024-06-19,1939,Transmutation
WIZ-03973,Thaddeus Copperkettle,thaddeus.copperkettle688@crystalball.io,SW,2025-12-31,1962,Transmutation
WIZ-03974,Peregrine Gorsebush,peregrine.gorsebush674@moonmail.net,NR,2024-02-06,1967,ENCHANTMENT
WIZ-03975,Ambrose Copperkettle,ambrose.copperkettle100@ravenpost.net,EC,2024-12-28,1988,Transmutation
WIZ-03976,Vesper Mistlethorn,vesper.mistlethorn621@crystalball.io,Crystal Vale,2025-06-21,1939,Enchantment
WIZ-03977,Gideon Ravenscroft,gideon.ravenscroft801@ravenpost.net,Silverwood,2026-01-03,1975,Divination
WIZ-03978,Rowan Ashgrove,rowan.ashgrove788@moonmail.net,EC,2025-01-26,1924,Herbalism
WIZ-03979,Elowen Umberfall,elowen.umberfall474@grimoire.org,northern reaches,2023-02-03,1955,Alchemy
WIZ-03980,Bramble Vexley,bramble.vexley477@ravenpost.net,NR,2024-05-11,1944,Transmutation
WIZ-03981,Oswin Cinderfell,oswin.cinderfell585@moonmail.net,EC,2026-05-06,1967,Healing
WIZ-03982,Wendeline Nightbloom,wendeline.nightbloom174@owlmail.co,Ember Coast,2025-04-16,1898,Alchemy
WIZ-03983,Elowen Frostpetal,elowen.frostpetal143@ravenpost.net,Silverwood,2023-06-06,1896,Illusion
WIZ-03984,Alaric Stormbottle,alaric.stormbottle802@ravenpost.net,EC,2025-06-30,1971,Illusion
WIZ-03985,Corvin Cinderfell,corvin.cinderfell247@grimoire.org,ec,2025-07-15,1888,Alchemy
WIZ-03986,Wendeline Everbright,wendeline.everbright951@moonmail.net,EC,2025-04-26,1933,Divination
WIZ-03987,Peregrine Jackdaw,peregrine.jackdaw888@grimoire.org,ec,2025-05-11,1890,Divination
WIZ-03988,Dorian Jackdaw,dorian.jackdaw121@grimoire.org,ML,2023-04-02,1983,Illusion
WIZ-03989,Quilla Larkspur,quilla.larkspur580@owlmail.co,CV,2024-01-10,2004,HEALING
WIZ-03990,Morwenna Winterbourne,morwenna.winterbourne726@ravenpost.net,Crystal Vale,2023-08-28,2002,Transmutation
WIZ-03991,Jasper Nightbloom,jasper.nightbloom821@grimoire.org,Silverwood,2025-12-27,1970,Divination
WIZ-03992,Elowen Hazelrigg,elowen.hazelrigg682@moonmail.net,NR,2025-10-16,1988,Illusion
WIZ-03993,Dorian Foxglove,dorian.foxglove571@owlmail.co,crystal vale,2025-02-27,1972,TRANSMUTATION
WIZ-03994,Isolde Umberfall,isolde.umberfall367@grimoire.org,ec,2025-05-21,2000,Healing
WIZ-03995,Wendeline Owlsworth,wendeline.owlsworth536@grimoire.org,northern reaches,2025-10-06,1974,Transmutation
WIZ-03996,Kestrel Mossheart,kestrel.mossheart148@ravenpost.net,nr,2025-03-26,1929,Herbalism
WIZ-03997,Oleander Moonbrook,oleander.moonbrook638@crystalball.io,ML,2024-07-25,1999,Transmutation
WIZ-03998,Peregrine Kilnworth,peregrine.kilnworth871@grimoire.org,NR,2024-09-30,1951,Divination
WIZ-03999,Umbra Winterbourne,umbra.winterbourne54@owlmail.co,sw,2025-04-29,1935,Herbalism
WIZ-04000,Peregrine Jackdaw,peregrine.jackdaw757@owlmail.co,NR,2023-12-20,2003,HEALING
WIZ-04001,Xanthe Quickbramble,xanthe.quickbramble318@grimoire.org,SW,2023-11-12,1919,Healing
WIZ-04002,Juniper Dimbleby,juniper.dimbleby175@ravenpost.net,ml,2023-07-13,1927,Herbalism
WIZ-04003,Quilla Mistlethorn,quilla.mistlethorn77@ravenpost.net,CV,2025-12-25,1885,Enchantment
WIZ-04004,Oswin Frostpetal,oswin.frostpetal154@moonmail.net,ec,2023-03-11,1989,Illusion
WIZ-04005,Hawthorne Foxglove,hawthorne.foxglove58@grimoire.org,ML,2025-10-18,2003,Enchantment
WIZ-04006,Bramble Stormbottle,bramble.stormbottle440@grimoire.org,ml,2023-04-16,1907,HEALING
WIZ-04007,Ambrose Hollowbranch,ambrose.hollowbranch374@moonmail.net,CV,2023-08-01,1907,Enchantment
WIZ-04008,Zephyrine Umberfall,zephyrine.umberfall176@moonmail.net,CV,2023-03-07,1961,Healing
WIZ-04009,Thaddeus Quickbramble,thaddeus.quickbramble941@owlmail.co,ML,2023-11-02,1910,Illusion
WIZ-04010,Lyra Umberfall,lyra.umberfall363@moonmail.net,EC,2025-04-26,1948,Transmutation
WIZ-04011,Umbra Frostpetal,umbra.frostpetal575@grimoire.org,the marshlands,2024-07-05,1891,Transmutation
WIZ-04012,Maribel Zellandine,maribel.zellandine384@moonmail.net,SW,2025-06-11,1902,ILLUSION
WIZ-04013,Gideon Dimbleby,gideon.dimbleby387@moonmail.net,EC,2023-06-19,1993,Enchantment
WIZ-04014,Thaddeus Yewbarrow,thaddeus.yewbarrow644@grimoire.org,Northern Reaches,2024-07-07,1989,Illusion
WIZ-04015,Seraphine Nightbloom,seraphine.nightbloom880@owlmail.co,nr,2025-10-19,1908,Alchemy
WIZ-04016,Oswin Jackdaw,oswin.jackdaw840@grimoire.org,Crystal Vale,2023-10-16,1902,Transmutation
WIZ-04017,Grizelda Owlsworth,grizelda.owlsworth483@ravenpost.net,EC,2025-03-27,1971,HERBALISM
WIZ-04018,Juniper Mistlethorn,juniper.mistlethorn648@owlmail.co,Ember Coast,2023-11-17,1922,Herbalism
WIZ-04019,Petra Wandwright,petra.wandwright357@moonmail.net,ML,2025-06-21,1955,Enchantment
WIZ-04020,Fenwick Ravenscroft,fenwick.ravenscroft68@moonmail.net,nr,2026-02-06,1981,Herbalism
WIZ-04021,Hawthorne Glimmerstone,hawthorne.glimmerstone434@ravenpost.net,sw,2024-03-09,1897,Illusion
WIZ-04022,Seraphine Saltmarsh,seraphine.saltmarsh105@moonmail.net,Silverwood,2025-08-03,1919,Healing
WIZ-04023,Petra Frostpetal,petra.frostpetal933@crystalball.io,Ember Coast,2024-06-16,1906,Healing
WIZ-04024,Bramble Gorsebush,bramble.gorsebush192@moonmail.net,silverwood,2024-09-30,1926,Alchemy
WIZ-04025,Juniper Crowfeather,juniper.crowfeather383@crystalball.io,northern reaches,2023-12-03,1900,Herbalism
WIZ-04026,Xanthe Crowfeather,xanthe.crowfeather876@grimoire.org,ml,2024-07-03,1933,ENCHANTMENT
WIZ-04027,Zephyrine Glimmerstone,zephyrine.glimmerstone116@owlmail.co,The Marshlands,2025-09-07,1906,Illusion
WIZ-04028,Juniper Winterbourne,juniper.winterbourne804@crystalball.io,SW,2023-11-17,1905,Transmutation
WIZ-04029,Ambrose Larkspur,ambrose.larkspur426@moonmail.net,ML,2024-11-12,1932,Transmutation
WIZ-04030,Quilla Mistlethorn,quilla.mistlethorn661@owlmail.co,EC,2023-01-22,1886,Divination
WIZ-04031,Elowen Ravenscroft,elowen.ravenscroft601@grimoire.org,SW,2023-09-23,1984,Transmutation
WIZ-04032,Quilla Copperkettle,quilla.copperkettle206@owlmail.co,ec,2026-04-12,1950,Enchantment
WIZ-04033,Fenwick Fernwhistle,fenwick.fernwhistle542@grimoire.org,CV,2025-10-28,1951,Healing
WIZ-04034,Fenwick Ashgrove,fenwick.ashgrove625@crystalball.io,crystal vale,2025-02-25,1911,Divination
WIZ-04035,Rowan Glimmerstone,,Ember Coast,2025-09-26,1897,Divination
WIZ-04036,Oleander Zellandine,oleander.zellandine833@moonmail.net,Silverwood,2024-06-06,1977,Healing
WIZ-04037,Lyra Cinderfell,lyra.cinderfell56@crystalball.io,EC,2024-11-23,1989,Enchantment
WIZ-04038,Oleander Frostpetal,oleander.frostpetal902@crystalball.io,sw,2026-01-27,1987,Illusion
WIZ-04039,Jasper Tanglewood,,Silverwood,2026-02-26,1908,Herbalism
WIZ-04040,Grizelda Frostpetal,grizelda.frostpetal800@owlmail.co,The Marshlands,2023-05-08,1915,Transmutation
WIZ-04041,Quilla Moonbrook,quilla.moonbrook757@grimoire.org,SW,2023-03-02,1988,Enchantment
WIZ-04042,Peregrine Umberfall,peregrine.umberfall168@owlmail.co,nr,2025-02-24,1927,Illusion
WIZ-04043,Fiora Netherfield,fiora.netherfield414@owlmail.co,NR,2025-07-12,1942,Healing
WIZ-04044,Cassia Gorsebush,cassia.gorsebush275@ravenpost.net,Ember Coast,2023-04-19,1933,Transmutation
WIZ-04045,Vesper Winterbourne,vesper.winterbourne713@owlmail.co,CV,2023-05-11,1966,Illusion
WIZ-04046,Quilla Mistlethorn,quilla.mistlethorn136@moonmail.net,Northern Reaches,2023-12-01,1921,HERBALISM
WIZ-04047,Quilla Umberfall,quilla.umberfall450@owlmail.co,ec,2023-10-12,1903,Enchantment
WIZ-04048,Fiora Duskwater,fiora.duskwater696@ravenpost.net,EC,2025-05-10,1914,Herbalism
WIZ-04049,Quilla Wyrmwood,quilla.wyrmwood313@grimoire.org,SW,2023-10-18,1924,Herbalism
WIZ-04050,Umbra Hollowbranch,umbra.hollowbranch547@grimoire.org,EC,2024-06-07,1887,Herbalism
WIZ-04051,Quilla Fernwhistle,quilla.fernwhistle301@owlmail.co,northern reaches,2025-10-31,1897,Divination
WIZ-04052,Petra Frostpetal,petra.frostpetal220@grimoire.org,Ember Coast,2024-06-23,1901,Enchantment
WIZ-04053,Hawthorne Vexley,hawthorne.vexley119@owlmail.co,crystal vale,2023-06-05,1986,Healing
WIZ-04054,Nimbus Brightmantle,nimbus.brightmantle141@owlmail.co,Northern Reaches,2025-01-07,1943,Divination
WIZ-04055,Elowen Mistlethorn,elowen.mistlethorn51@ravenpost.net,ML,2025-02-07,1915,HERBALISM
WIZ-04056,Juniper Frostpetal,juniper.frostpetal382@owlmail.co,NR,2025-01-31,1928,Herbalism
WIZ-04057,Xanthe Umberfall,xanthe.umberfall805@owlmail.co,crystal vale,2026-01-11,1905,Healing
WIZ-04058,Xanthe Nightbloom,xanthe.nightbloom784@moonmail.net,sw,2026-01-22,1951,Enchantment
WIZ-04059,Grizelda Mistlethorn,grizelda.mistlethorn509@moonmail.net,NR,2025-01-02,1967,Healing
WIZ-04060,Maribel Saltmarsh,maribel.saltmarsh291@moonmail.net,Silverwood,2023-11-13,1983,Herbalism
WIZ-04061,Rowan Cinderfell,rowan.cinderfell221@owlmail.co,EC,2026-01-30,1910,Illusion
WIZ-04062,Cassia Emberwhisk,cassia.emberwhisk989@grimoire.org,NR,2024-09-21,1913,Divination
WIZ-04063,Hesper Frostpetal,hesper.frostpetal492@moonmail.net,nr,2024-12-22,1888,Transmutation
WIZ-04064,Kestrel Vexley,kestrel.vexley443@moonmail.net,CV,2026-01-04,1923,Illusion
WIZ-04065,Lyra Everbright,lyra.everbright639@crystalball.io,NR,2025-04-14,1934,Herbalism
WIZ-04066,Wendeline Foxglove,wendeline.foxglove93@moonmail.net,ec,2026-01-05,1930,Healing
WIZ-04067,Dorian Nightbloom,dorian.nightbloom283@crystalball.io,Crystal Vale,2024-08-19,1944,Transmutation
WIZ-04068,Isolde Mossheart,isolde.mossheart483@crystalball.io,northern reaches,2023-05-21,1887,Divination
WIZ-04069,Ignatius Umberfall,ignatius.umberfall798@grimoire.org,CV,2025-05-16,1919,Illusion
WIZ-04070,Fenwick Ironquill,fenwick.ironquill887@grimoire.org,NR,2024-01-10,1907,Healing
WIZ-04071,Ignatius Hollowbranch,ignatius.hollowbranch486@owlmail.co,EC,2023-07-18,1902,Herbalism
WIZ-04072,Nimbus Glimmerstone,nimbus.glimmerstone452@ravenpost.net,EC,2024-01-25,1943,Enchantment
WIZ-04073,Lyra Umberfall,lyra.umberfall334@crystalball.io,The Marshlands,2023-06-06,1928,Illusion
WIZ-04074,Fiora Wyrmwood,fiora.wyrmwood95@crystalball.io,Ember Coast,2023-03-20,2006,Illusion
WIZ-04075,Oswin Umberfall,oswin.umberfall954@owlmail.co,ember coast,2025-04-15,1917,Transmutation
WIZ-04076,Isolde Hollowbranch,isolde.hollowbranch76@grimoire.org,EC,2026-06-15,1886,Alchemy
WIZ-04077,Vesper Hollowbranch,vesper.hollowbranch175@ravenpost.net,Ember Coast,2025-04-28,1918,Divination
WIZ-04078,Ignatius Cinderfell,ignatius.cinderfell633@grimoire.org,nr,2023-08-23,1922,Illusion
WIZ-04079,Fiora Mossheart,fiora.mossheart357@grimoire.org,ML,2024-03-14,1998,Herbalism
WIZ-04080,Fenwick Nightbloom,fenwick.nightbloom699@crystalball.io,NR,2026-04-16,1885,Healing
WIZ-04081,Quilla Winterbourne,quilla.winterbourne808@ravenpost.net,SW,2025-10-20,1955,Healing
WIZ-04082,Vesper Hazelrigg,vesper.hazelrigg515@owlmail.co,EC,2025-07-14,1966,Herbalism
WIZ-04083,Caspian Kilnworth,caspian.kilnworth358@crystalball.io,cv,2025-11-07,1967,Healing
WIZ-04084,Nimbus Wyrmwood,nimbus.wyrmwood528@crystalball.io,sw,2025-11-01,1971,Herbalism
WIZ-04085,Caspian Hazelrigg,caspian.hazelrigg493@owlmail.co,ML,2025-09-15,1982,Herbalism
WIZ-04086,Ignatius Yewbarrow,ignatius.yewbarrow947@moonmail.net,NR,2025-12-17,1993,HERBALISM
WIZ-04087,Kestrel Owlsworth,kestrel.owlsworth658@moonmail.net,SW,2024-09-11,1928,Divination
WIZ-04088,Bramble Thistledown,bramble.thistledown377@moonmail.net,SW,2026-03-30,1894,Illusion
WIZ-04089,Wendeline Crowfeather,wendeline.crowfeather43@moonmail.net,ML,2023-07-28,1913,Enchantment
WIZ-04090,Thaddeus Zellandine,thaddeus.zellandine494@owlmail.co,The Marshlands,2023-04-21,1969,Alchemy
WIZ-04091,Belladonna Frostpetal,belladonna.frostpetal800@owlmail.co,Northern Reaches,2023-01-15,1983,Enchantment
WIZ-04092,Cassia Wandwright,cassia.wandwright195@ravenpost.net,the marshlands,2025-10-11,1947,Healing
WIZ-04093,Quilla Zellandine,quilla.zellandine477@grimoire.org,ML,2026-02-26,1912,Enchantment
WIZ-04094,Corvin Foxglove,corvin.foxglove317@grimoire.org,CV,2026-03-17,1887,Transmutation
WIZ-04095,Caspian Everbright,caspian.everbright474@ravenpost.net,NR,2023-01-02,1932,Enchantment
WIZ-04096,Yarrow Wandwright,yarrow.wandwright540@crystalball.io,The Marshlands,2025-07-22,1890,Healing
WIZ-04097,Grizelda Thistledown,grizelda.thistledown120@owlmail.co,sw,2024-11-21,1912,ILLUSION
WIZ-04098,Umbra Nightbloom,umbra.nightbloom990@ravenpost.net,The Marshlands,2024-08-06,2001,Healing
WIZ-04099,Rowan Larkspur,rowan.larkspur447@moonmail.net,sw,2024-01-27,1893,Healing
WIZ-04100,Petra Quickbramble,petra.quickbramble184@moonmail.net,NR,2024-03-11,1899,Herbalism
WIZ-04101,Maribel Tanglewood,maribel.tanglewood457@owlmail.co,Northern Reaches,2025-07-31,1947,Healing
WIZ-04102,Umbra Duskwater,umbra.duskwater335@ravenpost.net,Crystal Vale,2026-03-02,2003,Enchantment
WIZ-04103,Hesper Foxglove,hesper.foxglove52@crystalball.io,silverwood,2025-03-27,1964,ILLUSION
WIZ-04104,Kestrel Owlsworth,kestrel.owlsworth142@grimoire.org,northern reaches,2023-09-15,1907,Divination
WIZ-04105,Umbra Owlsworth,umbra.owlsworth865@owlmail.co,NR,2025-11-22,1936,Healing
WIZ-04106,Isolde Thistledown,isolde.thistledown436@grimoire.org,ec,2024-06-20,1906,Divination
WIZ-04107,Alaric Frostpetal,alaric.frostpetal944@crystalball.io,SW,2026-03-22,1974,HERBALISM
WIZ-04108,Caspian Barrowmere,caspian.barrowmere161@moonmail.net,the marshlands,2024-01-23,1924,Illusion
WIZ-04109,Cassia Duskwater,cassia.duskwater425@crystalball.io,ml,2025-11-17,1995,ALCHEMY
WIZ-04110,Gideon Duskwater,gideon.duskwater473@ravenpost.net,Northern Reaches,2025-08-21,1966,Transmutation
WIZ-04111,Kestrel Dimbleby,kestrel.dimbleby863@owlmail.co,Silverwood,2026-02-16,1983,Divination
WIZ-04112,Lyra Dimbleby,lyra.dimbleby264@moonmail.net,SW,2025-09-10,1995,Alchemy
WIZ-04113,Seraphine Barrowmere,seraphine.barrowmere664@ravenpost.net,Northern Reaches,2025-06-16,1977,Healing
WIZ-04114,Thaddeus Mossheart,thaddeus.mossheart914@moonmail.net,Ember Coast,2023-12-01,1910,HERBALISM
WIZ-04115,Nimbus Ravenscroft,nimbus.ravenscroft341@owlmail.co,NR,2025-05-09,1950,Illusion
WIZ-04116,Hesper Mistlethorn,hesper.mistlethorn789@grimoire.org,SW,2025-08-30,2000,Enchantment
WIZ-04117,Oswin Netherfield,oswin.netherfield829@grimoire.org,SW,2024-10-24,1963,HEALING
WIZ-04118,Edric Thistledown,edric.thistledown118@ravenpost.net,Ember Coast,2023-11-15,1898,Enchantment
WIZ-04119,Elowen Umberfall,elowen.umberfall76@ravenpost.net,ec,2023-10-07,1977,Transmutation
WIZ-04120,Elowen Wyrmwood,elowen.wyrmwood374@ravenpost.net,EC,2024-04-04,1980,Herbalism
WIZ-04121,Hawthorne Vexley,hawthorne.vexley660@moonmail.net,ML,2023-04-05,1886,Healing
WIZ-04122,Isolde Thistledown,isolde.thistledown297@owlmail.co,EC,2025-06-09,1909,Herbalism
WIZ-04123,Lyra Wyrmwood,lyra.wyrmwood830@grimoire.org,EC,2024-12-16,1967,Healing
WIZ-04124,Dorian Dimbleby,dorian.dimbleby902@grimoire.org,CV,2024-05-30,1919,ILLUSION
WIZ-04125,Seraphine Ravenscroft,seraphine.ravenscroft687@crystalball.io,The Marshlands,2024-08-01,1921,Divination
WIZ-04126,Gideon Wandwright,gideon.wandwright138@moonmail.net,The Marshlands,2025-05-04,2001,Alchemy
WIZ-04127,Seraphine Everbright,seraphine.everbright345@owlmail.co,the marshlands,2023-10-27,1946,Illusion
WIZ-04128,Vesper Mistlethorn,vesper.mistlethorn604@moonmail.net,northern reaches,2026-01-29,1921,Alchemy
WIZ-04129,Rowan Foxglove,rowan.foxglove652@moonmail.net,SW,2023-01-10,1982,Illusion
WIZ-04130,Umbra Brightmantle,umbra.brightmantle451@moonmail.net,SW,2023-02-02,1901,Enchantment
WIZ-04131,Nimbus Fernwhistle,nimbus.fernwhistle749@ravenpost.net,nr,2025-03-05,1999,Divination
WIZ-04132,Morwenna Mistlethorn,morwenna.mistlethorn379@grimoire.org,sw,2023-07-07,1990,Transmutation
WIZ-04133,Lyra Umberfall,lyra.umberfall861@grimoire.org,ML,2024-01-06,1897,Enchantment
WIZ-04134,Wendeline Ashgrove,wendeline.ashgrove571@owlmail.co,Ember Coast,2026-05-15,1991,Herbalism
WIZ-04135,Fenwick Tanglewood,fenwick.tanglewood567@grimoire.org,cv,2025-05-13,1943,Healing
WIZ-04136,Oleander Winterbourne,oleander.winterbourne86@ravenpost.net,Crystal Vale,2024-06-09,1920,Herbalism
WIZ-04137,Lyra Tanglewood,lyra.tanglewood435@crystalball.io,Northern Reaches,2025-11-08,1994,Healing
WIZ-04138,Alaric Mistlethorn,alaric.mistlethorn547@grimoire.org,SW,2026-01-14,1973,Transmutation
WIZ-04139,Oswin Yewbarrow,oswin.yewbarrow605@grimoire.org,The Marshlands,2024-11-18,1930,Healing
WIZ-04140,Maribel Nightbloom,maribel.nightbloom751@moonmail.net,Ember Coast,2026-04-19,1935,Herbalism
WIZ-04141,Seraphine Glimmerstone,seraphine.glimmerstone102@ravenpost.net,NR,2026-02-06,1966,Enchantment
WIZ-04142,Bramble Hollowbranch,bramble.hollowbranch43@grimoire.org,ml,2023-05-09,1886,Enchantment
WIZ-04143,Peregrine Hollowbranch,peregrine.hollowbranch564@crystalball.io,ML,2024-01-14,1969,Healing
WIZ-04144,Fenwick Copperkettle,fenwick.copperkettle753@owlmail.co,ml,2024-09-02,1941,Healing
WIZ-04145,Seraphine Saltmarsh,seraphine.saltmarsh204@ravenpost.net,nr,2025-05-12,1985,Alchemy
WIZ-04146,Caspian Frostpetal,caspian.frostpetal910@crystalball.io,Crystal Vale,2025-04-24,1980,Illusion
WIZ-04147,Gideon Winterbourne,gideon.winterbourne180@crystalball.io,Northern Reaches,2023-09-08,1998,Divination
WIZ-04148,Vesper Dimbleby,vesper.dimbleby834@grimoire.org,EC,2025-10-18,1892,Divination
WIZ-04149,Bramble Dimbleby,bramble.dimbleby46@grimoire.org,sw,2025-07-26,1887,HERBALISM
WIZ-04150,Belladonna Glimmerstone,belladonna.glimmerstone420@crystalball.io,Ember Coast,2025-09-04,1911,Divination
WIZ-04151,Fiora Brightmantle,fiora.brightmantle66@owlmail.co,SW,2026-04-26,1981,Illusion
WIZ-04152,Hesper Owlsworth,hesper.owlsworth807@grimoire.org,NR,2025-02-01,1893,Herbalism
WIZ-04153,Gideon Frostpetal,gideon.frostpetal565@ravenpost.net,Silverwood,2023-08-10,1959,Enchantment
WIZ-04154,Corvin Nightbloom,corvin.nightbloom573@ravenpost.net,cv,2026-02-10,1997,Herbalism
WIZ-04155,Alaric Nightbloom,alaric.nightbloom371@grimoire.org,EC,2024-09-14,1950,HEALING
WIZ-04156,Caspian Saltmarsh,caspian.saltmarsh314@moonmail.net,ML,2024-11-07,1972,Herbalism
WIZ-04157,Grizelda Yewbarrow,grizelda.yewbarrow83@grimoire.org,CV,2025-06-11,1911,Healing
WIZ-04158,Delphine Owlsworth,delphine.owlsworth141@grimoire.org,SW,2024-10-27,1908,Illusion
WIZ-04159,Peregrine Frostpetal,peregrine.frostpetal883@moonmail.net,CV,2025-07-14,1981,Transmutation
WIZ-04160,Yarrow Winterbourne,yarrow.winterbourne98@crystalball.io,nr,2025-10-10,1937,Divination
WIZ-04161,Morwenna Owlsworth,morwenna.owlsworth207@crystalball.io,Ember Coast,2023-12-08,1924,Herbalism
WIZ-04162,Gideon Crowfeather,gideon.crowfeather303@grimoire.org,SW,2023-11-05,1917,Herbalism
WIZ-04163,Fiora Winterbourne,fiora.winterbourne109@owlmail.co,crystal vale,2026-01-23,1950,HERBALISM
WIZ-04164,Rowan Moonbrook,rowan.moonbrook788@ravenpost.net,EC,2025-06-25,1982,Enchantment
WIZ-04165,Ambrose Saltmarsh,ambrose.saltmarsh440@owlmail.co,Silverwood,2026-03-27,1922,Transmutation
WIZ-04166,Thaddeus Glimmerstone,thaddeus.glimmerstone532@owlmail.co,Northern Reaches,2023-09-02,1888,Transmutation
WIZ-04167,Isolde Netherfield,isolde.netherfield432@grimoire.org,Ember Coast,2026-03-28,2006,Enchantment
WIZ-04168,Fiora Cinderfell,fiora.cinderfell385@grimoire.org,ml,2026-03-14,1917,Alchemy
WIZ-04169,Juniper Duskwater,juniper.duskwater768@ravenpost.net,silverwood,2024-04-25,1892,Healing
WIZ-04170,Rowan Moonbrook,rowan.moonbrook774@moonmail.net,Northern Reaches,2025-03-09,1899,Transmutation
WIZ-04171,Isolde Cinderfell,isolde.cinderfell405@crystalball.io,Crystal Vale,2023-01-12,1897,ILLUSION
WIZ-04172,Edric Gorsebush,edric.gorsebush658@moonmail.net,ec,2025-11-23,1923,Alchemy
WIZ-04173,Fiora Netherfield,fiora.netherfield595@grimoire.org,NR,2025-06-30,1961,Healing
WIZ-04174,Seraphine Zellandine,seraphine.zellandine604@owlmail.co,ml,2023-02-25,1958,Illusion
WIZ-04175,Nimbus Ravenscroft,nimbus.ravenscroft408@grimoire.org,SW,2026-05-18,1969,Herbalism
WIZ-04176,Bramble Emberwhisk,bramble.emberwhisk339@ravenpost.net,silverwood,2024-01-30,1997,ALCHEMY
WIZ-04177,Grizelda Brightmantle,grizelda.brightmantle417@crystalball.io,the marshlands,2024-08-10,1913,Divination
WIZ-04178,Seraphine Mistlethorn,seraphine.mistlethorn730@moonmail.net,ec,2024-03-23,1888,Herbalism
WIZ-04179,Corvin Hollowbranch,corvin.hollowbranch309@crystalball.io,northern reaches,2026-02-25,1954,Transmutation
WIZ-04180,Corvin Crowfeather,corvin.crowfeather973@owlmail.co,ec,2025-07-21,1936,Illusion
WIZ-04181,Oswin Ashgrove,oswin.ashgrove939@moonmail.net,sw,2023-07-22,1923,Herbalism
WIZ-04182,Maribel Vexley,maribel.vexley935@ravenpost.net,Northern Reaches,2023-03-09,1958,Healing
WIZ-04183,Bramble Stormbottle,bramble.stormbottle415@crystalball.io,NR,2024-04-06,1947,Enchantment
WIZ-04184,Thaddeus Foxglove,thaddeus.foxglove451@ravenpost.net,ml,2023-10-27,1946,Illusion
WIZ-04185,Elowen Everbright,elowen.everbright950@crystalball.io,the marshlands,2025-10-24,1967,Herbalism
WIZ-04186,Grizelda Frostpetal,grizelda.frostpetal137@ravenpost.net,Silverwood,2023-10-01,2000,Transmutation
WIZ-04187,Fiora Kilnworth,fiora.kilnworth281@ravenpost.net,Silverwood,2024-09-21,1920,Herbalism
WIZ-04188,Ambrose Saltmarsh,ambrose.saltmarsh493@ravenpost.net,nr,2024-02-10,1939,ALCHEMY
WIZ-04189,Belladonna Gorsebush,belladonna.gorsebush381@grimoire.org,ec,2025-02-05,1944,Healing
WIZ-04190,Corvin Copperkettle,corvin.copperkettle807@ravenpost.net,Ember Coast,2026-05-03,1946,Healing
WIZ-04191,Fiora Thistledown,fiora.thistledown592@grimoire.org,The Marshlands,2023-06-25,1924,Alchemy
WIZ-04192,Seraphine Copperkettle,seraphine.copperkettle559@grimoire.org,Ember Coast,2023-01-11,1938,ILLUSION
WIZ-04193,Vesper Kilnworth,vesper.kilnworth876@moonmail.net,ec,2023-03-31,1990,Illusion
WIZ-04194,Fiora Brightmantle,fiora.brightmantle8@owlmail.co,ML,2025-01-15,1933,Herbalism
WIZ-04195,Edric Emberwhisk,edric.emberwhisk382@grimoire.org,Silverwood,2025-01-28,1921,Alchemy
WIZ-04196,Yarrow Saltmarsh,yarrow.saltmarsh977@grimoire.org,EC,2023-05-27,1949,Healing
WIZ-04197,Wendeline Dimbleby,wendeline.dimbleby168@grimoire.org,Ember Coast,2023-09-22,1973,Illusion
WIZ-04198,Corvin Brightmantle,corvin.brightmantle757@grimoire.org,NR,2025-05-19,1957,Divination
WIZ-04199,Lyra Foxglove,lyra.foxglove439@ravenpost.net,nr,2025-03-17,1988,ENCHANTMENT
WIZ-04200,Elowen Cinderfell,elowen.cinderfell792@moonmail.net,SW,2023-09-19,1899,Enchantment
WIZ-04201,Oleander Mistlethorn,oleander.mistlethorn251@owlmail.co,ml,2026-03-20,1910,Divination
WIZ-04202,Hesper Crowfeather,hesper.crowfeather565@grimoire.org,Silverwood,2026-01-19,1904,Alchemy
WIZ-04203,Nimbus Jackdaw,nimbus.jackdaw105@grimoire.org,Ember Coast,2025-09-18,1916,Alchemy
WIZ-04204,Oleander Netherfield,oleander.netherfield647@crystalball.io,nr,2024-05-17,1951,Healing
WIZ-04205,Oleander Yewbarrow,oleander.yewbarrow952@crystalball.io,northern reaches,2023-07-21,1984,Herbalism
WIZ-04206,Zephyrine Dimbleby,zephyrine.dimbleby647@grimoire.org,NR,2023-06-07,1892,Transmutation
WIZ-04207,Caspian Ironquill,caspian.ironquill235@moonmail.net,ec,2025-09-27,1893,Herbalism
WIZ-04208,Caspian Duskwater,caspian.duskwater588@moonmail.net,NR,2025-11-26,1912,Enchantment
WIZ-04209,Belladonna Hollowbranch,belladonna.hollowbranch57@owlmail.co,NR,2024-11-21,1956,Enchantment
WIZ-04210,Wendeline Nightbloom,wendeline.nightbloom114@moonmail.net,SW,2025-04-07,1935,Healing
WIZ-04211,Bramble Yewbarrow,bramble.yewbarrow187@crystalball.io,Ember Coast,2024-01-09,1961,Herbalism
WIZ-04212,Zephyrine Hazelrigg,zephyrine.hazelrigg567@crystalball.io,ml,2023-01-12,1976,Enchantment
WIZ-04213,Alaric Emberwhisk,alaric.emberwhisk440@grimoire.org,crystal vale,2026-02-23,1957,Divination
WIZ-04214,Umbra Emberwhisk,umbra.emberwhisk632@ravenpost.net,Ember Coast,2024-09-05,1980,Divination
WIZ-04215,Xanthe Brightmantle,xanthe.brightmantle330@owlmail.co,Crystal Vale,2023-10-21,1964,Herbalism
WIZ-04216,Fiora Frostpetal,fiora.frostpetal456@grimoire.org,NR,2026-02-08,1974,Transmutation
WIZ-04217,Fenwick Saltmarsh,fenwick.saltmarsh11@owlmail.co,EC,2025-02-28,1984,Alchemy
WIZ-04218,Edric Zellandine,edric.zellandine915@grimoire.org,SW,2026-03-19,1953,Enchantment
WIZ-04219,Quilla Umberfall,quilla.umberfall694@ravenpost.net,NR,2024-01-22,1999,Illusion
WIZ-04220,Cassia Frostpetal,cassia.frostpetal413@moonmail.net,the marshlands,2023-01-07,1972,HEALING
WIZ-04221,Wendeline Kilnworth,wendeline.kilnworth888@crystalball.io,NR,2023-06-10,1940,Alchemy
WIZ-04222,Grizelda Quickbramble,grizelda.quickbramble317@crystalball.io,ML,2025-12-31,1987,Illusion
WIZ-04223,Fenwick Crowfeather,fenwick.crowfeather961@ravenpost.net,NR,2026-03-07,1940,Herbalism
WIZ-04224,Edric Thistledown,edric.thistledown726@ravenpost.net,NR,2024-03-21,1989,Divination
WIZ-04225,Elowen Ravenscroft,elowen.ravenscroft722@moonmail.net,SW,2025-11-09,1990,DIVINATION
WIZ-04226,Corvin Mistlethorn,corvin.mistlethorn283@crystalball.io,NR,2024-06-27,1988,Herbalism
WIZ-04227,Corvin Yewbarrow,,sw,2023-08-29,1892,Alchemy
WIZ-04228,Dorian Saltmarsh,dorian.saltmarsh195@ravenpost.net,SW,2023-02-23,1937,Healing
WIZ-04229,Wendeline Hazelrigg,wendeline.hazelrigg959@moonmail.net,northern reaches,2025-05-30,1919,Healing
WIZ-04230,Belladonna Umberfall,belladonna.umberfall790@owlmail.co,cv,2025-10-14,2005,Healing
WIZ-04231,Gideon Dimbleby,gideon.dimbleby409@grimoire.org,NR,2024-04-28,1985,Enchantment
WIZ-04232,Alaric Larkspur,alaric.larkspur401@ravenpost.net,Ember Coast,2025-05-13,1902,Illusion
WIZ-04233,Oswin Tanglewood,oswin.tanglewood881@grimoire.org,EC,2024-02-09,1991,Alchemy
WIZ-04234,Bramble Gorsebush,bramble.gorsebush469@grimoire.org,ec,2026-04-21,1958,Divination
WIZ-04235,Peregrine Larkspur,peregrine.larkspur232@grimoire.org,nr,2023-11-12,1960,Healing
WIZ-04236,Jasper Glimmerstone,jasper.glimmerstone955@grimoire.org,ML,2026-02-01,1900,Healing
WIZ-04237,Rowan Frostpetal,rowan.frostpetal692@owlmail.co,NR,2023-11-12,1989,Enchantment
WIZ-04238,Ambrose Ravenscroft,ambrose.ravenscroft648@moonmail.net,NR,2024-04-05,1994,Illusion
WIZ-04239,Ignatius Fernwhistle,ignatius.fernwhistle167@owlmail.co,ember coast,2023-09-27,1986,Healing
WIZ-04240,Morwenna Stormbottle,morwenna.stormbottle823@crystalball.io,EC,2025-03-28,2000,Herbalism
WIZ-04241,Cassia Tanglewood,cassia.tanglewood733@crystalball.io,cv,2024-08-11,1929,Enchantment
WIZ-04242,Umbra Everbright,umbra.everbright874@crystalball.io,nr,2024-08-24,1973,Enchantment
WIZ-04243,Ignatius Nightbloom,ignatius.nightbloom465@moonmail.net,Crystal Vale,2024-08-20,1920,HERBALISM
WIZ-04244,Seraphine Hazelrigg,seraphine.hazelrigg776@ravenpost.net,CV,2024-10-26,1937,Healing
WIZ-04245,Vesper Duskwater,vesper.duskwater889@grimoire.org,CV,2023-04-06,1903,Transmutation
WIZ-04246,Xanthe Owlsworth,xanthe.owlsworth241@grimoire.org,northern reaches,2025-05-18,1948,Transmutation
WIZ-04247,Wendeline Netherfield,wendeline.netherfield283@crystalball.io,Crystal Vale,2024-12-20,1914,Illusion
WIZ-04248,Lyra Stormbottle,lyra.stormbottle318@moonmail.net,sw,2023-10-03,1935,Healing
WIZ-04249,Juniper Hazelrigg,juniper.hazelrigg551@ravenpost.net,Silverwood,2023-08-12,1910,Healing
WIZ-04250,Morwenna Wandwright,morwenna.wandwright117@ravenpost.net,Crystal Vale,2025-01-18,1905,Transmutation
WIZ-04251,Thaddeus Quickbramble,thaddeus.quickbramble457@owlmail.co,ML,2026-02-12,1964,Illusion
WIZ-04252,Yarrow Wandwright,yarrow.wandwright903@owlmail.co,ec,2025-08-22,1970,HERBALISM
WIZ-04253,Rowan Copperkettle,rowan.copperkettle698@grimoire.org,ec,2023-11-18,1924,Transmutation
WIZ-04254,Morwenna Netherfield,morwenna.netherfield107@grimoire.org,EC,2026-02-09,1947,Herbalism
WIZ-04255,Yarrow Ashgrove,yarrow.ashgrove269@owlmail.co,EC,2025-03-06,1889,Herbalism
WIZ-04256,Elowen Larkspur,elowen.larkspur107@crystalball.io,cv,2026-05-10,1940,Divination
WIZ-04257,Elowen Barrowmere,elowen.barrowmere50@grimoire.org,northern reaches,2024-09-28,1923,Alchemy
WIZ-04258,Fiora Umberfall,fiora.umberfall369@grimoire.org,SW,2024-07-21,2005,Enchantment
WIZ-04259,Thaddeus Wandwright,thaddeus.wandwright487@grimoire.org,cv,2024-04-30,1885,Enchantment
WIZ-04260,Elowen Frostpetal,elowen.frostpetal499@ravenpost.net,sw,2024-07-16,1898,ENCHANTMENT
WIZ-04261,Grizelda Quickbramble,grizelda.quickbramble878@crystalball.io,Ember Coast,2024-10-10,1954,Transmutation
WIZ-04262,Cassia Dimbleby,cassia.dimbleby80@moonmail.net,NR,2024-02-08,1999,Herbalism
WIZ-04263,Ignatius Quickbramble,ignatius.quickbramble201@ravenpost.net,ml,2025-10-23,1943,Healing
WIZ-04264,Yarrow Brightmantle,yarrow.brightmantle679@ravenpost.net,EC,2023-01-04,1930,Enchantment
WIZ-04265,Petra Cinderfell,petra.cinderfell217@ravenpost.net,nr,2025-12-08,1990,Transmutation
WIZ-04266,Delphine Stormbottle,delphine.stormbottle437@moonmail.net,ML,2024-05-23,1991,Divination
WIZ-04267,Cassia Tanglewood,cassia.tanglewood366@owlmail.co,EC,2025-03-24,1938,Illusion
WIZ-04268,Quilla Larkspur,quilla.larkspur985@moonmail.net,EC,2023-12-19,1924,Illusion
WIZ-04269,Wendeline Netherfield,wendeline.netherfield61@grimoire.org,The Marshlands,2025-04-30,1963,Herbalism
WIZ-04270,Delphine Duskwater,delphine.duskwater671@owlmail.co,Northern Reaches,2025-05-18,1922,Healing
WIZ-04271,Fenwick Copperkettle,fenwick.copperkettle51@owlmail.co,silverwood,2025-09-03,1998,Illusion
WIZ-04272,Ambrose Ravenscroft,ambrose.ravenscroft188@owlmail.co,NR,2026-04-23,1931,Illusion
WIZ-04273,Morwenna Ironquill,morwenna.ironquill308@crystalball.io,cv,2025-05-23,1906,Divination
WIZ-04274,Rowan Frostpetal,rowan.frostpetal470@crystalball.io,EC,2023-10-05,1905,Herbalism
WIZ-04275,Petra Tanglewood,petra.tanglewood439@grimoire.org,EC,2025-01-23,1943,Healing
WIZ-04276,Fenwick Hollowbranch,fenwick.hollowbranch660@moonmail.net,Ember Coast,2023-03-15,1967,Illusion
WIZ-04277,Elowen Quickbramble,elowen.quickbramble812@crystalball.io,Ember Coast,2024-06-07,1927,Illusion
WIZ-04278,Gideon Hazelrigg,gideon.hazelrigg907@moonmail.net,cv,2025-02-22,1901,Alchemy
WIZ-04279,Nimbus Moonbrook,nimbus.moonbrook706@owlmail.co,CV,2025-01-13,1893,Alchemy
WIZ-04280,Seraphine Wyrmwood,seraphine.wyrmwood443@moonmail.net,ml,2024-07-22,1988,Enchantment
WIZ-04281,Quilla Everbright,quilla.everbright329@grimoire.org,CV,2024-01-02,1890,ENCHANTMENT
WIZ-04282,Nimbus Emberwhisk,nimbus.emberwhisk215@moonmail.net,EC,2023-04-16,1907,Healing
WIZ-04283,Gideon Mossheart,gideon.mossheart934@crystalball.io,northern reaches,2023-06-06,2004,Divination
WIZ-04284,Isolde Zellandine,isolde.zellandine271@crystalball.io,nr,2024-11-08,1928,Enchantment
WIZ-04285,Petra Yewbarrow,petra.yewbarrow513@ravenpost.net,the marshlands,2025-09-25,1971,Healing
WIZ-04286,Grizelda Winterbourne,grizelda.winterbourne929@owlmail.co,SW,2023-11-02,1928,Alchemy
WIZ-04287,Cassia Winterbourne,cassia.winterbourne577@owlmail.co,Northern Reaches,2024-02-01,1994,Alchemy
WIZ-04288,Peregrine Stormbottle,peregrine.stormbottle349@crystalball.io,northern reaches,2023-04-13,2005,Herbalism
WIZ-04289,Kestrel Wyrmwood,kestrel.wyrmwood338@grimoire.org,ember coast,2023-07-06,1959,Divination
WIZ-04290,Petra Ironquill,petra.ironquill615@crystalball.io,nr,2026-03-14,1940,TRANSMUTATION
WIZ-04291,Corvin Kilnworth,corvin.kilnworth974@ravenpost.net,crystal vale,2025-02-08,1900,Enchantment
WIZ-04292,Delphine Brightmantle,delphine.brightmantle676@ravenpost.net,sw,2023-06-27,1889,Divination
WIZ-04293,Hawthorne Frostpetal,hawthorne.frostpetal406@owlmail.co,crystal vale,2025-05-31,1911,Alchemy
WIZ-04294,Edric Moonbrook,edric.moonbrook445@moonmail.net,Ember Coast,2024-02-16,1953,Alchemy
WIZ-04295,Rowan Winterbourne,rowan.winterbourne69@ravenpost.net,ml,2024-01-30,1930,Illusion
WIZ-04296,Petra Duskwater,petra.duskwater958@grimoire.org,ml,2025-01-28,1922,Enchantment
WIZ-04297,Wendeline Crowfeather,wendeline.crowfeather210@ravenpost.net,Crystal Vale,2026-05-10,1944,Alchemy
WIZ-04298,Ignatius Larkspur,ignatius.larkspur463@moonmail.net,NR,2026-01-13,1951,Alchemy
WIZ-04299,Morwenna Nightbloom,morwenna.nightbloom172@ravenpost.net,Northern Reaches,2023-10-11,2004,Herbalism
WIZ-04300,Alaric Netherfield,alaric.netherfield699@crystalball.io,nr,2024-10-19,1996,Enchantment
WIZ-04301,Maribel Ashgrove,maribel.ashgrove299@ravenpost.net,EC,2023-11-06,1929,Healing
WIZ-04302,Rowan Everbright,rowan.everbright705@grimoire.org,Crystal Vale,2024-12-13,1917,Healing
WIZ-04303,Ambrose Quickbramble,ambrose.quickbramble706@owlmail.co,Silverwood,2025-05-24,1907,Alchemy
WIZ-04304,Zephyrine Thistledown,zephyrine.thistledown550@ravenpost.net,Ember Coast,2024-11-07,1920,Divination
WIZ-04305,Corvin Yewbarrow,corvin.yewbarrow191@grimoire.org,the marshlands,2025-06-11,1940,Herbalism
WIZ-04306,Grizelda Jackdaw,grizelda.jackdaw315@grimoire.org,ember coast,2024-10-13,1998,Divination
WIZ-04307,Oleander Frostpetal,oleander.frostpetal863@grimoire.org,SW,2023-01-09,1940,Enchantment
WIZ-04308,Grizelda Saltmarsh,grizelda.saltmarsh665@owlmail.co,NR,2024-09-15,1902,Enchantment
WIZ-04309,Peregrine Frostpetal,peregrine.frostpetal53@crystalball.io,CV,2024-07-02,1982,TRANSMUTATION
WIZ-04310,Lyra Vexley,lyra.vexley37@ravenpost.net,EC,2023-03-30,1888,Healing
WIZ-04311,Vesper Wyrmwood,vesper.wyrmwood782@crystalball.io,CV,2025-08-30,2003,Divination
WIZ-04312,Fenwick Mistlethorn,fenwick.mistlethorn553@crystalball.io,NR,2025-02-18,1940,Divination
WIZ-04313,Nimbus Emberwhisk,nimbus.emberwhisk212@crystalball.io,SW,2026-03-22,1894,Alchemy
WIZ-04314,Morwenna Wyrmwood,morwenna.wyrmwood314@grimoire.org,Crystal Vale,2024-09-29,1927,Healing
WIZ-04315,Kestrel Stormbottle,kestrel.stormbottle143@crystalball.io,Silverwood,2026-04-16,1950,Enchantment
WIZ-04316,Oleander Crowfeather,oleander.crowfeather262@moonmail.net,ML,2026-02-02,1941,Transmutation
WIZ-04317,Oswin Umberfall,,SW,2024-05-23,2007,Transmutation
WIZ-04318,Elowen Saltmarsh,elowen.saltmarsh472@moonmail.net,Northern Reaches,2023-06-09,1942,Alchemy
WIZ-04319,Jasper Frostpetal,jasper.frostpetal585@ravenpost.net,Northern Reaches,2025-01-11,1971,Alchemy
WIZ-04320,Zephyrine Copperkettle,zephyrine.copperkettle172@grimoire.org,Crystal Vale,2025-08-28,1908,Illusion
WIZ-04321,Umbra Owlsworth,umbra.owlsworth664@grimoire.org,SW,2024-05-13,1969,Alchemy
WIZ-04322,Lyra Wyrmwood,lyra.wyrmwood5@ravenpost.net,SW,2025-08-23,1901,Transmutation
WIZ-04323,Juniper Ravenscroft,,SW,2025-10-07,1995,Transmutation
WIZ-04324,Elowen Owlsworth,elowen.owlsworth878@moonmail.net,EC,2025-04-16,1943,Alchemy
WIZ-04325,Ambrose Moonbrook,ambrose.moonbrook972@crystalball.io,CV,2026-01-09,1888,Illusion
WIZ-04326,Kestrel Gorsebush,kestrel.gorsebush74@crystalball.io,The Marshlands,2025-05-17,1957,Transmutation
WIZ-04327,Xanthe Netherfield,xanthe.netherfield346@grimoire.org,SW,2023-07-14,1955,Herbalism
WIZ-04328,Belladonna Kilnworth,belladonna.kilnworth900@owlmail.co,Ember Coast,2023-02-26,1946,Enchantment
WIZ-04329,Elowen Glimmerstone,elowen.glimmerstone26@owlmail.co,Crystal Vale,2023-05-21,1965,ILLUSION
WIZ-04330,Vesper Nightbloom,vesper.nightbloom158@ravenpost.net,EC,2024-11-20,1890,Illusion
WIZ-04331,Juniper Foxglove,juniper.foxglove716@ravenpost.net,cv,2024-01-03,1964,Herbalism
WIZ-04332,Peregrine Ironquill,peregrine.ironquill450@moonmail.net,CV,2025-10-12,1941,Herbalism
WIZ-04333,Alaric Jackdaw,alaric.jackdaw789@grimoire.org,The Marshlands,2025-01-03,1992,Transmutation
WIZ-04334,Quilla Gorsebush,quilla.gorsebush25@grimoire.org,NR,2024-04-15,1952,Healing
WIZ-04335,Juniper Quickbramble,juniper.quickbramble602@moonmail.net,SW,2026-03-22,1907,Illusion
WIZ-04336,Nimbus Thistledown,nimbus.thistledown945@owlmail.co,silverwood,2025-12-13,1999,Healing
WIZ-04337,Elowen Crowfeather,elowen.crowfeather22@crystalball.io,crystal vale,2025-03-13,1981,Alchemy
WIZ-04338,Seraphine Owlsworth,seraphine.owlsworth846@moonmail.net,nr,2023-06-24,1968,Healing
WIZ-04339,Quilla Ashgrove,quilla.ashgrove387@moonmail.net,nr,2025-08-24,1937,Illusion
WIZ-04340,Hesper Hazelrigg,hesper.hazelrigg671@grimoire.org,NR,2024-10-26,1898,Divination
WIZ-04341,Umbra Everbright,umbra.everbright249@grimoire.org,EC,2025-04-28,1938,Illusion
WIZ-04342,Hawthorne Saltmarsh,hawthorne.saltmarsh359@ravenpost.net,ML,2024-06-30,1948,Herbalism
WIZ-04343,Ambrose Owlsworth,ambrose.owlsworth421@moonmail.net,nr,2025-04-11,1990,Divination
WIZ-04344,Dorian Nightbloom,dorian.nightbloom665@ravenpost.net,cv,2024-12-30,1994,Illusion
WIZ-04345,Hawthorne Nightbloom,hawthorne.nightbloom124@ravenpost.net,NR,2025-12-21,1901,Divination
WIZ-04346,Vesper Larkspur,vesper.larkspur607@ravenpost.net,NR,2025-12-04,1891,Herbalism
WIZ-04347,Peregrine Tanglewood,peregrine.tanglewood837@grimoire.org,EC,2024-09-22,1897,Transmutation
WIZ-04348,Hesper Jackdaw,hesper.jackdaw703@grimoire.org,cv,2025-10-23,1994,Herbalism
WIZ-04349,Oswin Quickbramble,oswin.quickbramble357@ravenpost.net,Northern Reaches,2025-09-28,1979,Enchantment
WIZ-04350,Alaric Jackdaw,alaric.jackdaw97@owlmail.co,NR,2024-06-13,1923,Illusion
WIZ-04351,Fenwick Quickbramble,fenwick.quickbramble303@crystalball.io,ec,2024-07-22,1965,Herbalism
WIZ-04352,Corvin Zellandine,corvin.zellandine953@ravenpost.net,SW,2023-01-17,1977,Enchantment
WIZ-04353,Xanthe Thistledown,xanthe.thistledown92@ravenpost.net,NR,2023-04-17,1888,Transmutation
WIZ-04354,Elowen Everbright,elowen.everbright741@grimoire.org,SW,2023-04-19,1937,Alchemy
WIZ-04355,Isolde Emberwhisk,isolde.emberwhisk544@crystalball.io,the marshlands,2025-12-17,1998,Healing
WIZ-04356,Corvin Yewbarrow,corvin.yewbarrow261@crystalball.io,NR,2025-02-17,1903,ILLUSION
WIZ-04357,Delphine Hollowbranch,delphine.hollowbranch420@owlmail.co,SW,2023-08-16,1888,ENCHANTMENT
WIZ-04358,Alaric Brightmantle,alaric.brightmantle489@owlmail.co,ML,2025-04-28,1964,Healing
WIZ-04359,Yarrow Barrowmere,yarrow.barrowmere249@grimoire.org,nr,2025-12-22,1986,Alchemy
WIZ-04360,Wendeline Gorsebush,wendeline.gorsebush824@crystalball.io,Ember Coast,2026-05-02,2003,Alchemy
WIZ-04361,Kestrel Zellandine,kestrel.zellandine929@crystalball.io,NR,2023-12-21,1935,Transmutation
WIZ-04362,Delphine Ashgrove,delphine.ashgrove960@grimoire.org,nr,2024-10-30,1969,Healing
WIZ-04363,Corvin Copperkettle,corvin.copperkettle647@moonmail.net,The Marshlands,2026-02-04,1998,Transmutation
WIZ-04364,Vesper Ravenscroft,vesper.ravenscroft29@owlmail.co,Northern Reaches,2024-03-07,1962,Illusion
WIZ-04365,Ignatius Cinderfell,ignatius.cinderfell442@moonmail.net,ML,2025-09-01,1886,Illusion
WIZ-04366,Jasper Hollowbranch,jasper.hollowbranch554@crystalball.io,Northern Reaches,2026-05-13,1900,Enchantment
WIZ-04367,Peregrine Mossheart,peregrine.mossheart223@ravenpost.net,SW,2026-01-09,1891,Divination
WIZ-04368,Ambrose Umberfall,ambrose.umberfall853@ravenpost.net,NR,2026-05-04,1997,Alchemy
WIZ-04369,Jasper Umberfall,jasper.umberfall758@moonmail.net,NR,2025-11-13,1892,Divination
WIZ-04370,Oleander Kilnworth,oleander.kilnworth620@ravenpost.net,The Marshlands,2024-02-05,2001,Healing
WIZ-04371,Hesper Zellandine,hesper.zellandine193@grimoire.org,nr,2025-12-26,2006,Transmutation
WIZ-04372,Yarrow Crowfeather,yarrow.crowfeather467@grimoire.org,ec,2025-10-30,1976,Enchantment
WIZ-04373,Lyra Wyrmwood,lyra.wyrmwood725@moonmail.net,sw,2025-07-02,1954,Herbalism
WIZ-04374,Quilla Nightbloom,quilla.nightbloom168@grimoire.org,ml,2025-03-22,1931,Healing
WIZ-04375,Edric Tanglewood,edric.tanglewood167@crystalball.io,Ember Coast,2024-08-11,1895,Herbalism
WIZ-04376,Ignatius Ironquill,ignatius.ironquill984@moonmail.net,The Marshlands,2025-07-30,1897,Divination
WIZ-04377,Corvin Copperkettle,corvin.copperkettle286@ravenpost.net,EC,2024-09-02,1897,Divination
WIZ-04378,Ignatius Quickbramble,ignatius.quickbramble783@ravenpost.net,CV,2023-06-28,1922,Transmutation
WIZ-04379,Belladonna Copperkettle,belladonna.copperkettle190@owlmail.co,EC,2025-09-24,2002,Divination
WIZ-04380,Corvin Thistledown,corvin.thistledown318@grimoire.org,SW,2023-11-23,2000,DIVINATION
WIZ-04381,Elowen Moonbrook,elowen.moonbrook982@moonmail.net,EC,2026-03-01,1947,Transmutation
WIZ-04382,Dorian Everbright,dorian.everbright78@moonmail.net,silverwood,2024-07-04,1966,Enchantment
WIZ-04383,Rowan Yewbarrow,rowan.yewbarrow612@moonmail.net,EC,2024-09-08,1890,Divination
WIZ-04384,Kestrel Saltmarsh,kestrel.saltmarsh59@moonmail.net,nr,2025-08-12,1929,Transmutation
WIZ-04385,Vesper Vexley,vesper.vexley305@crystalball.io,NR,2023-02-26,1992,Illusion
WIZ-04386,Cassia Vexley,cassia.vexley445@owlmail.co,the marshlands,2024-12-08,1908,Healing
WIZ-04387,Ignatius Kilnworth,ignatius.kilnworth23@crystalball.io,NR,2023-08-06,1980,Divination
WIZ-04388,Bramble Dimbleby,bramble.dimbleby750@crystalball.io,sw,2023-08-10,1991,Illusion
WIZ-04389,Edric Vexley,edric.vexley278@grimoire.org,ec,2025-10-31,1911,Illusion
WIZ-04390,Seraphine Gorsebush,seraphine.gorsebush576@moonmail.net,ec,2024-03-04,1889,Transmutation
WIZ-04391,Seraphine Barrowmere,seraphine.barrowmere768@grimoire.org,SW,2025-12-25,1923,Alchemy
WIZ-04392,Lyra Brightmantle,lyra.brightmantle552@owlmail.co,ml,2023-09-05,1956,Alchemy
WIZ-04393,Lyra Hazelrigg,lyra.hazelrigg89@moonmail.net,ec,2025-01-29,1915,ALCHEMY
WIZ-04394,Seraphine Jackdaw,seraphine.jackdaw308@grimoire.org,Crystal Vale,2026-05-13,1959,Transmutation
WIZ-04395,Bramble Copperkettle,bramble.copperkettle978@owlmail.co,Ember Coast,2024-03-25,2006,TRANSMUTATION
WIZ-04396,Ignatius Gorsebush,ignatius.gorsebush684@crystalball.io,ML,2026-05-17,1886,Alchemy
WIZ-04397,Umbra Everbright,umbra.everbright148@ravenpost.net,EC,2025-04-30,1937,Alchemy
WIZ-04398,Umbra Ashgrove,umbra.ashgrove301@ravenpost.net,SW,2023-03-29,1951,Divination
WIZ-04399,Edric Netherfield,edric.netherfield438@crystalball.io,the marshlands,2024-03-16,1917,Transmutation
WIZ-04400,Grizelda Frostpetal,grizelda.frostpetal629@grimoire.org,EC,2023-12-25,1999,Illusion
WIZ-04401,Kestrel Stormbottle,kestrel.stormbottle270@grimoire.org,CV,2023-03-21,1904,Enchantment
WIZ-04402,Xanthe Frostpetal,xanthe.frostpetal118@grimoire.org,SW,2025-01-17,2005,Illusion
WIZ-04403,Delphine Ashgrove,delphine.ashgrove62@owlmail.co,NR,2023-03-24,1951,Healing
WIZ-04404,Ignatius Duskwater,ignatius.duskwater875@crystalball.io,ec,2026-06-03,1916,Alchemy
WIZ-04405,Juniper Stormbottle,juniper.stormbottle679@ravenpost.net,Silverwood,2023-03-11,1915,Transmutation
WIZ-04406,Quilla Netherfield,quilla.netherfield657@ravenpost.net,SW,2025-07-02,1951,Illusion
WIZ-04407,Corvin Dimbleby,corvin.dimbleby343@grimoire.org,NR,2025-12-05,1967,Divination
WIZ-04408,Quilla Quickbramble,quilla.quickbramble578@moonmail.net,Crystal Vale,2024-06-21,1962,Healing
WIZ-04409,Bramble Kilnworth,bramble.kilnworth56@grimoire.org,Northern Reaches,2024-06-21,1922,Transmutation
WIZ-04410,Ignatius Kilnworth,ignatius.kilnworth275@crystalball.io,ML,2025-11-24,2007,Divination
WIZ-04411,Rowan Ravenscroft,rowan.ravenscroft177@grimoire.org,EC,2024-08-13,1957,Illusion
WIZ-04412,Fenwick Foxglove,fenwick.foxglove76@crystalball.io,silverwood,2023-07-06,1967,Enchantment
WIZ-04413,Yarrow Gorsebush,yarrow.gorsebush111@grimoire.org,SW,2023-11-29,1914,Transmutation
WIZ-04414,Caspian Frostpetal,caspian.frostpetal769@ravenpost.net,NR,2024-09-18,1977,Transmutation
WIZ-04415,Delphine Gorsebush,delphine.gorsebush479@crystalball.io,CV,2025-03-03,1919,Enchantment
WIZ-04416,Nimbus Ravenscroft,nimbus.ravenscroft680@crystalball.io,ML,2023-08-26,1976,TRANSMUTATION
WIZ-04417,Dorian Umberfall,dorian.umberfall636@grimoire.org,CV,2026-01-02,1928,HERBALISM
WIZ-04418,Jasper Ravenscroft,jasper.ravenscroft697@ravenpost.net,northern reaches,2023-04-06,1931,Herbalism
WIZ-04419,Petra Hollowbranch,petra.hollowbranch123@crystalball.io,northern reaches,2024-07-22,1983,Alchemy
WIZ-04420,Caspian Cinderfell,caspian.cinderfell749@owlmail.co,ML,2026-03-27,1999,Enchantment
WIZ-04421,Edric Saltmarsh,edric.saltmarsh237@ravenpost.net,Ember Coast,2025-09-22,1938,Illusion
WIZ-04422,Hawthorne Moonbrook,hawthorne.moonbrook303@crystalball.io,Silverwood,2023-06-11,1998,Divination
WIZ-04423,Belladonna Hazelrigg,belladonna.hazelrigg102@ravenpost.net,ML,2024-06-09,1994,Alchemy
WIZ-04424,Edric Ravenscroft,edric.ravenscroft485@crystalball.io,NR,2023-07-11,1966,Healing
WIZ-04425,Lyra Ashgrove,lyra.ashgrove800@grimoire.org,the marshlands,2024-12-25,1951,Illusion
WIZ-04426,Belladonna Zellandine,belladonna.zellandine988@grimoire.org,nr,2026-04-14,1990,Alchemy
WIZ-04427,Hawthorne Kilnworth,hawthorne.kilnworth274@owlmail.co,the marshlands,2026-05-10,1915,Alchemy
WIZ-04428,Vesper Emberwhisk,vesper.emberwhisk904@moonmail.net,ec,2023-03-21,2007,Healing
WIZ-04429,Lyra Ravenscroft,lyra.ravenscroft768@owlmail.co,nr,2025-07-03,1958,Enchantment
WIZ-04430,Dorian Hazelrigg,dorian.hazelrigg393@ravenpost.net,ML,2024-08-01,1993,Healing
WIZ-04431,Ignatius Stormbottle,ignatius.stormbottle919@moonmail.net,SW,2024-04-21,1900,Transmutation
WIZ-04432,Zephyrine Zellandine,zephyrine.zellandine645@moonmail.net,Ember Coast,2024-02-17,1984,Healing
WIZ-04433,Morwenna Ashgrove,morwenna.ashgrove357@ravenpost.net,NR,2025-03-02,1996,Alchemy
WIZ-04434,Morwenna Ravenscroft,morwenna.ravenscroft712@crystalball.io,northern reaches,2024-09-01,2002,Healing
WIZ-04435,Oleander Duskwater,oleander.duskwater442@crystalball.io,EC,2026-04-12,1944,Transmutation
WIZ-04436,Quilla Zellandine,quilla.zellandine732@moonmail.net,EC,2024-10-31,2004,Illusion
WIZ-04437,Nimbus Crowfeather,nimbus.crowfeather501@ravenpost.net,nr,2024-04-03,1949,Illusion
WIZ-04438,Jasper Saltmarsh,jasper.saltmarsh707@owlmail.co,NR,2026-05-10,1983,Divination
WIZ-04439,Nimbus Fernwhistle,nimbus.fernwhistle283@ravenpost.net,EC,2023-02-15,1944,HERBALISM
WIZ-04440,Belladonna Glimmerstone,belladonna.glimmerstone909@crystalball.io,Silverwood,2023-02-21,1900,Herbalism
WIZ-04441,Rowan Frostpetal,rowan.frostpetal641@owlmail.co,cv,2025-03-02,1958,Healing
WIZ-04442,Maribel Wyrmwood,maribel.wyrmwood328@crystalball.io,sw,2025-02-16,1891,Enchantment
WIZ-04443,Fiora Tanglewood,fiora.tanglewood218@ravenpost.net,Ember Coast,2024-10-09,1979,Enchantment
WIZ-04444,Fiora Cinderfell,fiora.cinderfell263@grimoire.org,sw,2026-01-02,1887,Healing
WIZ-04445,Fenwick Fernwhistle,fenwick.fernwhistle112@moonmail.net,CV,2026-05-24,1913,DIVINATION
WIZ-04446,Umbra Dimbleby,umbra.dimbleby983@grimoire.org,Northern Reaches,2024-04-26,1947,Enchantment
WIZ-04447,Xanthe Copperkettle,xanthe.copperkettle742@moonmail.net,EC,2025-06-20,1958,Divination
WIZ-04448,Jasper Wyrmwood,jasper.wyrmwood429@moonmail.net,sw,2024-05-07,1885,Transmutation
WIZ-04449,Gideon Barrowmere,,CV,2025-08-02,1995,Illusion
WIZ-04450,Juniper Stormbottle,juniper.stormbottle724@ravenpost.net,CV,2024-11-10,1940,Alchemy
WIZ-04451,Peregrine Emberwhisk,peregrine.emberwhisk203@grimoire.org,northern reaches,2025-05-26,1959,ILLUSION
WIZ-04452,Maribel Zellandine,maribel.zellandine414@ravenpost.net,SW,2024-10-05,1935,Herbalism
WIZ-04453,Umbra Brightmantle,umbra.brightmantle684@owlmail.co,NR,2025-07-27,1990,Illusion
WIZ-04454,Jasper Tanglewood,jasper.tanglewood56@ravenpost.net,Northern Reaches,2025-12-24,1953,Healing
WIZ-04455,Delphine Vexley,delphine.vexley297@moonmail.net,Northern Reaches,2025-03-09,1890,Herbalism
WIZ-04456,Seraphine Jackdaw,seraphine.jackdaw916@moonmail.net,the marshlands,2025-03-03,1941,ENCHANTMENT
WIZ-04457,Caspian Gorsebush,caspian.gorsebush597@owlmail.co,northern reaches,2025-04-22,1895,Herbalism
WIZ-04458,Fenwick Frostpetal,fenwick.frostpetal232@crystalball.io,NR,2024-10-05,2002,Transmutation
WIZ-04459,Fiora Quickbramble,fiora.quickbramble642@moonmail.net,NR,2023-09-25,1952,Healing
WIZ-04460,Alaric Glimmerstone,alaric.glimmerstone704@owlmail.co,ML,2023-03-02,1955,Herbalism
WIZ-04461,Fenwick Glimmerstone,fenwick.glimmerstone790@moonmail.net,NR,2025-03-11,1966,Herbalism
WIZ-04462,Maribel Foxglove,maribel.foxglove273@crystalball.io,NR,2025-11-16,1938,Alchemy
WIZ-04463,Thaddeus Barrowmere,thaddeus.barrowmere705@moonmail.net,ML,2024-10-10,2001,TRANSMUTATION
WIZ-04464,Caspian Quickbramble,caspian.quickbramble645@moonmail.net,nr,2024-08-15,1979,Enchantment
WIZ-04465,Oleander Thistledown,oleander.thistledown535@owlmail.co,ML,2025-02-15,1939,Healing
WIZ-04466,Maribel Wyrmwood,maribel.wyrmwood413@grimoire.org,sw,2024-09-11,1934,Enchantment
WIZ-04467,Kestrel Dimbleby,kestrel.dimbleby859@moonmail.net,ML,2026-05-22,1985,Transmutation
WIZ-04468,Seraphine Ironquill,seraphine.ironquill461@grimoire.org,SW,2025-07-16,2001,Transmutation
WIZ-04469,Gideon Emberwhisk,gideon.emberwhisk750@grimoire.org,SW,2024-04-18,1978,Divination
WIZ-04470,Oswin Kilnworth,oswin.kilnworth708@ravenpost.net,Crystal Vale,2024-04-23,1940,Transmutation
WIZ-04471,Vesper Crowfeather,vesper.crowfeather558@crystalball.io,NR,2023-09-09,1980,Enchantment
WIZ-04472,Delphine Winterbourne,delphine.winterbourne654@crystalball.io,SW,2023-09-12,1956,Herbalism
WIZ-04473,Hesper Thistledown,hesper.thistledown603@crystalball.io,Ember Coast,2026-05-24,1989,Transmutation
WIZ-04474,Dorian Gorsebush,dorian.gorsebush701@ravenpost.net,Ember Coast,2025-02-06,1977,Healing
WIZ-04475,Alaric Zellandine,alaric.zellandine289@owlmail.co,ML,2023-03-27,1895,Herbalism
WIZ-04476,Delphine Thistledown,delphine.thistledown407@grimoire.org,Northern Reaches,2025-04-19,1981,Illusion
WIZ-04477,Umbra Larkspur,umbra.larkspur383@ravenpost.net,CV,2023-09-20,1938,Divination
WIZ-04478,Zephyrine Dimbleby,zephyrine.dimbleby389@owlmail.co,sw,2023-01-12,1895,Enchantment
WIZ-04479,Xanthe Yewbarrow,xanthe.yewbarrow887@moonmail.net,nr,2024-09-02,1944,Healing
WIZ-04480,Petra Kilnworth,petra.kilnworth47@grimoire.org,the marshlands,2024-12-10,1995,Herbalism
WIZ-04481,Bramble Foxglove,bramble.foxglove569@moonmail.net,SW,2023-09-06,1889,DIVINATION
WIZ-04482,Fenwick Everbright,fenwick.everbright495@crystalball.io,CV,2023-04-03,1991,Alchemy
WIZ-04483,Lyra Fernwhistle,lyra.fernwhistle77@grimoire.org,The Marshlands,2025-06-14,1980,Herbalism
WIZ-04484,Zephyrine Copperkettle,zephyrine.copperkettle239@moonmail.net,EC,2023-07-21,1936,Alchemy
WIZ-04485,Seraphine Duskwater,seraphine.duskwater325@ravenpost.net,nr,2023-07-03,1937,Alchemy
WIZ-04486,Bramble Yewbarrow,bramble.yewbarrow828@grimoire.org,ec,2026-03-21,1990,Illusion
WIZ-04487,Vesper Foxglove,vesper.foxglove444@crystalball.io,ML,2023-10-10,1990,Alchemy
WIZ-04488,Corvin Emberwhisk,corvin.emberwhisk753@ravenpost.net,ML,2025-01-18,2006,TRANSMUTATION
WIZ-04489,Oleander Duskwater,oleander.duskwater799@owlmail.co,nr,2025-08-18,1891,Healing
WIZ-04490,Grizelda Stormbottle,grizelda.stormbottle242@moonmail.net,nr,2025-04-13,1888,Enchantment
WIZ-04491,Kestrel Emberwhisk,kestrel.emberwhisk880@owlmail.co,nr,2023-04-08,2005,Divination
WIZ-04492,Zephyrine Ravenscroft,zephyrine.ravenscroft566@grimoire.org,Ember Coast,2023-08-14,1900,HEALING
WIZ-04493,Oleander Hollowbranch,oleander.hollowbranch144@moonmail.net,the marshlands,2026-02-08,1912,Healing
WIZ-04494,Peregrine Ironquill,peregrine.ironquill672@moonmail.net,NR,2023-08-05,1938,Transmutation
WIZ-04495,Zephyrine Ashgrove,zephyrine.ashgrove504@moonmail.net,ML,2026-02-07,1903,HERBALISM
WIZ-04496,Peregrine Mossheart,peregrine.mossheart255@owlmail.co,EC,2025-05-31,1932,Divination
WIZ-04497,Ignatius Dimbleby,ignatius.dimbleby715@ravenpost.net,The Marshlands,2025-05-15,2001,Enchantment
WIZ-04498,Rowan Crowfeather,rowan.crowfeather440@moonmail.net,nr,2024-10-01,1953,Divination
WIZ-04499,Seraphine Owlsworth,seraphine.owlsworth100@grimoire.org,NR,2023-06-14,1947,Healing
WIZ-04500,Seraphine Crowfeather,seraphine.crowfeather167@owlmail.co,crystal vale,2024-11-22,1917,Divination
WIZ-04501,Juniper Winterbourne,juniper.winterbourne258@ravenpost.net,ember coast,2023-03-22,2004,Herbalism
WIZ-04502,Ignatius Brightmantle,,NR,2026-03-18,1896,Transmutation
WIZ-04503,Rowan Wandwright,rowan.wandwright684@ravenpost.net,EC,2024-04-14,1981,Alchemy
WIZ-04504,Isolde Brightmantle,isolde.brightmantle773@owlmail.co,NR,2023-10-03,1958,Herbalism
WIZ-04505,Juniper Mistlethorn,juniper.mistlethorn271@grimoire.org,nr,2025-05-22,1900,Enchantment
WIZ-04506,Belladonna Barrowmere,belladonna.barrowmere440@owlmail.co,NR,2023-01-01,1969,Illusion
WIZ-04507,Quilla Netherfield,quilla.netherfield169@crystalball.io,sw,2026-01-13,1901,Transmutation
WIZ-04508,Hesper Fernwhistle,hesper.fernwhistle746@ravenpost.net,ml,2024-03-11,1891,Herbalism
WIZ-04509,Gideon Thistledown,gideon.thistledown176@ravenpost.net,SW,2025-12-09,1907,Enchantment
WIZ-04510,Maribel Brightmantle,maribel.brightmantle696@crystalball.io,EC,2025-01-17,1891,Enchantment
WIZ-04511,Maribel Ravenscroft,,EC,2026-02-15,1986,ENCHANTMENT
WIZ-04512,Oleander Jackdaw,oleander.jackdaw858@grimoire.org,Silverwood,2024-11-17,1991,HERBALISM
WIZ-04513,Petra Duskwater,petra.duskwater35@owlmail.co,NR,2024-12-20,1891,Herbalism
WIZ-04514,Edric Moonbrook,edric.moonbrook107@grimoire.org,NR,2024-05-07,1999,Transmutation
WIZ-04515,Yarrow Thistledown,yarrow.thistledown379@moonmail.net,nr,2026-01-27,1954,Alchemy
WIZ-04516,Lyra Ravenscroft,lyra.ravenscroft393@ravenpost.net,nr,2025-12-05,1964,Enchantment
WIZ-04517,Corvin Brightmantle,corvin.brightmantle113@crystalball.io,Crystal Vale,2024-10-14,1915,Transmutation
WIZ-04518,Fiora Fernwhistle,fiora.fernwhistle690@ravenpost.net,ML,2026-06-14,1962,Herbalism
WIZ-04519,Nimbus Brightmantle,nimbus.brightmantle578@grimoire.org,sw,2026-06-16,1965,Transmutation
WIZ-04520,Lyra Kilnworth,lyra.kilnworth946@moonmail.net,ML,2025-06-13,1947,Healing
WIZ-04521,Fiora Cinderfell,fiora.cinderfell86@ravenpost.net,NR,2023-04-01,1936,Illusion
WIZ-04522,Jasper Ashgrove,jasper.ashgrove273@ravenpost.net,Crystal Vale,2025-10-25,1896,Alchemy
WIZ-04523,Ignatius Barrowmere,ignatius.barrowmere665@crystalball.io,sw,2024-10-21,1892,Transmutation
WIZ-04524,Jasper Ashgrove,jasper.ashgrove636@crystalball.io,sw,2024-06-18,1999,Healing
WIZ-04525,Yarrow Saltmarsh,yarrow.saltmarsh211@owlmail.co,EC,2025-06-09,1924,Herbalism
WIZ-04526,Nimbus Crowfeather,nimbus.crowfeather763@ravenpost.net,sw,2024-07-24,1892,Healing
WIZ-04527,Ambrose Fernwhistle,ambrose.fernwhistle278@owlmail.co,NR,2025-01-02,1918,Herbalism
WIZ-04528,Gideon Mistlethorn,gideon.mistlethorn594@grimoire.org,ec,2025-11-26,1994,Alchemy
WIZ-04529,Hawthorne Umberfall,hawthorne.umberfall572@ravenpost.net,Crystal Vale,2023-09-02,1919,Alchemy
WIZ-04530,Oleander Winterbourne,oleander.winterbourne51@moonmail.net,Northern Reaches,2023-10-18,1889,Healing
WIZ-04531,Petra Ironquill,petra.ironquill995@owlmail.co,nr,2023-08-10,2007,Illusion
WIZ-04532,Seraphine Emberwhisk,seraphine.emberwhisk458@crystalball.io,nr,2025-03-01,1958,Herbalism
WIZ-04533,Rowan Emberwhisk,rowan.emberwhisk113@ravenpost.net,SW,2024-08-31,1933,Alchemy
WIZ-04534,Umbra Mistlethorn,umbra.mistlethorn337@owlmail.co,ML,2023-01-27,1919,Alchemy
WIZ-04535,Morwenna Mistlethorn,morwenna.mistlethorn863@grimoire.org,Ember Coast,2024-06-21,1917,HERBALISM
WIZ-04536,Delphine Gorsebush,delphine.gorsebush421@moonmail.net,Silverwood,2023-06-01,1885,Transmutation
WIZ-04537,Juniper Wyrmwood,juniper.wyrmwood181@ravenpost.net,nr,2026-04-04,1965,Illusion
WIZ-04538,Hesper Ashgrove,hesper.ashgrove988@owlmail.co,ember coast,2025-09-07,1954,Healing
WIZ-04539,Petra Ashgrove,petra.ashgrove101@crystalball.io,ml,2024-03-26,1942,Herbalism
WIZ-04540,Quilla Wyrmwood,quilla.wyrmwood891@owlmail.co,ML,2024-07-20,1941,Transmutation
WIZ-04541,Vesper Duskwater,vesper.duskwater817@grimoire.org,silverwood,2023-12-25,1930,Healing
WIZ-04542,Corvin Netherfield,corvin.netherfield676@crystalball.io,Northern Reaches,2023-03-10,2007,Healing
WIZ-04543,Thaddeus Quickbramble,thaddeus.quickbramble762@crystalball.io,NR,2025-09-06,1929,Divination
WIZ-04544,Delphine Winterbourne,delphine.winterbourne923@grimoire.org,EC,2026-05-21,1930,Enchantment
WIZ-04545,Thaddeus Stormbottle,thaddeus.stormbottle785@crystalball.io,ec,2023-09-04,1886,TRANSMUTATION
WIZ-04546,Juniper Wandwright,juniper.wandwright776@ravenpost.net,ML,2023-05-15,1914,Transmutation
WIZ-04547,Petra Zellandine,petra.zellandine583@owlmail.co,cv,2024-08-19,1982,Illusion
WIZ-04548,Oleander Mossheart,,ec,2024-03-05,1942,Divination
WIZ-04549,Gideon Wandwright,gideon.wandwright994@grimoire.org,NR,2025-01-25,1986,ALCHEMY
WIZ-04550,Alaric Glimmerstone,alaric.glimmerstone208@owlmail.co,silverwood,2026-01-16,1891,Divination
WIZ-04551,Oswin Moonbrook,oswin.moonbrook317@ravenpost.net,ML,2024-02-13,2003,ILLUSION
WIZ-04552,Oswin Mossheart,oswin.mossheart303@moonmail.net,Northern Reaches,2023-03-21,1907,ILLUSION
WIZ-04553,Delphine Tanglewood,delphine.tanglewood265@moonmail.net,Crystal Vale,2023-04-20,1915,Transmutation
WIZ-04554,Wendeline Foxglove,wendeline.foxglove373@moonmail.net,EC,2026-02-22,1934,Divination
WIZ-04555,Dorian Winterbourne,dorian.winterbourne777@moonmail.net,ml,2024-12-12,1944,Healing
WIZ-04556,Fenwick Tanglewood,fenwick.tanglewood844@ravenpost.net,crystal vale,2023-09-27,1981,Alchemy
WIZ-04557,Ignatius Copperkettle,ignatius.copperkettle16@ravenpost.net,Ember Coast,2026-06-10,1960,Alchemy
WIZ-04558,Vesper Vexley,vesper.vexley951@moonmail.net,ML,2025-09-21,1929,Divination
WIZ-04559,Grizelda Frostpetal,grizelda.frostpetal313@crystalball.io,sw,2023-05-20,1919,Healing
WIZ-04560,Vesper Wyrmwood,vesper.wyrmwood6@ravenpost.net,CV,2023-06-26,1907,Divination
WIZ-04561,Fenwick Yewbarrow,fenwick.yewbarrow223@owlmail.co,The Marshlands,2025-05-15,1973,ALCHEMY
WIZ-04562,Petra Netherfield,petra.netherfield68@ravenpost.net,ember coast,2024-12-11,1963,Divination
WIZ-04563,Petra Larkspur,petra.larkspur483@grimoire.org,SW,2023-02-26,1966,Enchantment
WIZ-04564,Fenwick Frostpetal,fenwick.frostpetal252@ravenpost.net,NR,2026-06-11,1996,Healing
WIZ-04565,Quilla Yewbarrow,quilla.yewbarrow946@ravenpost.net,EC,2023-12-06,1934,Transmutation
WIZ-04566,Wendeline Glimmerstone,wendeline.glimmerstone703@owlmail.co,Northern Reaches,2024-01-02,1984,Herbalism
WIZ-04567,Lyra Mistlethorn,lyra.mistlethorn186@crystalball.io,nr,2023-12-15,1995,Healing
WIZ-04568,Oleander Barrowmere,oleander.barrowmere323@crystalball.io,NR,2024-04-29,1961,Divination
WIZ-04569,Belladonna Fernwhistle,belladonna.fernwhistle790@crystalball.io,EC,2024-12-18,1943,Alchemy
WIZ-04570,Elowen Wandwright,elowen.wandwright826@grimoire.org,silverwood,2025-12-04,1956,Divination
WIZ-04571,Rowan Brightmantle,rowan.brightmantle808@crystalball.io,sw,2025-04-23,1985,Enchantment
WIZ-04572,Thaddeus Quickbramble,thaddeus.quickbramble182@ravenpost.net,sw,2024-09-21,1964,Enchantment
WIZ-04573,Yarrow Cinderfell,yarrow.cinderfell594@ravenpost.net,northern reaches,2025-02-10,1901,Transmutation
WIZ-04574,Zephyrine Ashgrove,zephyrine.ashgrove616@crystalball.io,EC,2024-11-13,2003,ENCHANTMENT
WIZ-04575,Corvin Ashgrove,corvin.ashgrove987@ravenpost.net,The Marshlands,2025-09-26,1941,Enchantment
WIZ-04576,Petra Dimbleby,petra.dimbleby627@owlmail.co,nr,2025-03-04,1905,Healing
WIZ-04577,Nimbus Kilnworth,nimbus.kilnworth802@moonmail.net,cv,2023-03-31,1905,HERBALISM
WIZ-04578,Fenwick Gorsebush,fenwick.gorsebush741@crystalball.io,NR,2025-02-01,1949,Alchemy
WIZ-04579,Vesper Thistledown,vesper.thistledown355@ravenpost.net,SW,2024-02-05,1902,TRANSMUTATION
WIZ-04580,Ambrose Hollowbranch,ambrose.hollowbranch692@grimoire.org,CV,2024-02-07,1914,Illusion
WIZ-04581,Thaddeus Brightmantle,thaddeus.brightmantle360@ravenpost.net,Silverwood,2025-08-24,1960,Herbalism
WIZ-04582,Cassia Wandwright,cassia.wandwright250@moonmail.net,NR,2024-01-30,1927,Illusion
WIZ-04583,Jasper Ravenscroft,jasper.ravenscroft515@crystalball.io,SW,2024-06-17,1901,HEALING
WIZ-04584,Peregrine Cinderfell,peregrine.cinderfell240@ravenpost.net,Crystal Vale,2025-12-15,1968,Divination
WIZ-04585,Thaddeus Wandwright,thaddeus.wandwright802@moonmail.net,Ember Coast,2025-09-10,2002,Illusion
WIZ-04586,Morwenna Jackdaw,morwenna.jackdaw419@grimoire.org,ec,2023-06-18,1887,Enchantment
WIZ-04587,Edric Frostpetal,edric.frostpetal420@owlmail.co,Ember Coast,2023-10-28,1929,Herbalism
WIZ-04588,Fenwick Winterbourne,fenwick.winterbourne166@crystalball.io,nr,2023-07-13,1910,Transmutation
WIZ-04589,Maribel Mossheart,maribel.mossheart337@grimoire.org,EC,2025-09-10,1965,Healing
WIZ-04590,Hawthorne Wandwright,hawthorne.wandwright339@grimoire.org,Northern Reaches,2025-03-24,1929,Alchemy
WIZ-04591,Grizelda Yewbarrow,grizelda.yewbarrow798@moonmail.net,The Marshlands,2026-04-26,1930,Alchemy
WIZ-04592,Oleander Owlsworth,oleander.owlsworth536@owlmail.co,ML,2024-07-15,1905,DIVINATION
WIZ-04593,Maribel Kilnworth,maribel.kilnworth847@moonmail.net,sw,2023-06-03,1976,Enchantment
WIZ-04594,Maribel Hazelrigg,maribel.hazelrigg695@crystalball.io,Crystal Vale,2023-02-01,1977,Divination
WIZ-04595,Thaddeus Copperkettle,thaddeus.copperkettle765@grimoire.org,NR,2023-06-28,2006,Illusion
WIZ-04596,Oswin Crowfeather,oswin.crowfeather267@owlmail.co,CV,2023-06-15,1969,Illusion
WIZ-04597,Lyra Netherfield,lyra.netherfield454@moonmail.net,SW,2023-01-05,2001,Transmutation
WIZ-04598,Fenwick Cinderfell,fenwick.cinderfell103@crystalball.io,ML,2025-12-03,1930,Illusion
WIZ-04599,Seraphine Jackdaw,seraphine.jackdaw46@crystalball.io,NR,2025-12-18,1898,Alchemy
WIZ-04600,Hesper Dimbleby,hesper.dimbleby868@ravenpost.net,ember coast,2026-02-11,1963,Herbalism
WIZ-04601,Hawthorne Copperkettle,hawthorne.copperkettle65@grimoire.org,SW,2026-02-17,1886,Alchemy
WIZ-04602,Peregrine Mossheart,peregrine.mossheart657@moonmail.net,NR,2023-11-14,1925,ENCHANTMENT
WIZ-04603,Gideon Quickbramble,gideon.quickbramble862@grimoire.org,NR,2024-01-25,1915,Illusion
WIZ-04604,Yarrow Crowfeather,yarrow.crowfeather454@ravenpost.net,EC,2025-09-03,1893,ENCHANTMENT
WIZ-04605,Zephyrine Hazelrigg,zephyrine.hazelrigg142@crystalball.io,nr,2024-01-16,1940,Herbalism
WIZ-04606,Kestrel Saltmarsh,kestrel.saltmarsh758@owlmail.co,NR,2025-03-11,1900,Illusion
WIZ-04607,Juniper Hazelrigg,juniper.hazelrigg586@ravenpost.net,NR,2023-05-01,1896,Enchantment
WIZ-04608,Delphine Quickbramble,delphine.quickbramble321@grimoire.org,SW,2026-01-25,1960,Illusion
WIZ-04609,Morwenna Gorsebush,morwenna.gorsebush330@moonmail.net,Northern Reaches,2023-03-11,1946,Enchantment
WIZ-04610,Fiora Moonbrook,fiora.moonbrook806@crystalball.io,Ember Coast,2025-10-16,1937,Enchantment
WIZ-04611,Lyra Quickbramble,lyra.quickbramble396@moonmail.net,cv,2024-09-01,1990,Illusion
WIZ-04612,Belladonna Mistlethorn,belladonna.mistlethorn716@owlmail.co,SW,2024-07-02,1985,Illusion
WIZ-04613,Hesper Crowfeather,hesper.crowfeather965@owlmail.co,northern reaches,2025-12-03,1981,Enchantment
WIZ-04614,Caspian Vexley,caspian.vexley584@ravenpost.net,silverwood,2024-08-17,1977,Alchemy
WIZ-04615,Gideon Moonbrook,gideon.moonbrook2@owlmail.co,EC,2026-01-22,1973,Divination
WIZ-04616,Rowan Netherfield,rowan.netherfield695@crystalball.io,ml,2024-10-20,1892,Alchemy
WIZ-04617,Wendeline Fernwhistle,wendeline.fernwhistle411@ravenpost.net,ML,2026-04-10,1999,Herbalism
WIZ-04618,Peregrine Hazelrigg,,sw,2023-01-17,1953,Healing
WIZ-04619,Juniper Ravenscroft,juniper.ravenscroft322@owlmail.co,NR,2025-09-06,1908,Divination
WIZ-04620,Grizelda Yewbarrow,grizelda.yewbarrow328@moonmail.net,The Marshlands,2025-01-26,2000,Divination
WIZ-04621,Kestrel Frostpetal,kestrel.frostpetal275@ravenpost.net,Crystal Vale,2023-11-09,1993,Healing
WIZ-04622,Fenwick Duskwater,fenwick.duskwater278@moonmail.net,CV,2026-02-19,1970,Divination
WIZ-04623,Isolde Stormbottle,isolde.stormbottle879@grimoire.org,nr,2025-05-05,1941,Healing
WIZ-04624,Gideon Yewbarrow,gideon.yewbarrow233@grimoire.org,cv,2023-04-24,1976,Enchantment
WIZ-04625,Quilla Umberfall,quilla.umberfall135@owlmail.co,Ember Coast,2025-05-06,1996,ALCHEMY
WIZ-04626,Petra Frostpetal,petra.frostpetal180@crystalball.io,Silverwood,2025-03-18,1910,Healing
WIZ-04627,Xanthe Cinderfell,xanthe.cinderfell867@owlmail.co,NR,2025-09-22,2000,Healing
WIZ-04628,Juniper Fernwhistle,juniper.fernwhistle978@grimoire.org,ML,2024-04-10,1982,ALCHEMY
WIZ-04629,Hesper Crowfeather,hesper.crowfeather934@crystalball.io,EC,2024-10-04,1914,ALCHEMY
WIZ-04630,Fiora Larkspur,fiora.larkspur741@moonmail.net,CV,2025-01-05,1971,Healing
WIZ-04631,Seraphine Dimbleby,seraphine.dimbleby173@grimoire.org,Crystal Vale,2023-04-18,1900,Divination
WIZ-04632,Delphine Mistlethorn,delphine.mistlethorn37@moonmail.net,ML,2024-12-06,1905,Alchemy
WIZ-04633,Umbra Barrowmere,umbra.barrowmere920@grimoire.org,NR,2024-04-05,1993,Enchantment
WIZ-04634,Elowen Ashgrove,elowen.ashgrove711@grimoire.org,Ember Coast,2026-04-15,1946,Divination
WIZ-04635,Ambrose Dimbleby,ambrose.dimbleby620@moonmail.net,ml,2025-05-01,1890,Illusion
WIZ-04636,Zephyrine Frostpetal,zephyrine.frostpetal757@moonmail.net,NR,2025-12-14,1906,ALCHEMY
WIZ-04637,Isolde Mossheart,isolde.mossheart10@moonmail.net,NR,2024-07-02,1999,Herbalism
WIZ-04638,Umbra Saltmarsh,umbra.saltmarsh201@moonmail.net,SW,2024-07-19,1992,Divination
WIZ-04639,Alaric Copperkettle,alaric.copperkettle847@owlmail.co,EC,2025-04-02,1904,Enchantment
WIZ-04640,Bramble Brightmantle,bramble.brightmantle998@moonmail.net,nr,2025-12-10,1948,Enchantment
WIZ-04641,Corvin Dimbleby,corvin.dimbleby137@grimoire.org,sw,2023-07-01,1903,Herbalism
WIZ-04642,Corvin Ironquill,corvin.ironquill430@owlmail.co,northern reaches,2023-04-07,1991,Transmutation
WIZ-04643,Cassia Mossheart,cassia.mossheart936@moonmail.net,ml,2025-08-01,1946,Healing
WIZ-04644,Petra Ironquill,petra.ironquill281@moonmail.net,nr,2025-03-20,1895,Healing
WIZ-04645,Kestrel Crowfeather,kestrel.crowfeather910@grimoire.org,Northern Reaches,2024-12-27,1949,Enchantment
WIZ-04646,Vesper Gorsebush,,Northern Reaches,2023-08-18,2003,Illusion
WIZ-04647,Xanthe Hollowbranch,xanthe.hollowbranch173@grimoire.org,The Marshlands,2023-12-19,2004,Enchantment
WIZ-04648,Hawthorne Brightmantle,hawthorne.brightmantle393@owlmail.co,SW,2023-03-11,1941,Illusion
WIZ-04649,Isolde Dimbleby,isolde.dimbleby522@crystalball.io,EC,2024-10-21,1974,ALCHEMY
WIZ-04650,Vesper Crowfeather,vesper.crowfeather812@moonmail.net,nr,2023-03-04,1953,Transmutation
WIZ-04651,Fiora Nightbloom,fiora.nightbloom411@owlmail.co,sw,2025-04-24,1982,Transmutation
WIZ-04652,Bramble Saltmarsh,bramble.saltmarsh557@ravenpost.net,NR,2023-01-03,1889,Transmutation
WIZ-04653,Peregrine Ashgrove,peregrine.ashgrove161@grimoire.org,nr,2025-12-13,1894,Herbalism
WIZ-04654,Dorian Winterbourne,dorian.winterbourne751@moonmail.net,NR,2025-01-07,1964,Enchantment
WIZ-04655,Quilla Owlsworth,quilla.owlsworth359@crystalball.io,the marshlands,2025-03-29,2006,Divination
WIZ-04656,Oleander Stormbottle,oleander.stormbottle747@grimoire.org,CV,2024-03-24,1924,Healing
WIZ-04657,Yarrow Crowfeather,yarrow.crowfeather129@ravenpost.net,SW,2026-02-12,1912,Transmutation
WIZ-04658,Kestrel Copperkettle,kestrel.copperkettle135@crystalball.io,cv,2024-09-26,1999,ILLUSION
WIZ-04659,Ignatius Frostpetal,ignatius.frostpetal615@ravenpost.net,northern reaches,2025-11-18,1907,HEALING
WIZ-04660,Nimbus Saltmarsh,nimbus.saltmarsh445@grimoire.org,NR,2026-01-20,2000,Transmutation
WIZ-04661,Grizelda Mistlethorn,grizelda.mistlethorn817@moonmail.net,ML,2023-11-21,1947,Enchantment
WIZ-04662,Gideon Duskwater,gideon.duskwater364@owlmail.co,NR,2023-04-12,1908,Healing
WIZ-04663,Kestrel Gorsebush,kestrel.gorsebush494@moonmail.net,EC,2024-10-29,2001,Illusion
WIZ-04664,Bramble Copperkettle,bramble.copperkettle764@crystalball.io,nr,2025-11-14,1997,Transmutation
WIZ-04665,Ambrose Ironquill,ambrose.ironquill311@ravenpost.net,The Marshlands,2025-03-22,1948,Herbalism
WIZ-04666,Grizelda Jackdaw,grizelda.jackdaw158@ravenpost.net,ember coast,2023-12-01,1964,Enchantment
WIZ-04667,Gideon Tanglewood,gideon.tanglewood959@grimoire.org,Silverwood,2023-09-26,1929,Enchantment
WIZ-04668,Nimbus Duskwater,nimbus.duskwater473@crystalball.io,ml,2023-04-12,1975,ILLUSION
WIZ-04669,Kestrel Ravenscroft,kestrel.ravenscroft747@crystalball.io,northern reaches,2025-06-13,1928,Herbalism
WIZ-04670,Hawthorne Hollowbranch,hawthorne.hollowbranch173@crystalball.io,NR,2025-01-06,1984,Herbalism
WIZ-04671,Alaric Fernwhistle,alaric.fernwhistle559@owlmail.co,Ember Coast,2025-10-07,1945,Transmutation
WIZ-04672,Caspian Frostpetal,,Ember Coast,2026-01-29,1937,Divination
WIZ-04673,Lyra Yewbarrow,lyra.yewbarrow14@moonmail.net,Silverwood,2026-03-29,2007,Healing
WIZ-04674,Isolde Hollowbranch,isolde.hollowbranch281@moonmail.net,NR,2024-10-23,1921,Enchantment
WIZ-04675,Quilla Emberwhisk,quilla.emberwhisk935@moonmail.net,EC,2025-01-03,1970,Illusion
WIZ-04676,Juniper Quickbramble,juniper.quickbramble828@owlmail.co,Silverwood,2023-10-05,1976,Transmutation
WIZ-04677,Maribel Mossheart,maribel.mossheart500@crystalball.io,crystal vale,2024-09-04,1966,Transmutation
WIZ-04678,Ignatius Moonbrook,ignatius.moonbrook35@grimoire.org,northern reaches,2023-09-17,1993,Alchemy
WIZ-04679,Grizelda Frostpetal,grizelda.frostpetal165@grimoire.org,CV,2023-07-16,1889,Herbalism
WIZ-04680,Zephyrine Copperkettle,zephyrine.copperkettle257@grimoire.org,silverwood,2024-09-17,1898,Illusion
WIZ-04681,Hesper Ironquill,hesper.ironquill344@moonmail.net,ML,2026-03-12,1945,Herbalism
WIZ-04682,Ignatius Gorsebush,ignatius.gorsebush528@ravenpost.net,SW,2025-09-10,1898,Herbalism
WIZ-04683,Gideon Jackdaw,gideon.jackdaw487@owlmail.co,ML,2026-04-21,1966,TRANSMUTATION
WIZ-04684,Seraphine Saltmarsh,seraphine.saltmarsh474@ravenpost.net,ec,2025-11-01,1966,Illusion
WIZ-04685,Gideon Copperkettle,gideon.copperkettle291@owlmail.co,Crystal Vale,2024-01-18,1975,Alchemy
WIZ-04686,Elowen Saltmarsh,elowen.saltmarsh53@ravenpost.net,CV,2024-12-01,2005,Transmutation
WIZ-04687,Petra Kilnworth,petra.kilnworth377@owlmail.co,Ember Coast,2026-01-04,1904,Healing
WIZ-04688,Zephyrine Fernwhistle,zephyrine.fernwhistle789@crystalball.io,crystal vale,2025-09-06,1890,TRANSMUTATION
WIZ-04689,Thaddeus Kilnworth,thaddeus.kilnworth343@crystalball.io,sw,2024-12-12,1950,Herbalism
WIZ-04690,Oswin Glimmerstone,oswin.glimmerstone367@crystalball.io,silverwood,2023-09-12,1972,Divination
WIZ-04691,Lyra Thistledown,lyra.thistledown330@owlmail.co,nr,2025-08-08,2002,Enchantment
WIZ-04692,Bramble Emberwhisk,,Northern Reaches,2023-03-26,1980,Transmutation
WIZ-04693,Delphine Jackdaw,delphine.jackdaw816@crystalball.io,ec,2024-06-07,1975,Herbalism
WIZ-04694,Jasper Frostpetal,jasper.frostpetal152@moonmail.net,the marshlands,2025-08-28,1905,Alchemy
WIZ-04695,Isolde Kilnworth,isolde.kilnworth468@crystalball.io,crystal vale,2023-07-26,1905,Transmutation
WIZ-04696,Zephyrine Yewbarrow,zephyrine.yewbarrow140@moonmail.net,ML,2025-07-20,1952,Healing
WIZ-04697,Edric Moonbrook,edric.moonbrook929@crystalball.io,EC,2024-04-17,1913,ALCHEMY
WIZ-04698,Quilla Kilnworth,,Silverwood,2023-11-28,1910,HEALING
WIZ-04699,Oswin Ashgrove,oswin.ashgrove613@grimoire.org,EC,2026-05-30,1947,Alchemy
WIZ-04700,Oswin Crowfeather,oswin.crowfeather287@moonmail.net,ML,2023-11-02,1934,Herbalism
WIZ-04701,Morwenna Netherfield,morwenna.netherfield198@owlmail.co,EC,2026-05-22,1905,Illusion
WIZ-04702,Ambrose Winterbourne,ambrose.winterbourne672@ravenpost.net,NR,2025-07-11,1961,Enchantment
WIZ-04703,Quilla Larkspur,quilla.larkspur196@crystalball.io,SW,2025-06-22,1885,Healing
WIZ-04704,Rowan Kilnworth,rowan.kilnworth987@moonmail.net,the marshlands,2024-08-29,1931,Enchantment
WIZ-04705,Quilla Saltmarsh,,Northern Reaches,2023-03-14,1949,Herbalism
WIZ-04706,Caspian Wandwright,caspian.wandwright295@owlmail.co,northern reaches,2024-03-15,1897,Illusion
WIZ-04707,Ambrose Ironquill,ambrose.ironquill83@ravenpost.net,cv,2025-10-26,1955,Transmutation
WIZ-04708,Vesper Barrowmere,vesper.barrowmere146@owlmail.co,NR,2025-12-12,1980,Enchantment
WIZ-04709,Grizelda Dimbleby,grizelda.dimbleby392@grimoire.org,Northern Reaches,2023-12-22,1964,Divination
WIZ-04710,Ambrose Kilnworth,ambrose.kilnworth854@grimoire.org,nr,2025-10-20,1948,Divination
WIZ-04711,Hesper Copperkettle,hesper.copperkettle683@crystalball.io,Northern Reaches,2026-04-09,1966,Divination
WIZ-04712,Bramble Moonbrook,bramble.moonbrook704@grimoire.org,ec,2023-07-20,1916,Divination
WIZ-04713,Kestrel Dimbleby,kestrel.dimbleby240@owlmail.co,SW,2025-05-11,1987,Divination
WIZ-04714,Belladonna Winterbourne,belladonna.winterbourne924@owlmail.co,CV,2023-08-04,1885,Healing
WIZ-04715,Quilla Barrowmere,quilla.barrowmere58@moonmail.net,Crystal Vale,2024-07-31,2000,Healing
WIZ-04716,Dorian Winterbourne,dorian.winterbourne834@ravenpost.net,SW,2024-10-16,1981,Alchemy
WIZ-04717,Cassia Larkspur,cassia.larkspur822@owlmail.co,ML,2026-02-15,1959,Illusion
WIZ-04718,Hesper Everbright,hesper.everbright683@moonmail.net,EC,2025-08-18,1970,Alchemy
WIZ-04719,Delphine Crowfeather,delphine.crowfeather376@grimoire.org,The Marshlands,2023-12-27,1924,Divination
WIZ-04720,Vesper Emberwhisk,vesper.emberwhisk369@owlmail.co,Silverwood,2023-08-04,1924,Herbalism
WIZ-04721,Lyra Glimmerstone,lyra.glimmerstone913@crystalball.io,nr,2024-08-29,1898,Alchemy
WIZ-04722,Seraphine Stormbottle,seraphine.stormbottle468@grimoire.org,EC,2025-02-13,1907,Alchemy
WIZ-04723,Hesper Wyrmwood,hesper.wyrmwood773@owlmail.co,crystal vale,2025-02-04,1928,Enchantment
WIZ-04724,Delphine Copperkettle,delphine.copperkettle666@grimoire.org,Northern Reaches,2025-11-07,1976,Transmutation
WIZ-04725,Gideon Foxglove,gideon.foxglove308@grimoire.org,the marshlands,2025-09-15,1960,Healing
WIZ-04726,Juniper Kilnworth,juniper.kilnworth251@grimoire.org,the marshlands,2026-04-12,1952,HEALING
WIZ-04727,Thaddeus Ravenscroft,thaddeus.ravenscroft205@grimoire.org,SW,2025-12-19,1964,Healing
WIZ-04728,Zephyrine Glimmerstone,zephyrine.glimmerstone362@crystalball.io,ML,2023-12-22,2004,Alchemy
WIZ-04729,Hawthorne Jackdaw,hawthorne.jackdaw907@ravenpost.net,nr,2026-03-13,1962,Healing
WIZ-04730,Gideon Crowfeather,gideon.crowfeather9@ravenpost.net,The Marshlands,2026-02-27,1949,Divination
WIZ-04731,Zephyrine Hollowbranch,zephyrine.hollowbranch400@ravenpost.net,Ember Coast,2025-03-25,1893,Illusion
WIZ-04732,Edric Zellandine,edric.zellandine342@owlmail.co,The Marshlands,2025-06-17,1985,Divination
WIZ-04733,Oleander Quickbramble,oleander.quickbramble2@owlmail.co,SW,2024-09-24,1975,Healing
WIZ-04734,Edric Fernwhistle,edric.fernwhistle852@owlmail.co,NR,2024-04-07,1988,Healing
WIZ-04735,Thaddeus Gorsebush,thaddeus.gorsebush420@crystalball.io,CV,2026-04-13,1997,Healing
WIZ-04736,Fenwick Cinderfell,fenwick.cinderfell405@owlmail.co,ML,2025-04-13,1894,Herbalism
WIZ-04737,Delphine Emberwhisk,delphine.emberwhisk548@owlmail.co,ec,2026-01-31,1923,Alchemy
WIZ-04738,Juniper Nightbloom,juniper.nightbloom300@grimoire.org,northern reaches,2023-04-08,1959,Transmutation
WIZ-04739,Peregrine Umberfall,peregrine.umberfall285@ravenpost.net,Ember Coast,2024-07-22,1917,Illusion
WIZ-04740,Juniper Wyrmwood,juniper.wyrmwood197@grimoire.org,SW,2026-04-07,1896,Alchemy
WIZ-04741,Oswin Netherfield,oswin.netherfield851@owlmail.co,The Marshlands,2023-01-09,1941,Illusion
WIZ-04742,Wendeline Hazelrigg,wendeline.hazelrigg136@owlmail.co,ec,2023-11-05,1933,Enchantment
WIZ-04743,Dorian Barrowmere,dorian.barrowmere182@grimoire.org,Silverwood,2025-11-09,1978,Illusion
WIZ-04744,Wendeline Ashgrove,wendeline.ashgrove451@grimoire.org,EC,2026-02-23,1978,Illusion
WIZ-04745,Juniper Copperkettle,juniper.copperkettle303@owlmail.co,ml,2023-08-02,1887,Enchantment
WIZ-04746,Vesper Crowfeather,vesper.crowfeather190@owlmail.co,EC,2025-06-20,1911,Enchantment
WIZ-04747,Isolde Quickbramble,isolde.quickbramble990@moonmail.net,ml,2025-09-03,1980,Divination
WIZ-04748,Oswin Tanglewood,oswin.tanglewood457@crystalball.io,sw,2023-07-06,1885,Divination
WIZ-04749,Hawthorne Mossheart,hawthorne.mossheart903@grimoire.org,Crystal Vale,2024-07-10,1978,Alchemy
WIZ-04750,Fenwick Hollowbranch,fenwick.hollowbranch313@ravenpost.net,SW,2024-08-16,1920,DIVINATION
WIZ-04751,Morwenna Mossheart,morwenna.mossheart216@moonmail.net,ember coast,2026-01-10,1992,Divination
WIZ-04752,Dorian Ravenscroft,dorian.ravenscroft204@grimoire.org,ec,2024-02-26,1966,Illusion
WIZ-04753,Gideon Wyrmwood,gideon.wyrmwood621@moonmail.net,ec,2025-05-08,1926,Illusion
WIZ-04754,Thaddeus Owlsworth,thaddeus.owlsworth166@moonmail.net,ec,2025-05-25,1947,Illusion
WIZ-04755,Jasper Ironquill,jasper.ironquill538@grimoire.org,northern reaches,2024-05-30,1936,Divination
WIZ-04756,Gideon Moonbrook,gideon.moonbrook750@ravenpost.net,EC,2024-10-08,1962,Illusion
WIZ-04757,Wendeline Duskwater,wendeline.duskwater691@crystalball.io,crystal vale,2024-10-25,1939,Alchemy
WIZ-04758,Zephyrine Umberfall,zephyrine.umberfall435@grimoire.org,Silverwood,2023-07-05,1977,ALCHEMY
WIZ-04759,Delphine Umberfall,delphine.umberfall526@owlmail.co,NR,2025-06-22,1906,Illusion
WIZ-04760,Oleander Saltmarsh,oleander.saltmarsh710@moonmail.net,Northern Reaches,2025-06-04,1998,Divination
WIZ-04761,Thaddeus Frostpetal,thaddeus.frostpetal459@grimoire.org,Crystal Vale,2025-06-16,1970,Illusion
WIZ-04762,Corvin Jackdaw,corvin.jackdaw306@crystalball.io,NR,2025-02-21,1987,Herbalism
WIZ-04763,Nimbus Gorsebush,nimbus.gorsebush869@moonmail.net,NR,2025-07-16,1961,DIVINATION
WIZ-04764,Vesper Hollowbranch,vesper.hollowbranch87@ravenpost.net,sw,2025-12-14,1950,Transmutation
WIZ-04765,Quilla Crowfeather,quilla.crowfeather939@grimoire.org,NR,2025-09-21,1893,Herbalism
WIZ-04766,Petra Duskwater,petra.duskwater147@grimoire.org,ml,2023-04-28,2006,Enchantment
WIZ-04767,Delphine Cinderfell,delphine.cinderfell586@moonmail.net,SW,2025-06-17,1989,Healing
WIZ-04768,Corvin Wandwright,corvin.wandwright736@moonmail.net,SW,2026-02-20,1985,Healing
WIZ-04769,Seraphine Hollowbranch,seraphine.hollowbranch916@grimoire.org,EC,2023-11-15,1895,Divination
WIZ-04770,Vesper Gorsebush,vesper.gorsebush31@moonmail.net,Northern Reaches,2025-02-09,1929,Transmutation
WIZ-04771,Fenwick Jackdaw,fenwick.jackdaw319@moonmail.net,CV,2024-10-28,1889,Illusion
WIZ-04772,Jasper Ironquill,jasper.ironquill584@moonmail.net,the marshlands,2025-03-23,1943,Divination
WIZ-04773,Grizelda Tanglewood,,EC,2023-03-15,1891,ALCHEMY
WIZ-04774,Maribel Umberfall,maribel.umberfall996@owlmail.co,ec,2025-10-03,1991,Illusion
WIZ-04775,Hesper Hollowbranch,hesper.hollowbranch513@crystalball.io,ml,2024-01-04,1947,TRANSMUTATION
WIZ-04776,Ignatius Zellandine,ignatius.zellandine290@ravenpost.net,CV,2024-06-14,1915,Alchemy
WIZ-04777,Oleander Winterbourne,oleander.winterbourne150@grimoire.org,NR,2024-08-13,1935,Alchemy
WIZ-04778,Yarrow Glimmerstone,yarrow.glimmerstone547@grimoire.org,NR,2024-06-14,1898,Illusion
WIZ-04779,Gideon Brightmantle,gideon.brightmantle516@grimoire.org,Crystal Vale,2025-07-18,1891,Herbalism
WIZ-04780,Rowan Wyrmwood,rowan.wyrmwood825@moonmail.net,cv,2025-04-13,1936,Enchantment
WIZ-04781,Belladonna Gorsebush,belladonna.gorsebush804@grimoire.org,SW,2024-02-28,1978,Divination
WIZ-04782,Vesper Winterbourne,vesper.winterbourne401@ravenpost.net,cv,2024-08-12,1911,Divination
WIZ-04783,Ignatius Yewbarrow,ignatius.yewbarrow449@crystalball.io,Crystal Vale,2026-04-09,1992,Enchantment
WIZ-04784,Morwenna Crowfeather,morwenna.crowfeather463@ravenpost.net,ec,2024-07-09,1926,Herbalism
WIZ-04785,Seraphine Yewbarrow,seraphine.yewbarrow258@grimoire.org,EC,2026-06-07,1925,Transmutation
WIZ-04786,Nimbus Yewbarrow,nimbus.yewbarrow634@owlmail.co,The Marshlands,2023-04-27,1998,Divination
WIZ-04787,Seraphine Stormbottle,seraphine.stormbottle768@moonmail.net,SW,2023-08-25,1888,Alchemy
WIZ-04788,Nimbus Frostpetal,nimbus.frostpetal206@crystalball.io,The Marshlands,2024-10-03,1957,ILLUSION
WIZ-04789,Fiora Everbright,fiora.everbright83@owlmail.co,sw,2025-06-21,1972,Herbalism
WIZ-04790,Bramble Wandwright,,Ember Coast,2024-03-30,1997,Alchemy
WIZ-04791,Umbra Cinderfell,umbra.cinderfell617@ravenpost.net,CV,2025-10-27,1913,Herbalism
WIZ-04792,Ambrose Larkspur,ambrose.larkspur560@owlmail.co,ml,2025-05-16,1896,Divination
WIZ-04793,Nimbus Fernwhistle,nimbus.fernwhistle768@grimoire.org,The Marshlands,2025-02-26,1910,Enchantment
WIZ-04794,Dorian Owlsworth,dorian.owlsworth296@crystalball.io,CV,2025-08-28,2000,Enchantment
WIZ-04795,Gideon Ashgrove,gideon.ashgrove979@moonmail.net,sw,2024-07-12,1904,ILLUSION
WIZ-04796,Lyra Hollowbranch,lyra.hollowbranch503@moonmail.net,silverwood,2024-09-04,1928,Enchantment
WIZ-04797,Nimbus Foxglove,nimbus.foxglove573@moonmail.net,ml,2023-02-09,2002,Healing
WIZ-04798,Jasper Frostpetal,jasper.frostpetal821@ravenpost.net,Northern Reaches,2024-03-26,1924,Alchemy
WIZ-04799,Ignatius Winterbourne,ignatius.winterbourne348@owlmail.co,EC,2023-10-03,1961,Illusion
WIZ-04800,Gideon Tanglewood,gideon.tanglewood45@owlmail.co,NR,2025-10-30,1970,Enchantment
WIZ-04801,Elowen Vexley,elowen.vexley96@ravenpost.net,EC,2024-09-09,1960,Transmutation
WIZ-04802,Lyra Fernwhistle,lyra.fernwhistle766@owlmail.co,CV,2024-10-01,1929,Healing
WIZ-04803,Nimbus Nightbloom,nimbus.nightbloom434@moonmail.net,Ember Coast,2024-01-21,2006,Herbalism
WIZ-04804,Belladonna Ironquill,belladonna.ironquill949@grimoire.org,SW,2024-09-28,1908,HERBALISM
WIZ-04805,Bramble Quickbramble,bramble.quickbramble727@moonmail.net,SW,2024-05-19,1896,ENCHANTMENT
WIZ-04806,Dorian Emberwhisk,dorian.emberwhisk607@owlmail.co,NR,2024-12-01,1897,Healing
WIZ-04807,Umbra Ashgrove,umbra.ashgrove852@moonmail.net,silverwood,2023-06-05,1924,HERBALISM
WIZ-04808,Xanthe Brightmantle,xanthe.brightmantle45@moonmail.net,ec,2024-07-25,1979,Alchemy
WIZ-04809,Alaric Duskwater,alaric.duskwater491@owlmail.co,The Marshlands,2023-02-20,1991,Transmutation
WIZ-04810,Vesper Ravenscroft,vesper.ravenscroft767@moonmail.net,CV,2023-06-14,1914,Divination
WIZ-04811,Dorian Stormbottle,dorian.stormbottle492@grimoire.org,NR,2024-09-14,1990,Divination
WIZ-04812,Vesper Emberwhisk,vesper.emberwhisk85@crystalball.io,EC,2025-10-23,1950,Illusion
WIZ-04813,Kestrel Gorsebush,kestrel.gorsebush390@ravenpost.net,EC,2024-08-06,1920,Divination
WIZ-04814,Hawthorne Gorsebush,hawthorne.gorsebush681@crystalball.io,EC,2025-05-11,1938,Enchantment
WIZ-04815,Oswin Cinderfell,oswin.cinderfell901@ravenpost.net,Silverwood,2023-01-17,1974,Alchemy
WIZ-04816,Hawthorne Vexley,hawthorne.vexley4@grimoire.org,NR,2025-06-24,2006,Illusion
WIZ-04817,Oleander Mistlethorn,oleander.mistlethorn671@crystalball.io,ML,2023-03-06,1910,Divination
WIZ-04818,Petra Winterbourne,petra.winterbourne877@crystalball.io,Ember Coast,2025-07-26,1928,Illusion
WIZ-04819,Isolde Thistledown,isolde.thistledown558@crystalball.io,the marshlands,2024-07-19,1971,Enchantment
WIZ-04820,Caspian Mistlethorn,caspian.mistlethorn979@crystalball.io,EC,2023-08-06,1909,Enchantment
WIZ-04821,Grizelda Duskwater,grizelda.duskwater118@crystalball.io,nr,2026-04-06,2000,HERBALISM
WIZ-04822,Alaric Crowfeather,alaric.crowfeather668@grimoire.org,SW,2024-09-16,1888,Herbalism
WIZ-04823,Hawthorne Crowfeather,hawthorne.crowfeather744@moonmail.net,EC,2025-05-13,1932,Alchemy
WIZ-04824,Petra Dimbleby,petra.dimbleby507@crystalball.io,northern reaches,2025-05-25,1990,Herbalism
WIZ-04825,Kestrel Duskwater,kestrel.duskwater34@owlmail.co,EC,2026-04-18,1992,Enchantment
WIZ-04826,Ignatius Mossheart,ignatius.mossheart575@grimoire.org,CV,2023-02-16,1970,Herbalism
WIZ-04827,Fiora Hazelrigg,fiora.hazelrigg355@ravenpost.net,silverwood,2024-11-17,1889,Enchantment
WIZ-04828,Thaddeus Stormbottle,thaddeus.stormbottle893@moonmail.net,SW,2023-11-05,1934,Enchantment
WIZ-04829,Rowan Owlsworth,rowan.owlsworth192@grimoire.org,SW,2026-04-27,1985,Illusion
WIZ-04830,Petra Foxglove,petra.foxglove856@crystalball.io,ml,2024-01-13,1986,Alchemy
WIZ-04831,Morwenna Mossheart,morwenna.mossheart279@moonmail.net,northern reaches,2023-08-13,1956,Herbalism
WIZ-04832,Hesper Everbright,hesper.everbright505@owlmail.co,NR,2023-08-14,2003,Healing
WIZ-04833,Bramble Cinderfell,bramble.cinderfell228@moonmail.net,NR,2026-06-04,1923,Healing
WIZ-04834,Corvin Dimbleby,corvin.dimbleby873@grimoire.org,CV,2025-09-21,1924,Enchantment
WIZ-04835,Dorian Tanglewood,dorian.tanglewood650@grimoire.org,Crystal Vale,2023-09-25,1887,Illusion
WIZ-04836,Juniper Foxglove,juniper.foxglove947@grimoire.org,northern reaches,2025-12-29,1968,Healing
WIZ-04837,Gideon Ironquill,gideon.ironquill811@owlmail.co,CV,2024-07-30,1933,Divination
WIZ-04838,Ignatius Quickbramble,ignatius.quickbramble220@moonmail.net,EC,2025-12-15,2007,Illusion
WIZ-04839,Jasper Ravenscroft,jasper.ravenscroft245@owlmail.co,ec,2025-05-16,1888,Divination
WIZ-04840,Umbra Netherfield,umbra.netherfield52@owlmail.co,Northern Reaches,2024-01-11,1900,Healing
WIZ-04841,Rowan Ironquill,rowan.ironquill806@ravenpost.net,nr,2025-05-30,1951,Enchantment
WIZ-04842,Rowan Larkspur,rowan.larkspur510@ravenpost.net,silverwood,2023-09-23,1967,ILLUSION
WIZ-04843,Morwenna Foxglove,morwenna.foxglove905@ravenpost.net,the marshlands,2023-02-09,1897,Divination
WIZ-04844,Morwenna Fernwhistle,morwenna.fernwhistle330@crystalball.io,Ember Coast,2024-12-20,1973,Transmutation
WIZ-04845,Hawthorne Duskwater,hawthorne.duskwater466@ravenpost.net,CV,2023-12-28,1942,Alchemy
WIZ-04846,Morwenna Netherfield,morwenna.netherfield546@crystalball.io,sw,2025-08-29,1898,Herbalism
WIZ-04847,Lyra Crowfeather,lyra.crowfeather422@crystalball.io,ml,2024-04-08,1981,Herbalism
WIZ-04848,Fiora Barrowmere,fiora.barrowmere707@owlmail.co,Ember Coast,2025-02-18,1910,Alchemy
WIZ-04849,Hawthorne Stormbottle,hawthorne.stormbottle512@ravenpost.net,SW,2024-02-08,1927,Herbalism
WIZ-04850,Kestrel Ironquill,kestrel.ironquill246@ravenpost.net,NR,2025-08-06,1973,ALCHEMY
WIZ-04851,Edric Duskwater,edric.duskwater403@grimoire.org,northern reaches,2026-03-10,1897,Transmutation
WIZ-04852,Cassia Hollowbranch,cassia.hollowbranch825@crystalball.io,ml,2025-12-02,1982,Illusion
WIZ-04853,Petra Yewbarrow,petra.yewbarrow636@crystalball.io,ML,2023-07-21,1898,Enchantment
WIZ-04854,Ambrose Ravenscroft,ambrose.ravenscroft978@moonmail.net,Silverwood,2025-10-09,1999,DIVINATION
WIZ-04855,Dorian Glimmerstone,dorian.glimmerstone423@grimoire.org,EC,2023-03-08,1903,Healing
WIZ-04856,Caspian Umberfall,caspian.umberfall499@grimoire.org,ML,2024-09-07,1920,Alchemy
WIZ-04857,Caspian Wyrmwood,caspian.wyrmwood713@grimoire.org,NR,2025-10-11,1986,Illusion
WIZ-04858,Dorian Yewbarrow,dorian.yewbarrow604@moonmail.net,CV,2023-02-09,1975,Divination
WIZ-04859,Juniper Larkspur,juniper.larkspur773@owlmail.co,SW,2025-10-29,1938,Divination
WIZ-04860,Gideon Dimbleby,gideon.dimbleby146@grimoire.org,Silverwood,2024-10-14,1952,Transmutation
WIZ-04861,Hawthorne Cinderfell,hawthorne.cinderfell308@grimoire.org,Silverwood,2024-04-18,1885,Healing
WIZ-04862,Quilla Dimbleby,quilla.dimbleby240@grimoire.org,the marshlands,2026-02-27,1968,Healing
WIZ-04863,Jasper Netherfield,jasper.netherfield909@owlmail.co,sw,2026-01-09,1997,Transmutation
WIZ-04864,Belladonna Frostpetal,belladonna.frostpetal385@grimoire.org,NR,2025-09-11,1945,Divination
WIZ-04865,Caspian Vexley,,SW,2023-09-20,1910,Herbalism
WIZ-04866,Dorian Nightbloom,dorian.nightbloom813@moonmail.net,SW,2023-11-21,1999,Enchantment
WIZ-04867,Fiora Everbright,fiora.everbright744@moonmail.net,SW,2026-02-15,1951,Divination
WIZ-04868,Ambrose Barrowmere,ambrose.barrowmere4@owlmail.co,cv,2023-06-25,1903,DIVINATION
WIZ-04869,Thaddeus Owlsworth,thaddeus.owlsworth714@grimoire.org,ec,2025-09-17,1990,Alchemy
WIZ-04870,Lyra Yewbarrow,lyra.yewbarrow306@owlmail.co,sw,2024-05-24,1910,Illusion
WIZ-04871,Hesper Duskwater,hesper.duskwater405@moonmail.net,NR,2023-05-02,1917,Herbalism
WIZ-04872,Seraphine Hollowbranch,seraphine.hollowbranch978@crystalball.io,cv,2025-05-19,1972,Transmutation
WIZ-04873,Umbra Quickbramble,umbra.quickbramble137@grimoire.org,Northern Reaches,2024-08-19,1973,Alchemy
WIZ-04874,Ambrose Dimbleby,ambrose.dimbleby114@moonmail.net,silverwood,2025-03-15,1974,Transmutation
WIZ-04875,Oswin Ashgrove,oswin.ashgrove82@grimoire.org,sw,2024-08-17,1934,Enchantment
WIZ-04876,Alaric Emberwhisk,alaric.emberwhisk441@crystalball.io,ML,2025-03-13,1906,Divination
WIZ-04877,Jasper Emberwhisk,jasper.emberwhisk267@crystalball.io,SW,2024-10-12,1966,Enchantment
WIZ-04878,Bramble Hollowbranch,bramble.hollowbranch109@ravenpost.net,cv,2023-01-27,1936,Alchemy
WIZ-04879,Umbra Nightbloom,umbra.nightbloom734@moonmail.net,SW,2025-08-03,1993,HERBALISM
WIZ-04880,Oleander Stormbottle,oleander.stormbottle829@grimoire.org,ember coast,2025-12-06,1904,HEALING
WIZ-04881,Morwenna Nightbloom,morwenna.nightbloom416@ravenpost.net,Ember Coast,2023-07-21,1950,HERBALISM
WIZ-04882,Corvin Netherfield,corvin.netherfield597@ravenpost.net,ec,2023-02-10,1979,Herbalism
WIZ-04883,Oswin Everbright,oswin.everbright61@grimoire.org,NR,2023-09-22,1969,Transmutation
WIZ-04884,Petra Cinderfell,petra.cinderfell921@moonmail.net,EC,2025-07-30,2003,Healing
WIZ-04885,Delphine Everbright,delphine.everbright985@moonmail.net,ML,2024-08-08,1977,Enchantment
WIZ-04886,Vesper Winterbourne,vesper.winterbourne858@moonmail.net,ember coast,2025-03-15,1914,Herbalism
WIZ-04887,Fiora Copperkettle,,northern reaches,2024-06-10,1917,ENCHANTMENT
WIZ-04888,Ambrose Netherfield,ambrose.netherfield804@ravenpost.net,The Marshlands,2026-04-12,2005,Divination
WIZ-04889,Cassia Jackdaw,cassia.jackdaw179@owlmail.co,CV,2025-07-09,1947,Herbalism
WIZ-04890,Kestrel Glimmerstone,kestrel.glimmerstone290@grimoire.org,Ember Coast,2023-10-19,1947,Divination
WIZ-04891,Quilla Nightbloom,quilla.nightbloom952@owlmail.co,ML,2024-03-05,1913,Divination
WIZ-04892,Corvin Foxglove,corvin.foxglove718@grimoire.org,cv,2024-04-30,1891,Divination
WIZ-04893,Cassia Moonbrook,cassia.moonbrook278@ravenpost.net,ML,2025-07-28,1911,Alchemy
WIZ-04894,Fiora Tanglewood,fiora.tanglewood187@grimoire.org,Northern Reaches,2023-08-21,2001,Illusion
WIZ-04895,Umbra Cinderfell,umbra.cinderfell772@moonmail.net,nr,2026-01-16,1910,Healing
WIZ-04896,Oswin Winterbourne,oswin.winterbourne330@ravenpost.net,northern reaches,2024-08-01,1937,Healing
WIZ-04897,Morwenna Moonbrook,morwenna.moonbrook791@crystalball.io,EC,2025-11-28,1932,Illusion
WIZ-04898,Jasper Ironquill,jasper.ironquill512@moonmail.net,ML,2025-06-07,2000,Illusion
WIZ-04899,Edric Gorsebush,edric.gorsebush452@grimoire.org,ML,2025-04-30,1935,Enchantment
WIZ-04900,Dorian Zellandine,dorian.zellandine804@owlmail.co,CV,2025-06-22,1974,Illusion
WIZ-04901,Fenwick Yewbarrow,fenwick.yewbarrow401@grimoire.org,ml,2025-06-08,1963,Transmutation
WIZ-04902,Elowen Ashgrove,elowen.ashgrove648@moonmail.net,sw,2024-11-11,1886,Alchemy
WIZ-04903,Umbra Stormbottle,umbra.stormbottle855@crystalball.io,EC,2024-02-14,1988,Herbalism
WIZ-04904,Hesper Tanglewood,hesper.tanglewood880@ravenpost.net,EC,2026-04-09,1915,Herbalism
WIZ-04905,Hesper Ironquill,hesper.ironquill637@moonmail.net,ML,2026-02-13,1920,Illusion
WIZ-04906,Yarrow Larkspur,yarrow.larkspur375@moonmail.net,EC,2024-08-05,1967,Divination
WIZ-04907,Corvin Netherfield,corvin.netherfield509@grimoire.org,EC,2023-01-01,2007,Herbalism
WIZ-04908,Bramble Hollowbranch,bramble.hollowbranch977@grimoire.org,ml,2025-02-11,1892,Alchemy
WIZ-04909,Isolde Umberfall,isolde.umberfall797@owlmail.co,cv,2023-11-11,1960,Enchantment
WIZ-04910,Xanthe Mossheart,xanthe.mossheart533@moonmail.net,EC,2024-11-21,1967,ILLUSION
WIZ-04911,Fenwick Barrowmere,fenwick.barrowmere100@owlmail.co,SW,2023-10-09,1980,Illusion
WIZ-04912,Thaddeus Brightmantle,thaddeus.brightmantle16@owlmail.co,Silverwood,2024-06-10,1974,Healing
WIZ-04913,Yarrow Ironquill,yarrow.ironquill253@grimoire.org,ec,2023-01-04,1980,Transmutation
WIZ-04914,Vesper Nightbloom,vesper.nightbloom404@ravenpost.net,Ember Coast,2026-04-11,1907,Healing
WIZ-04915,Lyra Quickbramble,lyra.quickbramble106@owlmail.co,nr,2023-11-07,2007,TRANSMUTATION
WIZ-04916,Nimbus Quickbramble,nimbus.quickbramble374@ravenpost.net,nr,2023-03-13,1917,Divination
WIZ-04917,Belladonna Ironquill,belladonna.ironquill354@grimoire.org,Ember Coast,2025-09-12,1988,Illusion
WIZ-04918,Yarrow Fernwhistle,yarrow.fernwhistle290@moonmail.net,ML,2023-06-04,1992,Alchemy
WIZ-04919,Maribel Mistlethorn,maribel.mistlethorn833@ravenpost.net,NR,2024-06-21,1899,Herbalism
WIZ-04920,Kestrel Everbright,kestrel.everbright133@crystalball.io,ml,2025-02-19,1984,Divination
WIZ-04921,Yarrow Brightmantle,yarrow.brightmantle530@owlmail.co,Northern Reaches,2023-01-30,1965,Divination
WIZ-04922,Belladonna Quickbramble,belladonna.quickbramble842@grimoire.org,NR,2026-05-19,1947,Divination
WIZ-04923,Kestrel Mistlethorn,kestrel.mistlethorn142@crystalball.io,crystal vale,2023-03-30,1894,Herbalism
WIZ-04924,Seraphine Yewbarrow,seraphine.yewbarrow934@owlmail.co,CV,2024-02-10,1932,HEALING
WIZ-04925,Ambrose Netherfield,ambrose.netherfield86@grimoire.org,ML,2024-06-20,1920,Divination
WIZ-04926,Elowen Foxglove,elowen.foxglove190@crystalball.io,ML,2026-01-25,1961,Transmutation
WIZ-04927,Thaddeus Quickbramble,thaddeus.quickbramble296@owlmail.co,SW,2023-05-31,1933,Divination
WIZ-04928,Dorian Duskwater,dorian.duskwater737@ravenpost.net,EC,2025-03-10,2000,Transmutation
WIZ-04929,Alaric Umberfall,alaric.umberfall224@moonmail.net,Silverwood,2025-02-09,1911,Transmutation
WIZ-04930,Oleander Mossheart,oleander.mossheart190@crystalball.io,ML,2025-11-06,1917,Divination
WIZ-04931,Elowen Stormbottle,elowen.stormbottle423@ravenpost.net,Northern Reaches,2026-05-15,1903,TRANSMUTATION
WIZ-04932,Maribel Netherfield,maribel.netherfield624@moonmail.net,SW,2026-01-18,1991,Illusion
WIZ-04933,Cassia Zellandine,cassia.zellandine470@crystalball.io,EC,2024-11-02,1886,ALCHEMY
WIZ-04934,Edric Copperkettle,edric.copperkettle516@crystalball.io,SW,2024-06-17,1993,Divination
WIZ-04935,Yarrow Umberfall,yarrow.umberfall876@moonmail.net,The Marshlands,2026-03-23,1893,Divination
WIZ-04936,Wendeline Ravenscroft,wendeline.ravenscroft902@crystalball.io,ec,2025-11-08,1899,TRANSMUTATION
WIZ-04937,Isolde Emberwhisk,isolde.emberwhisk198@grimoire.org,northern reaches,2024-12-02,1936,Alchemy
WIZ-04938,Elowen Winterbourne,elowen.winterbourne968@grimoire.org,silverwood,2026-01-05,1926,Alchemy
WIZ-04939,Elowen Hollowbranch,elowen.hollowbranch559@moonmail.net,ML,2024-07-20,1955,Alchemy
WIZ-04940,Isolde Owlsworth,isolde.owlsworth41@ravenpost.net,NR,2024-08-19,1896,Enchantment
WIZ-04941,Zephyrine Wyrmwood,zephyrine.wyrmwood526@ravenpost.net,sw,2024-07-13,1967,Alchemy
WIZ-04942,Gideon Glimmerstone,gideon.glimmerstone253@owlmail.co,NR,2024-06-23,1947,Healing
WIZ-04943,Ignatius Wyrmwood,ignatius.wyrmwood165@moonmail.net,silverwood,2026-05-12,1908,Herbalism
WIZ-04944,Petra Gorsebush,petra.gorsebush881@moonmail.net,SW,2025-06-24,1976,Transmutation
WIZ-04945,Xanthe Duskwater,xanthe.duskwater990@grimoire.org,The Marshlands,2026-01-17,1893,Alchemy
WIZ-04946,Yarrow Wyrmwood,yarrow.wyrmwood202@crystalball.io,EC,2025-05-09,1891,Divination
WIZ-04947,Delphine Jackdaw,delphine.jackdaw821@grimoire.org,ember coast,2025-04-01,1893,Healing
WIZ-04948,Zephyrine Jackdaw,zephyrine.jackdaw611@grimoire.org,EC,2025-08-23,1941,Herbalism
WIZ-04949,Bramble Wandwright,bramble.wandwright973@moonmail.net,EC,2026-01-09,1994,Alchemy
WIZ-04950,Bramble Crowfeather,bramble.crowfeather613@grimoire.org,ml,2023-01-30,2005,Transmutation
WIZ-04951,Maribel Netherfield,maribel.netherfield861@crystalball.io,The Marshlands,2026-02-19,1898,Transmutation
WIZ-04952,Zephyrine Saltmarsh,zephyrine.saltmarsh273@owlmail.co,ML,2026-06-10,1922,Illusion
WIZ-04953,Juniper Emberwhisk,juniper.emberwhisk846@crystalball.io,Ember Coast,2025-12-18,1930,ALCHEMY
WIZ-04954,Delphine Copperkettle,delphine.copperkettle435@grimoire.org,sw,2024-09-06,1945,Enchantment
WIZ-04955,Belladonna Glimmerstone,belladonna.glimmerstone809@owlmail.co,The Marshlands,2023-01-22,1996,Transmutation
WIZ-04956,Zephyrine Netherfield,zephyrine.netherfield790@moonmail.net,ec,2024-05-26,1972,Enchantment
WIZ-04957,Ambrose Owlsworth,ambrose.owlsworth810@ravenpost.net,sw,2025-11-24,1914,Alchemy
WIZ-04958,Corvin Netherfield,corvin.netherfield117@ravenpost.net,ML,2026-04-07,2006,Divination
WIZ-04959,Rowan Cinderfell,rowan.cinderfell603@ravenpost.net,Crystal Vale,2024-12-04,1995,Divination
WIZ-04960,Ambrose Everbright,ambrose.everbright517@owlmail.co,Northern Reaches,2024-04-10,1907,TRANSMUTATION
WIZ-04961,Morwenna Wandwright,morwenna.wandwright199@grimoire.org,silverwood,2025-12-12,1981,Divination
WIZ-04962,Edric Jackdaw,edric.jackdaw470@ravenpost.net,crystal vale,2025-10-03,1959,Healing
WIZ-04963,Delphine Thistledown,delphine.thistledown787@moonmail.net,ML,2023-08-05,1930,Alchemy
WIZ-04964,Rowan Wyrmwood,rowan.wyrmwood2@grimoire.org,sw,2023-04-21,1929,Divination
WIZ-04965,Dorian Moonbrook,dorian.moonbrook670@moonmail.net,cv,2024-01-19,1987,Alchemy
WIZ-04966,Isolde Cinderfell,isolde.cinderfell355@moonmail.net,cv,2024-01-30,1924,Enchantment
WIZ-04967,Dorian Glimmerstone,dorian.glimmerstone293@owlmail.co,NR,2024-07-03,1978,Herbalism
WIZ-04968,Elowen Frostpetal,elowen.frostpetal484@ravenpost.net,Crystal Vale,2024-03-15,1999,Enchantment
WIZ-04969,Petra Wyrmwood,petra.wyrmwood496@ravenpost.net,NR,2023-03-24,1934,Enchantment
WIZ-04970,Zephyrine Vexley,,ml,2026-01-04,1897,Transmutation
WIZ-04971,Grizelda Mossheart,grizelda.mossheart172@owlmail.co,Crystal Vale,2025-08-22,1889,Herbalism
WIZ-04972,Bramble Ravenscroft,bramble.ravenscroft373@ravenpost.net,crystal vale,2023-01-22,1991,Divination
WIZ-04973,Juniper Copperkettle,juniper.copperkettle712@crystalball.io,Ember Coast,2025-12-25,1981,Herbalism
WIZ-04974,Thaddeus Thistledown,thaddeus.thistledown878@crystalball.io,CV,2025-10-23,1921,Illusion
WIZ-04975,Xanthe Wyrmwood,xanthe.wyrmwood986@moonmail.net,EC,2025-07-30,1906,Divination
WIZ-04976,Xanthe Thistledown,xanthe.thistledown85@ravenpost.net,ML,2024-05-09,1898,Transmutation
WIZ-04977,Alaric Jackdaw,alaric.jackdaw695@ravenpost.net,CV,2025-07-23,1894,Enchantment
WIZ-04978,Hesper Ironquill,hesper.ironquill278@crystalball.io,SW,2023-03-05,1970,Transmutation
WIZ-04979,Fenwick Mistlethorn,fenwick.mistlethorn799@ravenpost.net,nr,2024-07-11,1959,Healing
WIZ-04980,Oswin Ashgrove,oswin.ashgrove360@grimoire.org,EC,2024-03-25,1920,Healing
WIZ-04981,Vesper Emberwhisk,vesper.emberwhisk56@ravenpost.net,cv,2025-12-11,1988,HERBALISM
WIZ-04982,Lyra Hollowbranch,lyra.hollowbranch278@crystalball.io,ML,2023-07-02,1976,Enchantment
WIZ-04983,Fenwick Umberfall,fenwick.umberfall138@ravenpost.net,cv,2024-12-29,1934,Enchantment
WIZ-04984,Yarrow Wandwright,yarrow.wandwright823@crystalball.io,SW,2026-01-26,1913,Divination
WIZ-04985,Edric Hollowbranch,edric.hollowbranch799@crystalball.io,NR,2024-01-22,1952,Enchantment
WIZ-04986,Caspian Gorsebush,caspian.gorsebush205@crystalball.io,nr,2024-05-21,1924,Transmutation
WIZ-04987,Quilla Foxglove,quilla.foxglove476@ravenpost.net,ML,2026-06-08,1957,Illusion
WIZ-04988,Edric Emberwhisk,edric.emberwhisk491@moonmail.net,NR,2025-01-08,1918,Enchantment
WIZ-04989,Petra Ironquill,petra.ironquill910@ravenpost.net,ML,2024-09-12,1895,ENCHANTMENT
WIZ-04990,Lyra Barrowmere,lyra.barrowmere396@grimoire.org,nr,2025-07-28,1904,Divination
WIZ-04991,Kestrel Zellandine,kestrel.zellandine14@moonmail.net,NR,2023-01-17,1982,ILLUSION
WIZ-04992,Thaddeus Mossheart,thaddeus.mossheart828@crystalball.io,The Marshlands,2026-02-12,1987,Illusion
WIZ-04993,Elowen Hazelrigg,elowen.hazelrigg842@owlmail.co,nr,2025-02-21,1903,Herbalism
WIZ-04994,Lyra Hazelrigg,lyra.hazelrigg937@ravenpost.net,Ember Coast,2025-10-16,1949,Transmutation
WIZ-04995,Bramble Larkspur,bramble.larkspur757@grimoire.org,SW,2024-05-10,1976,Transmutation
WIZ-04996,Oleander Dimbleby,oleander.dimbleby252@moonmail.net,SW,2025-07-13,2002,Herbalism
WIZ-04997,Elowen Mossheart,elowen.mossheart268@crystalball.io,sw,2024-04-16,1988,Enchantment
WIZ-04998,Quilla Brightmantle,quilla.brightmantle267@crystalball.io,NR,2026-05-19,1956,Enchantment
WIZ-04999,Vesper Wandwright,vesper.wandwright649@ravenpost.net,ember coast,2024-06-21,1999,Herbalism
WIZ-05000,Umbra Fernwhistle,umbra.fernwhistle844@grimoire.org,sw,2024-03-19,1942,Enchantment
